# https://github.com/mikedh/trimesh
v 0.02676800 -0.01584700 0.06436200
v 0.06253800 -0.01584700 0.06436200
v 0.06227600 -0.01671800 0.06436200
v 0.06227600 -0.01575700 0.06420500
v 0.06227600 -0.04459900 0.06420500
v 0.06253800 -0.01671800 0.06436200
v 0.06227600 -0.01584700 0.06436200
v 0.06227600 -0.01686300 0.06420500
v 0.02899200 -0.01686300 0.06420500
v 0.02689900 -0.04459900 0.06420500
v 0.02899200 -0.04459900 0.06420500
v 0.02676800 -0.01671800 0.06436200
v 0.02689900 -0.01575700 0.06420500
v 0.02899200 -0.01575700 0.06420500
v 0.02300600 0.04322700 -0.01250600
v -0.00839400 0.01397400 -0.01077100
v -0.04564200 -0.01637900 -0.01262700
v -0.03683800 -0.01664500 -0.00411900
v -0.02095400 0.01461700 -0.02150400
v -0.06066500 -0.01567000 -0.02747200
v 0.02300600 0.04459900 -0.01183500
v -0.02095400 0.01350200 -0.02244600
v 0.02899200 -0.04459900 0.03803900
v -0.03579600 -0.04459900 -0.02718400
v -0.06233700 -0.01686300 -0.02942900
v -0.00186000 0.02894300 0.01324200
v -0.01467400 0.01469400 -0.01123000
v -0.06253800 -0.01584700 -0.02925700
v -0.03710800 -0.01570400 -0.00313700
v -0.05505200 -0.01584700 -0.02187800
v -0.05444700 -0.01686300 -0.02207600
v -0.04483400 -0.01567300 -0.01170500
v -0.06253800 -0.01686300 0.00959100
v -0.04564200 -0.01637900 0.02339300
v 0.02671100 0.01397400 -0.01077100
v -0.00820600 0.01462200 0.02666100
v -0.06130500 -0.01531600 0.00959100
v -0.05995100 -0.01677500 0.01373500
v -0.00232400 0.01355300 -0.02150400
v -0.05995100 -0.01677500 -0.01552900
v -0.04816300 -0.01677500 -0.02697100
v -0.00230500 0.01451700 -0.02238100
v -0.04816400 -0.01575900 -0.02931800
v -0.02723400 0.01397400 -0.01289800
v 0.00435700 0.04340200 -0.01160400
v 0.00436300 0.04322700 -0.01250600
v -0.00190500 0.01355300 -0.02150400
v 0.02685500 0.01467200 0.01315900
v -0.05980300 -0.01532800 -0.01553600
v -0.04816600 -0.01535000 -0.02722700
v -0.04816400 -0.01679400 -0.02934700
v 0.00435400 0.04459900 -0.01183500
v -0.02723400 0.01397400 -0.01077100
v -0.00192400 0.01451700 -0.02238100
v 0.02899200 -0.01770000 0.04013200
v -0.00230800 0.01470500 -0.03693500
v 0.01044600 0.01450600 0.04028900
v 0.01044600 0.02908600 -0.03668000
v -0.02723400 0.01349000 -0.06395800
v -0.02723400 0.01489900 -0.06153400
v -0.03351400 0.01469400 -0.01123000
v -0.02095400 0.01452100 -0.06384300
v 0.00397400 0.02908600 -0.03668000
v -0.02095400 0.01351700 -0.06153600
v 0.00397700 0.01450600 0.04028900
v 0.00435400 0.01349000 0.04028900
v -0.02095400 0.01349000 -0.06395800
v -0.03351400 0.01397400 -0.01077100
v -0.02095400 0.01489900 -0.06153400
v 0.00435400 0.01450600 0.04028900
v 0.00397700 0.01349000 0.04028900
v 0.00435700 0.02908600 -0.03668000
v 0.06253800 0.00705400 0.02394200
v -0.03598400 -0.00256700 0.01396600
v -0.03370200 -0.04459900 0.03766200
v -0.02095400 0.01375700 0.03849100
v -0.05980300 -0.01532800 0.03256800
v -0.02723400 0.01349000 0.03775600
v -0.03579600 0.04239300 -0.01565500
v -0.03370200 0.01465100 0.02590800
v -0.03658500 -0.00168700 0.01384600
v -0.04854700 -0.01575900 0.03839100
v -0.04854400 -0.01686300 0.04028900
v 0.00397700 0.01501300 -0.06016900
v -0.03711300 -0.00258500 0.00331100
v -0.06071700 -0.01531600 0.03846800
v 0.01044600 0.01452100 -0.06384300
v -0.02723400 0.01349000 0.04028900
v -0.03579600 -0.04459900 0.04013200
v -0.04854800 -0.01677500 0.03770200
v 0.01044600 0.01351700 -0.06153600
v -0.06253800 -0.01686300 0.04002300
v 0.02689900 -0.01790900 -0.01565500
v -0.04880900 -0.00797300 0.02647200
v -0.05444700 -0.01686300 0.03284200
v -0.05507100 -0.01584700 0.03266000
v -0.06227100 -0.01686300 0.04028900
v -0.03579600 -0.00105900 0.00331100
v -0.00191700 0.04322700 -0.01250600
v -0.06253800 -0.01686300 0.01373500
v -0.06130500 -0.01531600 0.01373500
v 0.00437500 0.01355300 -0.02150400
v 0.00395600 0.01461700 -0.02150400
v 0.00397300 0.01350200 -0.02244600
v -0.05997500 -0.01681400 0.00959100
v -0.03603300 -0.01566200 0.01494600
v -0.04812900 -0.01575400 0.02676700
v 0.02674200 0.01462400 -0.01261200
v -0.01486300 0.04230500 -0.01235700
v -0.04420100 -0.01584700 0.02221800
v 0.00435600 0.01451700 -0.02238100
v -0.00192600 0.04459900 -0.01183500
v -0.00230500 0.04340200 -0.01160400
v -0.03598400 -0.01637900 0.01656100
v -0.03351400 0.01349000 0.04028900
v -0.03579600 0.01349000 0.04013200
v 0.00395600 0.01397400 -0.01077100
v -0.03734200 -0.01570800 0.00959100
v -0.05982500 -0.01542700 0.01974800
v -0.05995100 -0.01677500 0.02020700
v -0.03332600 -0.01573100 0.01356500
v 0.02689900 0.01465100 -0.02473500
v -0.05220300 -0.01140500 0.03023100
v -0.03617200 -0.01686300 0.01381600
v -0.04890100 -0.01671800 0.02657200
v -0.00230800 0.01470500 0.01315800
v 0.00435600 0.01469400 -0.01123000
v 0.02912300 0.03708100 -0.00031900
v 0.02671100 0.01355300 -0.02150400
v 0.00395600 0.01397400 -0.01289800
v -0.05995100 -0.01677500 0.01982300
v -0.05995500 -0.01539400 0.02022400
v -0.03617200 -0.01578000 0.01365400
v -0.04887500 -0.01575500 0.02662000
v 0.02676900 0.01454900 -0.02287700
v -0.03351400 0.01375700 0.03849100
v -0.00701300 -0.01723500 0.04013200
v 0.00435500 0.01462400 -0.01246300
v -0.00910600 -0.01686300 0.03803900
v -0.00192100 0.01470500 0.01315800
v -0.03592600 0.01363500 0.04028900
v 0.02912300 0.03773300 0.00005800
v 0.00437500 0.01375700 0.03849100
v -0.03351400 0.01462400 -0.01246300
v 0.00397300 0.01453700 0.03839700
v 0.00397400 0.02933400 -0.03606600
v 0.00395600 0.02821500 -0.03712000
v 0.02899200 -0.00065000 0.03803900
v -0.00834300 0.01468200 -0.03722800
v 0.01044600 0.01349000 0.03775600
v 0.00437500 0.02821500 -0.03712000
v -0.03351400 0.01397400 -0.01289800
v 0.00435800 0.02933400 -0.03606600
v 0.00395600 0.01375700 0.03849100
v 0.02689900 -0.00065000 0.03803900
v -0.00820600 0.01465100 -0.03876500
v 0.01044600 0.01500700 0.03738700
v 0.00435800 0.01453700 0.03839700
v 0.06227600 0.00705400 0.02394200
v 0.02300600 0.04340200 -0.01160400
v -0.06253800 -0.01686300 -0.02925700
v -0.03698600 -0.01568800 -0.00424400
v -0.06071700 -0.01637900 -0.02770200
v -0.03700900 -0.01659300 -0.00323500
v -0.03579600 -0.04459900 -0.02936600
v -0.00222100 0.02894500 0.01324200
v -0.03330500 0.01398200 -0.03653200
v -0.03370200 0.01465100 -0.03876500
v -0.01470500 0.01462400 -0.01261200
v 0.02689900 0.04230500 -0.01235700
v -0.03370200 -0.04459900 -0.02727300
v -0.06227100 -0.01584700 -0.02952300
v -0.00839400 0.01397400 -0.01289800
v -0.04544600 -0.01568400 -0.01256500
v -0.05499500 -0.01686300 -0.02187300
v 0.02899200 0.04239300 -0.01565500
v -0.05444700 -0.01584700 -0.02207600
v -0.04854400 -0.01534000 -0.02573400
v 0.01672600 0.04340200 -0.01160400
v -0.04413800 -0.01637900 -0.01112300
v -0.04207600 -0.01574100 -0.01065800
v -0.01467400 0.01397400 -0.01289800
v 0.02899200 -0.01686300 0.06211200
v -0.03348100 0.01467600 -0.03711100
v -0.01486300 0.01465100 -0.01412700
v -0.06004900 -0.01727000 -0.02703900
v 0.02689900 0.04239300 -0.01565500
v -0.05482400 -0.01534000 -0.02573400
v -0.00839400 0.01462400 -0.01246300
v -0.03614100 -0.01678200 -0.00320900
v -0.03598400 -0.01565200 -0.00482000
v -0.04815800 -0.01562000 -0.01675300
v -0.04828000 -0.01686300 -0.01568300
v -0.04504600 -0.00719800 -0.01230600
v -0.00192400 0.01452100 -0.06384300
v 0.02899200 0.01298300 0.03803900
v 0.02663900 0.01494000 0.03705300
v -0.00192400 0.01351700 -0.06153600
v 0.02300600 0.02908600 -0.03668000
v 0.02300600 0.01450600 0.04028900
v -0.05223300 -0.01150900 -0.01932500
v 0.01672600 0.01349000 0.04028900
v -0.04494900 -0.00702100 -0.01182100
v 0.01672600 0.01375700 0.03849100
v 0.02300600 0.02821500 -0.03712000
v 0.02300600 0.01453700 0.03839700
v 0.02652200 0.01499100 0.03614100
v -0.00230500 0.01351700 -0.06153600
v 0.02300600 0.02933400 -0.03606600
v -0.00230500 0.01452100 -0.06384300
v 0.02671100 0.02821500 -0.03712000
v -0.04498000 -0.00606300 -0.01226100
v 0.02682400 0.02927900 -0.03579700
v -0.00839400 0.01349000 -0.06395800
v 0.02671100 0.01453700 0.03839700
v -0.01467400 0.01351700 -0.06153600
v 0.02319400 0.01499100 0.03614100
v -0.00839400 0.01489900 -0.06153400
v -0.03588000 0.03753200 -0.00056300
v -0.01467400 0.01452100 -0.06384300
v -0.03711300 -0.00256200 -0.00348800
v -0.03598900 -0.00132100 -0.00324000
v -0.03351400 0.01350200 -0.02244600
v -0.03351400 0.01461700 -0.02150400
v 0.02899200 0.01349000 0.04013200
v 0.02671100 0.01349000 -0.06395800
v 0.02912300 0.01450600 -0.06395800
v -0.04207600 -0.01637900 0.03905600
v -0.00839400 0.02821500 -0.03712000
v -0.00828100 0.02904500 -0.03541000
v 0.06227600 0.00705400 -0.02353800
v 0.06227600 -0.01679800 -0.06387100
v 0.06018300 -0.01686300 -0.06170800
v -0.06016200 -0.04459900 0.03791300
v 0.02899200 0.01298300 -0.06170800
v 0.02665100 0.01482400 -0.06132700
v -0.00192600 0.01349000 0.03775600
v -0.01467400 0.01375700 0.03849100
v -0.00842900 0.01454300 0.03882900
v 0.00397200 0.01470500 -0.03693500
v -0.04209700 -0.01584700 0.04028900
v 0.06253800 -0.01584700 -0.06395800
v -0.03598400 -0.01683500 0.03313400
v 0.02485800 0.01469700 -0.06133400
v 0.06253800 -0.01671800 -0.06395800
v -0.00839400 0.02908600 -0.03668000
v 0.06018300 -0.01454800 -0.06170800
v -0.00845900 0.01454000 0.04041400
v 0.02667300 0.01496500 -0.06017300
v -0.00230300 0.01349000 0.03775600
v 0.06227600 -0.01580200 -0.06388000
v -0.03739100 -0.00271700 0.01503400
v -0.03605400 -0.00137200 0.01422500
v -0.01467400 0.01349000 0.04028900
v -0.04211300 -0.01686300 0.04028900
v 0.06253800 0.00705400 -0.02353800
v -0.03598400 -0.01587500 0.03300100
v -0.04209300 -0.01575100 0.03840300
v -0.00190500 0.01375700 0.03849100
v -0.00230300 0.01349000 0.04028900
v -0.00783600 0.01455800 0.03994100
v -0.04207600 -0.01677500 0.03770200
v 0.02304300 0.01496500 -0.06017300
v -0.03348100 0.01467600 0.01320800
v -0.00839400 0.01500700 0.03738700
v -0.01467400 0.01349000 0.03775600
v -0.04485600 -0.00606300 -0.01178200
v 0.02671100 0.02908600 -0.03668000
v 0.02671100 0.01450600 0.04028900
v 0.02303100 0.01486700 0.03719800
v -0.04456900 -0.00681300 -0.00978300
v 0.01672600 0.01349000 0.03775600
v -0.03370200 0.03834500 -0.00100200
v -0.03592600 0.03773300 0.00005800
v -0.03749500 -0.00278100 -0.00440900
v 0.02912300 0.01363500 0.04028900
v 0.02912300 0.01450600 0.04028900
v 0.02671100 0.01349000 0.04028900
v 0.02288600 0.01357600 0.03778700
v -0.04386200 -0.00640400 -0.00913700
v 0.01672600 0.01500700 0.03738700
v -0.03598400 -0.00941000 -0.01571300
v -0.03598400 -0.00264500 -0.00448300
v -0.03718600 -0.00256800 0.01373500
v -0.05442600 -0.01637900 0.03905600
v -0.02095400 0.02821500 -0.03712000
v -0.02095400 0.02933400 -0.03606600
v 0.06227600 -0.04459900 -0.06380100
v 0.06018300 -0.04459900 -0.06170800
v -0.06003600 -0.01725800 0.03778700
v -0.03595100 -0.00133700 0.01385200
v -0.02723400 0.01500700 0.03738700
v -0.03370200 0.01462200 0.02666100
v -0.05482700 -0.01575900 0.03839100
v -0.05482400 -0.01686300 0.04028900
v -0.05444700 -0.01584700 0.04028900
v -0.02095400 0.01453700 0.03839700
v -0.06253800 -0.01686300 0.03253700
v 0.00435400 0.01501300 -0.06016900
v -0.06130500 -0.01531600 0.03257500
v 0.06253800 0.02076000 0.00020200
v 0.02912300 0.03740700 -0.02353800
v 0.01044600 0.04340200 -0.01160400
v -0.03579600 0.01580500 -0.06170800
v -0.03592100 -0.01686300 -0.02947100
v -0.06077300 -0.01553900 -0.00919900
v -0.03602400 -0.01546500 -0.02733100
v -0.05965100 -0.01546500 -0.00297200
v -0.01486300 0.01465100 -0.02473500
v -0.03370200 -0.01790900 -0.02727300
v -0.03588300 0.01358700 -0.06390600
v -0.06253800 -0.01686300 -0.00928700
v -0.02095400 0.01397400 -0.01289800
v 0.02899200 -0.04459900 -0.06380100
v 0.02689900 -0.04459900 -0.06133100
v -0.04332800 -0.01574000 0.01988000
v -0.05958200 -0.01542400 0.00335800
v -0.00910600 -0.04459900 0.04013200
v -0.00820600 0.02207700 -0.02378900
v 0.02673700 0.02911800 0.01284400
v -0.03579600 -0.01573100 0.02640600
v -0.03370200 -0.04459900 -0.00100200
v 0.02300600 0.01462400 -0.01246300
v -0.00701300 -0.04459900 0.03796000
v -0.01467400 0.04340200 -0.01160400
v -0.04206500 -0.01575900 0.02070600
v -0.04207600 -0.01686300 0.02009300
v 0.01672600 0.01397400 -0.01289800
v -0.04344300 -0.01655500 0.02082200
v 0.00396800 0.04322700 -0.01250600
v -0.00192200 0.01350200 -0.02244600
v -0.00190500 0.01461700 -0.02150400
v -0.04204400 -0.01678200 -0.02931800
v 0.02672400 0.01398400 0.01356100
v -0.04206600 -0.01532400 -0.02721300
v 0.01412500 -0.03256300 0.04364900
v -0.03579600 -0.04459900 -0.01565500
v 0.00397700 0.04459900 -0.01183500
v -0.02723400 0.01469400 -0.01123000
v -0.06253800 -0.01686300 -0.01556700
v -0.06130500 -0.01531600 -0.01552900
v 0.01672600 0.01349000 -0.06395800
v -0.00230600 0.01453700 0.03839700
v -0.03589000 -0.01662100 0.03939300
v -0.00232400 0.02821500 -0.03712000
v -0.00230600 0.02933400 -0.03606600
v -0.04275700 -0.00516500 0.01989200
v -0.00184800 0.02913000 -0.03653900
v -0.03604300 -0.01584300 0.04048500
v -0.04816600 -0.01506900 0.03720200
v 0.01672600 0.01489900 -0.06153400
v 0.02298500 0.01369100 -0.06169900
v -0.03370200 0.03568600 -0.02727300
v -0.00192600 0.01450600 0.04028900
v -0.04820700 -0.00932100 0.02695400
v 0.02689900 -0.04459900 -0.01565500
v -0.04206500 -0.00505700 0.02043700
v 0.02300600 0.01452100 -0.06384300
v -0.06253800 -0.01686300 -0.00296900
v -0.06130500 -0.01531600 -0.00296900
v 0.02899200 -0.04459900 0.06211200
v -0.06016200 -0.04459900 -0.02714700
v -0.03579600 0.01298300 -0.06170800
v -0.05986100 -0.01544100 -0.00927200
v 0.00365800 -0.03256300 0.04364900
v 0.02689900 -0.01476900 0.03803900
v -0.04898200 -0.01576300 -0.01553800
v -0.03592600 0.01450600 -0.06395800
v -0.02095400 0.01462400 -0.01246300
v -0.04207600 -0.01584700 0.02009300
v 0.01044600 0.01355300 -0.02150400
v 0.01044600 0.01451700 -0.02238100
v 0.02300600 0.01469400 -0.01123000
v -0.05995100 -0.01677500 0.00346500
v -0.01486300 0.02249200 -0.02441900
v 0.02689900 0.02246700 0.00076500
v 0.02689900 0.02905900 0.01161900
v -0.01474800 0.04316100 -0.01243600
v -0.03579600 -0.04459900 -0.00100200
v -0.01467400 0.04459900 -0.01183500
v -0.04207600 -0.01665500 0.02060800
v 0.01672600 0.01397400 -0.01077100
v -0.04280800 -0.01675100 0.01990900
v -0.04321800 -0.01572100 0.02036700
v 0.01672600 0.04322700 -0.01250600
v -0.02095400 0.01355300 -0.02150400
v -0.01467400 0.01397400 -0.01077100
v -0.03598400 -0.01637900 -0.00579500
v 0.01672600 0.04459900 -0.01183500
v -0.04207600 -0.01637900 -0.01041100
v -0.02095400 0.01451700 -0.02238100
v 0.02689900 -0.04459900 0.03785000
v 0.00365800 -0.02759100 0.04364900
v -0.04811600 -0.01578800 -0.01578100
v -0.06003800 -0.01518400 -0.02710000
v -0.05444700 -0.01534000 -0.02573400
v -0.00839400 0.01469400 -0.01123000
v -0.03612800 -0.01576300 -0.00330100
v -0.04418700 -0.01572900 -0.01137900
v -0.03734200 -0.01570800 0.00331100
v 0.01044600 0.01469400 -0.01123000
v 0.02300600 0.01355300 -0.02150400
v 0.00435800 0.02906900 0.01293500
v 0.01672600 0.01350200 -0.02244600
v 0.01672600 0.01461700 -0.02150400
v -0.06130500 -0.01531600 0.02650500
v -0.03579600 0.01298300 0.03803900
v -0.05982800 -0.01534700 0.02610600
v 0.02689900 -0.01476900 -0.06170800
v 0.02300600 0.01451700 -0.02238100
v -0.03579600 -0.01790900 -0.00100200
v -0.06253800 -0.01686300 0.02648400
v 0.00435400 0.01349000 -0.06395800
v -0.02095400 0.01450600 0.04028900
v -0.06130500 -0.01637900 0.03257500
v -0.05484500 -0.01637900 0.03905600
v -0.03671500 -0.00189800 0.00959100
v -0.02095400 0.02908600 -0.03668000
v 0.06227600 0.02083900 0.00020200
v 0.02672100 0.01398500 -0.03653200
v -0.05937200 -0.01506900 0.03712300
v 0.00435600 0.01489900 -0.06153400
v 0.00397500 0.01351700 -0.06153600
v -0.05444300 -0.01574100 0.03841800
v -0.05482400 -0.01584700 0.04028900
v -0.05444700 -0.01686300 0.04028900
v 0.00397500 0.01452100 -0.06384300
v -0.06253800 -0.01584700 0.03255400
v -0.00230300 0.01501300 -0.06016900
v -0.00783600 0.01460000 -0.06361000
v -0.00192600 0.01349000 -0.06395800
v -0.04208500 -0.00502400 -0.00956000
v -0.04207600 -0.00623200 -0.01063100
v 0.01672600 0.02908600 -0.03668000
v 0.02684100 0.01301600 0.03783300
v -0.03370200 -0.01686300 -0.06170800
v -0.00192400 0.01489900 -0.06153400
v -0.04812200 -0.00913100 -0.01536000
v 0.02300600 0.01349000 0.04028900
v -0.05444700 -0.01272000 -0.02207600
v -0.05505200 -0.01158700 -0.02187800
v 0.02689900 -0.04459900 0.02757200
v -0.05297100 -0.01127100 -0.01968500
v 0.01672600 0.01450600 0.04028900
v 0.02899200 0.01580500 0.03803900
v 0.01044600 0.01462400 -0.01246300
v -0.06130500 -0.01637900 0.02650500
v 0.02899200 -0.01686300 -0.06380100
v -0.00701300 -0.01734100 0.03796700
v -0.05995100 -0.01677500 0.02610300
v -0.03353700 0.01316800 0.03778600
v 0.02689900 -0.01738600 -0.06151900
v -0.00910600 -0.01686300 0.04013200
v -0.06253800 -0.01584700 0.02648400
v -0.03370200 -0.01790900 -0.00100200
v -0.03579600 -0.00105900 0.00959100
v 0.00397700 0.01349000 -0.06395800
v -0.04856500 -0.01637900 0.03905600
v -0.00701300 -0.01686300 0.02966500
v -0.03711300 -0.00258500 0.00959100
v -0.02095400 0.01349000 0.04028900
v 0.06018300 0.02119500 0.00020200
v -0.03579600 -0.04459900 0.03795700
v 0.02685600 0.01467200 -0.03713000
v -0.05995100 -0.01677500 0.03257500
v 0.00435600 0.01351700 -0.06153600
v 0.00397500 0.01489900 -0.06153400
v -0.03370200 0.04239300 -0.01565500
v -0.06063800 -0.01584700 0.03812300
v -0.04854400 -0.01584700 0.04028900
v 0.00435600 0.01452100 -0.06384300
v -0.00230300 0.01349000 -0.06395800
v 0.02300600 0.01375700 0.03849100
v 0.01672600 0.01453700 0.03839700
v -0.00192600 0.01501300 -0.06016900
v 0.01672600 0.02821500 -0.03712000
v 0.01672600 0.02933400 -0.03606600
v 0.02689900 -0.04459900 0.02966500
v 0.06018300 -0.04459900 0.06211200
v -0.00789800 0.01455800 -0.06436200
v -0.03370200 -0.01476900 -0.06170800
v -0.00820600 0.01465100 -0.05033100
v -0.00230500 0.01489900 -0.06153400
v -0.05354200 -0.01140600 -0.02089500
v -0.05499500 -0.01272900 -0.02187300
v -0.04823800 -0.00788100 -0.01572500
v -0.04280200 -0.00514800 -0.00924100
v -0.04815600 -0.00962900 -0.01672200
v -0.04207600 -0.00625300 0.02132000
v -0.00839400 0.01349000 0.04028900
v -0.04375700 -0.00636200 0.01981900
v -0.01467400 0.02908600 -0.03668000
v -0.00701300 -0.04459900 0.02966500
v -0.03598400 -0.00267900 0.01520000
v -0.03593000 -0.01730500 0.03782400
v -0.03646100 -0.00176600 0.01454100
v -0.03370200 -0.01476900 0.03803900
v -0.00230500 0.01500700 0.03738700
v -0.04816700 -0.01686300 0.04028900
v -0.04816300 -0.01574100 0.03841800
v -0.01467400 0.01450600 0.04028900
v 0.02909900 0.04459900 -0.01183500
v 0.00397200 0.01470500 0.01315800
v -0.06130500 -0.01531600 -0.02180900
v -0.04208900 -0.01577400 -0.00963000
v -0.00232400 0.01397400 -0.01077100
v -0.05482500 -0.01529500 -0.02719700
v -0.05444300 -0.01677500 -0.02697100
v -0.01486300 0.02210200 0.00010500
v 0.01412500 -0.02759100 0.04364900
v -0.00820600 0.02246700 0.00076500
v -0.03370200 -0.01790900 -0.01565500
v -0.05444400 -0.01575900 -0.02931800
v -0.06253800 -0.01686300 -0.02184700
v -0.04289100 -0.01671800 -0.00924900
v -0.05482800 -0.01676600 -0.02927600
v -0.00190500 0.01397400 -0.01289800
v -0.04814600 -0.01637900 0.03905600
v -0.00839400 0.01375700 0.03849100
v 0.02671100 0.01452100 -0.06384300
v -0.03598400 -0.00931600 0.02694500
v 0.02899200 0.01580500 -0.06170800
v -0.04375700 -0.00636200 0.02021100
v -0.01467400 0.02821500 -0.03712000
v -0.01478700 0.02927900 -0.03579700
v -0.00701300 0.01291000 0.03787700
v -0.03604300 -0.01516900 0.03698000
v -0.03370200 -0.01738600 0.03785000
v 0.02675200 0.01334400 -0.06167700
v -0.00192400 0.01500700 0.03738700
v -0.03592600 0.03740700 -0.02353800
v 0.02907300 0.01358000 -0.06389800
v -0.01467400 0.01453700 0.03839700
v -0.04816700 -0.01584700 0.04028900
v 0.00435900 0.01470500 -0.03693500
v -0.06253800 -0.01584700 -0.00296900
v -0.03351400 0.01452100 -0.06384300
v -0.01467400 0.01461700 -0.02150400
v -0.00839400 0.01451700 -0.02238100
v -0.00839400 0.01355300 -0.02150400
v -0.05995100 -0.01677500 -0.00924900
v -0.03353100 0.01319200 -0.06153900
v -0.06084200 -0.01643900 -0.00283900
v 0.02689900 -0.01732800 0.03782900
v -0.01467400 0.01350200 -0.02244600
v -0.04906600 -0.01674200 -0.01557400
v -0.04855300 -0.01562000 -0.01675300
v -0.02095400 0.01469400 -0.01123000
v 0.01044600 0.01461700 -0.02150400
v 0.01044600 0.01350200 -0.02244600
v 0.02300600 0.01397400 -0.01077100
v -0.00839400 0.04322700 -0.01250600
v -0.04464900 -0.01573000 0.02109000
v -0.06084200 -0.01643900 0.00318000
v 0.02689900 0.02210200 0.00010500
v -0.00820600 0.02249200 -0.02441900
v -0.00839400 0.04459900 -0.01183500
v -0.06253800 -0.01584700 0.00331100
v 0.01672600 0.01469400 -0.01123000
v -0.03598400 -0.01577100 0.01649500
v -0.00231200 0.04322700 -0.01250600
v -0.06253800 -0.01584700 0.01373500
v -0.06130500 -0.01637900 0.01373500
v -0.00192300 0.04340200 -0.01160400
v 0.02671100 0.01469400 -0.01123000
v -0.05977400 -0.01530900 0.00959100
v -0.03332600 -0.01570200 0.01431800
v -0.00910600 -0.04459900 0.03803900
v -0.00820600 0.01465100 0.02590800
v -0.04824900 -0.01675100 0.02665100
v -0.03611000 -0.01670200 0.01427100
v -0.00701300 -0.04459900 0.04013200
v -0.00230300 0.04459900 -0.01183500
v -0.03671500 -0.00189800 0.00331100
v -0.02723400 0.01450600 0.04028900
v 0.01044600 0.01349000 -0.06395800
v -0.03358300 0.04309700 -0.01248900
v -0.02723400 0.02908600 -0.03668000
v 0.02899200 -0.01790900 -0.01565500
v -0.03592600 0.04372900 -0.01183500
v -0.05482800 -0.01677500 0.03770200
v -0.05444600 -0.01506900 0.03720200
v -0.03370200 0.02249200 -0.02441900
v 0.01044600 0.01489900 -0.06153400
v -0.03354800 0.04459900 -0.01183500
v -0.04899900 -0.00803100 0.02610700
v -0.06037200 -0.01584700 0.03839000
v -0.00232400 0.01375700 0.03849100
v -0.00192600 0.01349000 0.04028900
v -0.00789800 0.01460000 0.04069300
v 0.01672600 0.01452100 -0.06384300
v -0.04207600 -0.01506900 0.03720200
v 0.01672600 0.01351700 -0.06153600
v 0.02300600 0.01480500 -0.06135700
v -0.04798600 -0.00918600 0.02568700
v -0.03370200 0.01465100 0.01132800
v 0.02899200 -0.04459900 -0.01565500
v 0.02300600 0.01349000 -0.06395800
v -0.06253800 -0.01686300 0.00331100
v 0.01672600 0.01462400 -0.01246300
v 0.02300600 0.01397400 -0.01289800
v -0.06130500 -0.01531600 0.00331100
v 0.02899200 -0.04459900 -0.06170800
v -0.01486300 0.02207700 -0.02378900
v -0.03579600 -0.01570200 0.02565200
v -0.00839400 0.04340200 -0.01160400
v -0.00192100 0.01470500 -0.03693500
v 0.02676800 -0.00185800 0.04013200
v 0.01044600 0.02821500 -0.03712000
v 0.01044600 0.02933400 -0.03606600
v -0.03370200 0.02210200 0.00010500
v 0.00435600 0.01500700 0.03738700
v 0.00397700 0.01349000 0.03775600
v -0.03579600 -0.04459900 -0.06380100
v 0.01044600 0.01453700 0.03839700
v -0.05874700 -0.01534000 -0.02573200
v 0.02912300 0.04372900 -0.01183500
v -0.04207600 -0.01680200 -0.00950700
v -0.02723400 0.01355300 -0.02150400
v -0.06130500 -0.01637900 -0.02180900
v -0.00190500 0.01397400 -0.01077100
v -0.02723400 0.01451700 -0.02238100
v -0.05482800 -0.01677500 -0.02697100
v -0.05444600 -0.01535000 -0.02722700
v 0.02689900 0.02207700 -0.02378900
v -0.03370200 0.01462200 -0.04957700
v -0.03579600 -0.01790900 -0.01565500
v -0.06253800 -0.01584700 -0.02183000
v -0.04309600 -0.01576600 -0.00924000
v -0.05444400 -0.01679400 -0.02934700
v -0.05482800 -0.01574100 -0.02927600
v -0.00232400 0.01397400 -0.01289800
v 0.00435900 0.01470500 0.01315800
v 0.02674500 0.04459900 -0.01183500
v 0.02689900 0.02249200 -0.02441900
v -0.04854500 -0.01529500 -0.02719700
v -0.00225100 0.01460700 -0.01127300
v -0.00820600 0.02210200 0.00010500
v -0.01486300 0.02905900 0.01161900
v 0.02678400 0.04316100 -0.01243600
v -0.05980300 -0.01532800 -0.02181600
v -0.04854800 -0.01676600 -0.02927600
v -0.00192500 0.01462400 -0.01246300
v -0.01486300 0.02246700 0.00076500
v 0.02676800 -0.00272800 0.04013200
v 0.06018300 -0.01686300 0.06211200
v -0.03579600 -0.04459900 -0.06170800
v -0.03370200 0.02246700 0.00076500
v -0.04919900 -0.00930800 -0.01552600
v 0.00435400 0.01349000 0.03775600
v 0.00397500 0.01500700 0.03738700
v 0.02689900 -0.01686300 0.02966500
v 0.01044600 0.01375700 0.03849100
v -0.02723400 0.01375700 0.03849100
v -0.06207800 -0.01677500 0.03982900
v -0.04854500 -0.01506900 0.03720200
v -0.03370200 0.02207700 -0.02378900
v -0.02095400 0.01349000 0.03775600
v -0.05250700 -0.01115300 0.02999200
v -0.06253800 -0.01584700 0.04002300
v -0.04897500 -0.00937700 0.02676100
v -0.06227100 -0.01584700 0.04028900
v -0.05499500 -0.01686300 0.03263900
v -0.05444700 -0.01584700 0.03284200
v -0.00910600 -0.01686300 0.02757200
v -0.02723400 0.01350200 -0.02244600
v -0.02723400 0.01461700 -0.02150400
v 0.02676500 0.04334600 -0.01152300
v -0.00180800 0.01461200 -0.01127300
v -0.04854800 -0.01677500 -0.02697100
v -0.01470000 0.02911800 0.01284400
v -0.05995100 -0.01677500 -0.02180900
v -0.04854800 -0.01574100 -0.02927600
v -0.00230400 0.01462400 -0.01246300
v -0.03617200 -0.01686300 0.00959100
v -0.03592600 0.01450600 0.04028900
v 0.02671100 0.01350200 -0.02244600
v 0.02671100 0.01461700 -0.02150400
v -0.06130500 -0.01637900 0.01980600
v -0.06130500 -0.01531600 0.02022500
v 0.00437500 0.01397400 -0.01289800
v -0.04913500 -0.01573600 0.02594700
v -0.03719700 -0.01571600 0.01377500
v -0.03351400 0.01453700 0.03839700
v -0.05499500 -0.01272900 0.03263900
v -0.05444700 -0.01154800 0.03284200
v -0.03351400 0.02821500 -0.03712000
v -0.03362700 0.02904500 -0.03541000
v 0.00397600 0.01462400 -0.01246300
v -0.06253800 -0.01686300 0.02020400
v -0.06253800 -0.01584700 0.01982700
v -0.02723400 0.04340200 -0.01160400
v -0.02723400 0.02821500 -0.03712000
v -0.02723400 0.01453700 0.03839700
v -0.02723400 0.02933400 -0.03606600
v -0.03338200 0.04329000 -0.01155400
v -0.05482500 -0.01506900 0.03720200
v -0.05444300 -0.01677500 0.03770200
v -0.04929900 -0.00934200 0.02600400
v -0.02095400 0.01500700 0.03738700
v -0.03590300 0.04459900 -0.01183500
v -0.05227700 -0.01166500 0.02988000
v -0.03598400 -0.00298100 0.00536900
v -0.03617200 -0.01686300 0.00331100
v 0.01044600 0.01397400 -0.01289800
v -0.06130500 -0.01637900 0.02608600
v 0.02899200 -0.01744400 -0.06170800
v -0.05995100 -0.01677500 0.02648700
v -0.03345400 0.01509100 0.03724400
v -0.00834300 0.01468200 0.01286500
v -0.02095400 0.04340200 -0.01160400
v -0.06253800 -0.01584700 0.02610700
v -0.03617200 -0.01584700 0.00331100
v 0.01672600 0.01355300 -0.02150400
v 0.01044600 0.01397400 -0.01077100
v 0.00397400 0.02906900 0.01293500
v 0.02300600 0.01461700 -0.02150400
v -0.06130500 -0.01531600 0.02608600
v -0.05977600 -0.01530900 0.02648400
v -0.00820600 0.01465100 0.01132800
v -0.02095400 0.04459900 -0.01183500
v -0.06253800 -0.01686300 0.02610700
v -0.03579600 0.01580500 0.03803900
v -0.02095400 0.04322700 -0.01250600
v 0.01672600 0.01451700 -0.02238100
v 0.02300600 0.01350200 -0.02244600
v -0.06253800 -0.01584700 0.00959100
v 0.02671100 0.01397400 -0.01289800
v -0.06130500 -0.01637900 0.00959100
v 0.00437500 0.01461700 -0.02150400
v 0.00397500 0.01451700 -0.02238100
v 0.00395600 0.01355300 -0.02150400
v -0.05980300 -0.01532800 0.01373500
v 0.02689900 0.01465100 -0.01412700
v -0.04511600 -0.01566000 0.02286700
v -0.03680000 -0.01559600 0.01462100
v 0.00435800 0.01350200 -0.02244600
v 0.01044600 0.04322700 -0.01250600
v 0.01044600 0.04459900 -0.01183500
v -0.03351400 0.01349000 -0.06395800
v -0.01467400 0.01355300 -0.02150400
v -0.06130500 -0.01637900 -0.00924900
v -0.00839400 0.01350200 -0.02244600
v -0.00839400 0.01461700 -0.02150400
v -0.06238100 -0.04459900 -0.02936600
v 0.02899200 -0.01770000 0.03803900
v -0.05995100 -0.01677500 -0.00312300
v -0.03588300 -0.01723900 -0.02707800
v -0.03346000 0.01497200 -0.06155400
v -0.01473300 0.01454900 -0.02287700
v -0.03592800 -0.01584900 -0.02964900
v -0.06253800 -0.01584700 -0.00927000
v -0.04816700 -0.01534000 -0.02573400
v -0.02095400 0.01397400 -0.01077100
v -0.02723400 0.01462400 -0.01246300
v -0.04205800 -0.01575100 -0.02929900
v -0.06130500 -0.01637900 -0.01552900
v -0.04207600 -0.01677500 -0.02697100
v -0.03370200 0.01465100 -0.05033100
v -0.03370200 -0.04459900 -0.01565500
v -0.00232400 0.01461700 -0.02150400
v -0.00230600 0.01350200 -0.02244600
v -0.06253800 -0.01584700 -0.01555000
v 0.00397400 0.04340200 -0.01160400
v 0.01044600 0.01349000 0.04028900
v 0.06018300 -0.01454800 0.06211200
v -0.03370200 -0.04459900 -0.06133100
v -0.02723400 0.01351700 -0.06153600
v -0.00820600 0.01462200 -0.04957700
v 0.02689900 -0.01686300 0.02757200
v -0.04882800 -0.00798100 -0.01559700
v -0.04855500 -0.00962900 -0.01672200
v -0.02723400 0.01452100 -0.06384300
v -0.04207600 -0.00533900 -0.01041100
v -0.04207600 -0.00640200 -0.01001200
v 0.02671100 0.01375700 0.03849100
v -0.03351400 0.01451700 -0.02238100
v -0.03598400 -0.00256700 -0.00320000
v -0.00846200 0.01454700 -0.06388200
v -0.01467400 0.01489900 -0.06153400
v -0.00839400 0.01351700 -0.06153600
v -0.01467400 0.01349000 -0.06395800
v -0.03657700 -0.00167800 -0.00316700
v -0.03598400 -0.00928700 -0.01668200
v -0.03351400 0.01355300 -0.02150400
v -0.04207600 -0.00496900 0.02009300
v -0.00190500 0.02821500 -0.03712000
v -0.00701300 0.01349000 0.04013200
v -0.00910600 -0.04459900 0.02757200
v -0.04286600 -0.00512400 0.02020700
v -0.06238100 -0.04459900 0.04013200
v -0.03330800 0.01398100 0.01356100
v -0.00220700 0.02913200 -0.03653900
v -0.03584000 -0.01581600 0.03889400
v -0.00839400 0.01349000 0.03775600
v -0.01467400 0.01500700 0.03738700
v -0.03579600 0.03568600 -0.02727300
v -0.00230300 0.01450600 0.04028900
v -0.00192200 0.01453700 0.03839700
v -0.04816300 -0.01677500 0.03770200
v -0.04822400 -0.00788900 0.02650500
v -0.00192200 0.02933400 -0.03606600
v -0.03598400 -0.01686300 0.04028900
v -0.06130500 -0.01637900 0.02022500
v -0.03617200 -0.01584700 0.00959100
v -0.02723400 0.04322700 -0.01250600
v -0.03351400 0.01450600 0.04028900
v -0.06130500 -0.01531600 0.01980600
v 0.00437500 0.01397400 -0.01077100
v -0.03685100 -0.01657300 0.01381100
v -0.05507100 -0.01159000 0.03266000
v -0.05444700 -0.01272000 0.03284200
v -0.03351400 0.02908600 -0.03668000
v -0.05312600 -0.01133300 0.03087700
v -0.04932600 -0.01665500 0.02609800
v -0.06253800 -0.01686300 0.01982700
v -0.06253800 -0.01584700 0.02020400
v 0.00397500 0.01469400 -0.01123000
v -0.02723400 0.04459900 -0.01183500
vn -0.00000000 0.00000000 0.00000000
vn 0.60940851 0.39921212 0.68501894
vn -0.55442670 -0.72240214 0.41321445
vn 0.35847609 0.31223422 0.87977536
vn 0.57735027 -0.57735027 0.57735027
vn 0.55442670 -0.72240214 0.41321445
vn -0.60940851 0.39921212 0.68501894
vn 0.77345908 0.54691816 0.32037724
vn -0.57735027 0.57735027 0.57735027
vn -0.57735027 -0.57735027 0.57735027
vn 0.00000000 -0.70710678 0.70710678
vn 0.00000000 0.00000000 0.00000000
vn -0.60999439 0.39620235 0.68624379
vn 0.60999439 0.39620235 0.68624379
vn 0.00000000 0.00000000 0.00000000
vn 1.00000000 0.00000000 0.00000000
vn -0.70062549 0.13508463 0.70062549
vn -0.98085651 -0.13304513 -0.14219531
vn 1.00000000 0.00000000 0.00000000
vn -0.49954207 -0.47116839 0.72695122
vn -0.00000000 0.00000000 0.00000000
vn 1.00000000 0.00000000 0.00000000
vn 0.70789001 -0.70632263 -0.00029173
vn 0.02065637 -0.89164065 0.45227234
vn -0.35117020 -0.06684321 -0.93392263
vn 0.01846484 0.99976331 -0.01150539
vn 0.99993994 0.01006220 -0.00434340
vn -0.86246775 0.50503669 -0.03297467
vn -0.64616434 0.48586689 0.58856182
vn -0.51629456 0.54533347 0.66034184
vn 0.65637956 -0.60189764 0.45484625
vn -0.67890264 -0.52663282 -0.51161418
vn 0.00000000 0.00000000 -0.00000000
vn 0.75515971 -0.07612267 0.65110610
vn 1.00000000 0.00000000 0.00000000
vn 0.00000000 -0.00000000 -0.00000000
vn 0.00000000 0.00000000 -1.00000000
vn 0.00094730 0.00924680 0.99995680
vn 0.99981749 0.00000000 0.01910479
vn 0.00336187 0.00786121 0.99996345
vn -0.99999967 0.00053652 -0.00061667
vn -0.40561637 0.91397349 0.01130586
vn -0.01393054 0.54797654 -0.83637769
vn 1.00000000 0.00000000 0.00000000
vn 0.95590652 -0.19634251 0.21838577
vn 0.59033840 0.51387282 -0.62244301
vn 0.99983720 0.00000000 -0.01804377
vn 0.93835353 0.13099495 -0.31989526
vn -0.00125333 0.02279091 0.99973947
vn 0.31199295 -0.90367754 0.29330412
vn -0.16652061 -0.67346405 -0.72022015
vn 0.60920173 0.79301521 -0.00035542
vn 1.00000000 0.00000000 0.00000000
vn 0.84033699 0.54202497 -0.00653243
vn 0.57468155 -0.58050544 0.57684881
vn 0.54645297 0.83717443 0.02298080
vn 0.00000000 0.00000000 0.00000000
vn 1.00000000 0.00000000 0.00000000
vn -0.00000000 0.00000000 0.00000000
vn 0.99999806 -0.00196951 -0.00000793
vn 1.00000000 -0.00000000 0.00000000
vn 1.00000000 0.00000000 0.00000000
vn 0.73843325 0.02215496 -0.67396253
vn 1.00000000 -0.00000000 0.00000000
vn -0.60998982 0.39930697 0.68444603
vn 0.57733010 -0.57741213 0.57730858
vn 0.00000000 0.00000000 0.00000000
vn 1.00000000 0.00000000 0.00000000
vn 1.00000000 0.00000000 0.00000000
vn 0.60998982 0.39930697 0.68444603
vn -0.57733010 -0.57741213 0.57730858
vn 0.91884567 0.04757421 -0.39173885
vn 0.65542151 0.37745641 -0.65417834
vn -0.99834045 -0.05735200 -0.00520537
vn -0.04669319 -0.68966357 -0.72262294
vn 1.00000000 0.00000000 0.00000000
vn 0.00563198 0.07702877 0.99701296
vn -0.81059416 0.56646415 -0.14851084
vn -0.70549099 0.61077590 -0.35949306
vn 0.00000000 -0.00000000 0.00000000
vn 0.06176578 0.61660505 -0.78484597
vn 0.12569936 -0.95851396 -0.25583326
vn -0.56871765 -0.58135191 0.58188503
vn 0.00000000 -0.00000000 0.00000000
vn 0.00000000 0.00000000 0.00000000
vn 0.70710678 0.00000000 0.70710678
vn 1.00000000 0.00000000 0.00000000
vn 0.00000000 0.00000000 0.00000000
vn -0.00316824 -0.70365934 0.71053044
vn 0.99995362 -0.00606009 0.00748490
vn 1.00000000 0.00000000 -0.00000000
vn -0.81520601 -0.57915551 0.00424908
vn -0.57682831 -0.58053053 0.57467678
vn -0.06221288 0.96306278 -0.26199167
vn 0.65764899 -0.59833548 -0.45770346
vn -0.53462153 0.55100278 -0.64076185
vn -0.00553782 -0.57980032 0.81473979
vn 0.00000000 0.00000000 0.00000000
vn 0.59033840 0.51387282 -0.62244301
vn 0.00000000 -0.00000000 -0.00000000
vn 0.00000000 0.00000000 1.00000000
vn 0.99983720 0.00000000 -0.01804377
vn 0.99979606 -0.00175368 0.02011878
vn -0.47410945 -0.88042827 0.00814174
vn 0.00419981 0.02779892 -0.99960471
vn 0.01803649 0.79686446 0.60388883
vn 0.65826972 0.58278811 -0.47648609
vn 0.99795032 -0.05875349 0.02536122
vn 0.00000000 -0.00000000 -0.00000000
vn 0.57351795 -0.72482740 0.38170984
vn 0.84033699 0.54202497 -0.00653243
vn 0.60920173 0.79301521 -0.00035542
vn -0.95568940 -0.19720689 0.21855713
vn -0.99914127 0.01691420 0.03782378
vn -0.00000000 0.00000000 0.00000000
vn -0.56555850 0.64836187 0.50967683
vn 0.99965200 -0.02637971 0.00000000
vn 0.00000000 0.00000000 -0.00000000
vn 0.38527936 -0.88544217 -0.25990763
vn 0.00553623 -0.02387483 0.99969963
vn -0.75844229 0.01914038 0.65145909
vn 0.00000000 -0.00000000 -0.00000000
vn 0.57080626 0.69525593 0.43680591
vn 0.48419152 -0.69172939 -0.53578822
vn -0.05470414 -0.93648970 -0.34640222
vn 0.54613657 0.83768158 0.00494173
vn 0.85630370 -0.34528443 0.38408676
vn -0.00000000 -0.00000000 -0.00000000
vn 1.00000000 0.00000000 0.00000000
vn 0.99954941 -0.02997602 0.00155353
vn 0.02150194 0.03287088 0.99922829
vn 0.17199328 -0.50209356 0.84753783
vn 0.52310797 0.48074906 -0.70373176
vn 0.02960162 0.98092715 -0.19210849
vn 0.99833859 -0.03718556 0.04401475
vn 0.99845589 0.00664644 0.05515133
vn 0.05786820 -0.00605329 0.99830588
vn 0.87190025 -0.35219252 -0.34022107
vn -0.62843887 0.77779705 -0.00981531
vn -0.54108904 0.84095068 0.00496102
vn 0.00000000 0.00000000 0.00000000
vn 0.00000000 0.00000000 -0.00000000
vn 0.99970199 0.02283013 0.00864431
vn 1.00000000 0.00000000 -0.00000000
vn -0.16302049 -0.95067947 -0.26388040
vn -0.53560562 0.84114771 0.07481414
vn 0.99960819 -0.02595336 0.01048279
vn 0.55488925 0.72133364 -0.41445833
vn 0.81344571 0.01187454 0.58151963
vn 0.00000000 -0.00000000 -0.00000000
vn 0.99955733 0.02698523 -0.01252752
vn 1.00000000 0.00000000 0.00000000
vn 0.68412146 0.72679298 0.06123553
vn 0.99970199 -0.02283013 -0.00864431
vn -0.55484728 0.72138484 -0.41442540
vn 0.85305757 -0.01039052 -0.52171335
vn 1.00000000 0.00000000 0.00000000
vn 0.84789069 -0.51130449 -0.14017519
vn -0.65542090 0.37745607 -0.65417914
vn 0.00000000 0.00000000 0.00000000
vn -0.81641660 -0.57633489 -0.03608373
vn -0.97993278 -0.16596596 -0.11039499
vn -0.78458179 -0.13851010 0.60435616
vn -0.62823656 -0.52254145 0.57642801
vn 0.57856637 -0.57747674 -0.57600484
vn -0.01800654 -0.99982502 0.00506915
vn 0.62716668 0.71604717 -0.30649372
vn -0.86291633 -0.00775824 -0.50528727
vn 0.99795032 0.05875349 -0.02536122
vn 0.00000000 0.00000000 0.00000000
vn 0.58730246 -0.57992238 0.56459354
vn 0.00131921 0.47215811 -0.88151289
vn 1.00000000 0.00000000 0.00000000
vn -0.69383455 0.15215072 0.70387767
vn -0.46417041 -0.57545598 0.67334705
vn 0.70392762 0.60896265 -0.36558226
vn 0.65271179 0.59437368 0.46977362
vn -0.59490542 -0.01059284 0.80372590
vn -0.00000000 0.00000000 0.00000000
vn -0.67393852 0.20455923 0.70990309
vn -0.99990574 -0.00495698 -0.01280385
vn 0.99913931 0.03808400 -0.01643914
vn -0.57735027 0.57735027 -0.57735027
vn 0.87957691 -0.07558432 0.46971423
vn 0.00000000 0.00000000 0.00000000
vn -0.03310404 0.97797318 0.20608876
vn -0.70246433 0.60848857 -0.36916869
vn -0.59490542 -0.01059284 0.80372590
vn 1.00000000 0.00000000 0.00000000
vn -0.33585170 -0.86276843 0.37793422
vn -0.99679001 0.05321183 -0.05981792
vn 0.56682719 -0.53420603 -0.62716094
vn 0.52397719 -0.66382543 0.53365130
vn -0.97824232 0.07433674 0.19369053
vn 0.70878147 0.42018043 -0.56663678
vn 0.61326744 0.50778297 -0.60502852
vn -0.22696850 0.65362497 0.72198317
vn 1.00000000 0.00000000 -0.00000000
vn 1.00000000 0.00000000 0.00000000
vn 0.00000000 0.00000000 0.00000000
vn 0.57845450 0.81184437 -0.07936693
vn 0.00000000 0.00000000 0.00000000
vn -0.98244493 0.08869171 0.16412109
vn 1.00000000 0.00000000 0.00000000
vn 1.00000000 0.00000000 0.00000000
vn 0.99976416 0.00259837 0.02156094
vn 0.45724516 0.37415954 -0.80680326
vn 1.00000000 0.00000000 -0.00000000
vn 1.00000000 0.00000000 0.00000000
vn -0.49185138 0.51861200 -0.69937387
vn 0.98725969 0.07174582 -0.14202411
vn -0.96704919 0.04630822 0.25034259
vn 0.98725969 0.07174582 -0.14202411
vn 0.00000000 -0.00000000 0.00000000
vn 0.99843668 -0.00668761 -0.05549297
vn 1.00000000 -0.00000000 -0.00000000
vn -0.47650943 0.34853764 -0.80713089
vn 0.99958072 0.00004190 -0.02895496
vn -0.77925396 0.53509704 0.32624289
vn 1.00000000 -0.00000000 -0.00000000
vn -0.90635660 0.28153005 0.31505325
vn -0.99997643 0.00256646 0.00636740
vn 1.00000000 0.00000000 0.00000000
vn 1.00000000 0.00000000 0.00000000
vn 0.56587174 0.64800851 0.50977852
vn -0.00000000 0.00000000 0.00000000
vn 0.00000000 -0.00000000 0.00000000
vn 0.99976622 0.02075265 -0.00606946
vn 0.99522406 0.04401539 -0.08713046
vn 0.99522406 0.04401539 -0.08713046
vn -0.42299983 0.45316639 0.78467278
vn 0.29497289 -0.49032262 -0.82010653
vn 0.29466118 0.62761769 0.72060449
vn -0.00000000 -1.00000000 -0.00000000
vn 0.58402486 0.49044880 0.64681909
vn 0.02942015 0.72994715 -0.68287013
vn 0.00000000 0.00000000 0.00000000
vn 1.00000000 0.00000000 0.00000000
vn 0.99897825 0.02991722 0.03387367
vn 0.00000000 0.00000000 -0.00000000
vn -0.00722284 -0.54578557 -0.83789375
vn 0.53413528 0.35939605 -0.76520193
vn -0.00000000 -0.00000000 0.00000000
vn 0.00000000 0.00000000 -0.00000000
vn 0.54656813 -0.60969093 -0.57405596
vn 0.99522406 0.04401539 -0.08713046
vn -0.70554763 0.51214019 -0.48981116
vn -0.00000000 0.00000000 0.00000000
vn 0.53898549 0.38711648 0.74808788
vn 0.00000000 0.00000000 0.00000000
vn -0.36501322 0.45607709 -0.81163972
vn -0.70769851 0.24696208 0.66194604
vn -0.97825264 0.11903183 0.16986226
vn 0.00000000 0.00000000 -0.00000000
vn 0.01007613 0.55312432 -0.83303779
vn 0.42315956 0.45312543 0.78461030
vn 0.00000000 0.00000000 0.00000000
vn 0.99990337 0.01264244 0.00578102
vn 0.99970199 0.02283013 0.00864431
vn -0.57733013 -0.57741216 0.57730851
vn -0.00000000 0.00000000 0.00000000
vn 0.99986077 -0.00900537 0.01404756
vn -0.54999486 0.35384712 0.75650371
vn 0.88641023 -0.16892971 0.43097523
vn 0.99897825 0.02991722 0.03387367
vn 0.00000000 -0.00000000 0.00000000
vn -0.97193957 0.05738471 0.22812380
vn 0.98725969 0.07174582 -0.14202411
vn 0.00000000 -0.00000000 0.00000000
vn -0.51294909 0.72240718 0.46369289
vn 0.00000000 -0.00000000 0.00000000
vn -0.80448475 -0.57479693 0.14970897
vn 0.63110579 0.66056991 0.40663605
vn 0.00000000 -0.00000000 -0.00000000
vn -0.36493147 0.42836959 -0.82663445
vn -0.00000000 0.00000000 0.00000000
vn 0.00000000 0.00000000 0.00000000
vn 0.00000000 0.00000000 0.00000000
vn -0.49570013 -0.69714209 0.51795201
vn -0.00000000 0.00000000 0.00000000
vn 0.99319236 0.11369320 -0.02535344
vn 0.00000000 0.00000000 0.00000000
vn -0.99999195 -0.00400499 0.00024348
vn 0.00000000 -0.00000000 -0.00000000
vn 0.99981669 0.01089993 -0.01574096
vn 1.00000000 0.00000000 0.00000000
vn 1.00000000 0.00000000 0.00000000
vn 0.57730046 -0.57837454 -0.57637407
vn -0.30157665 -0.90449024 0.30157738
vn 0.36686931 0.91635478 0.16031479
vn 0.69795326 0.37091610 -0.61260304
vn 0.99958813 -0.02800459 0.00627016
vn 0.00000000 0.00000000 0.00000000
vn 0.12161807 -0.96036145 -0.25082848
vn -0.57027627 -0.57853462 0.58316608
vn 0.61034507 0.40591653 0.68022840
vn 1.00000000 0.00000000 0.00000000
vn -0.82202354 -0.56906964 -0.02090572
vn 0.00000000 0.00000000 -0.00000000
vn 0.00244770 0.00227155 0.99999442
vn 0.00000000 -0.00000000 -1.00000000
vn -0.00000000 0.00000000 -0.00000000
vn 0.00000000 0.00000000 0.00000000
vn -0.51635417 0.47631444 -0.71169019
vn 0.56283773 0.62634097 -0.53936137
vn 0.02795414 -0.02019357 0.99940522
vn -0.79256656 -0.60033453 0.10694251
vn -0.12011637 0.03421114 -0.99217017
vn 0.00000000 0.00000000 0.00000000
vn 0.47761306 -0.64165579 -0.60013633
vn -0.57532673 0.65285681 -0.49272420
vn 0.83354784 0.55234534 0.01061220
vn 1.00000000 0.00000000 0.00000000
vn -0.00003887 -0.70760448 -0.70660873
vn 0.06488262 -0.68537600 0.72529303
vn 0.35369700 0.62973930 -0.69161178
vn 0.13775961 -0.01776000 -0.99030645
vn -0.57735027 -0.57735027 0.57735027
vn 0.00000000 -0.00000000 -0.00000000
vn 0.00000000 0.00000000 -0.00000000
vn -0.84082256 0.01958739 -0.54095633
vn 0.57764885 -0.57871552 0.57568233
vn 1.00000000 0.00000000 0.00000000
vn 0.68880857 -0.68787633 -0.22884254
vn -0.00000000 0.00000000 -0.00000000
vn -0.00869050 -0.58980749 0.80749712
vn -0.00000000 0.00000000 -0.00000000
vn 1.00000000 0.00000000 0.00000000
vn 0.53419887 -0.19450952 0.82267710
vn -0.59033840 0.51387282 -0.62244301
vn 0.82617374 -0.56339210 -0.00512787
vn 0.99979606 0.00175368 -0.02011878
vn -0.99981961 -0.01330292 -0.01355633
vn 0.61521680 -0.75181423 0.23724176
vn -0.99999092 0.00024198 -0.00425535
vn 0.00000000 0.00000000 0.00000000
vn -0.57735027 -0.57735027 -0.57735027
vn -0.60920173 0.79301521 -0.00035542
vn 1.00000000 0.00000000 0.00000000
vn -0.82937631 -0.55861157 -0.00938341
vn 0.00244770 0.00227155 0.99999442
vn 0.00000000 0.00000000 0.00000000
vn -0.16269574 -0.95045857 -0.26487468
vn -0.12534186 0.82145452 0.55632894
vn 0.89156472 -0.31804258 0.32243025
vn -0.64024745 0.76539282 0.06524591
vn 0.48073734 0.72424956 -0.49432194
vn 0.97574322 -0.08809613 -0.20041019
vn -0.49819200 0.01666096 -0.86690665
vn 0.99934614 0.01796351 -0.03137838
vn 0.99934681 -0.03613783 0.00005830
vn 0.38983914 -0.69271995 0.60676561
vn 0.70696267 0.61277759 -0.35313936
vn 0.60998982 0.39930697 0.68444603
vn 0.71528292 -0.43915664 -0.54360995
vn -0.57645915 -0.57781747 -0.57777315
vn 0.00000000 -0.00000000 -0.00000000
vn 0.99980673 -0.01953238 0.00223137
vn -0.00000000 0.00000000 -0.00000000
vn -0.01262125 -0.12011751 -0.99267945
vn -0.57735027 -0.57735027 -0.57735027
vn -0.00038797 -0.99999985 -0.00038956
vn -0.59833558 0.49683528 0.62860897
vn 0.08687619 0.03181465 0.99571098
vn 0.00000000 0.00000000 0.00000000
vn 0.57327734 0.55525877 0.60252866
vn -0.65386565 0.14132577 0.74329452
vn -0.00000000 -0.00000000 0.00000000
vn 1.00000000 0.00000000 0.00000000
vn 0.00000000 0.00000000 0.00000000
vn 1.00000000 0.00000000 0.00000000
vn 1.00000000 0.00000000 0.00000000
vn 1.00000000 0.00000000 0.00000000
vn 0.26601363 -0.12457167 -0.95588632
vn 0.00000000 0.00000000 0.00000000
vn 0.00000000 0.00000000 -0.00000000
vn 0.00000000 -0.00000000 0.00000000
vn -0.00000000 -0.00000000 0.00000000
vn -0.57760914 -0.57879180 0.57564550
vn 0.00000000 0.00000000 0.00000000
vn 0.00486813 0.50595750 0.86254467
vn 1.00000000 0.00000000 0.00000000
vn 0.77803520 -0.51635608 -0.35782346
vn 0.63224057 0.59349214 0.49803508
vn 0.00000000 0.00000000 0.00000000
vn 1.00000000 0.00000000 0.00000000
vn 1.00000000 0.00000000 0.00000000
vn -0.99648995 0.06711010 -0.05004004
vn 0.00000000 0.00000000 0.00000000
vn -0.99991293 -0.00884882 -0.00978915
vn 1.00000000 0.00000000 0.00000000
vn -0.70720602 -0.70700647 0.00122044
vn 0.00000000 0.00000000 0.00000000
vn 0.83244544 -0.02388250 0.55359211
vn 0.74937344 -0.51211416 -0.41973628
vn 0.59598059 -0.00870978 0.80295160
vn 1.00000000 0.00000000 0.00000000
vn -0.25052990 0.94546713 0.20815061
vn -0.66422059 0.18313094 0.72475794
vn 0.00000000 0.00000000 0.00000000
vn 1.00000000 0.00000000 0.00000000
vn 1.00000000 0.00000000 0.00000000
vn 0.00000000 0.00000000 0.00000000
vn 1.00000000 0.00000000 0.00000000
vn 1.00000000 0.00000000 0.00000000
vn 0.01352305 0.00021375 0.99990854
vn -0.61816352 0.50926020 -0.59877201
vn 0.29953545 -0.89056564 -0.34230303
vn 0.57365360 0.55793969 -0.59968729
vn 1.00000000 0.00000000 0.00000000
vn -0.57502679 -0.58273322 -0.57425273
vn -0.57707280 -0.58125729 0.57369586
vn 0.57110639 -0.54760453 -0.61152823
vn -0.00000000 0.00000000 0.00000000
vn 0.00000000 0.00000000 1.00000000
vn 0.99980153 -0.01184636 0.01601757
vn 0.00000000 0.00000000 0.00000000
vn 1.00000000 0.00000000 0.00000000
vn 0.67281548 0.73980417 -0.00301974
vn 0.62622557 -0.71722572 0.30566125
vn 0.68362409 0.06840102 0.72662191
vn 0.80478295 -0.55949400 0.19821925
vn 1.00000000 0.00000000 0.00000000
vn 0.88324094 -0.45208089 -0.12453234
vn -0.60281033 0.40629794 0.68668893
vn 0.57735027 -0.57735027 0.57735027
vn -0.49184392 0.51861289 -0.69937846
vn -0.69615062 0.71789575 0.00009699
vn 0.00000000 0.00000000 -0.00000000
vn 0.00000000 -0.00000000 0.00000000
vn 0.57110639 -0.54760453 -0.61152823
vn -0.99997413 -0.00115590 -0.00709939
vn -0.99998361 -0.00330826 -0.00467178
vn 1.00000000 0.00000000 0.00000000
vn 0.10939398 0.74301780 -0.66027078
vn -0.57905219 -0.57281314 -0.58015831
vn 0.80478295 -0.55949400 0.19821925
vn 0.64231614 0.09395177 0.76065960
vn 0.00000000 0.00000000 0.00000000
vn 0.40997593 -0.79119063 0.45380296
vn -0.65730316 0.73572556 0.16328032
vn 0.57735027 -0.57735027 -0.57735027
vn -0.73469101 -0.48111744 0.47828351
vn -0.00000000 0.00000000 0.00000000
vn 0.41888106 0.46625677 0.77919399
vn 1.00000000 0.00000000 0.00000000
vn 0.01329277 0.00000000 0.99991165
vn -0.56547132 0.65670371 -0.49898138
vn 0.73534935 0.46380216 -0.49411424
vn -0.01396252 -0.01517447 0.99978737
vn -0.04952771 0.89273363 -0.44785453
vn -0.03022472 -0.72529201 -0.68777756
vn -0.52830907 0.63048796 0.56866023
vn -0.66145244 0.44230393 0.60567971
vn 0.57652234 -0.58221800 -0.57327497
vn 0.00000000 0.00000000 0.00000000
vn -0.57110639 -0.54760453 -0.61152823
vn 0.99980153 -0.01184636 0.01601757
vn 0.26558508 0.90630612 0.32874578
vn 0.00000000 0.00000000 0.00000000
vn 0.00000000 0.00000000 0.00000000
vn -0.54643743 0.83749835 -0.00162817
vn -0.05830933 -0.90151069 -0.42881055
vn 0.90712670 0.05181068 -0.41765631
vn -0.00735732 -0.06614090 0.99778317
vn 1.00000000 0.00000000 -0.00000000
vn -0.40708734 -0.86095402 0.30502143
vn 0.70620996 0.61000218 -0.35939511
vn -0.36268745 -0.73588820 -0.57177476
vn -0.60174598 0.40507818 0.68834108
vn 0.70878147 0.42018043 -0.56663678
vn -0.57111367 -0.54760360 -0.61152225
vn 0.99976416 0.00259837 0.02156094
vn 1.00000000 0.00000000 0.00000000
vn 0.00000000 -0.00000000 0.00000000
vn 1.00000000 0.00000000 0.00000000
vn 1.00000000 0.00000000 0.00000000
vn 0.57735027 -0.57735027 0.57735027
vn -0.30151134 -0.90453403 -0.30151134
vn -0.00000000 0.00000000 0.00000000
vn -0.57656384 0.57717040 -0.57831520
vn 0.00000000 -0.00000000 -0.00000000
vn -0.40710423 -0.86094480 0.30502491
vn 0.29134332 -0.05309643 0.95514388
vn -0.58579317 -0.56962098 0.57652259
vn 0.49537976 0.84180778 0.21437946
vn -0.00000000 0.00000000 -0.00000000
vn 0.58872780 0.46160625 -0.66356556
vn -0.00000000 -0.00000000 -0.00000000
vn -0.00000000 -0.00000000 -0.00000000
vn -0.70863583 0.24490955 -0.66170581
vn 0.98725969 -0.07174582 0.14202411
vn 0.30151134 -0.90453403 0.30151134
vn -0.99834045 -0.05735200 -0.00520537
vn -0.76156837 -0.11757981 0.63732927
vn 0.47704619 0.75737940 0.44587373
vn -0.57365360 0.55793969 0.59968729
vn 0.99965108 -0.02431308 -0.01032425
vn 0.57611884 -0.58015762 0.57576403
vn 0.88457648 -0.44861885 -0.12753658
vn 0.00000000 0.00000000 -0.00000000
vn 0.62079343 0.78395978 -0.00475184
vn 0.00000000 0.00000000 0.00000000
vn 0.00244770 0.00227155 0.99999442
vn -0.99990982 -0.01003376 -0.00892663
vn 0.99341581 -0.11456454 0.00000000
vn -0.81629134 -0.54854060 0.18102945
vn -0.99999474 0.00306489 -0.00105675
vn 0.00000000 0.00000000 0.00000000
vn 0.00000000 0.00000000 0.00000000
vn 0.00000000 -0.00000000 0.00000000
vn 0.57735027 -0.57735027 0.57735027
vn -0.01988647 0.55137695 -0.83401918
vn 0.82224898 0.56910130 0.00550712
vn -0.88181334 0.47158811 0.00314395
vn -0.82588903 -0.40878520 -0.38833230
vn 0.99819007 0.00137083 -0.06012248
vn 0.99981669 0.01089993 -0.01574096
vn 0.99897825 0.02991722 0.03387367
vn 0.99780169 0.06429722 0.01605169
vn 0.00000000 0.00000000 -0.00000000
vn 0.47432701 0.49478823 -0.72814730
vn -0.74183168 0.24588426 0.62388035
vn 0.98725969 -0.07174582 0.14202411
vn 0.98725969 -0.07174582 0.14202411
vn 0.00027497 0.61263945 -0.79036247
vn -0.99719984 0.04445279 0.06013683
vn -0.02790375 -0.72169412 0.69164947
vn 0.81987602 -0.32436975 0.47179187
vn 0.99970199 0.02283013 0.00864431
vn 0.00000000 0.00000000 0.00000000
vn 0.57517866 0.65221170 -0.49375035
vn 1.00000000 0.00000000 0.00000000
vn 0.60969362 0.40511220 0.68129127
vn 0.00000000 -0.00000000 0.00000000
vn 0.00000000 -0.00000000 0.00000000
vn 0.99907714 -0.03998306 -0.01569148
vn 0.99950018 0.02040177 -0.02414859
vn 1.00000000 0.00000000 0.00000000
vn 1.00000000 0.00000000 0.00000000
vn 0.02987331 -0.04118716 0.99870476
vn 0.42501410 0.85091879 0.30870735
vn -0.11880379 0.00838627 -0.99288233
vn 0.32232115 -0.56578857 -0.75894161
vn 0.99943599 0.02167199 -0.02565209
vn -0.61537817 -0.50999899 0.60100810
vn -0.46449034 -0.55373293 -0.69110677
vn 1.00000000 0.00000000 0.00000000
vn 1.00000000 0.00000000 0.00000000
vn 1.00000000 0.00000000 0.00000000
vn 1.00000000 0.00000000 0.00000000
vn -0.00000000 0.00000000 0.00000000
vn -0.37441547 -0.57393214 -0.72829593
vn 0.13342298 0.00689691 -0.99103519
vn 0.00000000 -0.00000000 0.00000000
vn 0.00000000 0.00000000 -0.00000000
vn -0.00000000 -0.00000000 -0.00000000
vn -0.00000000 0.00000000 0.00000000
vn 1.00000000 0.00000000 0.00000000
vn -0.99948634 0.00345853 0.03186043
vn -0.59070937 0.51384299 -0.62211560
vn -0.00000000 0.00000000 -0.00000000
vn 0.00000000 0.00000000 1.00000000
vn 0.95581073 -0.19676033 0.21842897
vn 0.99993994 -0.01006220 0.00434340
vn -0.00310843 -0.02702645 -0.99962989
vn -0.84755637 -0.02474918 -0.53012798
vn -0.70712113 -0.70709243 -0.00000216
vn 0.00000000 0.00000000 -0.00000000
vn 0.55688665 -0.60517384 -0.56889532
vn 0.74334946 -0.61272052 0.26833775
vn 0.57735027 -0.57735027 0.57735027
vn -0.60944622 0.79282734 -0.00033438
vn 0.00000000 0.00000000 -0.00000000
vn -0.00000000 0.00000000 0.00000000
vn 0.00000000 0.00000000 0.00000000
vn 0.00000000 0.00000000 0.00000000
vn 1.00000000 0.00000000 0.00000000
vn 0.57682119 -0.58052326 0.57469127
vn 0.00000000 -0.00000000 0.00000000
vn 0.99997676 -0.00241549 0.00637557
vn 0.99934614 0.01796351 -0.03137838
vn 0.00000000 -0.00000000 -0.00000000
vn 1.00000000 -0.00000000 0.00000000
vn 0.62946753 0.77701156 -0.00486495
vn 0.28913179 0.70752165 -0.64483791
vn 0.57281170 -0.73443510 0.36399428
vn 0.99965108 -0.02431308 -0.01032425
vn 0.57733010 -0.57741213 0.57730858
vn 0.00000000 -0.00000000 0.00000000
vn 1.00000000 0.00000000 0.00000000
vn 0.99875835 0.04939812 0.00644885
vn 0.99906516 0.04322966 0.00005668
vn -0.54371347 0.83500676 -0.08449487
vn 0.62415998 0.07310363 0.77786900
vn -0.85967684 -0.00695755 -0.51079089
vn 0.57735027 -0.57735027 -0.57735027
vn 0.00000000 0.00000000 0.00000000
vn 0.00000000 0.00000000 -0.00000000
vn 1.00000000 0.00000000 0.00000000
vn 1.00000000 0.00000000 0.00000000
vn 0.03518359 0.13009343 -0.99087729
vn 0.05975959 -0.72663466 0.68442009
vn 0.00000000 0.00000000 -0.00000000
vn -0.82831151 -0.02273611 0.55980632
vn 0.00000000 0.00000000 -0.00000000
vn -0.54059773 0.84096443 0.02308485
vn -0.00000000 0.00000000 0.00000000
vn 1.00000000 0.00000000 0.00000000
vn 1.00000000 0.00000000 0.00000000
vn 0.00000000 -0.00000000 -0.00000000
vn 0.99970199 0.02283013 0.00864431
vn 0.00000000 0.00000000 -0.00000000
vn -0.57696076 -0.57820412 -0.57688498
vn 1.00000000 0.00000000 0.00000000
vn -0.00000000 0.00000000 0.00000000
vn 0.00000000 0.00000000 0.00000000
vn -0.99989073 -0.01336422 -0.00631870
vn 1.00000000 0.00000000 0.00000000
vn 0.00000000 0.00000000 1.00000000
vn 0.98863887 -0.15031030 0.00000000
vn 1.00000000 0.00000000 0.00000000
vn -0.99942304 -0.03337190 0.00631670
vn 0.32099651 -0.90342631 0.28422200
vn 0.00000000 -0.00000000 -0.00000000
vn 0.00000000 0.00000000 0.00000000
vn -0.57660797 -0.57876006 0.57668019
vn 0.67701332 -0.73582180 -0.01480682
vn -0.77977554 -0.62601480 -0.00745497
vn -0.15940359 -0.66890942 -0.72605143
vn -0.83074551 0.33767809 -0.44253294
vn 0.99863961 -0.04421617 -0.02763807
vn 0.00000000 -0.00000000 -0.00000000
vn -0.62332543 0.78192416 -0.00774655
vn 0.00000000 -0.00000000 -0.00000000
vn -0.82244849 -0.53813835 0.18435182
vn 0.28156059 -0.72060494 0.63360253
vn 0.00000000 0.00000000 0.00000000
vn 0.00000000 0.00000000 0.00000000
vn -0.00000000 0.00000000 0.00000000
vn 0.01648081 -0.00811456 0.99983125
vn -0.82590106 -0.41154905 -0.38537621
vn 0.83703839 -0.33205806 -0.43486110
vn 0.00000000 -0.00000000 0.00000000
vn 0.00000000 0.00000000 0.00000000
vn 0.29710858 0.63026247 -0.71728356
vn -0.70657820 -0.70763495 0.00016374
vn 0.00000000 0.00000000 -0.00000000
vn -0.83763225 0.04092176 0.54469957
vn 0.00000000 0.00000000 0.00000000
vn 0.99970199 -0.02283013 -0.00864431
vn 0.57735027 0.57735027 0.57735027
vn 1.00000000 0.00000000 0.00000000
vn 1.00000000 0.00000000 0.00000000
vn -0.30314876 0.59702379 0.74274048
vn 0.99937082 0.01666182 -0.03131051
vn 0.00000000 0.00000000 0.00000000
vn 0.00000000 0.00000000 0.00000000
vn -0.37785561 0.81716488 -0.43527772
vn -0.89134308 0.45073743 0.04840750
vn -0.04491393 -0.96508801 -0.25804626
vn -0.04907118 0.45154259 0.89089916
vn -0.45950166 -0.57642516 -0.67571611
vn 0.64612367 0.59920954 -0.47272839
vn -0.57870437 0.58280125 -0.57047696
vn 1.00000000 0.00000000 0.00000000
vn 1.00000000 0.00000000 0.00000000
vn -0.00000000 0.00000000 -0.00000000
vn 0.86591688 -0.38839847 0.31517389
vn -0.99998251 0.00591496 -0.00000500
vn 0.00000000 0.00000000 -0.00000000
vn 0.00110679 -0.02298062 0.99973530
vn -0.82987905 0.33547990 -0.44581835
vn 0.23788313 -0.67493911 -0.69847606
vn 0.00000000 0.00000000 0.00000000
vn 0.00000000 0.00000000 0.00000000
vn 0.99945491 -0.02130540 0.02521817
vn 0.99951696 -0.02005652 0.02373994
vn -0.01255440 0.00000000 0.99992119
vn 0.00658736 -0.00622342 0.99995894
vn 0.99954941 0.02997602 -0.00155353
vn 0.44310642 0.54877528 -0.70887403
vn -0.41223253 0.50655953 -0.75727259
vn 0.99845589 0.00664644 0.05515133
vn -0.46799871 -0.43486265 -0.76933198
vn 0.56975342 0.77089866 -0.28477410
vn 0.99522406 -0.04401539 0.08713046
vn 0.99522406 -0.04401539 0.08713046
vn 0.29524858 -0.71905404 -0.62911808
vn -0.57552665 -0.58275609 0.57372852
vn -0.66170399 0.43953841 -0.60741568
vn 0.00000000 0.00000000 0.00000000
vn 1.00000000 0.00000000 0.00000000
vn 1.00000000 0.00000000 0.00000000
vn 1.00000000 0.00000000 0.00000000
vn 0.00000000 -0.00000000 0.00000000
vn 0.99952348 0.00908593 -0.02950024
vn 0.99995464 0.00542207 -0.00783020
vn 0.49137972 -0.38470122 -0.78137759
vn 1.00000000 0.00000000 -0.00000000
vn -0.62071346 0.78403016 -0.00339230
vn -0.30507697 0.79488536 -0.52448575
vn -0.00000000 0.00000000 -0.00000000
vn 0.00000000 0.00000000 0.00000000
vn 1.00000000 0.00000000 0.00000000
vn -0.01255440 0.00000000 0.99992119
vn -0.71046205 0.05250481 0.70177412
vn 0.01383808 0.00304921 0.99989960
vn 0.79684387 0.28897602 0.53059655
vn 0.81495591 0.01191219 0.57940053
vn -0.00000000 0.00000000 0.00000000
vn -0.66063953 0.44051575 -0.60786618
vn 0.00000000 0.00000000 0.00000000
vn 1.00000000 0.00000000 0.00000000
vn 1.00000000 0.00000000 0.00000000
vn 0.00000000 -0.00000000 0.00000000
vn 1.00000000 0.00000000 0.00000000
vn -0.01307421 -0.00048248 0.99991441
vn 0.20729867 -0.53737543 0.81746860
vn 0.85170060 -0.01036388 -0.52392621
vn 0.00000000 0.00000000 0.00000000
vn -0.57468355 -0.58074954 -0.57660107
vn -0.44586343 0.47453144 0.75896358
vn 0.00000000 0.00000000 0.00000000
vn 1.00000000 0.00000000 0.00000000
vn 1.00000000 0.00000000 0.00000000
vn 0.00000000 0.00000000 -0.00000000
vn 0.99913931 -0.03808400 0.01643914
vn 0.00000000 0.00000000 -1.00000000
vn 0.99979606 0.00175368 -0.02011878
vn -0.40547770 0.91403426 0.01136676
vn 0.99983720 0.00000000 0.01804377
vn -0.00087587 -0.00867276 0.99996201
vn 0.00000000 -0.00000000 -0.00000000
vn 0.54243017 -0.11599887 0.83205395
vn 0.25851168 -0.81482246 0.51887962
vn 0.82617374 -0.56339210 -0.00512787
vn 0.00000000 0.00000000 0.00000000
vn -0.00000000 0.00000000 0.00000000
vn 0.00000000 0.00000000 0.00000000
vn 1.00000000 0.00000000 0.00000000
vn -0.01466801 -0.05015275 0.99863384
vn 1.00000000 0.00000000 0.00000000
vn 1.00000000 0.00000000 0.00000000
vn -0.57835379 -0.57720438 -0.57649111
vn 0.59617229 -0.58766575 -0.54701697
vn -0.25712105 0.14363912 -0.95564458
vn -0.31301195 -0.00141773 -0.94974813
vn 0.82083002 0.22319884 -0.52575694
vn 0.99828095 0.03782450 -0.04477104
vn 0.00000000 0.00000000 -0.00000000
vn 0.83733006 -0.54664242 -0.00777317
vn 0.59598059 -0.00870978 0.80295160
vn 1.00000000 0.00000000 0.00000000
vn 1.00000000 0.00000000 0.00000000
vn -0.99992117 -0.00668277 -0.01062979
vn 0.00000000 0.00000000 1.00000000
vn -0.99993881 0.00663548 -0.00885122
vn 0.00000000 0.00000000 0.00000000
vn 0.57735027 -0.57735027 -0.57735027
vn 0.99978763 -0.00123912 0.02057091
vn -0.47382623 -0.88057876 0.00835225
vn -0.56583000 0.82444290 0.01141571
vn -0.95590652 -0.19634251 0.21838577
vn 0.00000000 0.00000000 0.00000000
vn -0.70630335 0.50681780 0.49423809
vn 0.30296741 -0.90439436 0.30046896
vn 0.99999710 0.00240646 -0.00000237
vn 0.00000000 0.00000000 0.00000000
vn 0.57735027 0.57735027 -0.57735027
vn -0.52940926 0.74139301 0.41238602
vn -0.42499038 0.47568955 -0.77013156
vn 1.00000000 0.00000000 0.00000000
vn -0.99992819 0.00286669 -0.01163615
vn -0.99998070 -0.00599135 -0.00164544
vn 0.99843668 -0.00668761 -0.05549297
vn 1.00000000 0.00000000 0.00000000
vn -0.99999195 -0.00400499 0.00024348
vn 0.99958072 0.00004190 -0.02895496
vn 1.00000000 0.00000000 0.00000000
vn 0.99958072 0.00004190 -0.02895496
vn 0.00000000 0.00000000 0.00000000
vn 0.68946015 0.27444270 -0.67031776
vn 0.00000000 0.00000000 0.00000000
vn 1.00000000 0.00000000 0.00000000
vn -0.00000000 0.00000000 0.00000000
vn 0.94775883 -0.21096591 0.23926258
vn -0.00033073 0.79020212 0.61284623
vn -0.57735027 -0.57735027 -0.57735027
vn 0.16048815 0.83993669 0.51841095
vn -0.57921539 -0.57195958 0.58083712
vn 0.61196953 0.75988077 -0.21925898
vn 0.73697134 -0.47494757 -0.48093456
vn -0.97501512 0.15743800 0.15671245
vn 0.00000000 0.00000000 0.00000000
vn 1.00000000 -0.00000000 -0.00000000
vn -0.70721434 0.61198027 -0.35401698
vn -0.61001902 0.39934084 0.68440024
vn 0.84789069 -0.51130449 -0.14017519
vn 0.99995464 0.00542207 -0.00783020
vn 0.51048655 0.70818445 -0.48772766
vn 0.62646282 0.77132892 0.11223209
vn 0.00000000 0.00000000 0.00000000
vn 0.01329277 0.00000000 0.99991165
vn 0.00000000 0.00000000 0.00000000
vn 0.00000000 0.00000000 0.00000000
vn -0.00000000 -0.00000000 0.00000000
vn 0.01523519 0.02578535 0.99955140
vn 0.99965200 0.02637971 0.00000000
vn -0.34938408 -0.48275406 -0.80304376
vn -0.53641922 0.66394387 -0.52099228
vn 0.71872771 -0.39492927 -0.57224238
vn 0.99522406 -0.04401539 0.08713046
vn -0.59519879 0.78290106 -0.18111967
vn 0.26067917 -0.65650400 -0.70784805
vn -0.57213685 -0.58212389 -0.57774666
vn -0.66227031 0.44227239 0.60480837
vn 0.19801704 -0.68129016 0.70472191
vn 0.00000000 0.00000000 0.00000000
f 196//196 788//788 225//225
f 746//746 55//55 449//449
f 788//788 137//137 55//55
f 435//435 544//544 526//526
f 737//737 71//71 104//104
f 526//526 451//451 407//407
f 420//420 793//793 464//464
f 171//171 797//797 24//24
f 709//709 78//78 292//292
f 171//171 749//749 353//353
f 493//493 324//324 568//568
f 362//362 186//186 25//25
f 176//176 187//187 579//579
f 459//459 770//770 665//665
f 236//236 452//452 187//187
f 603//603 314//314 235//235
f 218//218 606//606 779//779
f 218//218 779//779 606//606
f 236//236 529//529 520//520
f 90//90 582//582 698//698
f 363//363 647//647 235//235
f 363//363 235//235 647//647
f 603//603 235//235 647//647
f 603//603 647//647 235//235
f 614//614 311//311 532//532
f 446//446 610//610 58//58
f 446//446 58//58 610//610
f 273//273 219//219 709//709
f 709//709 723//723 528//528
f 495//495 411//411 455//455
f 75//75 463//463 451//451
f 568//568 324//324 139//139
f 789//789 665//665 459//459
f 789//789 493//493 568//568
f 789//789 139//139 665//665
f 493//493 449//449 324//324
f 789//789 493//493 665//665
f 453//453 137//137 139//139
f 568//568 324//324 318//318
f 89//89 407//407 463//463
f 592//592 495//495 527//527
f 526//526 324//324 407//407
f 526//526 407//407 324//324
f 526//526 324//324 451//451
f 495//495 655//655 344//344
f 495//495 344//344 463//463
f 268//268 213//213 211//211
f 203//203 267//267 194//194
f 89//89 344//344 655//655
f 190//190 25//25 172//172
f 234//234 290//290 463//463
f 234//234 463//463 290//290
f 392//392 23//23 197//197
f 701//701 219//219 274//274
f 701//701 274//274 219//219
f 132//132 817//817 119//119
f 445//445 502//502 634//634
f 502//502 176//176 187//187
f 197//197 187//187 356//356
f 291//291 733//733 562//562
f 291//291 562//562 733//733
f 564//564 561//561 113//113
f 236//236 176//176 522//522
f 113//113 210//210 483//483
f 634//634 502//502 187//187
f 443//443 174//174 201//201
f 81//81 683//683 284//284
f 81//81 284//284 683//683
f 124//124 100//100 133//133
f 124//124 133//133 100//100
f 727//727 566//566 456//456
f 727//727 456//456 566//566
f 675//675 805//805 727//727
f 675//675 727//727 805//805
f 85//85 400//400 574//574
f 85//85 574//574 400//400
f 762//762 54//54 331//331
f 495//495 219//219 411//411
f 704//704 558//558 599//599
f 704//704 599//599 558//558
f 308//308 222//222 536//536
f 308//308 536//536 222//222
f 190//190 536//536 359//359
f 190//190 359//359 536//536
f 9//9 8//8 646//646
f 84//84 467//467 422//422
f 550//550 372//372 87//87
f 550//550 87//87 372//372
f 469//469 291//291 253//253
f 84//84 422//422 299//299
f 189//189 397//397 606//606
f 189//189 606//606 397//397
f 145//145 612//612 158//158
f 72//72 689//689 63//63
f 673//673 43//43 50//50
f 153//153 138//138 72//72
f 495//495 463//463 290//290
f 495//495 290//290 463//463
f 127//127 716//716 818//818
f 72//72 240//240 63//63
f 716//716 503//503 633//633
f 46//46 138//138 689//689
f 367//367 192//192 394//394
f 45//45 330//330 764//764
f 317//317 554//554 543//543
f 45//45 46//46 330//330
f 330//330 689//689 764//764
f 45//45 138//138 46//46
f 704//704 713//713 558//558
f 704//704 558//558 713//713
f 737//737 104//104 111//111
f 795//795 250//250 265//265
f 457//457 413//413 104//104
f 408//408 661//661 719//719
f 614//614 532//532 314//314
f 737//737 111//111 731//731
f 502//502 128//128 142//142
f 502//502 142//142 128//128
f 791//791 655//655 290//290
f 111//111 471//471 427//427
f 427//427 471//471 457//457
f 532//532 235//235 314//314
f 471//471 413//413 457//457
f 386//386 22//22 19//19
f 45//45 338//338 764//764
f 45//45 52//52 338//338
f 781//781 779//779 218//218
f 363//363 647//647 767//767
f 338//338 52//52 764//764
f 338//338 764//764 145//145
f 564//564 799//799 343//343
f 45//45 52//52 158//158
f 799//799 343//343 530//530
f 348//348 793//793 802//802
f 194//194 267//267 212//212
f 799//799 530//530 498//498
f 513//513 630//630 631//631
f 422//422 764//764 467//467
f 714//714 404//404 405//405
f 643//643 802//802 346//346
f 89//89 463//463 344//344
f 166//166 26//26 637//637
f 124//124 106//106 571//571
f 348//348 56//56 793//793
f 607//607 793//793 56//56
f 789//789 459//459 493//493
f 643//643 669//669 637//637
f 564//564 643//643 99//99
f 589//589 260//260 331//331
f 798//798 260//260 589//589
f 176//176 707//707 522//522
f 338//338 145//145 65//65
f 483//483 429//429 475//475
f 77//77 290//290 421//421
f 42//42 354//354 54//54
f 148//148 155//155 14//14
f 324//324 572//572 318//318
f 64//64 62//62 69//69
f 179//179 600//600 559//559
f 179//179 559//559 600//600
f 184//184 779//779 430//430
f 184//184 430//430 779//779
f 42//42 762//762 260//260
f 127//127 403//403 716//716
f 589//589 331//331 54//54
f 721//721 297//297 414//414
f 721//721 414//414 297//297
f 89//89 116//116 407//407
f 42//42 331//331 54//54
f 195//195 472//472 210//210
f 169//169 378//378 325//325
f 169//169 325//325 378//378
f 36//36 80//80 293//293
f 195//195 431//431 472//472
f 762//762 210//210 472//472
f 239//239 519//519 265//265
f 534//534 801//801 470//470
f 112//112 195//195 210//210
f 195//195 483//483 210//210
f 564//564 573//573 113//113
f 564//564 112//112 573//573
f 445//445 23//23 597//597
f 573//573 343//343 798//798
f 564//564 437//437 195//195
f 64//64 69//69 780//780
f 26//26 669//669 637//637
f 573//573 798//798 354//354
f 399//399 275//275 221//221
f 4//4 419//419 462//462
f 564//564 113//113 112//112
f 3//3 6//6 7//7
f 296//296 686//686 425//425
f 564//564 343//343 113//113
f 647//647 304//304 749//749
f 615//615 739//739 303//303
f 615//615 303//303 739//739
f 71//71 65//65 731//731
f 113//113 343//343 573//573
f 701//701 79//79 219//219
f 564//564 112//112 799//799
f 326//326 357//357 489//489
f 326//326 489//489 357//357
f 799//799 112//112 354//354
f 176//176 597//597 356//356
f 660//660 469//469 662//662
f 685//685 811//811 686//686
f 189//189 230//230 246//246
f 189//189 246//246 230//230
f 743//743 490//490 539//539
f 743//743 539//539 490//490
f 478//478 442//442 652//652
f 248//248 557//557 239//239
f 248//248 239//239 557//557
f 177//177 513//513 30//30
f 91//91 584//584 351//351
f 616//616 20//20 395//395
f 616//616 395//395 20//20
f 502//502 617//617 128//128
f 502//502 128//128 617//617
f 699//699 682//682 134//134
f 186//186 672//672 395//395
f 443//443 32//32 174//174
f 443//443 174//174 32//32
f 203//203 194//194 32//32
f 203//203 32//32 194//194
f 577//577 244//244 696//696
f 577//577 696//696 244//244
f 398//398 190//190 172//172
f 343//343 588//588 498//498
f 29//29 161//161 164//164
f 190//190 29//29 164//164
f 526//526 788//788 196//196
f 172//172 395//395 28//28
f 495//495 528//528 723//723
f 668//668 215//215 634//634
f 668//668 634//634 215//215
f 81//81 253//253 291//291
f 28//28 395//395 20//20
f 398//398 536//536 190//190
f 398//398 190//190 536//536
f 172//172 783//783 222//222
f 783//783 20//20 395//395
f 354//354 589//589 54//54
f 162//162 29//29 275//275
f 162//162 275//275 29//29
f 418//418 369//369 287//287
f 418//418 287//287 369//369
f 172//172 28//28 783//783
f 790//790 691//691 817//817
f 67//67 22//22 62//62
f 67//67 62//62 22//22
f 624//624 513//513 508//508
f 692//692 755//755 339//339
f 692//692 339//339 755//755
f 605//605 682//682 321//321
f 692//692 806//806 755//755
f 692//692 755//755 806//806
f 46//46 689//689 330//330
f 198//198 423//423 437//437
f 92//92 662//662 660//660
f 622//622 88//88 575//575
f 622//622 575//575 88//88
f 445//445 176//176 502//502
f 389//389 474//474 444//444
f 389//389 444//444 474//474
f 694//694 575//575 819//819
f 694//694 819//819 575//575
f 15//15 323//323 160//160
f 15//15 160//160 323//323
f 348//348 464//464 793//793
f 358//358 594//594 160//160
f 358//358 160//160 594//594
f 21//21 358//358 160//160
f 21//21 160//160 358//358
f 568//568 139//139 449//449
f 624//624 440//440 485//485
f 804//804 120//120 680//680
f 186//186 395//395 20//20
f 333//333 756//756 618//618
f 668//668 108//108 565//565
f 668//668 565//565 108//108
f 513//513 631//631 441//441
f 568//568 453//453 139//139
f 445//445 197//197 23//23
f 785//785 223//223 224//224
f 513//513 630//630 508//508
f 443//443 484//484 174//174
f 367//367 772//772 547//547
f 469//469 81//81 291//291
f 768//768 60//60 749//749
f 711//711 724//724 369//369
f 711//711 369//369 724//724
f 366//366 528//528 544//544
f 581//581 294//294 416//416
f 391//391 19//19 22//22
f 433//433 775//775 432//432
f 234//234 463//463 89//89
f 399//399 221//221 32//32
f 91//91 593//593 584//584
f 139//139 137//137 449//449
f 485//485 441//441 507//507
f 526//526 449//449 746//746
f 526//526 746//746 449//449
f 516//516 175//175 30//30
f 111//111 70//70 66//66
f 725//725 202//202 444//444
f 725//725 444//444 202//202
f 516//516 630//630 175//175
f 513//513 631//631 30//30
f 176//176 579//579 707//707
f 516//516 631//631 630//630
f 513//513 31//31 630//630
f 779//779 539//539 743//743
f 779//779 743//743 539//539
f 584//584 87//87 303//303
f 584//584 303//303 87//87
f 571//571 114//114 106//106
f 649//649 438//438 771//771
f 647//647 315//315 767//767
f 661//661 470//470 94//94
f 752//752 364//364 487//487
f 752//752 487//487 364//364
f 629//629 312//312 515//515
f 367//367 642//642 546//546
f 453//453 572//572 137//137
f 398//398 172//172 29//29
f 349//349 243//243 803//803
f 349//349 803//803 243//243
f 647//647 749//749 767//767
f 719//719 465//465 77//77
f 155//155 392//392 10//10
f 507//507 441//441 631//631
f 77//77 300//300 465//465
f 298//298 96//96 428//428
f 367//367 340//340 546//546
f 91//91 584//584 422//422
f 171//171 24//24 767//767
f 45//45 764//764 127//127
f 328//328 559//559 382//382
f 661//661 699//699 586//586
f 650//650 150//150 612//612
f 666//666 622//622 88//88
f 666//666 88//88 622//622
f 722//722 454//454 712//712
f 624//624 670//670 636//636
f 816//816 383//383 329//329
f 98//98 558//558 317//317
f 98//98 317//317 558//558
f 463//463 407//407 324//324
f 463//463 324//324 407//407
f 614//614 314//314 603//603
f 661//661 355//355 134//134
f 454//454 408//408 719//719
f 481//481 409//409 452//452
f 663//663 298//298 428//428
f 699//699 438//438 649//649
f 89//89 572//572 116//116
f 534//534 470//470 83//83
f 443//443 201//201 484//484
f 443//443 484//484 201//201
f 349//349 257//257 243//243
f 349//349 243//243 257//257
f 82//82 350//350 500//500
f 398//398 29//29 190//190
f 82//82 500//500 656//656
f 44//44 339//339 53//53
f 234//234 655//655 791//791
f 255//255 381//381 326//326
f 712//712 586//586 699//699
f 236//236 187//187 176//176
f 488//488 192//192 547//547
f 484//484 513//513 441//441
f 651//651 613//613 237//237
f 684//684 696//696 585//585
f 684//684 585//585 696//696
f 485//485 440//440 484//484
f 43//43 486//486 438//438
f 526//526 544//544 449//449
f 71//71 66//66 65//65
f 398//398 191//191 190//190
f 243//243 257//257 305//305
f 243//243 305//305 257//257
f 186//186 745//745 25//25
f 367//367 546//546 763//763
f 38//38 105//105 733//733
f 335//335 307//307 758//758
f 573//573 354//354 112//112
f 659//659 735//735 814//814
f 603//603 314//314 289//289
f 97//97 571//571 106//106
f 453//453 318//318 572//572
f 603//603 289//289 233//233
f 113//113 674//674 637//637
f 367//367 547//547 192//192
f 2//2 6//6 73//73
f 664//664 96//96 425//425
f 581//581 290//290 697//697
f 514//514 628//628 175//175
f 241//241 255//255 326//326
f 42//42 260//260 798//798
f 72//72 138//138 689//689
f 797//797 468//468 353//353
f 310//310 748//748 353//353
f 384//384 383//383 316//316
f 603//603 315//315 647//647
f 561//561 99//99 674//674
f 716//716 633//633 403//403
f 614//614 603//603 647//647
f 500//500 350//350 656//656
f 535//535 72//72 63//63
f 251//251 256//256 242//242
f 173//173 189//189 397//397
f 793//793 346//346 802//802
f 439//439 200//200 410//410
f 439//439 410//410 200//200
f 594//594 263//263 249//249
f 661//661 355//355 82//82
f 145//145 158//158 651//651
f 172//172 222//222 395//395
f 366//366 497//497 528//528
f 660//660 81//81 469//469
f 790//790 347//347 691//691
f 82//82 355//355 500//500
f 629//629 280//280 487//487
f 629//629 487//487 280//280
f 239//239 557//557 606//606
f 239//239 606//606 557//557
f 636//636 649//649 771//771
f 48//48 166//166 26//26
f 664//664 426//426 95//95
f 668//668 520//520 634//634
f 668//668 634//634 520//520
f 644//644 555//555 376//376
f 795//795 265//265 796//796
f 643//643 669//669 517//517
f 114//114 560//560 106//106
f 512//512 310//310 353//353
f 140//140 126//126 26//26
f 505//505 390//390 618//618
f 82//82 534//534 470//470
f 64//64 780//780 216//216
f 29//29 221//221 783//783
f 29//29 783//783 221//221
f 737//737 66//66 71//71
f 341//341 40//40 49//49
f 542//542 529//529 235//235
f 268//268 213//213 108//108
f 268//268 108//108 213//213
f 722//722 712//712 815//815
f 83//83 570//570 499//499
f 273//273 411//411 219//219
f 319//319 657//657 556//556
f 335//335 758//758 41//41
f 125//125 134//134 570//570
f 367//367 193//193 394//394
f 273//273 455//455 411//411
f 708//708 77//77 465//465
f 55//55 137//137 449//449
f 107//107 355//355 661//661
f 361//361 479//479 5//5
f 69//69 216//216 780//780
f 392//392 197//197 356//356
f 107//107 661//661 134//134
f 324//324 449//449 139//139
f 45//45 422//422 471//471
f 232//232 448//448 707//707
f 664//664 296//296 426//426
f 522//522 707//707 452//452
f 107//107 134//134 355//355
f 64//64 69//69 60//60
f 721//721 711//711 297//297
f 721//721 297//297 711//711
f 170//170 378//378 109//109
f 166//166 637//637 669//669
f 687//687 813//813 688//688
f 148//148 11//11 23//23
f 717//717 726//726 410//410
f 248//248 490//490 539//539
f 248//248 539//539 490//490
f 544//544 452//452 409//409
f 177//177 175//175 31//31
f 255//255 381//381 327//327
f 255//255 327//327 381//381
f 811//811 425//425 686//686
f 338//338 70//70 52//52
f 423//423 467//467 437//437
f 605//605 134//134 682//682
f 370//370 326//326 327//327
f 370//370 327//327 326//326
f 234//234 791//791 290//290
f 107//107 534//534 499//499
f 70//70 65//65 158//158
f 94//94 470//470 801//801
f 685//685 425//425 811//811
f 427//427 52//52 471//471
f 169//169 108//108 185//185
f 169//169 325//325 27//27
f 169//169 27//27 325//325
f 347//347 491//491 523//523
f 663//663 295//295 425//425
f 526//526 788//788 324//324
f 486//486 771//771 438//438
f 719//719 406//406 708//708
f 124//124 810//810 683//683
f 319//319 583//583 657//657
f 424//424 582//582 697//697
f 279//279 270//270 217//217
f 734//734 169//169 185//185
f 325//325 380//380 533//533
f 325//325 533//533 380//380
f 581//581 421//421 290//290
f 532//532 311//311 363//363
f 79//79 337//337 379//379
f 450//450 408//408 132//132
f 553//553 306//306 316//316
f 166//166 26//26 792//792
f 789//789 665//665 442//442
f 277//277 276//276 142//142
f 277//277 142//142 276//276
f 754//754 313//313 548//548
f 132//132 680//680 120//120
f 660//660 253//253 81//81
f 685//685 428//428 811//811
f 484//484 440//440 513//513
f 661//661 586//586 94//94
f 568//568 449//449 324//324
f 711//711 369//369 548//548
f 711//711 548//548 369//369
f 93//93 187//187 452//452
f 358//358 598//598 726//726
f 358//358 726//726 598//598
f 799//799 354//354 798//798
f 711//711 69//69 62//62
f 711//711 62//62 69//69
f 171//171 353//353 797//797
f 133//133 683//683 106//106
f 306//306 364//364 316//316
f 660//660 683//683 810//810
f 123//123 814//814 735//735
f 594//594 593//593 351//351
f 301//301 73//73 159//159
f 363//363 767//767 542//542
f 715//715 705//705 401//401
f 206//206 21//21 160//160
f 206//206 160//160 21//21
f 199//199 323//323 209//209
f 199//199 209//209 323//323
f 45//45 764//764 422//422
f 279//279 270//270 281//281
f 206//206 21//21 200//200
f 206//206 200//200 21//21
f 424//424 697//697 294//294
f 408//408 120//120 132//132
f 123//123 735//735 659//659
f 175//175 628//628 30//30
f 790//790 316//316 347//347
f 322//322 760//760 468//468
f 79//79 585//585 468//468
f 24//24 797//797 304//304
f 324//324 449//449 137//137
f 79//79 468//468 337//337
f 273//273 219//219 322//322
f 424//424 698//698 582//582
f 578//578 695//695 755//755
f 578//578 755//755 695//695
f 262//262 350//350 800//800
f 80//80 569//569 293//293
f 641//641 672//672 40//40
f 110//110 735//735 553//553
f 797//797 748//748 627//627
f 349//349 119//119 132//132
f 79//79 797//797 627//627
f 13//13 155//155 10//10
f 42//42 798//798 354//354
f 596//596 720//720 264//264
f 512//512 627//627 310//310
f 427//427 467//467 764//764
f 790//790 384//384 316//316
f 512//512 468//468 79//79
f 768//768 542//542 60//60
f 31//31 175//175 630//630
f 526//526 196//196 746//746
f 526//526 746//746 196//196
f 488//488 438//438 394//394
f 690//690 384//384 817//817
f 534//534 83//83 499//499
f 145//145 651//651 612//612
f 511//511 611//611 648//648
f 507//507 395//395 623//623
f 144//144 813//813 688//688
f 144//144 688//688 813//813
f 762//762 472//472 431//431
f 624//624 508//508 670//670
f 113//113 573//573 112//112
f 758//758 50//50 41//41
f 542//542 749//749 60//60
f 697//697 290//290 421//421
f 51//51 546//546 642//642
f 38//38 733//733 566//566
f 125//125 83//83 470//470
f 623//623 395//395 186//186
f 45//45 158//158 145//145
f 281//281 270//270 272//272
f 766//766 289//289 479//479
f 4//4 462//462 766//766
f 675//675 727//727 33//33
f 675//675 33//33 727//727
f 709//709 451//451 78//78
f 719//719 708//708 465//465
f 204//204 281//281 474//474
f 624//624 636//636 508//508
f 437//437 475//475 429//429
f 684//684 136//136 709//709
f 808//808 131//131 119//119
f 573//573 112//112 210//210
f 568//568 318//318 453//453
f 662//662 587//587 253//253
f 700//700 796//796 658//658
f 751//751 222//222 307//307
f 751//751 307//307 222//222
f 635//635 375//375 625//625
f 518//518 800//800 500//500
f 526//526 449//449 137//137
f 232//232 288//288 314//314
f 375//375 604//604 625//625
f 692//692 773//773 819//819
f 692//692 819//819 773//773
f 40//40 49//49 364//364
f 650//650 157//157 150//150
f 701//701 585//585 79//79
f 123//123 702//702 814//814
f 408//408 699//699 661//661
f 663//663 96//96 664//664
f 9//9 183//183 11//11
f 367//367 394//394 649//649
f 579//579 93//93 707//707
f 25//25 164//164 161//161
f 510//510 393//393 336//336
f 510//510 336//336 393//393
f 84//84 299//299 467//467
f 782//782 220//220 545//545
f 782//782 545//545 220//220
f 424//424 296//296 294//294
f 347//347 316//316 491//491
f 264//264 792//792 26//26
f 157//157 281//281 150//150
f 650//650 612//612 157//157
f 737//737 471//471 111//111
f 700//700 266//266 796//796
f 162//162 18//18 29//29
f 636//636 50//50 178//178
f 485//485 484//484 441//441
f 665//665 139//139 449//449
f 348//348 793//793 420//420
f 64//64 216//216 69//69
f 361//361 5//5 11//11
f 649//649 771//771 49//49
f 317//317 105//105 566//566
f 592//592 800//800 350//350
f 514//514 30//30 628//628
f 366//366 544//544 409//409
f 320//320 639//639 671//671
f 781//781 483//483 208//208
f 77//77 421//421 465//465
f 797//797 353//353 304//304
f 266//266 795//795 796//796
f 78//78 451//451 292//292
f 807//807 115//115 777//777
f 807//807 777//777 115//115
f 208//208 483//483 218//218
f 781//781 208//208 218//218
f 766//766 247//247 289//289
f 624//624 188//188 507//507
f 759//759 626//626 769//769
f 759//759 769//769 482//482
f 663//663 96//96 298//298
f 436//436 528//528 497//497
f 641//641 441//441 628//628
f 232//232 314//314 448//448
f 759//759 482//482 626//626
f 45//45 471//471 52//52
f 509//509 376//376 555//555
f 122//122 309//309 135//135
f 790//790 523//523 384//384
f 454//454 719//719 94//94
f 81//81 496//496 683//683
f 24//24 748//748 362//362
f 495//495 290//290 655//655
f 24//24 362//362 748//748
f 11//11 10//10 23//23
f 603//603 233//233 707//707
f 91//91 466//466 584//584
f 791//791 655//655 25//25
f 170//170 109//109 640//640
f 365//365 336//336 393//393
f 365//365 393//393 336//336
f 498//498 250//250 795//795
f 498//498 795//795 265//265
f 109//109 378//378 640//640
f 145//145 158//158 65//65
f 153//153 63//63 146//146
f 273//273 528//528 455//455
f 24//24 165//165 748//748
f 641//641 186//186 395//395
f 232//232 231//231 251//251
f 793//793 346//346 345//345
f 505//505 432//432 433//433
f 505//505 433//433 432//432
f 772//772 438//438 488//488
f 768//768 69//69 64//64
f 750//750 135//135 309//309
f 38//38 131//131 733//733
f 677//677 520//520 135//135
f 677//677 135//135 520//520
f 710//710 264//264 720//720
f 308//308 317//317 543//543
f 371//371 550//550 549//549
f 110//110 553//553 252//252
f 439//439 410//410 726//726
f 439//439 726//726 410//410
f 734//734 185//185 108//108
f 710//710 720//720 596//596
f 641//641 672//672 186//186
f 398//398 703//703 191//191
f 398//398 191//191 703//703
f 790//790 817//817 132//132
f 762//762 331//331 260//260
f 530//530 651//651 237//237
f 649//649 438//438 595//595
f 263//263 529//529 249//249
f 374//374 317//317 566//566
f 710//710 596//596 264//264
f 308//308 543//543 554//554
f 266//266 658//658 796//796
f 43//43 51//51 41//41
f 781//781 218//218 483//483
f 459//459 652//652 770//770
f 485//485 628//628 441//441
f 4//4 766//766 5//5
f 184//184 793//793 167//167
f 335//335 758//758 748//748
f 124//124 92//92 810//810
f 184//184 149//149 168//168
f 49//49 541//541 364//364
f 576//576 87//87 550//550
f 576//576 550//550 87//87
f 48//48 334//334 166//166
f 584//584 593//593 351//351
f 564//564 669//669 643//643
f 42//42 761//761 762//762
f 189//189 552//552 606//606
f 189//189 606//606 552//552
f 349//349 291//291 253//253
f 349//349 253//253 291//291
f 699//699 595//595 438//438
f 273//273 322//322 468//468
f 666//666 622//622 773//773
f 666//666 773//773 622//622
f 352//352 351//351 593//593
f 170//170 640//640 378//378
f 352//352 529//529 594//594
f 391//391 414//414 461//461
f 391//391 461//461 414//414
f 305//305 25//25 186//186
f 611//611 638//638 648//648
f 325//325 220//220 780//780
f 325//325 780//780 220//220
f 352//352 236//236 529//529
f 635//635 604//604 375//375
f 484//484 201//201 174//174
f 366//366 409//409 497//497
f 392//392 597//597 23//23
f 419//419 247//247 462//462
f 751//751 305//305 257//257
f 751//751 257//257 305//305
f 195//195 437//437 483//483
f 507//507 623//623 186//186
f 367//367 134//134 394//394
f 700//700 658//658 78//78
f 352//352 594//594 236//236
f 279//279 207//207 435//435
f 419//419 301//301 231//231
f 266//266 265//265 795//795
f 322//322 219//219 379//379
f 157//157 612//612 150//150
f 538//538 545//545 750//750
f 747//747 308//308 364//364
f 531//531 701//701 580//580
f 531//531 580//580 701//701
f 493//493 459//459 665//665
f 232//232 233//233 288//288
f 348//348 793//793 607//607
f 549//549 550//550 372//372
f 29//29 275//275 783//783
f 542//542 767//767 529//529
f 436//436 481//481 452//452
f 266//266 796//796 265//265
f 77//77 465//465 290//290
f 348//348 802//802 643//643
f 722//722 125//125 412//412
f 319//319 556//556 583//583
f 216//216 220//220 780//780
f 361//361 183//183 479//479
f 797//797 353//353 748//748
f 169//169 525//525 492//492
f 169//169 492//492 525//525
f 122//122 135//135 750//750
f 251//251 419//419 4//4
f 511//511 638//638 611//611
f 603//603 707//707 448//448
f 424//424 686//686 296//296
f 712//712 699//699 408//408
f 176//176 356//356 187//187
f 24//24 745//745 165//165
f 24//24 362//362 745//745
f 512//512 353//353 468//468
f 436//436 452//452 528//528
f 363//363 542//542 235//235
f 660//660 662//662 253//253
f 308//308 496//496 291//291
f 308//308 291//291 496//496
f 437//437 429//429 483//483
f 435//435 197//197 270//270
f 48//48 26//26 334//334
f 605//605 321//321 134//134
f 234//234 186//186 362//362
f 234//234 362//362 186//186
f 148//148 14//14 11//11
f 91//91 351//351 593//593
f 581//581 697//697 421//421
f 661//661 82//82 470//470
f 82//82 500//500 534//534
f 335//335 748//748 307//307
f 195//195 210//210 54//54
f 190//190 191//191 388//388
f 156//156 168//168 149//149
f 763//763 771//771 649//649
f 424//424 294//294 812//812
f 352//352 594//594 351//351
f 747//747 541//541 308//308
f 207//207 217//217 197//197
f 626//626 482//482 769//769
f 690//690 817//817 816//816
f 296//296 425//425 295//295
f 709//709 219//219 723//723
f 177//177 31//31 513//513
f 367//367 107//107 134//134
f 450//450 120//120 408//408
f 241//241 258//258 357//357
f 241//241 357//357 258//258
f 184//184 168//168 156//156
f 140//140 26//26 166//166
f 790//790 347//347 523//523
f 584//584 466//466 422//422
f 564//564 195//195 112//112
f 721//721 62//62 711//711
f 721//721 711//711 62//62
f 511//511 648//648 638//638
f 91//91 422//422 466//466
f 70//70 65//65 66//66
f 254//254 750//750 501//501
f 254//254 501//501 750//750
f 107//107 499//499 570//570
f 415//415 465//465 300//300
f 242//242 256//256 245//245
f 198//198 467//467 423//423
f 236//236 249//249 529//529
f 641//641 395//395 672//672
f 367//367 394//394 107//107
f 435//435 207//207 197//197
f 791//791 89//89 655//655
f 477//477 600//600 434//434
f 477//477 434//434 600//600
f 320//320 377//377 639//639
f 719//719 77//77 708//708
f 766//766 462//462 247//247
f 134//134 321//321 682//682
f 352//352 358//358 594//594
f 664//664 425//425 296//296
f 660//660 662//662 106//106
f 90//90 656//656 582//582
f 412//412 134//134 454//454
f 641//641 49//49 672//672
f 107//107 570//570 134//134
f 643//643 346//346 674//674
f 495//495 262//262 527//527
f 279//279 217//217 207//207
f 816//816 691//691 383//383
f 512//512 79//79 627//627
f 305//305 745//745 25//25
f 685//685 811//811 77//77
f 753//753 50//50 636//636
f 374//374 566//566 105//105
f 661//661 94//94 719//719
f 553//553 364//364 306//306
f 8//8 479//479 646//646
f 5//5 479//479 288//288
f 556//556 657//657 583//583
f 324//324 137//137 572//572
f 157//157 272//272 281//281
f 374//374 105//105 317//317
f 354//354 798//798 589//589
f 279//279 281//281 272//272
f 442//442 770//770 652//652
f 308//308 554//554 317//317
f 643//643 674//674 99//99
f 127//127 818//818 138//138
f 150//150 281//281 272//272
f 5//5 766//766 479//479
f 663//663 664//664 95//95
f 700//700 78//78 292//292
f 308//308 541//541 364//364
f 535//535 240//240 72//72
f 553//553 316//316 364//364
f 712//712 134//134 682//682
f 131//131 119//119 733//733
f 624//624 507//507 631//631
f 668//668 669//669 637//637
f 668//668 637//637 669//669
f 317//317 271//271 280//280
f 317//317 280//280 271//271
f 384//384 735//735 329//329
f 231//231 245//245 256//256
f 233//233 289//289 288//288
f 38//38 733//733 119//119
f 352//352 529//529 263//263
f 592//592 262//262 495//495
f 9//9 5//5 8//8
f 157//157 150//150 272//272
f 603//603 235//235 529//529
f 763//763 649//649 49//49
f 639//639 377//377 671//671
f 557//557 779//779 606//606
f 557//557 606//606 779//779
f 184//184 156//156 149//149
f 335//335 50//50 758//758
f 747//747 364//364 541//541
f 133//133 121//121 106//106
f 42//42 54//54 762//762
f 40//40 364//364 541//541
f 592//592 350//350 262//262
f 248//248 261//261 264//264
f 248//248 264//264 261//261
f 4//4 5//5 288//288
f 779//779 464//464 480//480
f 779//779 480//480 464//464
f 94//94 801//801 355//355
f 435//435 526//526 196//196
f 79//79 379//379 219//219
f 532//532 227//227 302//302
f 532//532 302//302 227//227
f 349//349 132//132 794//794
f 349//349 794//794 119//119
f 471//471 422//422 467//467
f 651//651 158//158 612//612
f 632//632 637//637 506//506
f 696//696 669//669 637//637
f 696//696 637//637 669//669
f 673//673 670//670 636//636
f 699//699 649//649 595//595
f 348//348 793//793 184//184
f 93//93 452//452 707//707
f 689//689 146//146 63//63
f 288//288 479//479 289//289
f 28//28 25//25 161//161
f 124//124 571//571 92//92
f 700//700 297//297 76//76
f 495//495 455//455 528//528
f 334//334 26//26 166//166
f 401//401 446//446 303//303
f 401//401 303//303 446//446
f 768//768 64//64 60//60
f 463//463 407//407 451//451
f 305//305 165//165 745//745
f 501//501 533//533 380//380
f 501//501 380//380 533//533
f 97//97 662//662 92//92
f 279//279 435//435 270//270
f 717//717 402//402 726//726
f 338//338 65//65 70//70
f 198//198 437//437 467//467
f 89//89 463//463 572//572
f 320//320 671//671 377//377
f 273//273 709//709 528//528
f 153//153 146//146 138//138
f 781//781 218//218 780//780
f 305//305 748//748 165//165
f 11//11 14//14 13//13
f 241//241 381//381 255//255
f 362//362 745//745 186//186
f 533//533 238//238 796//796
f 531//531 368//368 311//311
f 531//531 311//311 368//368
f 437//437 483//483 475//475
f 234//234 290//290 655//655
f 9//9 646//646 183//183
f 232//232 707//707 233//233
f 697//697 582//582 294//294
f 133//133 106//106 567//567
f 352//352 593//593 594//594
f 251//251 289//289 247//247
f 288//288 289//289 314//314
f 195//195 54//54 331//331
f 530//530 613//613 651//651
f 148//148 23//23 392//392
f 148//148 392//392 155//155
f 450//450 132//132 120//120
f 624//624 507//507 396//396
f 736//736 496//496 252//252
f 157//157 615//615 653//653
f 794//794 527//527 344//344
f 13//13 14//14 155//155
f 166//166 792//792 264//264
f 11//11 13//13 10//10
f 668//668 236//236 520//520
f 668//668 520//520 236//236
f 8//8 5//5 479//479
f 173//173 397//397 16//16
f 45//45 145//145 764//764
f 290//290 465//465 421//421
f 685//685 294//294 425//425
f 673//673 636//636 771//771
f 737//737 111//111 66//66
f 624//624 513//513 440//440
f 251//251 247//247 419//419
f 183//183 646//646 479//479
f 683//683 496//496 736//736
f 81//81 252//252 496//496
f 683//683 736//736 252//252
f 661//661 134//134 682//682
f 113//113 573//573 210//210
f 691//691 316//316 383//383
f 367//367 43//43 673//673
f 82//82 656//656 350//350
f 147//147 63//63 146//146
f 197//197 217//217 270//270
f 661//661 94//94 355//355
f 128//128 142//142 276//276
f 128//128 276//276 142//142
f 251//251 4//4 288//288
f 566//566 729//729 37//37
f 614//614 647//647 311//311
f 424//424 294//294 582//582
f 43//43 438//438 50//50
f 673//673 771//771 43//43
f 655//655 290//290 25//25
f 379//379 337//337 760//760
f 502//502 617//617 302//302
f 502//502 302//302 617//617
f 459//459 665//665 449//449
f 326//326 381//381 327//327
f 326//326 327//327 381//381
f 92//92 660//660 810//810
f 251//251 288//288 289//289
f 24//24 647//647 767//767
f 43//43 193//193 51//51
f 426//426 296//296 295//295
f 335//335 756//756 758//758
f 9//9 11//11 5//5
f 494//494 283//283 291//291
f 494//494 291//291 283//283
f 700//700 658//658 266//266
f 603//603 448//448 314//314
f 507//507 631//631 623//623
f 530//530 237//237 613//613
f 661//661 682//682 699//699
f 692//692 773//773 60//60
f 692//692 60//60 773//773
f 763//763 49//49 771//771
f 367//367 763//763 340//340
f 663//663 95//95 295//295
f 634//634 269//269 215//215
f 634//634 215//215 269//269
f 537//537 777//777 223//223
f 537//537 223//223 777//777
f 603//603 529//529 315//315
f 701//701 219//219 580//580
f 701//701 580//580 219//219
f 708//708 406//406 447//447
f 424//424 812//812 686//686
f 225//225 55//55 746//746
f 38//38 566//566 105//105
f 790//790 119//119 347//347
f 581//581 697//697 294//294
f 750//750 545//545 220//220
f 750//750 220//220 545//545
f 169//169 27//27 182//182
f 234//234 290//290 186//186
f 234//234 186//186 290//290
f 799//799 259//259 530//530
f 705//705 446//446 401//401
f 666//666 622//622 667//667
f 196//196 746//746 544//544
f 500//500 801//801 534//534
f 445//445 634//634 197//197
f 144//144 696//696 61//61
f 144//144 61//61 696//696
f 424//424 285//285 698//698
f 154//154 651//651 145//145
f 663//663 425//425 96//96
f 348//348 607//607 56//56
f 514//514 175//175 30//30
f 38//38 119//119 131//131
f 391//391 461//461 22//22
f 391//391 22//22 461//461
f 95//95 426//426 295//295
f 419//419 301//301 159//159
f 190//190 164//164 25//25
f 186//186 25//25 290//290
f 42//42 54//54 210//210
f 752//752 515//515 312//312
f 644//644 509//509 555//555
f 373//373 160//160 323//323
f 373//373 323//323 160//160
f 2//2 73//73 159//159
f 166//166 264//264 26//26
f 649//649 394//394 438//438
f 338//338 52//52 427//427
f 818//818 764//764 689//689
f 794//794 132//132 119//119
f 673//673 50//50 636//636
f 417//417 118//118 460//460
f 417//417 460//460 118//118
f 478//478 789//789 442//442
f 753//753 636//636 178//178
f 818//818 117//117 130//130
f 127//127 681//681 138//138
f 103//103 732//732 104//104
f 392//392 23//23 10//10
f 731//731 103//103 104//104
f 709//709 292//292 451//451
f 566//566 105//105 729//729
f 758//758 307//307 748//748
f 478//478 652//652 459//459
f 722//722 412//412 454//454
f 127//127 809//809 681//681
f 199//199 209//209 205//205
f 391//391 62//62 22//22
f 391//391 22//22 62//62
f 113//113 637//637 669//669
f 450//450 408//408 718//718
f 367//367 394//394 43//43
f 218//218 216//216 780//780
f 363//363 311//311 647//647
f 140//140 166//166 126//126
f 367//367 546//546 193//193
f 71//71 731//731 104//104
f 308//308 543//543 360//360
f 36//36 569//569 80//80
f 808//808 679//679 131//131
f 70//70 731//731 65//65
f 127//127 764//764 818//818
f 712//712 454//454 94//94
f 579//579 187//187 93//93
f 526//526 137//137 788//788
f 716//716 403//403 503//503
f 488//488 394//394 192//192
f 768//768 773//773 60//60
f 34//34 329//329 735//735
f 392//392 356//356 597//597
f 493//493 459//459 449//449
f 419//419 73//73 301//301
f 337//337 468//468 760//760
f 241//241 326//326 381//381
f 778//778 222//222 283//283
f 278//278 135//135 269//269
f 278//278 269//269 135//135
f 602//602 317//317 554//554
f 537//537 696//696 749//749
f 537//537 749//749 696//696
f 505//505 181//181 390//390
f 299//299 422//422 467//467
f 172//172 28//28 29//29
f 335//335 432//432 756//756
f 335//335 756//756 432//432
f 186//186 20//20 163//163
f 194//194 32//32 174//174
f 194//194 174//174 32//32
f 362//362 25//25 745//745
f 214//214 779//779 743//743
f 214//214 743//743 779//779
f 90//90 698//698 656//656
f 367//367 673//673 642//642
f 341//341 757//757 40//40
f 477//477 476//476 434//434
f 125//125 570//570 83//83
f 230//230 229//229 246//246
f 566//566 733//733 105//105
f 273//273 701//701 219//219
f 737//737 104//104 413//413
f 505//505 618//618 756//756
f 51//51 193//193 546//546
f 198//198 195//195 437//437
f 495//495 344//344 527//527
f 537//537 223//223 740//740
f 537//537 740//740 223//223
f 784//784 191//191 282//282
f 784//784 282//282 191//191
f 208//208 210//210 483//483
f 427//427 467//467 423//423
f 399//399 32//32 275//275
f 624//624 485//485 507//507
f 621//621 517//517 669//669
f 278//278 135//135 677//677
f 278//278 677//677 135//135
f 224//224 223//223 777//777
f 685//685 812//812 294//294
f 478//478 459//459 493//493
f 564//564 99//99 561//561
f 712//712 408//408 454//454
f 666//666 667//667 619//619
f 27//27 387//387 182//182
f 348//348 167//167 793//793
f 526//526 407//407 116//116
f 641//641 485//485 441//441
f 81//81 683//683 252//252
f 772//772 649//649 438//438
f 500//500 800//800 350//350
f 38//38 733//733 101//101
f 551//551 601//601 373//373
f 349//349 253//253 794//794
f 349//349 794//794 253//253
f 232//232 251//251 242//242
f 450//450 718//718 706//706
f 292//292 694//694 654//654
f 236//236 594//594 529//529
f 435//435 196//196 544//544
f 251//251 231//231 256//256
f 788//788 572//572 324//324
f 410//410 358//358 726//726
f 410//410 726//726 358//358
f 68//68 152//152 61//61
f 634//634 187//187 197//197
f 624//624 396//396 188//188
f 188//188 396//396 507//507
f 636//636 670//670 508//508
f 504//504 620//620 672//672
f 367//367 649//649 772//772
f 564//564 113//113 437//437
f 722//722 815//815 125//125
f 758//758 756//756 333//333
f 666//666 59//59 773//773
f 666//666 773//773 59//59
f 50//50 438//438 649//649
f 737//737 111//111 730//730
f 641//641 504//504 672//672
f 306//306 541//541 364//364
f 689//689 138//138 146//146
f 196//196 225//225 746//746
f 788//788 55//55 225//225
f 627//627 748//748 310//310
f 42//42 210//210 762//762
f 306//306 742//742 541//541
f 43//43 771//771 486//486
f 348//348 643//643 674//674
f 692//692 694//694 819//819
f 692//692 819//819 694//694
f 133//133 567//567 121//121
f 24//24 304//304 647//647
f 75//75 324//324 463//463
f 123//123 659//659 814//814
f 322//322 379//379 760//760
f 500//500 355//355 801//801
f 333//333 618//618 505//505
f 405//405 404//404 725//725
f 799//799 498//498 343//343
f 481//481 497//497 409//409
f 776//776 197//197 215//215
f 478//478 493//493 789//789
f 296//296 425//425 294//294
f 678//678 129//129 677//677
f 348//348 184//184 167//167
f 498//498 265//265 250//250
f 685//685 77//77 428//428
f 673//673 642//642 670//670
f 166//166 669//669 26//26
f 818//818 130//130 689//689
f 553//553 735//735 252//252
f 347//347 119//119 691//691
f 471//471 422//422 466//466
f 817//817 691//691 119//119
f 591//591 351//351 593//593
f 125//125 682//682 134//134
f 404//404 725//725 202//202
f 404//404 202//202 725//725
f 384//384 316//316 691//691
f 43//43 41//41 50//50
f 516//516 30//30 631//631
f 817//817 691//691 816//816
f 685//685 686//686 812//812
f 591//591 404//404 342//342
f 591//591 342//342 404//404
f 258//258 228//228 262//262
f 537//537 585//585 696//696
f 537//537 696//696 585//585
f 348//348 802//802 787//787
f 124//124 133//133 106//106
f 507//507 186//186 395//395
f 38//38 101//101 563//563
f 78//78 658//658 292//292
f 304//304 353//353 749//749
f 660//660 106//106 683//683
f 333//333 505//505 756//756
f 127//127 818//818 403//403
f 712//712 682//682 815//815
f 384//384 491//491 316//316
f 403//403 633//633 503//503
f 90//90 656//656 82//82
f 540//540 743//743 744//744
f 74//74 494//494 253//253
f 111//111 427//427 731//731
f 313//313 369//369 548//548
f 45//45 127//127 138//138
f 45//45 764//764 52//52
f 18//18 164//164 29//29
f 632//632 674//674 637//637
f 125//125 470//470 134//134
f 684//684 585//585 807//807
f 684//684 807//807 585//585
f 180//180 174//174 17//17
f 179//179 591//591 389//389
f 179//179 389//389 591//591
f 180//180 399//399 174//174
f 125//125 815//815 682//682
f 774//774 433//433 432//432
f 712//712 94//94 586//586
f 578//578 695//695 693//693
f 678//678 677//677 135//135
f 328//328 600//600 559//559
f 768//768 60//60 69//69
f 427//427 471//471 467//467
f 32//32 221//221 275//275
f 737//737 731//731 104//104
f 644//644 376//376 509//509
f 516//516 623//623 631//631
f 70//70 158//158 52//52
f 635//635 625//625 604//604
f 110//110 252//252 735//735
f 783//783 395//395 222//222
f 152//152 144//144 61//61
f 236//236 594//594 249//249
f 818//818 689//689 138//138
f 781//781 780//780 216//216
f 469//469 587//587 421//421
f 469//469 421//421 587//587
f 641//641 628//628 485//485
f 234//234 791//791 362//362
f 35//35 728//728 565//565
f 124//124 683//683 133//133
f 133//133 562//562 100//100
f 133//133 100//100 562//562
f 763//763 546//546 340//340
f 463//463 324//324 572//572
f 442//442 665//665 770//770
f 113//113 561//561 674//674
f 232//232 245//245 231//231
f 781//781 216//216 218//218
f 690//690 329//329 384//384
f 428//428 77//77 811//811
f 661//661 699//699 134//134
f 673//673 51//51 642//642
f 791//791 25//25 745//745
f 526//526 116//116 788//788
f 529//529 767//767 315//315
f 332//332 331//331 54//54
f 783//783 275//275 221//221
f 273//273 468//468 585//585
f 234//234 89//89 791//791
f 716//716 403//403 818//818
f 91//91 87//87 584//584
f 29//29 28//28 161//161
f 641//641 40//40 49//49
f 532//532 363//363 235//235
f 236//236 522//522 452//452
f 111//111 104//104 731//731
f 624//624 631//631 513//513
f 107//107 134//134 470//470
f 676//676 141//141 274//274
f 676//676 274//274 141//141
f 436//436 497//497 481//481
f 107//107 470//470 534//534
f 419//419 231//231 256//256
f 343//343 498//498 530//530
f 111//111 731//731 70//70
f 40//40 541//541 49//49
f 469//469 253//253 587//587
f 793//793 674//674 346//346
f 690//690 816//816 329//329
f 788//788 116//116 572//572
f 445//445 597//597 176//176
f 40//40 672//672 49//49
f 106//106 521//521 560//560
f 106//106 560//560 521//521
f 538//538 741//741 545//545
f 206//206 473//473 270//270
f 791//791 745//745 362//362
f 43//43 394//394 193//193
f 325//325 380//380 220//220
f 325//325 220//220 380//380
f 86//86 290//290 421//421
f 790//790 132//132 119//119
f 592//592 262//262 800//800
f 348//348 420//420 464//464
f 222//222 283//283 291//291
f 222//222 291//291 283//283
f 817//817 384//384 691//691
f 195//195 331//331 431//431
f 564//564 113//113 669//669
f 279//279 272//272 270//270
f 153//153 151//151 72//72
f 655//655 290//290 86//86
f 47//47 331//331 332//332
f 629//629 515//515 752//752
f 384//384 329//329 383//383
f 179//179 385//385 600//600
f 179//179 600//600 385//385
f 274//274 219//219 141//141
f 274//274 141//141 219//219
f 273//273 585//585 701//701
f 591//591 725//725 404//404
f 591//591 404//404 725//725
f 609//609 58//58 610//610
f 762//762 761//761 39//39
f 352//352 263//263 594//594
f 7//7 6//6 2//2
f 495//495 723//723 219//219
f 121//121 567//567 106//106
f 338//338 427//427 764//764
f 712//712 454//454 134//134
f 42//42 762//762 331//331
f 3//3 159//159 73//73
f 7//7 2//2 159//159
f 171//171 767//767 749//749
f 663//663 428//428 96//96
f 601//601 323//323 373//373
f 592//592 527//527 262//262
f 737//737 413//413 471//471
f 728//728 108//108 565//565
f 90//90 82//82 458//458
f 384//384 523//523 491//491
f 48//48 239//239 590//590
f 48//48 590//590 239//239
f 79//79 468//468 797//797
f 107//107 394//394 134//134
f 737//737 730//730 102//102
f 44//44 755//755 339//339
f 97//97 106//106 662//662
f 362//362 186//186 748//748
f 362//362 748//748 186//186
f 535//535 63//63 240//240
f 469//469 587//587 662//662
f 419//419 256//256 301//301
f 348//348 674//674 793//793
f 612//612 158//158 143//143
f 629//629 752//752 312//312
f 254//254 750//750 545//545
f 254//254 545//545 750//750
f 734//734 108//108 169//169
f 122//122 750//750 309//309
f 3//3 73//73 6//6
f 153//153 72//72 63//63
f 783//783 28//28 20//20
f 419//419 159//159 73//73
f 3//3 7//7 159//159
f 765//765 372//372 57//57
f 765//765 57//57 372//372
f 305//305 186//186 748//748
f 126//126 166//166 26//26
f 75//75 451//451 324//324
f 753//753 178//178 50//50
f 768//768 749//749 542//542
f 544//544 746//746 449//449
f 113//113 483//483 437//437
f 789//789 568//568 139//139
f 427//427 104//104 731//731
f 335//335 41//41 50//50
f 361//361 11//11 183//183
f 232//232 242//242 245//245
f 1//1 12//12 608//608
f 1//1 608//608 12//12
f 747//747 543//543 308//308
f 700//700 292//292 658//658
f 743//743 539//539 744//744
f 643//643 637//637 674//674
f 592//592 258//258 262//262
f 645//645 608//608 12//12
f 645//645 12//12 608//608
f 505//505 433//433 181//181
f 505//505 181//181 433//433
f 544//544 528//528 452//452
f 636//636 50//50 649//649
f 125//125 134//134 412//412
f 177//177 30//30 175//175
f 36//36 293//293 569//569
f 97//97 92//92 571//571
f 577//577 696//696 144//144
f 577//577 144//144 696//696
f 374//374 554//554 317//317
f 537//537 749//749 542//542
f 258//258 786//786 357//357
f 258//258 357//357 786//786
f 172//172 25//25 28//28
f 762//762 431//431 331//331
f 615//615 739//739 57//57
f 615//615 57//57 739//739
f 427//427 457//457 104//104
f 525//525 524//524 492//492
f 799//799 798//798 343//343
f 303//303 87//87 739//739
f 303//303 739//739 87//87
f 673//673 43//43 51//51
f 115//115 223//223 777//777
f 115//115 777//777 223//223
f 765//765 550//550 372//372
f 765//765 372//372 550//550
f 738//738 303//303 446//446
f 738//738 446//446 303//303
f 179//179 389//389 474//474
f 179//179 474//474 389//389
f 301//301 256//256 231//231
f 772//772 488//488 547//547
f 418//418 287//287 286//286
f 582//582 656//656 698//698
f 179//179 351//351 591//591
f 179//179 591//591 351//351
f 668//668 108//108 640//640
f 668//668 640//640 108//108
f 29//29 221//221 275//275
f 677//677 226//226 520//520
f 677//677 520//520 226//226