# https://github.com/mikedh/trimesh
v 0.03734600 -0.04057100 0.11259000
v 0.02221100 0.03212000 0.10386000
v 0.05132900 0.02381800 0.10390500
v 0.04653900 -0.03028300 0.11253600
v 0.04618900 0.00920400 0.08402800
v 0.06722300 0.03425200 0.11220200
v 0.02439200 -0.01031200 0.11243300
v 0.05132900 -0.01031200 0.11243300
v 0.04294800 0.04173400 0.11216300
v 0.05132900 0.02386100 0.11225600
v 0.04536500 -0.03511400 0.08898000
v 0.02530400 0.04169100 0.10380900
v 0.06722300 -0.04080300 0.06763900
v 0.05132900 0.01093400 0.10397500
v 0.03622600 0.04169100 0.10380900
v 0.03619700 -0.02513900 0.11251000
v 0.05826700 0.00681100 0.10399700
v 0.05824800 0.04169100 0.10380900
v 0.06722300 -0.00546300 0.08029900
v 0.06722300 0.01169000 0.11231900
v 0.02439200 0.01869200 0.10393300
v 0.05809600 0.00920400 0.08402800
v 0.05260900 -0.02512100 0.06285300
v 0.02987700 0.04173400 0.11216300
v 0.06722300 0.02099200 0.08016200
v 0.03617700 0.02386100 0.11225600
v 0.04921300 -0.02463000 0.06303500
v -0.04420500 -0.03594700 -0.09063400
v 0.05186200 -0.02699400 0.01781000
v 0.06722300 -0.01738700 0.04825300
v -0.00960300 0.01117600 -0.11243700
v -0.01780500 -0.01719000 0.10412700
v 0.00316600 -0.03501500 0.10422300
v -0.06722300 0.04161800 0.08968800
v -0.02957100 -0.01716800 0.10829800
v -0.00951300 -0.02492300 0.07878500
v 0.05376400 -0.02381200 -0.05477800
v 0.00260400 -0.00660800 0.00180600
v -0.05898700 -0.02664000 0.05126100
v -0.00078800 0.00212500 0.03633800
v 0.00027400 0.00299700 0.03621700
v 0.06722300 0.04080300 -0.06763900
v -0.00224400 -0.02547400 -0.02503000
v 0.00244400 -0.02546500 -0.02168600
v -0.00246600 -0.00735900 0.00648200
v 0.04660400 0.00892500 0.03015800
v 0.06722300 -0.02914500 0.04831400
v -0.02688900 -0.04173400 -0.11216300
v -0.06722300 -0.00058200 -0.11237600
v -0.05888800 0.04084100 -0.06037600
v 0.06722300 0.04103600 -0.02268800
v 0.05825400 0.03043200 0.04355500
v -0.00871000 -0.03058500 -0.02835800
v 0.01814100 0.00842500 -0.10711200
v -0.05898700 0.00860600 -0.03143500
v 0.04749500 -0.03578500 -0.04712100
v 0.00263500 -0.00042300 -0.01523800
v 0.05377900 0.04057100 -0.11259000
v 0.03011900 0.00567700 -0.10694000
v -0.00432000 -0.01258900 0.01321700
v 0.05826600 0.00791300 -0.07695200
v 0.05406500 -0.02573000 -0.04765900
v 0.05828300 -0.02482600 -0.04661800
v 0.01205400 -0.02537700 0.00020000
v -0.00948800 -0.03558400 -0.01331800
v 0.05132900 0.01869200 0.10393300
v 0.05132900 -0.01714600 0.11246800
v 0.05825400 0.03058000 0.07371100
v 0.02439200 0.02381800 0.10390500
v 0.05825600 0.02773900 0.10388400
v 0.05826500 0.00985100 0.07324400
v 0.04618900 0.00910500 0.06501900
v 0.06722300 -0.04057100 0.11259000
v 0.03954400 0.02381800 0.10390500
v 0.05809600 0.00910500 0.06501900
v 0.02439200 0.00250300 0.11236700
v 0.06722300 -0.02310000 0.08039100
v 0.02439200 0.00331400 0.10401600
v 0.05132900 0.00596200 0.11234900
v 0.05688100 -0.01999400 0.11248300
v 0.05824800 0.04158200 0.08269900
v 0.05826000 0.01883200 0.10393200
v 0.05828900 -0.03504600 0.10422300
v 0.06722300 0.04161800 0.08968800
v 0.05827200 -0.00230700 0.07388900
v 0.04536500 -0.02650900 0.08893500
v 0.02439200 -0.01719000 0.10412700
v 0.04450900 -0.03503800 0.10422300
v 0.05686900 -0.02641900 0.06298900
v 0.05828200 -0.02109400 0.10414800
v 0.03761800 -0.03503400 0.10422300
v 0.05132900 -0.01206400 0.10409900
v 0.06722300 0.04150200 0.06721300
v 0.05827400 -0.00714200 0.10407300
v 0.05828400 -0.02423200 0.07400800
v 0.02469900 -0.03502700 0.10422300
v -0.05228500 -0.04057100 0.11259000
v 0.01323200 -0.02542800 0.10417100
v -0.00950100 -0.03002800 0.07881400
v -0.05898700 0.00913200 0.07008500
v -0.05650700 0.02381800 0.10390500
v -0.04987300 0.03216100 0.10386000
v 0.05132900 -0.00693800 0.10407100
v 0.06464700 -0.01887700 0.11185500
v 0.04618900 -0.02646900 0.08421300
v 0.02585500 0.03144600 0.11221700
v 0.02224200 -0.02543300 0.10417100
v 0.02439200 0.02386100 0.11225600
v 0.00913200 -0.00181200 0.10404400
v -0.00517100 0.03144600 0.11221700
v -0.02987700 -0.04057100 0.11259000
v -0.04653900 -0.01999400 0.11248300
v -0.06722300 -0.01064200 0.11243500
v -0.05650700 -0.01716600 0.10870300
v 0.01205800 -0.03007800 0.07881400
v 0.00668000 -0.03514200 0.07884200
v 0.00913200 0.00596200 0.11234900
v -0.05650700 -0.01714600 0.11246800
v -0.05898700 0.00850800 -0.05044400
v -0.06722300 0.04092000 -0.04516400
v 0.05826600 0.00850700 0.04367300
v 0.01436300 -0.03574000 -0.04191900
v 0.04660400 -0.02692200 -0.00327300
v 0.04839600 -0.02568000 -0.04782000
v -0.04691300 0.00885700 0.01695600
v 0.00562100 -0.02495000 -0.00141100
v 0.00429500 -0.02415800 -0.00077900
v 0.00452200 -0.02582600 -0.00212300
v -0.00333200 -0.00187700 0.00799300
v 0.02900500 -0.03582900 -0.05815700
v 0.05234600 -0.02413900 -0.04841300
v 0.05855800 0.00008800 0.03184300
v 0.06722300 -0.04092000 0.04516400
v 0.01436300 -0.03582000 -0.05815800
v -0.00898200 -0.03565900 -0.02832700
v 0.06722300 -0.01905900 0.11247800
v 0.05827800 -0.01411800 0.10411000
v 0.02900500 -0.03510900 0.08798500
v 0.05828500 -0.02660700 0.06990800
v 0.05828900 -0.03512100 0.08898000
v 0.05827800 -0.01327000 0.07394800
v 0.04927400 -0.02544900 0.10417200
v 0.04364700 -0.03511800 0.08798500
v 0.05828500 -0.02650900 0.08893500
v 0.02439200 -0.00693800 0.10407100
v 0.00325200 -0.00124500 -0.01653000
v -0.00353500 -0.00725300 0.00819500
v 0.06722300 0.04092000 -0.04516400
v 0.05826000 0.01887600 -0.07701100
v 0.01436300 -0.03550100 0.00679500
v -0.00871000 -0.03564100 -0.02440400
v -0.04522400 -0.03523200 0.05448800
v 0.04795600 -0.02572100 -0.04998500
v 0.05220500 -0.02126800 -0.04834100
v 0.05827200 -0.00290300 -0.04673700
v -0.00439900 -0.00119400 -0.01611000
v -0.00499300 -0.00353000 -0.01856700
v 0.00389800 -0.01430500 0.00460700
v 0.04937100 -0.02440900 -0.05220900
v 0.05184000 -0.02381300 -0.04978300
v -0.00263100 -0.00186600 0.00742800
v -0.04420500 -0.03538700 0.02303300
v 0.01436300 -0.03558100 -0.00944300
v 0.00005700 0.00288500 0.02795200
v 0.05164300 -0.02529100 -0.05317300
v -0.00948800 -0.03546500 0.01132600
v 0.00039100 0.00168600 0.02490200
v -0.00109800 0.00154700 0.02763700
v -0.00123900 0.00320900 0.02512700
v -0.06240500 0.02911100 0.11160600
v -0.04233800 -0.01993300 0.08535900
v -0.01780500 0.02386100 0.11225600
v -0.03533700 -0.03391500 0.08007800
v -0.04672400 -0.02417300 0.08002800
v -0.02957100 -0.01719000 0.10412700
v -0.05792100 -0.01227500 0.07996600
v -0.05839900 -0.03392200 0.10421700
v -0.04468000 -0.01660500 0.09228700
v -0.04615600 -0.01566700 0.09455300
v -0.04345900 -0.01803800 0.08898300
v -0.04553600 -0.01711300 0.08554100
v -0.04060200 -0.02083100 0.09435500
v -0.03892900 -0.02192300 0.09158900
v -0.04183200 -0.01936100 0.09197800
v -0.05884700 -0.03497900 0.10422300
v -0.04404500 -0.01772000 0.10155800
v -0.02585500 0.00058200 0.11237600
v -0.02957100 0.02386100 0.11225600
v -0.02956300 -0.03515600 0.07174700
v -0.03816100 -0.03394000 0.08007800
v -0.03503300 -0.03172300 0.08006700
v -0.04633200 -0.01718500 0.10493700
v -0.04507700 -0.03511800 0.07753900
v -0.04742700 -0.01387200 0.09975600
v -0.04626800 -0.01573200 0.09765200
v -0.04173000 -0.01922100 0.09973800
v -0.04475900 -0.01664000 0.09903300
v -0.04977300 0.02386100 0.11225600
v -0.05688100 0.03144600 0.11221700
v -0.04019600 -0.02067000 0.09740700
v -0.01780500 -0.01714600 0.11246800
v -0.05049700 -0.01386500 0.08474200
v 0.00913200 0.02381800 0.10390500
v 0.00000000 -0.04057100 0.11259000
v -0.04883000 -0.01526800 0.08421300
v -0.04022300 -0.02271900 0.08450900
v -0.04217600 -0.01964200 0.09442800
v 0.01034200 -0.03028300 0.11253600
v -0.04209900 -0.02664200 0.08004000
v -0.05456400 -0.01806900 0.07999600
v -0.05780500 -0.02120200 0.08001200
v -0.01551300 -0.01999400 0.11248300
v -0.03779300 -0.01719000 0.10412700
v -0.03877200 -0.02421900 0.08002800
v -0.04515100 -0.03517500 0.06601300
v -0.02283100 0.01296100 0.10396400
v -0.04503900 -0.01673900 0.09583600
v -0.04335400 -0.01801100 0.09166300
v -0.03898500 -0.02207100 0.08908700
v -0.04189400 -0.01937600 0.08851900
v -0.04080800 -0.02112200 0.08609000
v -0.04668700 -0.01580800 0.08617400
v -0.05041700 -0.01393800 0.08468200
v -0.02957100 -0.01206400 0.10409900
v -0.05884700 -0.03502300 0.09531700
v -0.04005000 -0.02379100 0.08002600
v -0.03750200 -0.02615200 0.08003800
v -0.05202100 -0.01228100 0.07996600
v -0.04493900 -0.02857200 0.08005000
v -0.05744700 -0.01818100 0.07999700
v -0.04862500 -0.01508800 0.07998100
v -0.05214400 -0.03441000 0.10422000
v -0.04507700 -0.02656800 0.07749500
v -0.04634200 -0.01547400 0.08894700
v 0.01320600 0.02253300 0.10391200
v -0.04337600 -0.01834300 0.09474200
v -0.03908200 -0.02215500 0.08735700
v -0.04199000 -0.01948400 0.09059900
v -0.01780500 0.01613000 0.10394700
v -0.06722300 0.02677000 0.11224100
v -0.04468700 -0.01658700 0.09435600
v -0.05885100 -0.02800900 0.10418500
v 0.00746900 -0.04057100 0.11259000
v -0.03806700 -0.03133000 0.08006500
v -0.03830300 -0.02912600 0.08005300
v -0.05458900 -0.01205400 0.07996500
v -0.05006500 -0.01858500 0.07999900
v -0.05214600 -0.02150200 0.08001400
v -0.05786900 -0.01507100 0.07998100
v -0.04619000 -0.01553000 0.09173800
v -0.04487700 -0.01674900 0.08885700
v -0.04357300 -0.01843200 0.08622000
v -0.03900100 -0.02203300 0.09483900
v -0.04034200 -0.02066000 0.09178300
v -0.05228500 0.04173400 0.11216300
v -0.04193500 -0.01942100 0.09452100
v -0.04044000 -0.02070800 0.08891100
v -0.05885800 -0.01406900 0.10411000
v -0.04421600 -0.01900900 0.08420500
v -0.05898700 -0.02654100 0.07027000
v -0.05066500 -0.01413000 0.09459700
v -0.04859100 -0.01378600 0.09437800
v -0.03797300 -0.02380900 0.09478900
v -0.06722300 0.01928800 0.11228000
v 0.01551300 -0.01999400 0.11248300
v -0.04309200 -0.02128300 0.08001300
v -0.04618100 -0.01824100 0.07999700
v -0.05371900 -0.03137400 0.08006500
v -0.05774000 -0.02915500 0.08005400
v -0.01551300 -0.03028300 0.11253600
v -0.05108500 -0.01366600 0.09192000
v -0.04017800 -0.03388600 0.10421700
v -0.04930400 -0.01442600 0.09171800
v -0.05886600 -0.00012900 0.10403500
v 0.01246300 0.03203900 0.10386100
v 0.01321600 0.00334800 0.10401600
v -0.03622000 -0.02492600 0.09022200
v -0.05688100 0.02115800 0.11227000
v -0.05208600 -0.01241400 0.10491300
v -0.04868200 -0.03394900 0.08007800
v -0.05650700 -0.01693900 0.10493600
v -0.04887000 -0.01542200 0.10492800
v -0.03856400 -0.02409400 0.10416400
v -0.01167200 0.04169100 0.10380900
v 0.00913200 -0.00006000 0.11238000
v 0.00913200 0.00587700 0.10400200
v -0.02240800 -0.04057100 0.11259000
v -0.04420500 -0.03506700 0.08798500
v -0.03619500 -0.02603800 0.09005900
v -0.03425700 -0.02824600 0.09211800
v -0.05129300 -0.01527100 0.10492700
v -0.05166000 -0.03390100 0.08007800
v -0.00517100 -0.03028300 0.11253600
v 0.00517100 -0.01999400 0.11248300
v -0.05650700 0.01702700 0.11229100
v -0.05002500 -0.01346200 0.10491800
v -0.05464000 -0.01718500 0.10493700
v -0.05850600 -0.01739700 0.10412800
v -0.01780500 0.00844000 0.10398800
v -0.02957100 -0.00181200 0.10404400
v -0.02282600 0.00336900 0.10401600
v -0.04102900 -0.02106500 0.09943000
v -0.03518700 -0.02905000 0.08005300
v -0.04078000 -0.03392700 0.08007800
v -0.04561400 -0.01718200 0.10324900
v -0.04382800 -0.01995100 0.10166600
v -0.05843500 -0.02839400 0.10418700
v -0.04653100 -0.01520200 0.09974600
v -0.04168800 -0.01924500 0.09739400
v -0.03892800 -0.02192400 0.09732000
v -0.04475700 -0.01666700 0.09850000
v 0.01322100 -0.00624400 0.10406800
v -0.02614200 0.04173400 0.11216300
v -0.00433600 0.02386100 0.11225600
v -0.02731600 0.04169100 0.10380900
v -0.05888100 0.02775100 0.10388400
v -0.02957100 0.01356700 0.10396100
v 0.01436300 -0.03510100 0.08798500
v -0.02281500 -0.01581500 0.10411900
v 0.01551300 0.03144600 0.11221700
v -0.03548900 -0.01715300 0.11114100
v -0.02282100 -0.00622300 0.10406800
v -0.06722300 -0.04057100 0.11259000
v -0.02957100 0.00844000 0.10398800
v -0.05888800 0.04169100 0.10380900
v -0.01492100 -0.03516400 0.07174700
v -0.03855000 -0.01714600 0.11246800
v -0.00948900 -0.03513200 0.07884200
v 0.00913200 -0.00693800 0.10407100
v -0.04086200 0.03215600 0.10386000
v -0.00975300 -0.03500700 0.10422300
v 0.01551300 0.00058200 0.11237600
v -0.06722300 -0.00315900 0.11239600
v -0.06722300 0.04150200 0.06721300
v -0.00478900 -0.02541800 0.10417100
v -0.04752900 -0.01714600 0.11246800
v -0.05650700 0.00335200 0.11131800
v 0.01204500 -0.02501100 0.07878600
v 0.00129100 -0.03513800 0.07884200
v -0.05886900 0.00684100 0.10399700
v -0.05888400 0.03472100 0.10384600
v -0.02957100 0.00331400 0.10401600
v -0.04303900 -0.01715200 0.11142600
v -0.02957100 -0.00347700 0.11239700
v -0.00409900 -0.03513500 0.07884200
v -0.01780500 -0.00427100 0.10405700
v -0.04640600 0.02381800 0.10390500
v -0.05975400 -0.04057100 0.11259000
v 0.00517100 0.03144600 0.11221700
v 0.00239800 0.02386100 0.11225600
v 0.01120400 0.04173400 0.11216300
v -0.06722300 0.00596200 0.11234900
v -0.06240500 -0.01887700 0.11185500
v -0.05887700 0.02078100 0.10392200
v -0.03630500 0.02381800 0.10390500
v -0.00232700 -0.02495200 0.07878600
v 0.01322700 -0.01583600 0.10412000
v 0.00913200 -0.01206400 0.10409900
v -0.04424600 0.04169100 0.10380900
v -0.04708100 0.00913200 0.07008500
v -0.01492100 -0.03508400 0.08798500
v -0.05650700 0.00052900 0.10403100
v -0.05650700 0.01043800 0.10397800
v -0.05650700 -0.01031200 0.11243300
v -0.05887300 0.01381100 0.10395900
v -0.06722300 0.01180500 0.11231800
v -0.03744800 -0.02516800 0.08701700
v -0.05885400 -0.02103900 0.10414800
v -0.04739600 -0.01646100 0.08413900
v -0.05688100 0.00058200 0.11237600
v -0.05070900 -0.01376000 0.08631500
v -0.05052700 -0.01402400 0.08893400
v -0.04143100 -0.02166200 0.08429100
v -0.03976000 -0.02285700 0.08547700
v -0.02585500 0.03144600 0.11221700
v -0.03415300 -0.02818300 0.10418600
v -0.03420900 -0.03393600 0.09214800
v -0.04563400 -0.03154400 0.08006600
v -0.05773900 -0.02386300 0.08002600
v -0.03630500 0.02386100 0.11225600
v -0.00746900 -0.04057100 0.11259000
v -0.05864600 -0.01193800 0.09203100
v -0.04582800 -0.03428700 0.10421900
v -0.05196400 -0.02656800 0.07747800
v -0.05884700 -0.03511000 0.07750600
v -0.02284100 0.03214600 0.10386000
v -0.04839000 -0.01381800 0.08854700
v -0.04922700 -0.01447400 0.08609500
v -0.03734600 0.04173400 0.11216300
v -0.03791200 -0.02387800 0.08886100
v -0.05886200 -0.00709900 0.10407200
v -0.05069900 -0.01378500 0.09887000
v -0.04044300 -0.02304500 0.09944800
v -0.03879000 -0.02359600 0.09718500
v -0.03575500 -0.02613800 0.09172700
v -0.03619100 -0.02472500 0.09345900
v -0.06722300 0.00432300 0.11235700
v -0.03128500 -0.03499500 0.10422300
v -0.05470600 -0.03396000 0.08007800
v -0.01493800 -0.04057100 0.11259000
v -0.05196200 -0.01718500 0.10493700
v -0.05885200 -0.02656800 0.07746200
v -0.04303900 0.02386100 0.11225600
v -0.04818300 -0.01423400 0.09983000
v -0.04882100 -0.01361000 0.09758700
v -0.05066300 -0.01415000 0.09719900
v -0.03900700 -0.02429800 0.09891800
v 0.00913200 -0.01031200 0.11243300
v -0.00770300 0.02381800 0.10390500
v -0.05113600 -0.01374300 0.09699000
v -0.03799800 -0.02507100 0.09606600
v -0.03947100 -0.02341900 0.09740900
v -0.03596500 -0.02639800 0.09391000
v -0.03611300 -0.02471500 0.09172800
v 0.00239800 -0.01714600 0.11246800
v -0.03410500 -0.03387400 0.10421700
v -0.05459200 -0.01240600 0.10491300
v -0.04931600 -0.01718200 0.10552800
v -0.05650700 0.01359900 0.11022100
v -0.05751400 -0.03392800 0.08007800
v -0.05650700 -0.01271300 0.10491400
v -0.05752500 -0.01186900 0.10409800
v -0.04838100 -0.01364300 0.09926300
v -0.01383100 0.03214100 0.10386000
v -0.04937400 -0.01435800 0.09709800
v -0.05056000 -0.01413000 0.09888400
v -0.01780500 0.00331400 0.10401600
v -0.00993800 -0.01714600 0.11246800
v -0.02957100 -0.00693800 0.10407100
v -0.01780500 0.00596200 0.11234900
v -0.05650700 0.02386100 0.11225600
v -0.04595500 -0.03392700 0.08007800
v -0.04190300 -0.01719000 0.10412700
v -0.04709200 -0.01618000 0.10493200
v -0.05850300 -0.03398400 0.09214800
v -0.05847000 -0.02289500 0.10415800
v -0.01780500 -0.00006000 0.11238000
v 0.01493800 -0.04057100 0.11259000
v -0.04508700 -0.01711800 0.09701300
v -0.04359600 -0.01811100 0.10037400
v -0.06722300 0.04173400 0.11216300
v -0.00880500 0.04173400 0.11216300
v -0.02278700 -0.02551100 0.10417200
v -0.02957100 0.02381800 0.10390500
v -0.03734600 -0.04057100 0.11259000
v -0.03619700 -0.01999400 0.11248300
v -0.06722300 -0.01812400 0.11247300
v 0.00485900 -0.02498100 0.07878600
v -0.03185200 0.03215100 0.10386000
v 0.00913200 -0.01719000 0.10412700
v 0.00913200 0.02386100 0.11225600
v -0.04481500 -0.04057100 0.11259000
v -0.05888800 0.04157000 0.08035400
v -0.05650700 -0.00347700 0.11239700
v -0.02585500 -0.03028300 0.11253600
v 0.01207000 -0.03514500 0.07884200
v -0.03692500 0.04169100 0.10380900
v 0.00913200 -0.01714600 0.11246800
v -0.05073700 -0.01382000 0.08886100
v -0.05048100 -0.01398400 0.08643300
v -0.03701300 -0.02551200 0.08906900
v -0.02956300 -0.03507600 0.08798500
v -0.05791400 -0.02645900 0.08004000
v -0.04097800 -0.02217500 0.08001700
v -0.01780500 0.02381800 0.10390500
v -0.04932300 -0.01450900 0.08891400
v -0.04853900 -0.01384400 0.08694700
v -0.03844200 -0.02405100 0.08651800
v 0.05133000 -0.02018300 -0.08044300
v -0.00298500 0.00267100 -0.00375700
v -0.00276600 0.00300100 -0.00736600
v 0.04921500 -0.02130300 -0.07793300
v 0.00285500 0.01136100 -0.02336400
v -0.00521000 -0.02105300 0.01913600
v -0.00136600 0.00882100 -0.01446600
v -0.00149400 0.00740700 -0.01122000
v -0.00235200 0.00147500 -0.00537000
v -0.05898700 -0.02688900 0.00320600
v 0.00336500 0.00676800 -0.00601100
v 0.00251100 0.00439000 -0.00567700
v 0.00357600 0.00131700 -0.01137000
v 0.02686600 0.00839500 -0.11242300
v -0.06722300 0.04126900 0.02226200
v 0.06722300 0.04057100 -0.11259000
v 0.02710000 -0.02798700 -0.09158300
v 0.03045400 -0.02812000 -0.08855200
v 0.04651100 -0.02806600 -0.10687500
v 0.05812500 -0.02800200 -0.09457700
v 0.02686600 -0.00161600 -0.10705800
v -0.04566800 -0.03557200 -0.01466600
v 0.00246500 0.00073700 -0.00781000
v -0.00326000 0.00454900 -0.00026400
v 0.00089800 0.00872500 -0.01132200
v -0.04691300 0.00895500 0.03596500
v -0.00314700 0.00430600 0.00608400
v -0.00511400 -0.01528500 0.01839300
v 0.04706100 -0.02157600 -0.08051300
v 0.00316800 0.00214100 -0.00611000
v -0.00266200 0.00041800 -0.01013000
v -0.00158000 0.00737200 -0.00536600
v 0.00121200 0.00728900 -0.00792100
v 0.00069800 0.00876200 -0.00569500
v -0.04708100 -0.02698700 -0.01580300
v -0.00335200 0.00711000 -0.00259900
v 0.00364200 0.00432400 -0.00807000
v -0.01492100 -0.03524400 0.05550900
v -0.02956300 -0.03563500 -0.02568200
v 0.02701400 -0.02795900 -0.08613400
v 0.05098400 -0.02853000 -0.10637900
v 0.05815600 -0.02802900 -0.09965500
v 0.05828300 -0.03608200 -0.10613200
v -0.00126000 0.00884100 -0.00823000
v 0.00164000 0.01303900 -0.02478600
v 0.00353900 0.00710600 -0.01147300
v 0.05827700 -0.03600800 -0.09109000
v -0.00406800 0.00555400 -0.02629600
v 0.05347000 -0.02384500 -0.07910600
v -0.05881900 0.00895500 0.03596500
v 0.00310200 0.00262900 0.00717100
v 0.00022800 0.00217600 0.01717800
v -0.00121600 0.00427400 0.01627600
v -0.00105000 0.00269400 0.01438900
v -0.05898700 -0.02698700 -0.01580300
v -0.00123200 0.00667000 0.00836400
v 0.00031400 0.00600800 0.01114500
v 0.00033900 0.00445500 0.01383000
v 0.04801700 -0.00058200 -0.11237600
v 0.06722300 0.04068700 -0.09011400
v -0.02713100 -0.03547700 0.00671500
v 0.03074100 -0.02804100 -0.10201100
v 0.03761500 -0.02806200 -0.10612700
v 0.05448500 -0.02538700 -0.07990800
v 0.04650800 -0.02795600 -0.08561200
v 0.06722300 -0.01062500 -0.03972900
v 0.04840100 -0.02371900 -0.08261900
v 0.05115000 -0.02536100 -0.08457600
v 0.04033400 -0.04173400 -0.11216300
v 0.04863200 -0.02571200 -0.07808200
v 0.00353400 0.00265700 0.00643300
v -0.00358700 0.00448900 -0.00561400
v 0.05194100 -0.02385800 -0.07798600
v -0.00312600 0.00848400 -0.01133200
v -0.00204100 0.00238800 -0.00124300
v -0.00566400 -0.02378000 0.01931600
v -0.00347800 0.00159800 -0.00845900
v -0.00125800 0.00695100 0.00563700
v 0.05828900 -0.03592000 -0.07330000
v -0.00523100 -0.02628600 0.02053100
v -0.00620900 -0.02641200 0.02210300
v 0.00297100 0.00621800 -0.00010500
v 0.00189700 0.00381300 0.00017900
v 0.05824800 0.04081700 -0.06506700
v -0.04420500 -0.03546700 0.00679500
v 0.02703500 -0.02801500 -0.09706200
v 0.04078800 -0.02806500 -0.10672500
v 0.05827700 -0.03199600 -0.09101600
v 0.05827700 -0.02797200 -0.08880900
v 0.04258500 -0.03597300 -0.08576100
v -0.01492100 -0.03540400 0.02303300
v -0.05885200 -0.02704600 -0.01472800
v -0.00951300 -0.02518100 0.02520600
v -0.00948800 -0.03530000 0.04471600
v 0.04780700 -0.02423000 -0.08109000
v -0.00244900 0.00410100 -0.00250100
v 0.06722300 -0.04150200 -0.06721300
v 0.00039700 0.00723000 0.00265300
v -0.00066400 0.00864600 0.00215600
v -0.04691300 -0.02681600 0.01714100
v 0.04878600 -0.02092800 -0.08034400
v -0.00261200 0.00374100 -0.00501400
v 0.05085900 -0.02039100 -0.07813900
v -0.00107800 0.01246800 -0.02237000
v 0.00228000 0.00141100 -0.00560400
v -0.00143300 0.00739200 -0.01443200
v -0.00252600 0.00071100 -0.00795000
v 0.00270100 0.00409600 -0.00750100
v -0.00589500 -0.02086900 0.01971100
v 0.00376700 0.00414700 -0.01135000
v 0.00336100 0.00714400 -0.00794400
v 0.04801700 -0.02997700 -0.11222400
v 0.02900500 -0.03590900 -0.07439600
v 0.02703300 -0.02797100 -0.08860400
v 0.03075800 -0.02798700 -0.09162600
v 0.04338100 -0.02865900 -0.10682000
v 0.04154400 -0.01416600 -0.10699000
v 0.06722300 -0.03174000 -0.03962000
v 0.02690000 -0.03198700 -0.09101200
v 0.05814200 -0.02801500 -0.09706200
v 0.05827200 -0.00305000 -0.07689300
v 0.01207000 -0.03544100 0.01856500
v -0.00354400 0.00424400 -0.00263100
v -0.00136600 0.00880800 -0.01114500
v 0.00090900 0.00872900 -0.01451500
v 0.00123300 0.00722300 -0.01131000
v 0.04896900 -0.02048200 -0.08273700
v 0.00028500 0.00783500 -0.01873600
v 0.00341400 0.00120800 -0.01646500
v 0.00295900 0.00935600 -0.02470800
v 0.00092800 0.00885600 -0.01629400
v 0.05828600 -0.03602700 -0.09508400
v -0.00119800 0.00992100 -0.01946300
v -0.00156000 0.00765200 -0.01637000
v 0.06722300 0.02685300 -0.11251900
v 0.03407200 -0.02796900 -0.08821100
v 0.02686600 -0.02169900 -0.10694900
v 0.01207000 -0.03534200 0.03865700
v 0.06722300 -0.04138500 -0.04473700
v 0.00064200 0.01002400 -0.02134500
v 0.00255600 0.00688000 -0.02597000
v -0.05898700 0.00903300 0.05107600
v 0.06722300 0.00596200 -0.05189900
v -0.02723300 -0.03555600 -0.00924900
v 0.05790300 -0.02852000 -0.10618300
v 0.04769000 -0.02804100 -0.10198100
v 0.04153800 -0.00321100 -0.10704900
v 0.05827700 -0.03604700 -0.09904500
v 0.03191100 -0.02795600 -0.08561200
v 0.00116600 0.00719400 -0.01456400
v 0.04732500 -0.02222200 -0.07920300
v -0.00146500 0.00748000 -0.00831000
v 0.00180100 0.01342600 -0.02348700
v 0.00336100 0.00157000 -0.00797800
v 0.00380700 0.00414500 -0.00572900
v 0.00265800 0.00071500 -0.01015800
v 0.00148200 0.00727700 -0.00569900
v -0.00569800 -0.01556300 0.01840500
v -0.00327400 0.00672300 -0.00036700
v 0.06722300 -0.02964400 -0.04800900
v 0.01436300 -0.03542100 0.02303300
v -0.04420500 -0.03554700 -0.00944300
v 0.02987900 -0.02795600 -0.08573900
v 0.05441100 -0.02798800 -0.09173400
v 0.04793200 -0.02806100 -0.10586300
v 0.05817100 -0.02804400 -0.10255000
v 0.02690000 -0.03155900 -0.08567900
v 0.01207000 -0.03540800 0.02526200
v 0.03474200 -0.03596800 -0.08576100
v -0.00130500 0.00880300 -0.00535600
v 0.00069200 0.00874000 -0.00786200
v -0.00127200 0.01362700 -0.02468300
v 0.04740100 -0.02147800 -0.08219200
v -0.00317600 0.00403400 0.00751400
v -0.00148500 0.00928700 -0.02134100
v -0.05881900 -0.02681600 0.01714100
v 0.00186000 0.00117200 -0.01644100
v 0.00258700 0.01029400 -0.02537700
v 0.05824800 0.04092600 -0.04395800
v 0.01436300 -0.03534100 0.03927100
v -0.04575100 -0.03563500 -0.02760900
v 0.03429600 -0.02795700 -0.08575600
v 0.03759800 -0.02795600 -0.08569900
v 0.05106800 -0.02798700 -0.09163700
v 0.05448500 -0.02806100 -0.10585000
v 0.05108100 -0.02804100 -0.10199900
v 0.05827700 -0.03606000 -0.10169600
v 0.05827700 -0.03290000 -0.10688900
v 0.05827800 -0.01401200 -0.07683400
v 0.02686600 -0.01165700 -0.10700400
v -0.04566800 -0.02704600 -0.01471200
v 0.01207000 -0.03537500 0.03196000
v -0.00428500 0.00720300 -0.02550300
v 0.05383700 -0.03597500 -0.08504400
v -0.00473900 0.01047600 -0.02325300
v 0.00147900 0.00187900 0.00838000
v 0.00040400 0.00430100 0.01065600
v -0.00128200 0.00456600 0.00794200
v 0.03001000 -0.02818500 -0.10581200
v 0.05383700 -0.03080500 -0.07694200
v 0.04806100 -0.02795600 -0.08573900
v 0.04749500 -0.02571700 -0.08509700
v 0.02688700 -0.03243000 -0.10689100
v 0.02690000 -0.03604200 -0.10169400
v 0.05828900 -0.03597500 -0.08449100
v 0.04749500 -0.02567500 -0.07696900
v -0.00399600 0.01256300 -0.02341300
v 0.04723100 -0.02316500 -0.08037600
v -0.00180800 0.00713000 -0.00258800
v -0.00411500 0.00701000 -0.01452100
v 0.00267200 0.00270500 0.00687700
v 0.00287500 0.00276300 -0.00375700
v -0.00342300 0.00688600 -0.00557700
v -0.00361400 0.00132700 -0.01123600
v -0.00297600 0.00846600 -0.00870500
v 0.00303100 0.00484200 0.00004100
v -0.00168800 0.00438700 0.00591400
v 0.00033700 0.00417600 0.00290500
v 0.00062400 0.00877000 -0.00280200
v 0.02702100 -0.02802900 -0.09965400
v 0.05383700 -0.03593500 -0.07691600
v 0.05383700 -0.03084600 -0.08507100
v 0.05768900 -0.02795800 -0.08594600
v 0.05043100 -0.03597700 -0.08576100
v 0.02690000 -0.03606000 -0.10539200
v -0.00948800 -0.03537000 0.03061600
v 0.01207000 -0.03527700 0.05205200
v 0.00119100 0.00732000 0.00014700
v -0.00107200 0.00875600 -0.00090700
v 0.01207000 -0.03563900 -0.02162000
v 0.00354200 -0.00680700 0.00065100
v 0.00369900 -0.01003700 0.00069200
v -0.05881900 0.00885700 0.01695600
v -0.00071300 0.00244600 0.03891400
v -0.00087200 0.00323600 0.03592100
v 0.00017400 0.00212300 0.03611200
v -0.06722300 0.04103600 -0.02268800
v 0.06722300 0.01738700 -0.04825300
v 0.06722300 -0.00058200 -0.11237600
v 0.04364700 -0.03583700 -0.05815700
v 0.05379800 -0.02542200 -0.05488700
v 0.04749500 -0.03582500 -0.05524900
v 0.01206500 -0.02543600 -0.01409900
v -0.00224400 -0.02545100 -0.02168600
v -0.04537200 -0.03534500 0.03143600
v -0.00252100 -0.00854200 0.00683500
v 0.00392400 -0.01343600 0.00500000
v 0.04919100 -0.02436400 -0.04998600
v 0.05057200 0.00567700 -0.10694000
v 0.04829000 -0.02583600 -0.05284400
v -0.00453400 -0.00283000 -0.01799300
v -0.00475900 -0.00241800 -0.01815500
v -0.00111800 0.00162500 0.02492000
v -0.05898700 0.00878400 0.00302100
v -0.00088300 0.00325000 0.02785900
v 0.06722300 -0.01429900 -0.11230500
v 0.05825400 0.02983800 -0.07707100
v 0.02900500 -0.03574900 -0.04191900
v 0.05383700 -0.03582900 -0.05524900
v 0.04749500 -0.02566300 -0.05530200
v 0.05827600 -0.01062500 -0.03972900
v 0.01207000 -0.03560600 -0.01492200
v 0.00021300 0.00298800 0.02525900
v 0.00029500 0.00172900 0.02757500
v 0.05190200 -0.02513200 -0.04960600
v 0.05222600 -0.02398000 -0.05286500
v -0.00318600 -0.00457000 0.00837100
v 0.05181500 -0.02093700 -0.04984300
v 0.04958700 -0.02454200 -0.04858200
v 0.00259200 -0.00059600 -0.01585600
v 0.00562200 -0.02539200 -0.00161500
v 0.00447700 -0.02420400 -0.00205100
v -0.04708100 -0.02664000 0.05126100
v 0.05169000 -0.02535100 -0.04789400
v 0.04749500 -0.03070300 -0.04714700
v 0.05825400 0.02964300 -0.10722700
v 0.00455200 -0.02575400 -0.00064800
v -0.00890400 -0.03560900 -0.01788300
v 0.00397700 -0.02044900 0.00233800
v 0.03011900 0.00576800 -0.08930000
v -0.04708100 0.00868600 -0.01598800
v 0.00045700 0.00360100 0.01921200
v 0.00036600 0.00206800 0.02213500
v -0.00117500 0.00351200 0.02211400
v 0.00404300 -0.01796000 0.00646000
v 0.00388500 -0.01485200 0.00351800
v 0.06722300 -0.02393100 -0.08014700
v 0.01920700 0.02881300 -0.11252900
v 0.04749500 -0.03074400 -0.05527600
v 0.05142700 -0.02578100 -0.05470600
v 0.04753500 -0.02581800 -0.05016400
v 0.05383700 -0.03580900 -0.05118500
v 0.00616400 -0.02541800 -0.01074300
v 0.01207000 -0.03554000 -0.00152800
v -0.00264400 -0.00924800 0.00826700
v -0.04691300 -0.02671800 0.03615000
v -0.00339700 -0.00957600 0.00848600
v -0.06722300 0.04115300 -0.00021300
v -0.04420500 -0.03522700 0.05550900
v 0.05383700 -0.03578900 -0.04712100
v 0.05828700 -0.03174000 -0.03962000
v 0.04755600 -0.02556400 -0.04774600
v -0.00344900 -0.00852300 0.00665800
v 0.00294700 -0.00066700 -0.01216700
v 0.06722300 -0.04173400 -0.11216300
v 0.05057200 0.00576800 -0.08930000
v 0.06722300 -0.00629500 -0.08023800
v -0.05888800 0.04120500 0.00998900
v -0.01492100 -0.03564400 -0.02568100
v -0.02956300 -0.03523600 0.05550900
v 0.05383700 -0.03070500 -0.04714700
v 0.01206500 -0.03323800 0.00024100
v -0.00068800 0.00848400 0.00455800
v 0.04860400 -0.02310400 -0.07802600
v -0.00323100 0.00211200 -0.00593700
v -0.00605700 -0.02613000 0.02046000
v 0.00315200 0.00415300 0.00587100
v -0.00577600 -0.02313400 0.02161800
v -0.00312100 0.00858400 -0.01451500
v 0.00036000 0.00697100 0.00520000
v -0.00389100 0.00689500 -0.01117100
v -0.00367900 0.00426300 -0.00829900
v -0.00215500 0.00216700 -0.00256500
v -0.04708100 0.00903300 0.05107600
v -0.00524300 -0.02641500 0.02189600
v 0.00202100 0.00211000 -0.00276400
v 0.00312000 0.00662700 -0.00299500
v 0.05365400 -0.02309100 -0.08319900
v 0.00219000 0.00402500 -0.00267800
v 0.04749500 -0.03597200 -0.08504400
v 0.06722300 -0.01788600 -0.04807000
v -0.05888800 0.04144800 0.05689900
v 0.02705200 -0.02800200 -0.09457600
v 0.05806600 -0.02798600 -0.09149000
v 0.04749500 -0.03080300 -0.07694200
v 0.05449100 -0.02796900 -0.08817600
v 0.05826500 0.01049000 -0.03983900
v 0.05176100 -0.02550500 -0.07755300
v 0.01436300 -0.03526100 0.05550900
v 0.01207000 -0.03524400 0.05875000
v 0.05368600 -0.02553300 -0.08519100
v 0.04790800 -0.02574700 -0.08046400
v -0.00126800 0.00732000 0.00273800
v -0.00199400 0.00387100 0.00019900
v 0.05361800 -0.02364200 -0.05248900
v 0.00018600 0.00293300 0.03366700
v 0.00361300 -0.00710000 0.00207200
v -0.00038200 -0.00159900 0.00353400
v 0.00268100 -0.00646300 0.00065400
v -0.00296400 -0.00060800 -0.01212900
v -0.00101000 0.00204900 0.03379600
v 0.00037100 0.00225900 0.03072300
v -0.00077100 0.00315700 0.03052400
v 0.05828900 -0.03586500 -0.06211000
v 0.04801700 0.01705500 -0.11246800
v -0.03112200 -0.03531600 0.03898800
v 0.01436300 -0.03566100 -0.02568100
v 0.05383700 -0.03074600 -0.05527600
v 0.05826600 0.00773400 -0.10710800
v 0.05359900 -0.02519400 -0.05111400
v 0.04749500 -0.03580500 -0.05118500
v 0.01206500 -0.03329000 -0.01404500
v 0.00247600 0.00555400 -0.02629700
v 0.00048800 0.00960200 -0.01962900
v 0.00314200 0.01047600 -0.02325300
v 0.05105100 -0.02015400 -0.08276600
v 0.00148100 0.00761100 -0.01633800
v -0.00104000 0.00773400 -0.01896700
v -0.06722300 -0.04115300 0.00021300
v -0.05888800 0.04132700 0.03344400
v 0.03410000 -0.02798700 -0.09163300
v 0.04078700 -0.02795700 -0.08576200
v 0.02690000 -0.03596300 -0.08576100
v 0.05828300 -0.02513100 -0.10693100
v 0.05827700 -0.03603400 -0.09639300
v -0.00948800 -0.03522700 0.05955200
v -0.00127500 0.00894400 -0.01639900
v 0.05408000 -0.02404000 -0.07998100
v -0.00120300 0.00207400 0.01699900
v 0.00312600 0.00381000 0.00743600
v -0.06722300 0.04138500 0.04473800
v -0.00098000 0.00467600 0.01372500
v 0.00044900 0.00381100 0.01649100
v 0.00038700 0.00270700 0.01438800
v -0.00111200 0.00637900 0.01103600
v 0.00047000 0.00658200 0.00831300
v 0.05827700 -0.03599500 -0.08842600
v 0.02690000 -0.03601600 -0.09639300
v 0.05189100 -0.02358800 -0.08404400
v 0.06722300 0.02897900 -0.08042100
v -0.01492100 -0.03532400 0.03927100
v 0.05085900 -0.02814100 -0.08862800
v 0.04362900 -0.02795600 -0.08569800
v 0.05395300 -0.02544300 -0.07794500
v 0.05201700 -0.02549700 -0.08514100
v 0.04749500 -0.03084400 -0.08507100
v 0.04749500 -0.03593200 -0.07691600
v 0.05828300 -0.02497500 -0.07677400
v -0.04551900 -0.03545800 0.00851000
v 0.02686600 -0.03177000 -0.11221500
v -0.00948800 -0.03541700 0.02097100
v 0.01207000 -0.03531000 0.04535500
v 0.04842700 -0.02590500 -0.08339000
v -0.00212200 0.00176400 0.00856700
v 0.05827700 -0.03598200 -0.08576100
v -0.00437700 0.00980600 -0.02502800
v -0.00087600 0.00465900 0.01075800
v 0.00133700 0.00414200 0.00800700
v -0.00076100 0.00589900 0.01397400
v -0.04708100 -0.02688900 0.00320600
v 0.06722300 -0.00612800 -0.04813100
v 0.06722300 0.01313600 -0.11244700
v 0.03409500 -0.02804100 -0.10199800
v 0.04428900 -0.02804600 -0.10309600
v 0.05135200 -0.02795600 -0.08571100
v 0.04769500 -0.02796900 -0.08824600
v 0.02690000 -0.03602900 -0.09904400
v 0.05827200 -0.00322700 -0.10704900
v 0.02702200 -0.02857700 -0.10616300
v -0.00066400 0.00470700 0.00299900
v 0.04729900 -0.02282500 -0.07880300
v -0.00369900 0.00684100 -0.00842000
v -0.00401700 0.00412000 -0.01121400
v 0.02688900 -0.04173400 -0.11216300
v 0.00142900 0.00725700 -0.00274100
v -0.00114500 0.00877600 -0.00250100
v 0.00048700 0.00871300 -0.00106700
v -0.00350000 0.01285200 -0.02486300
v 0.00192700 0.00376500 0.00596500
v 0.00330500 0.00436700 -0.00276600
v -0.00060500 0.00122200 0.00519100
v 0.05825700 0.02450500 -0.04688500
v 0.02700600 -0.02804400 -0.10254900
v 0.03437300 -0.02857000 -0.10630600
v 0.05448300 -0.02795700 -0.08574400
v 0.05383700 -0.03595500 -0.08098000
v 0.04749500 -0.02569600 -0.08103300
v 0.05827700 -0.03143400 -0.08567700
v -0.04559400 -0.03551500 -0.00314100
v -0.00139900 0.00739100 0.00011300
v 0.01798300 0.04169100 0.10380900
v -0.04708100 -0.02654100 0.07027000
v -0.04295300 -0.02054100 0.10040700
v -0.04334800 -0.03387800 0.08007800
v -0.03546400 -0.02728600 0.08004400
v -0.04536900 -0.01686000 0.10011400
v -0.04367000 -0.01807000 0.09698200
v 0.00913200 0.01595900 0.10394800
v -0.05784600 -0.03178700 0.08006700
v -0.04481500 0.04173400 0.11216300
v -0.03817600 -0.03499100 0.10422300
v -0.05121100 -0.01366200 0.09449700
v -0.05060800 -0.01409000 0.09179200
v -0.04294300 -0.02028700 0.08411200
v -0.03926700 -0.02282700 0.09582900
v -0.04601300 -0.01764900 0.08405000
v -0.03706000 -0.02566100 0.09488700
v -0.04843000 -0.01382800 0.09180300
v -0.05675700 0.01064400 0.11232400
v -0.03619700 0.03144600 0.11221700
v -0.04717400 -0.02195300 0.08001600
v -0.05330000 -0.02721400 0.08004300
v -0.05650700 -0.00740200 0.10407400
v -0.04428700 -0.01910800 0.08000200
v -0.03745800 -0.02333700 0.09171300
v -0.04934200 -0.01441600 0.09445700
v -0.00267800 -0.01618500 -0.10156200
v 0.00082600 0.00413000 -0.03082700
v 0.05797900 -0.00408800 0.03326200
v 0.00109400 0.00751800 -0.03340300
v -0.00214000 -0.01215800 -0.09995100
v 0.05851100 0.00875100 -0.00345800
v 0.05844800 -0.00150500 0.03182600
v 0.06722300 0.04138500 0.04473800
v 0.04364700 -0.03527800 0.05550900
v -0.00225600 -0.01889600 -0.09435500
v -0.05888800 0.04072000 -0.08383100
v -0.00933500 -0.01926300 -0.08533200
v 0.04536500 -0.03529000 0.05330300
v 0.05770900 -0.00967800 0.03889800
v 0.05731100 -0.00689600 0.03614800
v 0.05706000 -0.02421800 0.05301400
v 0.05465600 -0.02407300 0.05554500
v -0.00159000 0.00723000 -0.03558100
v 0.00014700 0.00911700 -0.03504900
v -0.00166800 0.00993200 -0.03344700
v 0.05889300 -0.02564200 0.01961900
v -0.00297300 0.00416800 -0.02949700
v 0.05673400 -0.02424100 0.02419400
v 0.05459300 -0.02531400 0.02575500
v -0.00294100 0.00716100 -0.03288900
v -0.02205700 -0.01076500 -0.10116700
v -0.02279800 -0.01063500 -0.10203400
v 0.05063400 -0.02494700 0.02924400
v 0.00000000 -0.04173400 -0.11216300
v -0.01262300 -0.01807700 -0.10023800
v -0.00462600 -0.01265000 -0.10180200
v 0.04904100 -0.02618100 0.02936100
v -0.00676900 -0.01299700 -0.10030400
v -0.00400200 -0.01590500 -0.10001800
v -0.06722300 0.02685300 -0.11251900
v 0.05826000 0.01917200 -0.01669900
v -0.00691700 -0.01834800 -0.09476300
v -0.01080900 -0.01935900 -0.10386600
v -0.00035000 -0.01922200 -0.08886100
v -0.00009000 -0.03605200 -0.10687200
v 0.01814100 -0.03174000 -0.10689500
v -0.04596300 -0.03579900 -0.06076900
v 0.05816000 -0.02112800 0.05550400
v -0.00567200 -0.01652500 -0.10166800
v -0.00386500 -0.01803300 -0.09699000
v -0.00732600 -0.01645700 -0.09729900
v -0.00353000 0.00686000 -0.02780400
v 0.05415800 -0.02658400 0.01898400
v 0.05645300 -0.02368200 0.01994500
v -0.00510700 -0.01638800 -0.09571500
v -0.00303000 0.00917700 -0.03054400
v 0.05445800 -0.02317800 0.02218400
v 0.05899500 -0.02599100 0.02433200
v -0.00968800 -0.01527500 -0.09998500
v -0.01234500 -0.01499200 -0.10159900
v 0.04364700 -0.03543800 0.02303300
v -0.01258700 -0.01851200 -0.09465200
v -0.00466700 -0.01726100 -0.10220900
v -0.00620400 -0.01723800 -0.09920900
v -0.00960200 -0.01774100 -0.09760600
v -0.02461300 -0.01937000 -0.10605900
v -0.04536200 0.04059800 -0.10728600
v 0.01814100 -0.03177000 -0.11221500
v 0.04667300 -0.02712800 0.02220800
v -0.02352700 -0.01229600 -0.10078900
v 0.04789600 -0.02593800 0.02437500
v -0.02285800 -0.01425600 -0.10199400
v -0.02101800 -0.01526800 -0.09982400
v -0.02116400 -0.01200000 -0.10209300
v 0.05203500 -0.02404200 0.02463500
v -0.00385000 -0.00993100 -0.09985400
v -0.06722300 0.04057100 -0.11259000
v 0.06722300 0.04126900 0.02226200
v -0.02304000 -0.01878800 -0.09437700
v -0.02109600 -0.01831600 -0.09751200
v -0.01802200 -0.01790500 -0.09986500
v -0.01584700 -0.01841600 -0.10224700
v -0.01492100 -0.03588300 -0.07439600
v -0.01259600 -0.01937500 -0.10696200
v 0.00808200 -0.02510200 -0.10693100
v 0.04905900 -0.02381700 0.02761200
v 0.05837500 -0.02135100 0.05132800
v -0.00156000 -0.01003500 -0.09952500
v 0.05193500 -0.02627600 0.05307700
v 0.06722300 -0.04126900 -0.02226200
v -0.00121600 0.01117300 -0.03253100
v 0.05851100 0.00884900 0.01555100
v 0.06722300 0.02376500 0.04804000
v -0.00960300 -0.02997700 -0.11222400
v -0.00009000 -0.03594500 -0.08520700
v 0.02900500 -0.03542900 0.02303300
v -0.02484600 -0.01929600 -0.09161700
v -0.04214900 0.02970100 -0.10722700
v -0.01850000 -0.01926300 -0.08533600
v 0.00941600 -0.00161600 -0.10705800
v 0.05659600 -0.01842500 0.03331400
v 0.05822300 -0.02011400 0.03139000
v 0.05732700 -0.01552500 0.03614500
v 0.05752500 -0.01259000 0.03886500
v 0.04902000 -0.02671800 0.05585900
v 0.05258900 -0.02450100 0.05513400
v 0.04690200 -0.02630500 0.05858800
v 0.04717200 -0.02472600 0.06015400
v -0.00173200 -0.00710100 -0.09944900
v -0.04708100 0.00831800 -0.08708600
v 0.05757900 -0.01783600 0.03152900
v 0.00043900 0.01112300 -0.03205800
v 0.05826600 0.00835800 0.01351700
v -0.04420500 -0.03570700 -0.04192000
v -0.02481300 -0.01922500 -0.08882600
v 0.05838500 -0.02668100 0.05020100
v -0.01592300 -0.01926300 -0.08533700
v -0.04581500 -0.03568500 -0.03771800
v 0.05792400 -0.02001100 0.03336100
v 0.05585400 -0.01713300 0.03350100
v 0.05763200 -0.01249000 0.03623900
v 0.05736800 -0.01539200 0.03893700
v 0.04881900 -0.02693100 0.05304900
v 0.05239700 -0.02444200 0.05316200
v 0.05137800 -0.02616000 0.05577800
v 0.04950600 -0.02463300 0.05670600
v 0.04713500 -0.02479500 0.05865900
v 0.04678300 -0.02639400 0.06073100
v -0.04708100 -0.02706700 -0.03125100
v -0.01907900 -0.01353200 -0.10173000
v -0.01825600 -0.01542500 -0.09961300
v -0.01520200 -0.01494900 -0.10172000
v 0.04885100 -0.02642900 0.02237600
v 0.04678100 -0.02645400 0.02512800
v 0.05169300 -0.02676900 0.01947100
v 0.05175900 -0.02387300 0.02216200
v -0.00880500 0.00596200 -0.11241000
v 0.02900500 -0.03526900 0.05550900
v -0.02148600 -0.01789900 -0.09958000
v -0.01547400 -0.01824100 -0.09445200
v -0.01828000 -0.01811000 -0.09711900
v -0.02296200 -0.01860200 -0.10222100
v -0.00009000 -0.02771300 -0.10691700
v -0.00009000 -0.03599900 -0.09603900
v -0.00408500 -0.01937500 -0.10696200
v 0.04701400 -0.02428500 0.02717600
v -0.01793100 -0.01416500 -0.10172400
v -0.01543400 -0.01532600 -0.10012200
v 0.04988800 -0.02709200 0.01965000
v 0.05115300 -0.02651400 0.02146300
v 0.05210800 -0.02437300 0.01990300
v -0.00302900 0.01249500 -0.02720200
v -0.01888200 -0.01344300 -0.10069500
v 0.04941900 -0.02451700 0.02287700
v 0.01344500 -0.04173400 -0.11216300
v -0.00288100 -0.00782500 -0.09863800
v 0.04364700 -0.03535800 0.03927100
v -0.01281500 -0.03593800 -0.08520700
v -0.02298900 -0.01866900 -0.10007100
v -0.02172600 -0.01817700 -0.10234300
v -0.01545600 -0.01788100 -0.09758800
v -0.01839000 -0.01789100 -0.09445700
v -0.00865700 -0.01413700 -0.10699000
v 0.06722300 -0.01053200 -0.02176300
v -0.02510100 -0.02759700 -0.08525000
v 0.01790300 -0.03606200 -0.10687200
v -0.04588900 -0.03574200 -0.04924400
v 0.04665500 -0.02664300 0.02760900
v 0.04733000 -0.02446800 0.02597200
v 0.05818500 -0.00963200 0.03167000
v 0.05741200 -0.02400300 0.06120100
v -0.00114800 0.00266400 -0.03290300
v 0.00010900 0.00439700 -0.03238500
v -0.00240700 0.01069700 -0.03118800
v 0.00161300 0.00755000 -0.03051100
v 0.00207300 0.00970100 -0.02777400
v 0.05763900 -0.00692900 0.03338500
v 0.05480300 -0.02678000 0.06101700
v 0.05672400 -0.02626600 0.05804800
v -0.02881000 0.02881300 -0.11252900
v -0.01344500 -0.04173400 -0.11216300
v -0.06722300 0.01313600 -0.11244700
v 0.05826000 0.01932100 0.01345800
v -0.00027900 -0.03589200 -0.07439600
v -0.00209200 -0.01872200 -0.10192100
v -0.00667300 -0.01926300 -0.08533600
v -0.02510100 -0.02770600 -0.10691700
v -0.02510100 -0.03603700 -0.10687200
v 0.05812200 -0.00153700 0.03878200
v 0.05444700 -0.02454200 0.05762400
v 0.04660400 0.00884900 0.01555100
v 0.05760000 -0.00420300 0.03626400
v 0.04656800 -0.02689700 0.05568200
v -0.00187000 -0.00898500 -0.09846100
v 0.05808000 -0.01244800 0.03163700
v 0.04660400 0.00875100 -0.00345800
v 0.00110200 0.01268300 -0.02762800
v -0.05898700 -0.02716500 -0.05026000
v -0.00167000 0.01182100 -0.03044500
v -0.00057800 -0.01937100 -0.10621000
v 0.00807600 -0.01414700 -0.10699000
v -0.02101000 -0.01926300 -0.08533200
v 0.05824800 0.04103500 -0.02284800
v 0.04536500 -0.03540700 0.02952100
v 0.05676700 -0.01808500 0.03604600
v 0.05801600 -0.01994900 0.03891300
v 0.04912700 -0.02453900 0.06107700
v 0.05143700 -0.02427000 0.05844900
v 0.04843400 -0.02622100 0.05756100
v 0.05278600 -0.02531600 0.06116200
v 0.05727300 -0.01544400 0.03324200
v 0.06722300 -0.01772000 -0.01596200
v 0.05744900 -0.02676100 0.01835900
v -0.00367000 0.00970100 -0.02777400
v 0.04668100 -0.02720000 0.02964600
v 0.05448700 -0.02388200 0.01953300
v -0.05377900 0.04057100 -0.11259000
v 0.05878800 -0.01981600 0.05659100
v -0.05898700 0.00831800 -0.08708600
v -0.00320900 0.00755000 -0.03051100
v -0.01255600 -0.01541600 -0.10022000
v 0.05690600 -0.02389800 0.02240900
v -0.00849300 -0.01382100 -0.10073300
v -0.00470200 -0.01636400 -0.09728800
v -0.01015200 -0.01456400 -0.10173200
v 0.06722300 -0.02931200 0.01620600
v 0.05824800 0.04114500 -0.00173900
v 0.05827200 -0.00245600 0.04373300
v -0.00419100 -0.01728500 -0.09948700
v -0.00959800 -0.01835300 -0.09442200
v -0.03377600 0.01874200 -0.10716800
v -0.00095800 -0.01921900 -0.08533800
v -0.02110600 -0.01937500 -0.10696200
v -0.00638800 -0.01801400 -0.10267900
v -0.05888200 0.02924500 -0.10722500
v 0.05834700 -0.02096400 0.05811200
v -0.01258700 -0.01837900 -0.09754300
v -0.05898700 -0.02706700 -0.03125100
v 0.05882700 -0.02517000 0.02323400
v -0.00347000 0.00498400 -0.02808000
v -0.00664900 -0.01320100 -0.10178600
v -0.02393000 -0.01082300 -0.10115500
v -0.02204600 -0.01069600 -0.10188200
v 0.04969800 -0.02492200 0.02930300
v 0.06722300 -0.04115300 0.00021300
v -0.00449200 -0.01846400 -0.09479700
v -0.00434600 -0.01234300 -0.09969000
v 0.05445100 -0.02401500 0.02463700
v 0.05692600 -0.02543100 0.02500300
v -0.00957100 -0.01664000 -0.09850200
v -0.04708100 -0.02716500 -0.05026000
v 0.06722300 0.00612800 0.04813100
v -0.03841300 0.01852500 -0.11247500
v 0.05825400 0.03028300 0.01339900
v -0.00975300 -0.01771300 -0.09993800
v -0.00695600 -0.01711600 -0.09681200
v -0.02510100 -0.03593100 -0.08520700
v -0.02956300 -0.03579500 -0.05815800
v -0.00035000 -0.01929500 -0.09153600
v -0.01502700 -0.01937500 -0.10696200
v -0.00694600 -0.01544400 -0.09952600
v 0.05840900 -0.02103900 0.05267900
v -0.00441600 -0.01552200 -0.10201000
v -0.00296600 -0.00781200 -0.09948500
v -0.02265500 -0.01401100 -0.10089100
v -0.02144800 -0.01588300 -0.10250100
v -0.02342800 -0.01164700 -0.10206200
v -0.02294600 -0.01873000 -0.09728100
v 0.05284900 -0.02520000 0.02577000
v -0.02103400 -0.01257700 -0.10052500
v -0.04708100 -0.02725700 -0.06789200
v 0.05071500 -0.02364400 0.02771400
v 0.04887300 -0.02390300 0.02497200
v 0.06722300 -0.00596200 -0.01602300
v 0.05827800 -0.01341800 0.04379200
v -0.01534700 -0.01819800 -0.10023900
v -0.02099700 -0.01870100 -0.09465200
v 0.05826500 0.01058300 -0.02187200
v -0.01781400 -0.01843300 -0.10231300
v -0.01016400 -0.01937500 -0.10696200
v 0.05839800 -0.02677600 0.03109800
v -0.05888800 0.04059800 -0.10728600
v 0.04857100 -0.02652000 0.02877700
v 0.05418300 -0.02450800 -0.04821700
v -0.00321300 -0.00185200 0.00613500
v -0.00909900 -0.03557700 -0.01136100
v -0.05898700 0.00868600 -0.01598800
v 0.05375400 -0.02101000 -0.05047700
v -0.00474800 -0.01495600 0.01424400
v -0.00584500 -0.01537300 0.01721900
v -0.00495300 -0.01543700 0.01687300
v 0.06722300 0.02914500 -0.04831400
v 0.03315900 0.01870300 -0.10716800
v 0.00862500 -0.02536800 0.00020000
v 0.02686600 0.00842500 -0.10711200
v -0.04529800 -0.03528800 0.04296200
v 0.01207000 -0.03547400 0.01186700
v 0.00269800 -0.00032000 -0.01050400
v -0.05881900 -0.02671800 0.03615000
v 0.04853500 -0.02600500 -0.05458200
v -0.00118300 0.00382600 0.01943500
v -0.00103300 0.00211100 0.01966300
v -0.00118100 0.00187600 0.02230400
v 0.00037200 0.00324600 0.02198100
v 0.05828900 -0.03581000 -0.05091900
v 0.06722300 -0.04161800 -0.08968800
v -0.00247400 -0.00692200 0.00787600
v 0.05824800 0.04070700 -0.08617700
v 0.01798200 0.04059800 -0.10728600
v 0.05826000 0.01868900 -0.10716800
v -0.05888800 0.04108400 -0.01346600
v 0.04626300 0.04059800 -0.10728600
v 0.04033400 0.04057100 -0.11259000
v 0.05240300 -0.02403500 -0.05454200
v 0.06722300 -0.00563000 0.04819200
v -0.02881000 -0.01821900 -0.11228500
v -0.02539100 -0.01412800 -0.10699000
v 0.02900500 -0.03558900 -0.00944300
v 0.06722300 0.04115300 -0.00021300
v 0.01206500 -0.03334200 -0.02833000
v -0.05885200 -0.02752300 -0.10691800
v -0.04708100 0.00850800 -0.05044400
v 0.06722300 0.00596200 0.01602300
v 0.05824800 0.04147300 0.06159000
v 0.05827200 -0.00260400 0.01357600
v -0.04211900 -0.02507300 -0.10693100
v 0.05828500 -0.02700200 -0.00620200
v -0.03568000 -0.03603100 -0.10687200
v -0.00899300 -0.02548500 -0.02838000
v 0.05851100 0.00892500 0.03015800
v -0.04708100 0.00841600 -0.06807700
v -0.02881000 -0.02997700 -0.11222400
v -0.01492100 -0.03572400 -0.04192000
v -0.02538500 -0.02508300 -0.10693100
v -0.05885800 -0.01616900 -0.10697900
v 0.05182500 -0.02700200 -0.00620200
v 0.05819000 0.00009100 0.03852300
v -0.00880500 0.04057100 -0.11259000
v -0.00266700 -0.01632400 -0.10075900
v -0.00234200 0.00412400 -0.03101600
v -0.00231300 -0.01133100 -0.10149000
v 0.00051000 0.00956700 -0.03333700
v 0.00053000 0.00737300 -0.03543200
v 0.00187600 0.00498400 -0.02808100
v 0.05837800 -0.00411600 0.03176300
v 0.06722300 -0.01755400 0.01614500
v -0.06722300 0.04068700 -0.09011400
v 0.02900500 -0.03534900 0.03927100
v 0.00807000 -0.00319200 -0.10704900
v -0.05887600 0.01789100 -0.10716300
v -0.00233600 -0.01877100 -0.09727500
v -0.03287200 -0.03572800 -0.04484200
v -0.01263000 -0.01919000 -0.08535500
v 0.04536500 -0.02675500 0.04136700
v 0.00941600 -0.03174000 -0.10689500
v -0.02541500 0.02969200 -0.10722700
v 0.05747300 -0.00972300 0.03606200
v 0.05432700 -0.02425500 0.05326700
v 0.05705500 -0.02406700 0.05546900
v 0.05321200 -0.02507600 0.05672500
v -0.00118000 0.00917600 -0.03513500
v -0.00254500 0.00772700 -0.03370300
v 0.05812000 -0.00137700 0.03327200
v 0.05760900 -0.00683800 0.03886900
v 0.05613500 -0.02483900 0.01783500
v 0.05466200 -0.02673200 0.01781600
v 0.05828500 -0.02690300 0.01282500
v 0.05851100 0.00902300 0.04916700
v -0.04708100 0.00860600 -0.03143500
v -0.00867200 0.00777400 -0.10710900
v 0.00167800 -0.03566600 -0.02834400
v 0.04536500 -0.03546500 0.01762700
v -0.02526200 -0.01097300 -0.10161800
v 0.04364700 -0.03551800 0.00679500
v 0.02900500 -0.03566900 -0.02568100
v 0.05827600 -0.01053200 -0.02176300
v 0.00167800 -0.02551000 -0.02839700
v -0.04618300 -0.03596700 -0.09500700
v 0.04660400 -0.02682400 0.01573600
v -0.05898700 -0.02735500 -0.08690100
v -0.04801700 -0.01821900 -0.11228500
v -0.06722300 0.04080300 -0.06763900
v -0.00027900 -0.03581200 -0.05815800
v -0.05886400 -0.00481600 -0.10704100
v 0.00805900 0.01871700 -0.10716800
v 0.05828900 -0.03559000 -0.00615800
v -0.00950100 -0.03054800 -0.02834600
v 0.05802700 -0.01550600 0.03158200
v -0.00169100 -0.00738500 -0.09818500
v 0.00067000 0.01169400 -0.03027900
v 0.06722300 -0.00579600 0.01608400
v 0.01436300 -0.03590000 -0.07439600
v -0.05887000 0.00653800 -0.10710200
v -0.02423900 -0.01921000 -0.08533400
v 0.00941600 -0.00499300 -0.11235400
v 0.05572700 -0.01623000 0.03321100
v 0.05761100 -0.01250300 0.03328000
v 0.05733000 -0.01811500 0.03898300
v 0.05790400 -0.02000000 0.03629800
v 0.04651700 -0.02691300 0.05335300
v 0.04893900 -0.02434900 0.05808800
v -0.00173400 0.01297400 -0.02793800
v 0.05177800 -0.02577400 0.05744600
v 0.05133700 -0.02446300 0.06118600
v 0.04792800 -0.02624400 0.06163300
v 0.05828900 -0.03564500 -0.01734800
v -0.01957400 0.04059800 -0.10728600
v 0.04364700 -0.03559700 -0.00944300
v -0.00597400 0.04059800 -0.10728600
v 0.04536500 -0.03558200 -0.00615800
v 0.00941600 0.00842500 -0.10711200
v -0.04625900 -0.02752300 -0.10691800
v -0.06722300 -0.04173400 -0.11216300
v 0.05827200 -0.00275300 -0.01658000
v 0.04536500 -0.03552400 0.00573500
v 0.06722300 -0.04103600 0.02268800
v -0.05898700 0.00841600 -0.06807700
v 0.04660400 0.00902300 0.04916700
v -0.05888800 0.04096300 -0.03692100
v -0.00027900 -0.03573200 -0.04191900
v -0.00867500 0.01872700 -0.10716800
v 0.01206700 -0.03516200 -0.02832800
v -0.00224400 -0.02549300 -0.02837400
v 0.04970800 -0.02701500 0.01782300
v 0.05851100 -0.02692200 -0.00327300
v 0.01344500 0.04057100 -0.11259000
v -0.04801700 -0.02997700 -0.11222400
v 0.05824800 0.04125400 0.01937100
v 0.05826000 0.01946900 0.04361400
v 0.00805300 0.02967200 -0.10722700
v -0.03934500 0.00515500 -0.10709500
v 0.06722300 0.01058300 -0.02187200
v -0.02956300 -0.03587500 -0.07439600
v -0.05255500 -0.02752300 -0.10691800
v 0.05824400 -0.00709100 0.03168200
v 0.05764700 -0.00413200 0.03887400
v -0.00090500 0.00361300 -0.03319300
v 0.00018800 0.00266600 -0.03239700
v 0.05677000 -0.02631700 0.06113900
v 0.04660400 -0.02665000 0.04935200
v -0.03361200 0.04057100 -0.11259000
v 0.00193800 0.00688900 -0.02780200
v -0.05898700 -0.02725700 -0.06789200
v 0.00125300 0.00961500 -0.03073000
v 0.05732700 -0.02392100 0.05821100
v 0.05825400 0.03013500 -0.01675800
v 0.06722300 -0.03164700 -0.02165400
v -0.00247400 -0.01777900 -0.09995400
v 0.00941600 -0.03177000 -0.11221500
v -0.00009000 -0.02760400 -0.08525000
v -0.00416400 -0.01926300 -0.08533200
v 0.00941600 -0.01165700 -0.10700400
v 0.05762200 -0.00977200 0.03329600
v 0.05811500 -0.00142000 0.03623600
v 0.05478400 -0.02610400 0.05838800
v -0.04625900 -0.03602500 -0.10687200
v 0.06722300 0.01772000 0.01596200
v 0.05827800 -0.01356700 0.01363600
v 0.05828700 -0.03164700 -0.02165400
v 0.04536500 -0.02700200 -0.00620200
v 0.05832200 0.00011500 0.03321000
v 0.00377100 -0.00969600 0.00194300
v 0.05326700 -0.02504900 -0.05156100
v 0.00414300 -0.01798900 0.00786000
v 0.05365300 -0.02146000 -0.04846100
v 0.05412000 -0.02374000 -0.05018500
v -0.00094300 0.00318100 0.03337600
v 0.00027800 0.00210800 0.03368300
v -0.00116400 0.00196200 0.03067700
v 0.00005800 0.00290100 0.03007100
v -0.00187400 -0.00169400 0.00590100
v 0.02688900 0.04057100 -0.11259000
v -0.02956300 -0.03539500 0.02303300
v 0.06722300 0.01049000 -0.03983900
v 0.00713200 -0.02547500 -0.02168600
v -0.00948800 -0.03551200 0.00168100
v 0.05827100 -0.00016600 0.10403500
v 0.05809600 -0.02646900 0.08421300
v 0.03125300 -0.02543900 0.10417100
v 0.05132900 -0.01719000 0.10412700
v 0.05106900 -0.02474900 0.06300100
v 0.04875200 -0.02611200 0.06315600
v 0.02240800 0.04173400 0.11216300
v 0.03619700 0.03144600 0.11221700
v 0.04122700 -0.01719000 0.10412700
v 0.04536500 -0.03517200 0.07708800
v 0.04655400 -0.02677900 0.06326200
v -0.00880500 -0.04057100 0.11259000
v 0.03617700 -0.01714600 0.11246800
v -0.06722300 -0.01429900 -0.11230500
v 0.00941600 0.00839500 -0.11242300
v -0.03841300 -0.00352100 -0.11236100
v -0.04033400 -0.04173400 -0.11216300
v 0.05824800 0.04136300 0.04048000
v 0.02900500 -0.03550900 0.00679500
v 0.04364700 -0.03567700 -0.02568100
v 0.05836700 0.00011900 0.03631400
v 0.00315500 -0.00104500 -0.01463400
v -0.00333100 -0.00721500 0.00640700
v -0.00270100 -0.00043600 -0.01092100
v -0.00407400 -0.01361800 0.01223400
v -0.04708100 0.00878400 0.00302100
v 0.05824800 0.04059800 -0.10728600
v 0.04364700 -0.03575700 -0.04191900
v 0.01206000 -0.02930600 0.00022000
v -0.00929400 -0.03554400 -0.00484000
v 0.05828900 -0.03573900 -0.03649200
v 0.04801700 0.02881300 -0.11252900
v -0.05377900 -0.04173400 -0.11216300
v 0.05476400 -0.02471000 0.01793800
v -0.04708100 -0.02735500 -0.08690100
v 0.05765400 -0.02683500 0.01775700
v -0.06722300 -0.02801700 -0.11223400
v 0.06722300 0.02343300 -0.01617600
v 0.06722300 0.02947800 0.01590200
v 0.05828300 -0.02452900 0.01369500
v -0.01492100 -0.03580400 -0.05815800
v -0.04420500 -0.03586700 -0.07439600
v 0.01206500 -0.02551000 -0.02839700
v -0.05156700 0.04169100 0.10380900
v -0.02957100 -0.01714600 0.11246800
v 0.06464700 0.02911100 0.11160600
v 0.02439200 -0.01714600 0.11246800
v 0.02439200 0.01086100 0.10397500
v 0.05132900 0.00075000 0.10403000
v 0.05753900 -0.02410900 0.06278200
v 0.05452000 -0.02618800 0.06289500
v 0.04536500 -0.03523100 0.06519500
v 0.05182500 -0.02650900 0.08893500
v 0.02439200 -0.01206400 0.10409900
v 0.05975400 0.04173400 0.11216300
v 0.02439200 -0.00181200 0.10404400
v 0.06722300 0.04173400 0.11216300
v 0.04924300 0.03210400 0.10386000
vn 0.00001467 -0.70342897 0.71076557
vn -0.00000252 -0.00537713 -0.99998554
vn -0.30142746 -0.30639711 -0.90291876
vn 0.00001664 0.00519819 0.99998649
vn -0.57977282 0.57886538 0.57339196
vn 0.70710362 0.00367788 0.70710038
vn 0.70709211 0.00365629 0.70711200
vn -0.70710798 0.00364505 0.70709619
vn 0.00000927 0.71076396 0.70343059
vn -0.30151514 -0.29681270 0.90608545
vn -0.30096838 0.90615218 0.29716370
vn 0.00000000 0.70339337 -0.71080080
vn 0.70713110 -0.70707291 0.00367498
vn -0.70712218 -0.00382287 -0.70708105
vn -0.00000282 0.70338257 -0.71081148
vn 0.00001639 0.00521083 0.99998642
vn -0.70712388 -0.00423754 -0.70707699
vn -0.30158701 0.90288889 -0.30632813
vn 1.00000000 0.00000000 0.00000000
vn 0.70711068 0.00366437 0.70709339
vn 0.70712581 -0.00381991 -0.70707743
vn 0.58549112 0.57536979 0.57109522
vn 0.45362889 0.89118837 -0.00203010
vn 0.00000000 0.71077274 0.70342171
vn 1.00000000 0.00000000 0.00000000
vn 0.00000000 -0.70345912 0.71073572
vn -0.60015059 0.79410763 0.09598097
vn 0.00066153 0.99998773 -0.00490895
vn -0.05372119 0.98877699 -0.13940620
vn 1.00000000 0.00000000 0.00000000
vn -0.00001026 -0.00519299 -0.99998652
vn 0.30157533 0.29663136 -0.90612480
vn 0.00040971 0.70345147 -0.71074317
vn -0.70711322 0.70709093 -0.00364845
vn -0.70710658 0.70709715 -0.00373007
vn -0.57710736 0.58100703 0.57391456
vn -0.24287445 0.66373527 -0.70743727
vn 0.72689979 -0.21282822 -0.65293250
vn -0.57734911 -0.58034352 -0.57434259
vn -0.68500633 -0.66564612 0.29611075
vn 0.78913852 0.59855693 0.13780419
vn 0.70713036 0.70707364 -0.00367794
vn 0.00248819 0.99997551 -0.00654126
vn 0.00232709 0.99998706 -0.00452374
vn 0.70379127 -0.19922951 -0.68189842
vn -0.57904950 0.57886604 -0.57412175
vn 1.00000000 0.00000000 0.00000000
vn 0.00000000 -0.71075955 -0.70343505
vn -0.70710890 -0.00365910 -0.70709519
vn 0.70691164 0.70729234 -0.00367107
vn 0.70710485 0.70709921 -0.00366599
vn -0.99999985 -0.00054608 0.00000097
vn -0.00821035 -0.00522052 -0.99995267
vn 0.00000119 -0.70317405 0.71101776
vn -0.57735040 0.58031971 0.57436534
vn -0.30093348 0.90614972 0.29720654
vn -0.82187198 -0.15016163 0.54952520
vn -0.00000231 0.70346518 -0.71072972
vn -0.57648660 0.57013553 -0.58532783
vn 0.03744454 0.98643836 -0.15980381
vn -0.99999985 -0.00054720 0.00000408
vn 0.45627841 0.49770072 0.73763406
vn -0.99999986 -0.00052350 0.00002074
vn 0.70737395 0.70683297 -0.00304198
vn -0.70806946 -0.70614218 0.00093047
vn -0.70712443 -0.00384491 -0.70707868
vn -0.30157739 0.30617998 0.90294236
vn -0.99999985 -0.00054138 0.00000664
vn 0.30144183 -0.30639268 -0.90291547
vn -0.70710689 -0.00418443 -0.70709429
vn -0.99999985 -0.00055397 0.00000129
vn -0.58351281 0.58556853 -0.56269201
vn 0.57734485 -0.57435147 0.58033897
vn -0.00001036 -0.71082212 -0.70337182
vn 0.59106544 0.57935807 -0.56123603
vn 0.70708316 0.00363624 0.70712105
vn 1.00000000 0.00000000 0.00000000
vn 0.70709758 -0.00385197 -0.70710549
vn -0.70709616 0.00366168 0.70710792
vn -0.00001388 0.00517882 0.99998659
vn -0.70729681 0.70690728 -0.00364989
vn -0.70709447 -0.00418508 -0.70710670
vn -0.57733656 0.57443520 -0.58026434
vn 0.70710956 0.70709458 -0.00364984
vn -0.99999985 -0.00055528 -0.00000350
vn -0.57735332 0.58034342 0.57433846
vn 0.30153760 0.29665272 -0.90613037
vn 0.00040837 0.70346626 -0.71072854
vn 0.16611419 0.22325222 -0.96050222
vn -0.70711800 -0.00421467 -0.70708300
vn 0.00042304 0.70344539 -0.71074918
vn -0.70709610 -0.00383023 -0.70710709
vn 0.70710562 0.70709846 -0.00366044
vn -0.70704654 -0.00416030 -0.70715478
vn -0.99999978 -0.00056208 -0.00034158
vn 0.00038534 0.70344728 -0.71074734
vn 0.00000415 -0.70343239 0.71076218
vn 0.00000080 -0.00537333 -0.99998556
vn -0.70710131 0.00225087 0.70710867
vn -0.57734911 0.58034352 0.57434259
vn 0.30134793 -0.30638939 -0.90294793
vn 0.00000065 -0.00537528 -0.99998555
vn -0.70704645 -0.00381614 -0.70715681
vn 0.00000000 0.00518873 0.99998654
vn -0.58177164 -0.57471381 0.57553956
vn 0.00000000 0.00519521 0.99998650
vn -0.00000593 -0.00537556 -0.99998555
vn 0.30152064 -0.29683992 0.90607470
vn -0.70711314 -0.00381366 -0.70709014
vn -0.00001496 0.00519914 0.99998648
vn 0.00000000 -0.70341043 0.71078391
vn 0.62766215 0.77305103 -0.09182772
vn -0.70708691 0.00365106 0.70711723
vn 0.70660434 0.70760208 0.00309912
vn 0.70711987 0.00563368 0.70707125
vn 0.00049335 0.71085817 0.70333522
vn -0.70709416 0.00363824 0.70711004
vn 0.57737416 0.57432614 -0.58033487
vn -0.57735014 0.57436547 -0.58031985
vn -0.70710940 0.70709463 -0.00367275
vn -0.99999985 -0.00054911 -0.00000078
vn 0.00649281 0.99989061 -0.01328948
vn -0.57735188 -0.58032702 -0.57435647
vn -0.48477233 0.74107126 0.46455266
vn 0.57734866 0.57435807 -0.58032864
vn 0.93074435 0.33498154 0.14663671
vn -0.42219136 0.68305733 0.59597579
vn -0.33683255 -0.66233284 -0.66922272
vn -0.48658865 -0.05198750 0.87208302
vn 0.00058388 0.99998768 -0.00492971
vn -0.60382591 0.24280379 0.75923685
vn -0.98279515 0.06968943 -0.17104701
vn 0.70710146 -0.70710265 0.00365504
vn 0.00058064 0.99998770 -0.00492646
vn -0.30706877 0.88739418 -0.34386093
vn 0.70711589 0.00366811 0.70708816
vn -0.70712265 -0.00421603 -0.70707834
vn 0.00057467 0.99998772 -0.00492280
vn -0.70257771 0.71158382 -0.00574716
vn -0.57736997 0.58031204 0.57435342
vn -0.99999985 -0.00054831 -0.00000770
vn -0.00000635 -0.00538485 -0.99998550
vn 0.00055289 0.99998772 -0.00492432
vn -0.90462744 0.30266632 0.30007048
vn 0.70706185 -0.00379640 -0.70714151
vn 0.20208202 -0.72958371 -0.65335325
vn -0.65748092 0.10219012 0.74650922
vn 0.70709730 0.70710682 -0.00365444
vn -0.99999985 -0.00054732 0.00000301
vn 0.00071129 0.99998761 -0.00492685
vn -0.99991315 0.00196196 0.01303206
vn 0.70703550 0.70713299 -0.00798339
vn -0.73954564 0.67306302 0.00764291
vn -0.45350104 0.53549181 0.71245023
vn -0.99999986 -0.00051973 0.00000126
vn 0.12609340 0.61727838 0.77657444
vn -0.27982876 -0.78392925 -0.55421187
vn 0.00000000 0.00000000 0.00000000
vn -0.43643819 0.79358972 -0.42395408
vn -0.80777928 0.56334297 -0.17360109
vn 0.78876260 -0.04425265 0.61310298
vn 0.00051573 0.99998774 -0.00492402
vn 0.00070890 0.99998761 -0.00492699
vn 0.73371202 0.67590003 0.06946813
vn -0.48068714 0.80126489 -0.35625055
vn -0.70778577 0.70641862 -0.00346975
vn 0.63520009 -0.75773220 -0.14954181
vn -0.67359101 -0.73902042 0.01113415
vn -0.75975409 0.63711061 0.12986064
vn 0.00000000 0.00518873 0.99998654
vn 0.60966783 0.63399490 -0.47576843
vn 0.30152577 -0.29682187 0.90607891
vn 0.50620619 -0.61321420 -0.60640220
vn -0.00000048 -0.00515296 -0.99998672
vn -0.30157994 0.29661071 -0.90613003
vn -0.58216651 0.54341992 -0.60479496
vn -0.32811191 -0.31183185 -0.89168575
vn 0.66022418 0.74394051 -0.10323056
vn 0.49810935 0.86504001 0.05994047
vn 0.65852097 0.74525126 -0.10464553
vn 0.61354964 0.71231950 -0.34081925
vn 0.66206819 0.74937979 -0.00977988
vn 0.68990338 0.72342152 0.02635590
vn 0.66712437 0.74225843 0.06322573
vn 0.55421624 0.60064642 -0.57625363
vn 0.35683031 0.92499346 -0.13061103
vn -0.00003438 0.00515874 0.99998669
vn -0.30151881 -0.29684546 0.90607350
vn 0.00058051 0.99998770 -0.00492665
vn 0.00042027 -0.71043083 -0.70376690
vn 0.69783836 -0.02875148 -0.71567799
vn 0.27059952 0.92708140 0.25941468
vn 0.30097394 0.90694564 0.29472748
vn 0.46441984 0.65752881 -0.59327066
vn 0.53850263 0.83934077 -0.07431004
vn 0.63586370 0.49195986 0.59468719
vn 0.69829569 0.71368569 -0.05509862
vn 0.00000000 -0.70345912 0.71073572
vn -0.00000694 0.00519735 0.99998649
vn 0.79876891 0.57631993 0.17269499
vn 0.30152979 0.30624620 0.90293579
vn 0.69102050 0.72148043 0.04423409
vn -0.30143022 -0.30636686 -0.90292811
vn 0.00000000 -0.70341043 0.71078391
vn 0.58941517 0.79104357 -0.16382867
vn 0.71388479 0.60706465 -0.34905733
vn -0.63237043 -0.61891177 -0.46589254
vn -0.00001201 0.00520387 0.99998646
vn 0.00000438 -0.00511178 -0.99998693
vn -0.00001868 -0.00515491 -0.99998671
vn -0.70884521 0.02549368 -0.70490321
vn 0.00001618 0.00519960 0.99998648
vn 0.09122732 0.74143660 -0.66479271
vn 0.43717772 0.60989919 -0.66098307
vn 0.70715429 0.70701414 -0.00798798
vn -0.00001026 -0.00539579 -0.99998544
vn 0.68747429 0.72178666 0.08001953
vn 0.67533440 0.73751114 0.00087497
vn 0.75281930 0.64541646 -0.12923114
vn 0.60769031 0.74824757 -0.26615421
vn 0.68220730 0.65972213 -0.31521407
vn 0.54850537 0.78551841 -0.28653566
vn 0.66502263 0.74553225 0.04389259
vn -0.70710136 -0.00382250 -0.70710187
vn 0.69721081 0.71663212 -0.01831649
vn 0.38318683 0.45104343 -0.80605687
vn 0.44194843 0.42961195 -0.78747391
vn 0.28376591 0.73331553 -0.61783917
vn -0.00001371 -0.00521925 -0.99998638
vn -0.66024874 -0.00791179 -0.75100533
vn 0.51024575 0.51890132 -0.68585034
vn -0.53794176 -0.00898939 -0.84293407
vn 0.57873066 0.57985682 0.57344302
vn 0.50965759 0.85761543 -0.06888343
vn -0.00001257 -0.00541231 -0.99998535
vn 0.67056876 0.74048666 0.04491147
vn 0.76707967 0.59533580 -0.23909008
vn 0.00000000 0.00000000 -0.00000000
vn 0.70713415 -0.00383293 -0.70706902
vn -0.70710938 0.00367311 0.70709464
vn 0.61778853 0.68646663 0.38353734
vn 0.70709890 -0.00340112 -0.70710649
vn 0.00000111 -0.70341087 0.71078347
vn 0.00002038 -0.00520155 -0.99998647
vn 0.00008399 -0.00526862 -0.99998612
vn 0.03991905 0.73574417 -0.67608209
vn 0.00000514 -0.00515119 -0.99998673
vn 0.00001904 -0.00516823 -0.99998664
vn -0.70055602 -0.06191803 -0.71090606
vn 0.49097516 0.87113888 -0.00777422
vn 0.66454882 0.73838378 -0.11473559
vn 0.62429666 0.73956159 -0.25159955
vn 0.74998668 0.66137780 -0.00996921
vn 0.66819416 0.74296629 0.03895721
vn 0.00000000 0.71077274 0.70342171
vn 0.47776545 0.63034390 -0.61188786
vn 0.68203292 0.72237124 -0.11406531
vn 0.70707655 -0.00343554 -0.70712867
vn 0.60643227 0.69198048 -0.39166684
vn -0.57735143 -0.57434143 0.58034235
vn 0.44207742 0.89692485 0.00966307
vn -0.64504629 0.76231957 -0.05276500
vn 0.82572834 0.49629984 0.26806561
vn -0.70708509 0.00364436 0.70711908
vn 0.00001494 0.00515571 0.99998671
vn 0.40050245 0.45190575 -0.79710663
vn 0.38873379 0.48718757 -0.78200659
vn 0.00002455 -0.00519558 -0.99998650
vn -0.68472248 -0.01133969 -0.72871568
vn 0.00000378 0.00520458 0.99998646
vn 0.49122899 0.87086501 0.01697670
vn 0.02266981 -0.71542482 -0.69832185
vn 0.13175997 0.99120712 -0.01215508
vn 0.70703601 -0.00344026 -0.70716918
vn -0.00001943 -0.00536913 -0.99998559
vn 0.00001179 -0.00542720 -0.99998527
vn 0.86292141 0.39652141 -0.31326891
vn 0.00021673 0.00514063 0.99998676
vn 0.17142608 0.75928218 0.62777676
vn -0.00143000 -0.70517200 -0.70903484
vn 0.61246083 0.51758140 0.59749579
vn 0.39339944 0.60567653 0.69165947
vn 0.51012361 0.46309729 -0.72478604
vn 0.00000550 0.70338655 -0.71080754
vn -0.70707115 0.00364842 0.70713300
vn -0.70706300 -0.00381181 -0.70714028
vn 0.00000000 -0.70341043 0.71078391
vn 0.00364987 0.99988442 -0.01475868
vn 0.91986674 0.12585516 -0.37149114
vn 0.91775824 0.39599434 -0.03013794
vn -0.03749971 0.05565282 0.99774573
vn 0.00098979 -0.69738995 -0.71669120
vn -0.00000332 0.00520813 0.99998644
vn -0.00000283 0.00520833 0.99998644
vn 0.70775218 -0.00119997 0.70645978
vn 0.53973519 0.56704171 0.62221349
vn 0.03308062 0.71603815 0.69727688
vn -0.68957599 0.02982130 -0.72359909
vn 0.70706749 -0.00382386 -0.70713574
vn -0.70710968 -0.00380740 -0.70709363
vn -0.00001493 -0.00543242 -0.99998524
vn 0.80688240 0.23016700 0.54402569
vn 0.68457079 0.06836594 -0.72573338
vn -0.00863982 -0.71106738 -0.70307079
vn 0.47241528 0.87434998 -0.11106719
vn 0.79835966 0.57732560 -0.17122212
vn -0.70261132 -0.00210324 -0.71157074
vn 0.53899451 0.80860198 -0.23589777
vn 0.61109483 0.78992743 -0.05077172
vn 0.68538444 0.39603949 0.61106537
vn 0.68494519 0.72806818 -0.02769141
vn 0.00004512 -0.00539390 -0.99998545
vn 0.00000000 0.71077274 0.70342171
vn 0.00000000 -0.70345912 0.71073572
vn -0.00000093 0.70338783 -0.71080628
vn 0.70710459 -0.00346320 -0.70710049
vn -0.70714225 -0.00379704 -0.70706111
vn 0.00056232 0.99998774 -0.00492022
vn 0.00003789 -0.00539668 -0.99998544
vn 0.00000000 0.00519521 0.99998650
vn 0.02198939 0.89219126 0.45112218
vn 0.00000166 -0.00538630 -0.99998549
vn -0.57735026 -0.57435244 0.58033262
vn -0.70707270 -0.00380788 -0.70713061
vn 0.30151459 0.90301279 -0.30603407
vn 0.00054391 0.99998772 -0.00492603
vn -0.03678609 0.63044212 0.77536412
vn -0.30105462 0.90593184 0.29774757
vn -0.70702167 -0.00380128 -0.70718167
vn -0.00000212 -0.00537271 -0.99998557
vn 0.00040887 0.70343489 -0.71075959
vn -0.00000779 0.00509160 0.99998704
vn -0.70709129 0.00368805 0.70711266
vn -0.70709127 0.70711275 -0.00367357
vn -0.00000859 -0.00538555 -0.99998550
vn 0.06466156 0.69736075 0.71379750
vn 0.98773708 -0.00049851 0.15612566
vn 0.57766389 0.57964448 0.57473186
vn 0.00043518 0.71076533 0.70342907
vn 0.70712454 -0.00344884 -0.70708061
vn 0.70711277 -0.00344504 -0.70709240
vn -0.70709103 -0.00386249 -0.70711198
vn 0.01195027 0.82868289 0.55959080
vn -0.70711550 0.00366668 0.70708856
vn 0.00039794 0.71077907 0.70341520
vn 0.70707730 -0.00383065 -0.70712588
vn -0.00000066 -0.71082485 -0.70336906
vn 0.00000000 -0.70343520 0.71075940
vn 0.00000000 0.00519521 0.99998650
vn 0.00000000 -0.70345912 0.71073572
vn 0.00000000 0.71077274 0.70342171
vn -0.28261176 0.95922158 -0.00495490
vn 0.00000000 0.00518873 0.99998654
vn 0.70697494 -0.00337240 -0.70723055
vn -0.00000067 -0.71082607 -0.70336783
vn 0.00395416 0.71152689 0.70264774
vn 0.00002891 -0.00538791 -0.99998548
vn -0.70705864 -0.00384686 -0.70714445
vn -0.00000058 0.70338578 -0.71080830
vn 0.57734911 0.58034352 0.57434259
vn 0.00055994 0.99998776 -0.00491616
vn 0.70705435 -0.00381275 -0.70714893
vn 0.70719949 -0.00384152 -0.70700362
vn 0.70707978 -0.00368088 -0.70712420
vn 0.70719571 -0.00344388 -0.70700945
vn -0.70712297 0.00363484 0.70708125
vn 0.75734915 0.65098272 -0.05141756
vn 0.70695929 -0.00349212 -0.70724562
vn 0.54284712 0.74988093 -0.37814758
vn 0.49008174 0.04284519 0.87062287
vn 0.69070227 0.72222157 0.03641961
vn 0.54188304 0.83993271 0.02959397
vn 0.63923131 0.64704598 -0.41558974
vn 0.76523961 0.56876362 -0.30152327
vn 0.00000814 0.00519460 0.99998651
vn 0.53644578 0.23191995 -0.81144258
vn 0.71422218 -0.69941355 -0.02659635
vn 0.00002206 -0.00522421 -0.99998635
vn -0.68500254 0.01135205 -0.72845223
vn 0.00000000 -0.70345912 0.71073572
vn 0.00000000 -0.70341043 0.71078391
vn -0.67623388 0.73660866 -0.01074403
vn 0.56743126 -0.02324781 -0.82309253
vn -0.00170750 0.71079688 0.70339525
vn 0.57670399 0.58009183 0.57524427
vn -0.00000256 -0.00537725 -0.99998554
vn 0.60484403 0.42873714 0.67107985
vn 0.37271513 0.90734177 -0.19445912
vn 0.00000000 0.71077274 0.70342171
vn 0.81235889 0.51525770 -0.27309802
vn 0.70715802 -0.00342016 -0.70704726
vn 0.71927045 0.26371108 -0.64273360
vn 0.82970654 0.41917059 0.36862322
vn 0.79213041 0.20815540 0.57376018
vn 0.96877634 0.24375774 -0.04532727
vn 0.83209784 0.46837254 0.29705278
vn -0.70709634 0.00367680 0.70710767
vn 0.00040576 0.70344647 -0.71074813
vn -0.00051350 -0.70742513 -0.70678810
vn 0.00000000 -0.70341043 0.71078391
vn -0.06212506 0.69775464 0.71363782
vn 0.90419359 0.30409210 0.29993657
vn 0.00000000 -0.70345912 0.71073572
vn 0.31731823 0.51682383 -0.79511148
vn 0.84850729 -0.47555727 -0.23212208
vn 0.42917920 0.90302841 -0.01857161
vn 0.68614195 0.64030103 0.34528801
vn -0.70708676 0.00366320 0.70711731
vn 0.00000700 -0.71082399 -0.70336993
vn 0.67576313 0.73673158 -0.02389100
vn 0.86856930 0.34387693 0.35684175
vn 0.51890579 0.61535473 0.59335936
vn 0.89852060 0.23976075 0.36766222
vn 0.87562325 0.47826211 -0.06744832
vn 0.00000000 0.71082407 0.70336985
vn 0.30125862 -0.30147807 -0.90462933
vn 0.06210822 0.70466970 0.70681198
vn 0.00828418 0.82654435 0.56281064
vn -0.03532184 -0.32815623 0.94396285
vn -0.50536102 -0.61474851 -0.60555305
vn 0.77260385 0.26979287 0.57471305
vn -0.02752402 0.46136800 -0.88678182
vn 0.65494581 -0.31998091 -0.68458616
vn 0.00000543 -0.00537252 -0.99998557
vn 0.38663288 0.91711331 -0.09704743
vn 0.48728175 0.63901037 -0.59516573
vn 0.70709215 -0.00384221 -0.70711098
vn 0.00000500 0.71079614 0.70339807
vn -0.70704080 -0.00379842 -0.70716255
vn 0.70707722 0.00364427 0.70712695
vn 0.30162002 -0.29684061 0.90604140
vn 0.00945137 -0.70472475 -0.70941785
vn 0.03121398 0.91639899 -0.39904709
vn 0.46138366 0.64940189 0.60448516
vn -0.75189443 -0.65851749 -0.03177240
vn -0.69789035 -0.00701646 -0.71617025
vn 0.70707659 0.00364112 0.70712760
vn -0.52504655 0.85106190 -0.00444676
vn 0.63129005 0.75824256 -0.16291439
vn 0.74676476 0.60902854 0.26725762
vn -0.57735781 0.58033651 0.57434092
vn -0.00000465 0.71076695 0.70342757
vn 0.00000237 -0.00540355 -0.99998540
vn -0.30143242 -0.30638983 -0.90291958
vn 0.00000813 -0.70342398 0.71077050
vn 0.01174547 0.13578190 0.99066913
vn -0.56930051 -0.82211882 0.00419189
vn 0.00178715 0.71163688 0.70254520
vn -0.00000218 -0.00537290 -0.99998557
vn -0.30151912 0.29665986 -0.90613418
vn -0.30152060 -0.29684006 0.90607467
vn 0.00000000 -0.70342779 0.71076673
vn 0.70689590 0.70730816 -0.00365534
vn 0.70749241 0.00685296 0.70668772
vn 0.00001062 0.00520586 0.99998645
vn 0.30162155 0.90623144 0.29625838
vn -0.00000059 0.70338668 -0.71080741
vn -0.30156644 0.30621639 0.90293367
vn 0.68996414 0.72323225 0.02974210
vn 0.56667591 0.82393104 -0.00400759
vn 0.79939757 0.34809335 -0.48968822
vn 0.00057901 0.99998772 -0.00492274
vn -0.71120065 -0.00388454 -0.70297834
vn 0.49897161 0.56270944 -0.65907921
vn 0.30142772 -0.30639192 -0.90292044
vn 0.33020366 0.94381143 0.01362067
vn 0.60230343 0.59130405 -0.53627427
vn 0.82182055 0.51273191 -0.24842902
vn 0.38882248 0.90900415 0.15009509
vn -0.85606370 -0.46719897 0.22108836
vn 0.90269816 0.24951264 -0.35054168
vn -0.27413702 0.46720701 0.84057511
vn -0.89754133 -0.34026757 0.28042385
vn 0.63450006 0.34858520 -0.68985363
vn -0.72779317 0.66401227 -0.17147831
vn 0.22705086 -0.93608146 0.26869947
vn 0.41507236 -0.84870373 0.32774521
vn -0.57734866 -0.57435807 0.58032864
vn 0.77711285 0.62261078 0.09193172
vn -0.98981577 -0.11179760 -0.08812509
vn 0.25018463 -0.24533518 -0.93659933
vn -0.30162526 -0.30623374 -0.90290813
vn -0.70711893 0.70708522 -0.00364944
vn 0.57734352 0.57436895 -0.58032299
vn -0.68486866 0.72865008 -0.00489737
vn -0.29682198 0.90502376 0.30467804
vn -0.07608193 0.64230778 -0.76266130
vn 0.69165124 0.72222432 0.00325582
vn -0.70711695 0.00380268 0.70708638
vn 0.70719868 0.70696979 -0.00798381
vn -0.43318355 -0.90081397 0.02976903
vn -0.81474525 -0.57574082 0.06864904
vn 0.35809257 0.82631063 0.43471882
vn 0.57735188 0.58032702 0.57435647
vn -0.59822663 0.62921196 -0.49620278
vn 0.45335438 0.71147258 0.53691393
vn -0.87718956 0.48013602 0.00280859
vn 0.86652048 -0.46414399 0.18360999
vn 0.93926093 0.32750463 -0.10261392
vn 0.15735075 -0.97964559 -0.12464050
vn -0.93205792 -0.35427936 -0.07585619
vn 0.53847412 0.84246915 -0.01706916
vn 0.57735188 -0.58032702 -0.57435647
vn -0.86628531 0.49345635 0.07778555
vn 0.94456245 0.23139002 -0.23293871
vn 0.00053923 0.99998773 -0.00492492
vn 0.00059468 0.99998772 -0.00491963
vn -0.60260591 0.63346822 0.48537009
vn 0.58348917 0.68578603 0.43501483
vn 0.70191232 0.71226326 -0.00037450
vn 0.02222255 -0.40085143 0.91587351
vn 0.07698113 0.97210100 0.22157063
vn -0.55213397 -0.81071255 0.19466186
vn 0.71662726 0.50576088 -0.48026170
vn 0.68593638 0.72765641 -0.00272560
vn -0.94440516 0.03303248 -0.32712040
vn 0.63643839 0.56746138 0.52243063
vn -0.57735188 0.58032702 0.57435647
vn 0.60266416 -0.37646517 0.70361203
vn 0.74621522 -0.61594946 -0.25252546
vn -0.56177466 0.59258882 -0.57727613
vn -0.68554120 -0.69208911 0.22593346
vn -0.57735188 -0.58032702 -0.57435647
vn -0.71180908 0.63315919 0.30403498
vn 0.74881186 0.63204193 0.19950887
vn 0.94004328 0.11222532 0.32206229
vn 0.00001298 -0.00518884 -0.99998654
vn 0.70709370 0.70711044 -0.00365038
vn 0.00058140 0.99998765 -0.00493500
vn 0.01259075 0.99930902 -0.03497068
vn -0.04940555 0.88344123 -0.46592990
vn 0.80447924 0.58538378 0.10069252
vn -0.01466493 0.66350520 0.74802794
vn 0.70710145 0.00366695 0.70710260
vn -0.72889669 0.02390705 -0.68420616
vn -0.41186672 0.39222133 -0.82251336
vn 0.00000250 -0.71076429 -0.70343026
vn -0.67307111 -0.02309898 0.73921696
vn 0.97225524 0.11009580 0.20639443
vn -0.75321451 0.28663119 -0.59203924
vn 0.30829521 0.35834066 0.88121850
vn -0.62200872 0.78278309 0.01886219
vn 0.13552143 -0.86947440 0.47502442
vn 0.14611251 -0.38761066 -0.91016982
vn -0.45415746 -0.38771624 -0.80213285
vn -0.71197948 0.43488938 0.55132245
vn -0.70708007 0.70712495 -0.00347550
vn 0.57340193 -0.64396876 -0.50647257
vn -0.52658150 -0.45785524 0.71629637
vn 0.86671393 0.48335271 0.12319544
vn -0.79532010 -0.52830115 -0.29726056
vn -0.70727620 0.70692776 -0.00367774
vn 0.00051017 0.99998778 -0.00491684
vn -0.69975691 0.71437166 -0.00365949
vn -0.09039178 0.47983040 -0.87269245
vn 0.99986109 0.01469228 -0.00786964
vn 0.71419744 0.69975709 0.01618751
vn 0.00052229 0.70542188 0.70878748
vn 0.00058094 0.99998774 -0.00491851
vn 0.70692250 0.70728153 -0.00366388
vn -0.70612455 0.70807777 -0.00374048
vn -0.70782423 0.70638001 -0.00348610
vn -0.95988891 -0.22305857 -0.16987689
vn 0.74995947 -0.64067354 0.16461536
vn 0.70708013 -0.70712388 0.00367560
vn 0.69169845 -0.70137502 0.17212305
vn -0.19966784 0.96633913 0.16223885
vn 0.57735188 -0.58032702 -0.57435647
vn -0.35982265 0.92335946 0.13392152
vn 0.94657118 0.25753031 -0.19411629
vn 0.28571887 0.72429440 0.62750486
vn 0.07905876 -0.89857094 -0.43164799
vn -0.44108367 -0.87377505 0.20484716
vn -0.60971195 -0.77100152 0.18386949
vn 0.37334248 -0.86184467 -0.34327709
vn -0.92342458 0.05976395 -0.37909802
vn -0.59434679 0.77507807 0.21448980
vn 0.35984359 -0.55351430 -0.75108888
vn 0.69723602 0.71513147 0.04948647
vn 0.00000759 -0.00518024 -0.99998658
vn 0.00059967 0.99998780 -0.00490303
vn -0.68407279 0.72940845 -0.00278061
vn 0.00538194 0.99988324 0.01430199
vn 0.03181846 0.79257289 0.60894646
vn -0.00201963 0.01073067 0.99994039
vn 0.90453570 0.30306339 0.29994624
vn -0.99979144 0.02012820 -0.00345513
vn 0.69961175 0.71451347 -0.00372972
vn -0.99999985 -0.00054730 0.00000294
vn 0.70664617 0.70755850 -0.00348611
vn -0.85553308 -0.44502637 0.26460288
vn -0.12892588 0.95922579 0.25152338
vn 0.87449408 0.45169978 0.17671277
vn -0.57533887 -0.81500798 -0.06889978
vn -0.40116438 0.72167069 -0.56414409
vn 0.48590554 -0.80684042 -0.33601243
vn 0.51834054 0.77068122 -0.37063936
vn -0.94631158 -0.18748032 0.26333538
vn 0.62704755 0.77855181 -0.02585438
vn -0.00604527 0.90261602 -0.43040420
vn -0.76276915 0.61043865 0.21341948
vn -0.66394516 -0.54443294 -0.51261057
vn 0.70710008 -0.00368073 -0.70710390
vn -0.01324801 0.99984913 -0.01123409
vn -0.71588165 0.03571268 0.69730773
vn 0.70665712 0.70754778 -0.00344213
vn 0.70711583 -0.70708830 0.00365380
vn 0.94377404 -0.09430724 -0.31685438
vn 0.94646505 0.01931780 -0.32222775
vn -0.57735143 0.57434143 -0.58034235
vn 1.00000000 0.00000000 0.00000000
vn 0.00058243 0.99998769 -0.00492851
vn 0.74717848 0.41853870 0.51628449
vn 0.01428112 0.99969952 -0.01992299
vn -0.00001025 0.00540059 0.99998542
vn 0.67834856 0.73473325 -0.00320759
vn 0.02682645 0.66975165 0.74210045
vn 0.76967454 -0.63683741 -0.04515763
vn -0.77508084 0.44292855 0.45062623
vn 0.44573743 -0.88299386 0.14710537
vn -0.24929105 -0.91922705 0.30475499
vn 0.88675667 -0.43864066 0.14579772
vn 0.99468198 -0.08754077 0.05426206
vn -0.88383091 0.41015904 -0.22497217
vn 0.67082232 0.72940448 0.13403923
vn -0.65136495 0.47529274 0.59145627
vn -0.82786563 0.54709640 0.12379024
vn 1.00000000 0.00000000 0.00000000
vn 0.00071285 0.99998761 -0.00492693
vn 0.00057612 0.99998769 -0.00492895
vn -0.06250583 0.74469834 0.66446775
vn -0.00638132 0.99997905 0.00108989
vn 0.06355443 0.99569049 -0.06753720
vn 0.70056401 0.71261360 -0.03730846
vn -0.70622838 0.02659003 0.70748460
vn 0.70664695 0.70755772 -0.00348616
vn 0.00042765 0.70224268 0.71193752
vn -0.32182066 0.94471590 0.06279603
vn 0.16733538 0.96929329 0.18019264
vn 0.06207581 -0.98802956 -0.14122389
vn -0.81614589 0.32944340 -0.47473459
vn -0.69732675 0.51197290 0.50161654
vn -0.60156001 -0.69584837 -0.39232716
vn -0.57735188 -0.58032702 -0.57435647
vn -0.72198382 0.60735666 -0.33144721
vn -0.90506196 -0.31717505 0.28330697
vn -0.70730932 0.70689477 -0.00364938
vn 0.00068030 0.99998780 -0.00489185
vn 0.70735462 0.70681390 -0.00797198
vn -0.00418460 0.72919352 0.68429474
vn 0.01155133 0.68987256 0.72383867
vn 0.00744848 0.99983339 0.01666483
vn 0.00660731 0.91828731 -0.39585951
vn -0.01403774 0.99894773 -0.04366202
vn 0.69872340 0.71539095 -0.00118527
vn 0.11206203 -0.10039948 -0.98861623
vn -0.99999987 -0.00050176 0.00000262
vn -0.70712668 0.00383506 0.70707648
vn 0.70709448 0.70707158 -0.00819545
vn 0.70664712 0.70755756 -0.00348600
vn -0.94724967 0.02330959 -0.31964783
vn 0.30207392 0.90273129 -0.30631286
vn 0.90626840 -0.29979821 0.29799097
vn 0.85623193 -0.15804991 0.49182020
vn 0.97336639 -0.00589392 0.22917927
vn -0.10493530 0.97403377 0.20061603
vn -0.30082598 0.67784365 -0.67084403
vn 0.66189046 0.01916598 0.74935551
vn 0.05421310 0.79705310 0.60147094
vn -0.59245471 0.55933989 -0.57977264
vn -0.84904863 0.40164453 0.34321728
vn -0.70292483 0.71126387 -0.00062665
vn -0.70722065 0.70698407 -0.00353218
vn -0.54940628 0.56162754 0.61864953
vn 0.65077221 -0.75473306 0.08290682
vn -0.91827638 -0.39309763 -0.04735770
vn 0.59045442 -0.78715553 -0.17818458
vn 0.83788828 0.54551821 0.01879126
vn -0.75872325 -0.64643324 0.08039337
vn 0.81806580 -0.43447490 0.37682875
vn -0.94527080 -0.20553945 -0.25341004
vn -0.92059072 -0.32476846 0.21688287
vn -0.62430594 0.77769274 0.07372994
vn 0.91941417 -0.36307089 0.15118566
vn 0.18738658 0.93085781 -0.31367182
vn 0.39998775 0.90378741 0.15224361
vn 0.34769547 0.93749209 0.01471166
vn -0.70197283 0.71220357 -0.00046139
vn 0.30194280 0.90590201 0.29693785
vn 0.68416707 -0.02280879 -0.72896858
vn 0.47768670 0.65537588 0.58506228
vn 0.00034123 0.70234052 0.71184105
vn -0.63282323 0.66507611 0.39649530
vn -0.70778656 0.70641779 -0.00347766
vn 0.70649553 0.70770891 -0.00348719
vn 0.29386308 -0.92704460 0.23287935
vn -0.40518941 0.90231077 0.14716255
vn 0.70465100 0.70953451 0.00526842
vn -0.14803107 -0.67942850 -0.71865409
vn -0.00000000 -0.00000000 0.00000000
vn -0.57734866 0.57435807 -0.58032864
vn 0.00000000 0.00000000 -0.00000000
vn -0.59463163 0.70989017 0.37745089
vn 0.66205473 -0.74020512 -0.11738787
vn -0.70712401 0.70708012 -0.00365155
vn 1.00000000 0.00000000 0.00000000
vn 0.70710674 -0.00365984 -0.70709735
vn 0.00056657 0.99998767 -0.00493366
vn 0.30031614 0.46493540 -0.83285370
vn -0.30111057 0.90311491 -0.30613049
vn 0.70713177 0.70707423 -0.00327029
vn 0.00204680 0.99998033 -0.00592897
vn 0.70727287 0.70689520 -0.00801607
vn 0.48604857 -0.58650402 -0.64789646
vn -0.00000000 0.00000000 0.00000000
vn -0.43191249 0.89471397 0.11374756
vn 0.57385310 0.57396552 -0.58417137
vn -0.41174583 0.84091434 -0.35118150
vn 0.92921797 -0.36905211 -0.01882796
vn -0.19009365 0.69636921 -0.69205081
vn -0.51689442 -0.79040937 0.32874487
vn -0.57735188 0.58032702 0.57435647
vn -0.48277773 0.87202779 0.08058041
vn 0.70710810 -0.00365843 -0.70709599
vn -0.99999985 -0.00054841 0.00000299
vn 0.00058051 0.99998770 -0.00492665
vn 0.30209130 0.90290150 -0.30579359
vn -0.52983530 0.58581200 -0.61326899
vn -0.70709567 0.00330707 0.70711016
vn 0.70533244 0.70886808 -0.00349248
vn 0.72831576 0.68346864 0.04926229
vn 0.79076413 -0.60816171 0.06950852
vn -0.32057164 0.93626972 0.14364136
vn -0.42226986 0.89507691 0.14326720
vn -0.00000000 0.00000000 0.00000000
vn -0.67812612 0.64067657 -0.36010902
vn -0.10639016 0.90091494 0.42075338
vn -0.81296484 -0.53607634 -0.22739906
vn 0.88672308 -0.38892232 -0.24992322
vn -0.28396318 0.70074016 -0.65446782
vn 0.57734911 -0.58034352 -0.57434259
vn -0.08468647 0.79499656 0.60067351
vn -0.69483161 0.05149256 0.71732667
vn -0.70710582 0.00342151 0.70709947
vn -0.06566068 0.97009380 0.23368077
vn -0.99933835 0.00169793 -0.03633165
vn -0.00000000 0.00000000 -0.00000000
vn -0.57809187 0.58416863 0.56969887
vn 0.57734866 0.57435807 -0.58032864
vn 0.97632665 0.20843677 0.05779606
vn 0.11735888 0.53062711 0.83944134
vn -0.49868848 0.38001985 -0.77903448
vn 0.00000000 -0.00000000 0.00000000
vn 0.00000000 0.00000000 -0.00000000
vn 1.00000000 0.00000000 0.00000000
vn -0.00000052 -0.00518960 -0.99998653
vn -0.69731236 0.02232122 -0.71641974
vn -0.20808543 0.76267723 -0.61239194
vn -0.73653104 0.67557183 -0.03353694
vn 0.70386892 0.71032139 -0.00347396
vn -0.03720211 0.99927868 0.00762431
vn 0.70662357 0.70758090 -0.00352065
vn 0.70188559 -0.56126547 0.43856322
vn 0.57734866 -0.57435807 0.58032864
vn -0.38594993 -0.78024876 0.49219359
vn -0.70705955 0.70714444 -0.00367838
vn 0.00033093 0.99998784 -0.00492086
vn 0.30193367 0.90592440 0.29687884
vn -0.90463210 0.30262986 0.30009319
vn -0.57747016 0.62356400 0.52696884
vn -0.06252998 -0.58871669 -0.80591728
vn 0.02243565 0.54173487 0.84024995
vn 0.57735211 -0.58032693 -0.57435633
vn 0.57565152 0.58667584 0.56959352
vn 1.00000000 0.00000000 0.00000000
vn 0.70696598 0.70723799 -0.00367650
vn 0.00052853 0.99998791 -0.00488784
vn 0.00058384 0.99998774 -0.00491654
vn 0.70173091 0.05316973 0.71045528
vn 0.99999850 0.00172949 -0.00000659
vn -0.01970665 0.90221254 -0.43084125
vn -0.45638775 -0.08349334 0.88585500
vn -0.83157511 -0.38272075 0.40250175
vn -0.60803886 -0.53178479 -0.58948595
vn 0.48190144 0.76448480 -0.42817519
vn 0.09706729 0.25086688 0.96314264
vn 0.60116750 -0.79844062 0.03301826
vn 0.99954630 -0.02513365 0.01659794
vn -0.81953592 -0.56898377 0.06795844
vn -0.27692362 0.70892716 -0.64864134
vn 0.33087981 -0.59251379 0.73446985
vn 0.57735143 0.57434143 -0.58034235
vn 0.60898144 -0.49404783 0.62053069
vn -0.32387092 -0.57338293 0.75255541
vn 0.78814817 0.60779990 0.09696262
vn 0.55094236 0.62662324 -0.55118585
vn -0.70212132 -0.67793212 0.21779280
vn -0.30117398 0.90310613 -0.30609403
vn 1.00000000 0.00000000 0.00000000
vn 0.70694278 0.70726119 -0.00367550
vn -0.69145176 0.72241724 0.00279334
vn 0.67749558 0.73521068 -0.02156382
vn -0.69675623 0.02609572 0.71683315
vn -0.01563794 0.99981325 -0.01135409
vn -0.90442752 -0.30040263 0.30293419
vn 0.04989969 0.54775687 0.83514815
vn 0.00049823 0.99998774 -0.00492680
vn 0.70643705 0.70776730 -0.00348322
vn 0.34696669 0.61676399 -0.70655241
vn -0.99844868 -0.01415623 0.05385020
vn -0.74051758 -0.67192536 -0.01224842
vn 0.85251066 -0.07617001 -0.51713026
vn -0.53077245 0.75770551 0.37968799
vn 0.92264857 0.30339740 0.23805387
vn 0.06590539 -0.98370307 0.16728641
vn 0.00000000 0.00000000 0.00000000
vn 0.58808861 -0.35575103 0.72635597
vn -0.87721525 -0.42374461 0.22568543
vn -0.48128319 -0.81634928 0.31928096
vn 0.96815342 -0.24260642 0.06181490
vn -0.30764081 0.95076658 0.03741706
vn -0.70710001 0.70710503 -0.00347218
vn 0.00000852 -0.00520645 -0.99998645
vn 0.00058586 0.99998777 -0.00490997
vn 0.06636287 0.99763350 0.01798265
vn 0.70374427 0.04513161 -0.70901844
vn -0.70713029 0.00346442 0.70707479
vn 0.00719303 0.99649925 -0.08329165
vn -0.70628361 0.70792059 -0.00344923
vn 0.99999981 0.00060433 0.00007048
vn 0.94531172 0.02319907 -0.32534221
vn 0.84041803 0.39588982 -0.37009294
vn -0.93278616 -0.24463189 0.26469836
vn 0.23256304 0.83368053 -0.50089041
vn 0.81122864 -0.56536550 -0.14923116
vn -0.44251967 -0.79686615 -0.41131579
vn -0.70710578 -0.70709831 0.00365893
vn 0.70691686 0.70728722 -0.00365227
vn -0.00565022 0.99998403 0.00015397
vn -0.01265819 0.74626316 0.66553066
vn -0.30709721 0.90359240 0.29868393
vn -0.68212331 0.07185395 0.72769829
vn 0.67916180 0.73395156 -0.00737259
vn -0.70781690 0.70638737 -0.00348171
vn -0.70800751 0.70145055 -0.08180768
vn 0.81513773 0.50850674 0.27743717
vn -0.56782908 -0.66654933 -0.48299289
vn 0.70774486 0.37760177 0.59708803
vn -0.70711858 0.70708554 -0.00365440
vn -0.94934977 -0.30613142 -0.07084188
vn 0.74105554 0.31105868 -0.59504553
vn 0.67585136 -0.70034345 0.22966061
vn -0.65661099 0.73383715 0.17419831
vn 0.75046444 0.56590466 -0.34140158
vn 0.68325487 0.73017127 -0.00356315
vn -0.70222517 0.71192804 -0.00618602
vn -0.01542731 0.40432163 -0.91448675
vn 1.00000000 0.00000000 0.00000000
vn 0.00056561 0.99998767 -0.00493343
vn 0.30864779 0.90190879 0.30215406
vn -0.00304890 0.70699063 0.70721634
vn 0.56106671 0.57618146 0.59432236
vn -0.06401247 0.65251822 -0.75506449
vn -0.70783516 -0.00521716 -0.70635838
vn -0.30101141 0.90613508 0.29717225
vn -0.99999988 -0.00049148 0.00002120
vn 0.70722437 0.70694376 -0.00801307
vn -0.33569257 0.30341681 -0.89176720
vn -0.70783430 0.70636990 -0.00348735
vn 0.70649344 0.70771106 -0.00347465
vn -0.75019930 0.21197687 -0.62631208
vn -0.93530164 0.31593602 0.15935894
vn 0.27081518 0.91398485 0.30214373
vn 0.92124773 -0.28553617 0.26414337
vn -0.97038048 -0.07264144 -0.23040169
vn 0.45785709 0.88691363 0.06124623
vn -0.21075576 0.85723035 0.46982777
vn 0.57734866 -0.57435807 0.58032864
vn 1.00000000 0.00000000 0.00000000
vn 0.70712116 -0.00368973 -0.70708278
vn -0.32825473 -0.05569711 -0.94294574
vn -0.00016743 0.99886574 -0.04761527
vn -0.01392356 0.72133282 0.69244863
vn 0.01942229 0.99981111 -0.00071433
vn -0.70125198 0.71290671 -0.00311263
vn -0.70710720 0.00343287 0.70709802
vn -0.88676317 0.33132221 0.32229906
vn 0.35245903 0.93272547 0.07613037
vn -0.78019707 -0.32297012 0.53570779
vn -0.75352172 -0.65460466 0.06080923
vn -0.17035102 0.67679119 -0.71619425
vn 0.00000065 -0.71077129 -0.70342318
vn -0.91741275 -0.27387694 -0.28869580
vn -0.32109554 0.94686071 0.01877344
vn 0.05072154 0.99866758 -0.00950760
vn 0.65486170 -0.75245687 0.07046141
vn -0.39635926 0.84280070 -0.36412405
vn 0.88517145 -0.37590708 0.27416304
vn 0.00000000 -0.00000000 0.00000000
vn -0.99999985 -0.00055576 0.00000442
vn -0.69507214 0.71823489 -0.03183339
vn -0.00544015 0.81550610 0.57872291
vn 0.01611786 0.71853263 0.69530646
vn 0.71639243 0.69768606 -0.00400574
vn -0.72264051 0.69122088 -0.00209524
vn 0.70403903 0.03712393 0.70919028
vn 0.70734361 0.70682426 -0.00803046
vn -0.75308946 -0.55633650 0.35120643
vn -0.00001223 0.70338365 -0.71081041
vn 0.57735143 -0.57434143 0.58034235
vn 0.64367942 0.15196754 0.75005511
vn 0.00371462 -0.70221094 -0.71195926
vn 0.61981862 0.46303659 -0.63357873
vn 0.24497141 0.51757587 0.81981963
vn 0.61365628 0.78940942 -0.01608530
vn -0.70713909 -0.00383469 -0.70706407
vn -0.70829571 -0.03206803 -0.70518709
vn 0.00000000 0.71077274 0.70342171
vn 0.02556180 0.70842242 -0.70532565
vn 0.64866989 0.76083359 0.01896358
vn 0.47843009 0.87799900 0.01491300
vn 0.61997756 0.65150461 -0.43722943
vn 0.61401754 0.75951971 0.21473768
vn 0.57917901 0.69822839 -0.42074789
vn 0.73531188 0.35329631 0.57835816
vn -0.58204746 0.81291108 -0.01990790
vn 0.65541296 0.00555574 0.75525028
vn 0.00000000 0.00519521 0.99998650
vn 0.00001233 -0.00527195 -0.99998610
vn -0.00006928 -0.00513844 -0.99998680
vn 0.70704893 -0.01147051 -0.70707159
vn 0.52579442 0.54464906 -0.65337404
vn 0.70453105 0.70967057 -0.00191880
vn 0.12631150 0.99198403 -0.00361903
vn 0.90030801 0.16154160 -0.40416556
vn 0.89451631 -0.11089364 -0.43306254
vn -0.97941006 0.08621568 -0.18254530
vn -0.93525701 -0.24714361 0.25340551
vn 0.62253536 -0.65461818 0.42886450
vn 0.57734866 0.57435807 -0.58032864
vn -0.97491651 0.06230794 -0.21367152
vn 0.70711554 0.70708849 -0.00367006
vn 0.00061365 0.99998761 -0.00493987
vn 0.64767337 0.76189253 0.00624399
vn 0.70689481 0.70730926 -0.00365191
vn -0.00183933 0.18262986 0.98318002
vn -0.70687327 0.70733161 -0.00348978
vn -0.99598157 0.00686757 0.08929477
vn -0.99956474 0.02816601 -0.00877534
vn -0.64525505 0.76088748 -0.06852853
vn -0.13780074 0.98257107 0.12475994
vn 0.43968361 -0.32126369 0.83872997
vn -0.48662303 -0.58554387 0.64833355
vn 0.44433514 -0.74419981 0.49873131
vn 0.30406074 0.51213228 -0.80328550
vn -0.91693026 0.10841556 -0.38403771
vn 0.58864466 0.69070332 0.42003141
vn 0.15880743 0.65396494 0.73966888
vn 0.90417207 -0.39348214 0.16626689
vn 0.37189201 0.75747269 0.53659246
vn 0.00120200 0.97756532 0.21062907
vn -0.01978333 0.81295805 0.58198611
vn -0.00000526 -0.71076472 -0.70342982
vn -0.06064130 0.68468375 0.72631315
vn 0.67815112 0.59971771 -0.42479376
vn -0.79208672 0.36693517 0.48780857
vn -0.35561919 0.83044486 0.42883136
vn 0.18777138 0.30058821 0.93508750
vn -0.70709415 -0.00368680 -0.70710980
vn -0.99999984 -0.00056171 -0.00000066
vn -0.00719681 0.79041788 0.61252574
vn -0.05241282 0.98181902 -0.18243989
vn 0.71516505 0.69625785 0.06135109
vn 0.57751814 0.58012187 0.57439657
vn 0.02816025 0.71901793 0.69442078
vn 0.70726985 0.70689826 -0.00801293
vn -0.92888114 0.37032512 0.00625574
vn 0.87399803 -0.17949182 0.45156410
vn 0.34046183 0.91951459 0.19641450
vn 0.07222247 0.75869224 0.64743339
vn -0.97462221 0.00176174 -0.22384915
vn -0.34568579 0.71703818 -0.60527480
vn 0.24349536 0.89385463 -0.37647565
vn -0.00000000 0.00000000 0.00000000
vn 0.93490278 -0.21986244 0.27859882
vn -0.00002950 0.99924618 0.03882107
vn 0.34146646 0.79762212 0.49719172
vn -0.17630791 0.64301671 0.74528184
vn -0.16909401 0.94904622 0.26592949
vn 0.00049312 0.99998784 -0.00490604
vn 0.00442682 0.84424905 0.53593278
vn 0.02005924 0.99979743 -0.00165068
vn 0.21794494 0.94782129 0.23266888
vn -0.20075066 0.95635293 0.21233993
vn -0.64706041 0.31545012 0.69412106
vn -0.00000674 0.71080653 0.70338758
vn 0.01836352 0.71089241 -0.70306100
vn -0.28464294 0.93632703 -0.20559691
vn -0.79731650 -0.14188819 0.58664653
vn -0.68084083 0.53775631 -0.49726644
vn -0.83520322 -0.48574324 0.25785479
vn -0.49952992 0.02691268 0.86587850
vn 0.70901185 0.67961469 -0.18821814
vn 0.12052003 0.96643540 0.22688662
vn -0.42595305 -0.13748795 0.89423770
vn -0.57734309 0.57436421 -0.58032811
vn 0.70710351 0.70710064 -0.00364989
vn -0.50764903 0.86142477 -0.01548616
vn -0.17496355 0.97520120 0.13553737
vn 0.09673728 0.83986761 0.53410140
vn -0.01022353 0.98569836 -0.16820886
vn 0.00058993 0.99998770 -0.00492414
vn 0.04121595 0.74110159 0.67012661
vn 0.01752875 -0.00716937 0.99982066
vn -0.31332761 0.86224317 0.39794790
vn -0.92103398 0.38393728 -0.06548725
vn 0.37949763 -0.50092554 0.77785291
vn -0.70153579 0.69283230 -0.16682606
vn 0.70711211 -0.70709203 0.00365006
vn 0.69190615 -0.60056121 0.40073946
vn 0.58217381 0.59190833 0.55742101
vn 1.00000000 0.00000000 0.00000000
vn -0.00000475 -0.00518447 -0.99998656
vn 0.30193084 0.90592032 0.29689417
vn 0.00058051 0.99998770 -0.00492665
vn -0.85782329 0.39377145 -0.33027753
vn -0.00000310 0.00540831 0.99998537
vn 0.00115033 0.07084380 0.99748676
vn 0.70724450 0.00380199 0.70695882
vn -0.96939441 -0.19507678 -0.14906214
vn -0.83808999 -0.44007937 -0.32239000
vn -0.99037012 0.13197243 0.04183653
vn -0.99952265 0.02928781 -0.00983328
vn -0.14072644 0.97633489 -0.16421405
vn -0.51164350 0.82708557 0.23270238
vn -0.71267069 0.50596032 -0.48590600
vn -0.64215269 0.69053831 0.33286148
vn 0.41030504 0.89252235 0.18722614
vn 0.57734866 0.57435807 -0.58032864
vn -0.87997223 0.01819472 -0.47467654
vn -0.92683647 -0.28312643 0.24660410
vn -0.99999985 -0.00054729 0.00000172
vn 0.00065600 0.99998756 -0.00494395
vn -0.71254979 0.69831490 0.06803753
vn -0.61482521 0.54954356 0.56567820
vn 0.00420568 0.00580730 0.99997429
vn 0.70731415 0.70685374 -0.00803009
vn -0.78790321 -0.61574615 -0.00807575
vn 0.79919377 0.31004137 -0.51494045
vn -0.99959828 0.02250828 -0.01722395
vn -0.99887509 0.04741308 0.00074502
vn -0.10289436 0.99237463 -0.06786264
vn -0.63117640 0.77344881 -0.05825200
vn -0.46334469 0.88564508 -0.03073256
vn 0.53511840 0.69222726 -0.48422073
vn -0.67441843 0.56257040 -0.47819904
vn -0.68346606 0.62146152 0.38296177
vn 0.57735014 -0.57436547 0.58031985
vn 0.50720358 0.81960832 0.26643335
vn 0.09203289 0.26858736 0.95884867
vn 0.16731240 0.95385733 0.24932459
vn -0.48460352 0.67463954 -0.55679521
vn -0.74210872 0.54634005 -0.38831328
vn -0.34555120 0.84872344 -0.40032847
vn -0.41503272 0.86228682 -0.29018836
vn -0.00001183 -0.00517624 -0.99998660
vn 0.00058051 0.99998770 -0.00492665
vn -0.42344427 0.87260509 0.24342413
vn -0.04113279 0.93295107 -0.35764564
vn -0.06460263 0.99752056 0.02791480
vn -0.70913538 0.70338261 0.04878430
vn 0.67374329 0.03477536 0.73814677
vn 0.70729498 0.70690992 -0.00348956
vn -0.14369497 0.75929548 0.63468270
vn -0.66441160 0.65842293 0.35360497
vn 0.33136146 0.93007409 -0.15862464
vn 0.13129495 0.58068763 0.80346967
vn -0.18819899 0.97137701 -0.14494082
vn -0.52134455 0.69873261 -0.48986998
vn -0.57066246 0.56639431 -0.59459385
vn 0.74095617 -0.60530110 0.29085140
vn 0.46121988 0.80095484 0.38176900
vn -0.54693412 0.59219351 -0.59175157
vn 0.00000000 -0.71077101 -0.70342346
vn -0.62960190 0.35847304 0.68927392
vn 0.00060799 0.99998769 -0.00492347
vn 0.00041172 0.71067489 0.70352046
vn -0.73297925 0.67877017 0.04486057
vn -0.33235708 0.93642425 -0.11246512
vn 0.02810007 0.99902429 0.03407120
vn -0.09611726 0.86207202 0.49758749
vn -0.00946564 0.01023694 0.99990280
vn 0.70710678 -0.00365018 -0.70709736
vn -0.72150529 0.03955502 0.69127817
vn -0.01374559 0.71011118 0.70395537
vn 0.70726477 0.70690316 -0.00802911
vn -0.68775549 0.54550903 0.47897003
vn -0.63450362 0.68155374 -0.36454033
vn -0.94749109 0.01817402 -0.31926530
vn -0.95886442 0.27768614 0.05890183
vn -0.30023578 -0.20761999 -0.93099539
vn 0.74116522 -0.51594342 -0.42950729
vn 0.67619557 -0.63421158 0.37488027
vn -0.86792167 -0.46599941 0.17192011
vn -0.92111665 -0.29118266 0.25837332
vn -0.97448274 0.05261942 -0.21820766
vn 0.19282128 0.98045330 -0.03913157
vn -0.49182573 0.62793880 0.60315861
vn -0.00001644 -0.00520882 -0.99998643
vn 0.00000000 -0.71075955 -0.70343505
vn -0.70711422 -0.00368253 -0.70708975
vn -0.99999985 -0.00054731 0.00000270
vn 0.00056372 0.99998779 -0.00490999
vn 0.78472400 0.61983569 0.00345896
vn -0.00019013 0.09353282 0.99561618
vn -0.67942209 0.05741408 0.73149795
vn -0.57722906 0.58047603 0.57432934
vn -0.99289363 0.11869025 0.00865286
vn -0.13085775 0.85399084 0.50356320
vn -0.58198294 0.59096116 0.55862400
vn -0.99052119 0.13176538 -0.03880284
vn -0.06600867 0.99370570 -0.09050881
vn 0.22092100 -0.35355048 0.90895323
vn -0.95296853 0.06017775 -0.29703470
vn -0.57734866 0.57435807 -0.58032864
vn -0.58428434 -0.76030072 0.28382146
vn -0.57735040 -0.58031971 -0.57436534
vn 0.33442256 -0.81104159 0.47997196
vn 0.37469377 0.28285474 0.88294834
vn 0.01437185 0.01782909 0.99973775
vn 0.00086024 0.00941650 0.99995529
vn -0.70731229 0.70689171 -0.00366519
vn -0.70690814 0.70729680 -0.00348144
vn -0.98214259 -0.15371698 0.10847595
vn -0.93500320 -0.35152417 0.04690176
vn -0.32476406 0.91751862 0.22953842
vn 0.29298224 0.87773115 -0.37914302
vn -0.29326307 0.73260665 -0.61423471
vn 0.53682645 0.84334921 -0.02407237
vn -0.97262768 0.13015500 -0.19249694
vn 1.00000000 0.00000000 0.00000000
vn 0.93878717 0.33799521 -0.06661743
vn 0.93492261 -0.24840145 0.25340960
vn -0.77404157 -0.21889902 -0.59408995
vn -0.27080855 0.81067300 -0.51910695
vn 0.00000756 0.70345972 -0.71073513
vn -0.91380350 0.40417157 0.04010626
vn -0.57734866 0.57435807 -0.58032864
vn 0.89200266 -0.42192124 0.16221504
vn -0.06298310 0.45120442 0.89019532
vn 0.33752619 0.90761716 0.24961402
vn -0.53225097 0.17694071 -0.82788942
vn 0.00000000 0.00000000 0.00000000
vn -0.20824782 0.89533222 0.39371699
vn 1.00000000 0.00000000 0.00000000
vn -0.70729836 0.70690563 -0.00366826
vn -0.99999985 -0.00054731 0.00000270
vn 0.20346128 0.93782156 0.28123698
vn -0.07717751 0.82004830 0.56706649
vn 0.00000677 0.00538100 0.99998552
vn 0.49090490 0.61329588 0.61877342
vn 0.04965086 0.77612013 0.62862735
vn -0.12477295 0.96744213 -0.22019865
vn 0.70708941 0.00420951 0.70711162
vn -0.93421228 0.35337507 0.04871833
vn -0.00963107 0.99427122 0.10645175
vn -0.57735014 -0.57436547 0.58031985
vn 0.28750450 0.78763886 0.54494604
vn -0.96225136 -0.05209425 -0.26713014
vn -0.34505856 0.93066754 -0.12162451
vn -0.46115124 0.49153078 0.73874016
vn 0.46112344 0.87669546 0.13700454
vn -0.39075200 0.69596844 0.60244569
vn 0.70710544 -0.70709864 0.00366080
vn 0.11508623 0.89460200 0.43178979
vn -0.13503134 0.08853636 0.98687783
vn 0.11509119 0.82767894 0.54927370
vn 0.41222287 0.68532488 0.60033500
vn -0.53565403 0.68110346 0.49917215
vn 0.57735040 -0.58031971 -0.57436534
vn 1.00000000 0.00000000 0.00000000
vn -0.00000457 -0.00519977 -0.99998648
vn -0.99999985 -0.00054789 0.00000273
vn -0.10617450 0.99137282 0.07685647
vn 0.00730718 0.92385557 0.38267151
vn -0.30097633 0.90614691 0.29717170
vn 0.00056592 0.99998785 -0.00489626
vn 0.83979439 0.42312040 -0.34016836
vn -0.00015948 0.77599585 0.63073800
vn 0.20003814 0.44807264 0.87132982
vn -0.92099144 0.38373185 -0.06726542
vn 0.99583025 -0.04741602 -0.07793475
vn -0.75011722 0.65001295 0.12168532
vn -0.80339374 -0.46850929 0.36750177
vn -0.95841853 -0.20094983 -0.20261561
vn -0.85365558 -0.51937830 0.03896585
vn -0.53425659 0.84405520 0.04626790
vn 0.30981957 0.75367015 0.57964915
vn 0.24229661 0.57612321 0.78062436
vn 0.57734866 -0.57435807 0.58032864
vn 0.03956996 0.96319828 0.26586328
vn -0.39398392 0.88215309 -0.25803603
vn 1.00000000 0.00000000 0.00000000
vn -0.99999985 -0.00054731 0.00000270
vn -0.00480097 0.93984316 0.34157253
vn -0.16326230 0.96832388 -0.18892933
vn -0.90442281 -0.30353497 -0.29980977
vn 0.04979698 0.97976303 -0.19386764
vn -0.06189241 0.74162893 0.66794899
vn -0.55295779 0.51274462 -0.65675767
vn 0.30145439 0.90614171 0.29670262
vn -0.58537804 0.57067888 0.57589771
vn 0.30816037 0.31415595 0.89796616
vn -0.73560009 -0.00179510 -0.67741368
vn -0.99976733 0.00515284 -0.02094620
vn -0.57734866 0.57435807 -0.58032864
vn 0.45207704 0.60218944 -0.65802297
vn -0.30117484 -0.89994347 -0.31527047
vn -0.69006194 0.49508767 -0.52792302
vn 0.50099101 0.35567634 -0.78898818
vn 1.00000000 0.00000000 0.00000000
vn 0.00000473 0.00541336 0.99998535
vn -0.04187200 0.99912087 -0.00205316
vn -0.30144533 -0.29658119 0.90618448
vn 0.70726546 0.70690256 -0.00802114
vn 0.70664596 0.70755872 -0.00348599
vn -0.04535495 -0.82818512 -0.55861645
vn -0.57734866 -0.57435807 0.58032864
vn -0.08136807 0.99083535 -0.10781723
vn -0.78074751 0.61747086 0.09572384
vn -0.41362063 -0.89688954 0.15654754
vn -0.09803244 -0.70881584 -0.69854831
vn 0.57683979 0.11613161 -0.80856002
vn -0.70711564 0.70708939 -0.00347470
vn 0.70710678 -0.70709736 0.00364953
vn 0.78437745 0.02065518 0.61993982
vn -0.70731372 0.70689034 -0.00365382
vn 0.00000200 0.71080389 0.70339024
vn -0.70709960 0.00344404 0.70710558
vn 0.70690219 0.70730190 -0.00364894
vn 0.00000067 0.71080171 0.70339245
vn 0.00000000 0.70346351 -0.71073138
vn -0.48613580 0.66532226 -0.56658475
vn 1.00000000 0.00000000 0.00000000
vn 0.00000191 -0.00517876 -0.99998659
vn -0.00511969 0.02322152 0.99971723
vn 0.00055434 0.99998775 -0.00491845
vn 0.70709767 0.70710640 -0.00366484
vn 0.99733685 0.00089979 0.07292737
vn 0.57719423 0.58052030 0.57431960
vn 0.57735014 0.57436547 -0.58031985
vn 1.00000000 0.00000000 0.00000000
vn -0.70728658 0.70691740 -0.00367257
vn -0.99999985 -0.00054622 0.00000418
vn -0.00000835 0.00538668 0.99998549
vn -0.90462836 0.29953414 -0.30319436
vn 0.00040527 0.71072906 0.70346573
vn -0.54238434 0.60029353 -0.58776433
vn 0.58059261 0.57567162 -0.57577288
vn 0.57735188 0.58032702 0.57435647
vn 0.00000000 -0.00518811 -0.99998654
vn 0.00055363 0.99998760 -0.00494834
vn -0.28354900 -0.02278111 0.95868711
vn 0.70711637 0.00420155 0.70708471
vn -0.00001362 0.70341726 -0.71077715
vn -0.99609757 0.08506323 -0.02353442
vn -0.00000091 0.70346031 -0.71073455
vn 0.92898946 0.36751549 0.04371427
vn -0.92107939 -0.09822401 -0.37678217
vn 0.72835571 -0.56608348 -0.38606665
vn -0.68689927 -0.61057269 0.39417049
vn -0.57429527 -0.29659155 0.76303237
vn 0.96385441 -0.06442808 -0.25852213
vn -0.96642407 0.04773487 -0.25247951
vn 1.00000000 0.00000000 0.00000000
vn -0.70713102 0.70707313 -0.00364893
vn 0.00058051 0.99998770 -0.00492665
vn 0.00017901 0.00539852 0.99998541
vn 0.70711770 0.00419503 0.70708342
vn 0.73823570 0.66410105 0.11822794
vn 0.00057870 0.99998767 -0.00493123
vn -0.00023484 0.69169867 0.72218619
vn -0.70707954 0.70712452 -0.00366432
vn 0.30156589 0.30637576 0.90287979
vn 0.00000302 0.00539766 0.99998543
vn -0.99935367 -0.03469865 -0.00939410
vn -0.05947300 0.99570445 -0.07096207
vn -0.58757444 0.80906030 0.01333075
vn 0.19957695 -0.13891678 0.96998514
vn 0.36801942 -0.58360367 0.72385666
vn 0.86382518 -0.34903653 0.36328991
vn -0.98939511 0.08826124 -0.11535711
vn -0.99619790 0.01301279 0.08614183
vn 0.44206444 0.75674415 -0.48157795
vn -0.10051595 0.98225156 -0.15836165
vn -0.70515924 0.70904207 -0.00312818
vn 0.57964238 0.58558331 0.56666295
vn 0.57735040 0.58031971 0.57436534
vn -0.00000981 0.00541134 0.99998536
vn -0.01884501 0.71026939 -0.70367767
vn -0.70703163 0.70717335 -0.00348178
vn -0.31416910 -0.11788059 0.94202014
vn 0.00051985 0.99998775 -0.00492196
vn 0.00055434 0.99998775 -0.00491845
vn -0.70711010 -0.00402204 -0.70709202
vn 0.00089802 0.70229354 -0.71188691
vn 0.70732088 0.70684755 -0.00798178
vn -0.62200591 -0.58442239 0.52111335
vn -0.57735188 -0.58032702 -0.57435647
vn -0.00000698 -0.00517602 -0.99998660
vn -0.70712973 0.70707437 -0.00365739
vn 0.00054641 0.99998772 -0.00492654
vn 0.70709401 0.00421347 0.70710699
vn -0.00000470 0.00540842 0.99998537
vn -0.57732530 0.57452451 -0.58018711
vn -0.72756089 0.00117748 -0.68604211
vn -0.90418838 0.10294579 -0.41454257
vn 0.36388981 0.53194912 0.76460077
vn -0.58251440 -0.70356786 0.40702486
vn 1.00000000 0.00000000 0.00000000
vn 0.00057694 0.99998776 -0.00491384
vn 0.70711398 0.00417127 0.70708728
vn -0.49388987 0.61455555 0.61513760
vn 0.70708835 -0.00366204 -0.70711573
vn 0.78714243 -0.58993829 0.17994335
vn -0.98810422 0.06629174 -0.13876401
vn -0.98109071 -0.16520695 0.10083497
vn -0.87837316 -0.47397233 0.06173179
vn -0.03410153 0.99846544 -0.04363313
vn -0.13278083 0.77654641 -0.61590984
vn 0.17367053 -0.93205077 0.31799356
vn -0.17431735 0.90783381 -0.38138068
vn 0.22992462 0.96981087 0.08124986
vn -0.48648000 0.80706582 0.33463708
vn -0.70706069 0.70714434 -0.00347339
vn 0.00000000 0.71080942 0.70338465
vn 0.00057869 0.99998783 -0.00489860
vn 0.00000151 0.71080496 0.70338915
vn -0.30108066 0.90313802 -0.30609174
vn 0.30141750 -0.29658177 0.90619355
vn 0.30185900 0.30797275 0.90223829
vn -0.57735058 -0.58032904 -0.57435574
vn -0.99999986 -0.00052215 0.00000328
vn -0.70693230 0.70727272 -0.00346861
vn 0.70712525 -0.70707876 0.00367470
vn -0.57735188 0.58032702 0.57435647
vn -0.57984398 0.58442866 0.56764787
vn 0.70689861 0.70730544 -0.00365696
vn -0.00408054 0.99994889 -0.00925061
vn 0.00000421 0.00538971 0.99998548
vn 0.40942111 0.86120131 -0.30117545
vn 0.00215024 0.97578310 -0.21872976
vn -0.09581593 0.99484879 -0.03309356
vn 0.58470634 -0.58143232 -0.56573400
vn 0.00000000 0.70346351 -0.71073138
vn -0.00000368 -0.00518732 -0.99998655
vn -0.70730334 0.70690075 -0.00364961
vn -0.99999985 -0.00054734 -0.00000312
vn -0.00000209 0.00539098 0.99998547
vn 0.00000508 0.00539733 0.99998543
vn 0.90453567 -0.30306340 -0.29994633
vn 0.00055014 0.99998767 -0.00493525
vn -0.00000553 0.71082225 0.70337169
vn -0.94379235 0.05111615 -0.32656262
vn -0.99504591 0.09824055 0.01524601
vn 0.05451660 -0.10779202 -0.99267760
vn 0.66461206 0.15219391 -0.73152431
vn -0.65533058 0.75534175 -0.00081846
vn -0.59679775 -0.57539022 0.55924819
vn -0.00000615 0.70345789 -0.71073694
vn 0.97463780 0.00105442 -0.22378571
vn -0.57734866 -0.57435807 0.58032864
vn -0.94033961 -0.23479617 0.24623601
vn -0.86359165 0.45648986 0.21407120
vn -0.99999985 -0.00054808 0.00000279
vn 0.90453237 0.29995122 -0.30306842
vn 0.66309610 0.74820684 0.02213778
vn 0.30138825 0.29677322 -0.90614059
vn 0.72225060 0.04053259 0.69044274
vn -0.00097992 0.12761474 0.99182333
vn 0.70726258 0.00381185 0.70694067
vn -0.98273535 0.00033097 -0.18501657
vn -0.98951589 0.14277855 -0.02173898
vn 0.23562020 0.79921748 0.55293267
vn 0.57954178 0.57977912 0.57270192
vn 1.00000000 0.00000000 0.00000000
vn -0.99999987 -0.00051171 0.00000148
vn -0.90463028 0.29953062 -0.30319212
vn -0.57735365 0.57436162 -0.58032016
vn -0.98785703 0.11844028 -0.10055039
vn 0.00000000 -0.00000000 -0.00000000
vn -0.61572719 0.44157746 0.65260200
vn 0.00000000 0.00000000 0.00000000
vn 0.56749308 0.52453005 0.63468089
vn 0.19402387 0.47014829 -0.86099670
vn -0.60187651 0.79856825 -0.00578077
vn 0.75745657 -0.65181063 0.03744932
vn -0.75541140 -0.65236766 0.06140085
vn 0.77131371 0.61343494 0.16962528
vn 0.78813490 -0.02031788 -0.61516711
vn 0.00000000 0.70346351 -0.71073138
vn 0.00058223 0.99998776 -0.00491413
vn 0.90453795 -0.29993575 0.30306706
vn 0.00127821 0.99998858 -0.00460525
vn -0.70780711 0.70639727 -0.00346194
vn -0.70712233 -0.00420824 -0.70707871
vn 0.59485488 -0.57377903 0.56296118
vn 0.00001240 -0.00537920 -0.99998553
vn -0.30157869 0.29658697 -0.90613821
vn 0.14727198 0.97346634 0.17514064
vn -0.67647879 0.71707265 0.16787873
vn 0.00000000 0.71077274 0.70342171
vn 0.00000935 0.00519699 0.99998650
vn 0.00001952 0.70332378 -0.71086965
vn -0.70704230 0.70716268 -0.00348286
vn -0.79369036 -0.08146974 -0.60284184
vn -0.96132551 -0.21998747 0.16570692
vn 0.00000000 0.71081976 0.70337421
vn -0.70711093 -0.00365816 -0.70709317
vn 0.30162453 -0.30622497 -0.90291135
vn -0.00000311 -0.00517042 -0.99998663
vn 0.00000000 -0.71075955 -0.70343505
vn -0.70730328 0.70690075 -0.00366126
vn 0.00058051 0.99998770 -0.00492665
vn 0.00057154 0.99998770 -0.00492665
vn -0.98607368 0.16310812 -0.03247211
vn 0.15052349 -0.49813453 0.85393482
vn -0.62292753 -0.16536488 -0.76460169
vn -0.74788787 -0.60328787 0.27696115
vn 0.24854796 0.02608559 -0.96826828
vn 0.57735188 0.58032702 0.57435647
vn -0.30150127 0.90603010 0.29699569
vn 0.00057752 0.99998768 -0.00492991
vn 0.99999914 0.00129233 0.00022289
vn -0.99871632 0.00179683 -0.05062106
vn -0.70707385 0.70713112 -0.00348742
vn -0.00000367 -0.00518709 -0.99998655
vn -0.00000233 -0.71075788 -0.70343673
vn -0.52335090 0.70792529 -0.47428432
vn 0.57735188 -0.58032702 -0.57435647
vn 0.79312051 -0.31416021 0.52178847
vn -0.70710982 -0.00366269 -0.70709426
vn 1.00000000 0.00000000 0.00000000
vn 1.00000000 0.00000000 0.00000000
vn -0.99999576 -0.00231665 0.00176299
vn 0.00058321 0.99998783 -0.00489920
vn 0.00058118 0.99998774 -0.00491714
vn 0.57755888 0.57387467 -0.58059763
vn 0.00000000 0.70338522 -0.71080886
vn -0.31761771 0.30279607 0.89857305
vn 0.00000000 0.00518873 0.99998654
vn 0.30155540 0.30619935 0.90294313
vn 0.70709639 -0.00382584 -0.70710682
vn -0.70710715 -0.00382407 -0.70709608
vn -0.95870667 0.27193170 0.08327464
vn 0.25125605 0.95032091 -0.18374050
vn -0.70689040 0.70731439 -0.00350893
vn -0.00001256 0.71074424 0.70345051
vn 0.70708864 -0.00385504 -0.70711441
vn -0.00000171 0.71075796 0.70343665
vn 0.70711895 -0.00380245 -0.70708439
vn 0.57735433 0.58033336 0.57434760
vn 0.00000777 -0.00537742 -0.99998554
f 3//3 10//10 74//74
f 890//890 789//789 891//891
f 890//890 891//891 789//789
f 14//14 79//79 10//10
f 907//907 630//630 490//490
f 375//375 442//442 313//313
f 8//8 92//92 67//67
f 1409//1409 67//67 92//92
f 8//8 103//103 92//92
f 652//652 651//651 884//884
f 430//430 437//437 299//299
f 430//430 299//299 239//239
f 564//564 477//477 570//570
f 546//546 566//566 788//788
f 451//451 203//203 916//916
f 1132//1132 1156//1156 1248//1248
f 285//285 286//286 109//109
f 358//358 408//408 329//329
f 358//358 450//450 458//458
f 198//198 101//101 403//403
f 443//443 331//331 398//398
f 188//188 324//324 342//342
f 1365//1365 1118//1118 1121//1121
f 1427//1427 146//146 597//597
f 1450//1450 344//344 35//35
f 243//243 208//208 204//204
f 692//692 798//798 662//662
f 511//511 656//656 655//655
f 655//655 616//616 600//600
f 662//662 673//673 873//873
f 291//291 401//401 418//418
f 662//662 904//904 673//673
f 547//547 673//673 689//689
f 358//358 312//312 357//357
f 865//865 822//822 689//689
f 760//760 768//768 1234//1234
f 865//865 798//798 558//558
f 828//828 1395//1395 813//813
f 865//865 708//708 822//822
f 1337//1337 1303//1303 1339//1339
f 825//825 1304//1304 122//122
f 613//613 509//509 653//653
f 1307//1307 28//28 1257//1257
f 1186//1186 1117//1117 28//28
f 1307//1307 1257//1257 1385//1385
f 1022//1022 1386//1386 1444//1444
f 976//976 1096//1096 1281//1281
f 1447//1447 1307//1307 976//976
f 1200//1200 1260//1260 1346//1346
f 965//965 1176//1176 968//968
f 1252//1252 1244//1244 1320//1320
f 825//825 1351//1351 698//698
f 1307//1307 1385//1385 1341//1341
f 825//825 698//698 730//730
f 1307//1307 1341//1341 976//976
f 1341//1341 1385//1385 1257//1257
f 825//825 730//730 163//163
f 649//649 1043//1043 1047//1047
f 1271//1271 1272//1272 938//938
f 730//730 698//698 1351//1351
f 1086//1086 943//943 947//947
f 660//660 629//629 636//636
f 1330//1330 1137//1137 1138//1138
f 660//660 606//606 648//648
f 1415//1415 1457//1457 943//943
f 1415//1415 943//943 143//143
f 954//954 1271//1271 1319//1319
f 91//91 138//138 96//96
f 1247//1247 1424//1424 1303//1303
f 855//855 873//873 673//673
f 1015//1015 1075//1075 1097//1097
f 91//91 88//88 11//11
f 952//952 1272//1272 953//953
f 1115//1115 1161//1161 1282//1282
f 870//870 807//807 648//648
f 695//695 808//808 807//807
f 699//699 897//897 785//785
f 839//839 651//651 882//882
f 84//84 81//81 1462//1462
f 529//529 166//166 1405//1405
f 1435//1435 612//612 1405//1405
f 506//506 326//326 844//844
f 162//162 553//553 867//867
f 162//162 867//867 713//713
f 713//713 1225//1225 824//824
f 158//158 715//715 753//753
f 158//158 753//753 715//715
f 1339//1339 1303//1303 1344//1344
f 1001//1001 1194//1194 1196//1196
f 1378//1378 1023//1023 1066//1066
f 193//193 767//767 215//215
f 497//497 889//889 619//619
f 225//225 232//232 288//288
f 383//383 919//919 288//288
f 1378//1378 1066//1066 1324//1324
f 480//480 576//576 573//573
f 391//391 274//274 362//362
f 433//433 306//306 305//305
f 391//391 362//362 931//931
f 35//35 342//342 300//300
f 283//283 306//306 213//213
f 175//175 283//283 213//213
f 1354//1354 1021//1021 1441//1441
f 175//175 443//443 376//376
f 175//175 319//319 443//443
f 301//301 322//322 300//300
f 443//443 319//319 32//32
f 322//322 224//224 429//429
f 1010//1010 1077//1077 1060//1060
f 147//147 735//735 129//129
f 147//147 129//129 735//735
f 101//101 316//316 102//102
f 101//101 365//365 354//354
f 1442//1442 1356//1356 1438//1438
f 330//330 355//355 347//347
f 716//716 159//159 718//718
f 865//865 581//581 130//130
f 330//330 347//347 102//102
f 316//316 341//341 102//102
f 94//94 103//103 1454//1454
f 330//330 359//359 457//457
f 301//301 300//300 342//342
f 444//444 386//386 216//216
f 301//301 427//427 346//346
f 324//324 317//317 216//216
f 301//301 216//216 299//299
f 750//750 1231//1231 851//851
f 415//415 450//450 32//32
f 299//299 216//216 239//239
f 588//588 510//510 632//632
f 361//361 318//318 339//339
f 153//153 716//716 718//718
f 465//465 424//424 409//409
f 577//577 496//496 626//626
f 1132//1132 1375//1375 1156//1156
f 1197//1197 1088//1088 1116//1116
f 98//98 450//450 357//357
f 209//209 464//464 226//226
f 78//78 276//276 1453//1453
f 358//358 357//357 450//450
f 286//286 276//276 109//109
f 276//276 312//312 109//109
f 876//876 664//664 897//897
f 142//142 1408//1408 1414//1414
f 1408//1408 91//91 96//96
f 3//3 66//66 10//10
f 1408//1408 87//87 1414//1414
f 142//142 90//90 83//83
f 388//388 460//460 371//371
f 388//388 371//371 460//460
f 78//78 1461//1461 276//276
f 916//916 276//276 286//286
f 1433//1433 56//56 829//829
f 235//235 69//69 21//21
f 275//275 284//284 909//909
f 2//2 15//15 69//69
f 557//557 802//802 691//691
f 853//853 875//875 850//850
f 887//887 667//667 902//902
f 480//480 893//893 625//625
f 1086//1086 1025//1025 1277//1277
f 1463//1463 3//3 74//74
f 70//70 3//3 1463//1463
f 266//266 464//464 209//209
f 70//70 1463//1463 18//18
f 713//713 867//867 659//659
f 591//591 540//540 470//470
f 195//195 311//311 915//915
f 195//195 915//915 311//311
f 322//322 429//429 300//300
f 1267//1267 1109//1109 1370//1370
f 85//85 94//94 1406//1406
f 1254//1254 1305//1305 1387//1387
f 895//895 687//687 894//894
f 1210//1210 1445//1445 1296//1296
f 263//263 394//394 412//412
f 653//653 509//509 654//654
f 95//95 1045//1045 139//139
f 440//440 311//311 197//197
f 1207//1207 1343//1343 1042//1042
f 184//184 236//236 182//182
f 63//63 769//769 729//729
f 855//855 673//673 515//515
f 1388//1388 769//769 1436//1436
f 1256//1256 1305//1305 1388//1388
f 348//348 352//352 323//323
f 835//835 599//599 845//845
f 835//835 845//845 599//599
f 1447//1447 976//976 1281//1281
f 570//570 783//783 477//477
f 570//570 477//477 783//783
f 1132//1132 647//647 900//900
f 1112//1112 1375//1375 970//970
f 744//744 1237//1237 1432//1432
f 1073//1073 1095//1095 974//974
f 1254//1254 1042//1042 1343//1343
f 1226//1226 150//150 762//762
f 155//155 61//61 589//589
f 149//149 61//61 900//900
f 1164//1164 1240//1240 1279//1279
f 578//578 501//501 594//594
f 1313//1313 1322//1322 274//274
f 1322//1322 1279//1279 365//365
f 1164//1164 1211//1211 945//945
f 746//746 612//612 1215//1215
f 316//316 776//776 838//838
f 70//70 82//82 3//3
f 785//785 539//539 815//815
f 215//215 767//767 152//152
f 275//275 424//424 284//284
f 222//222 251//251 181//181
f 391//391 1313//1313 274//274
f 1262//1262 777//777 135//135
f 513//513 1105//1105 646//646
f 1316//1316 53//53 135//135
f 1322//1322 365//365 340//340
f 1184//1184 1205//1205 994//994
f 1322//1322 340//340 274//274
f 484//484 58//58 1432//1432
f 81//81 1253//1253 68//68
f 866//866 547//547 822//822
f 842//842 600//600 866//866
f 988//988 1190//1190 993//993
f 988//988 993//993 1190//1190
f 1167//1167 55//55 1127//1127
f 361//361 339//339 345//345
f 876//876 679//679 664//664
f 284//284 424//424 315//315
f 316//316 838//838 800//800
f 1156//1156 1007//1007 1248//1248
f 125//125 494//494 568//568
f 909//909 351//351 1412//1412
f 394//394 393//393 407//407
f 1043//1043 1281//1281 1096//1096
f 451//451 320//320 349//349
f 472//472 571//571 569//569
f 907//907 553//553 630//630
f 151//151 777//777 746//746
f 550//550 696//696 684//684
f 550//550 684//684 696//696
f 483//483 849//849 838//838
f 1082//1082 1076//1076 1059//1059
f 1214//1214 147//147 129//129
f 793//793 474//474 549//549
f 133//133 1417//1417 1345//1345
f 149//149 1239//1239 827//827
f 607//607 892//892 537//537
f 1084//1084 997//997 892//892
f 963//963 1174//1174 837//837
f 1438//1438 837//837 1342//1342
f 1158//1158 1190//1190 993//993
f 836//836 601//601 832//832
f 1345//1345 1417//1417 438//438
f 866//866 600//600 673//673
f 243//243 204//204 1174//1174
f 986//986 1151//1151 983//983
f 348//348 837//837 97//97
f 339//339 448//448 356//356
f 195//195 179//179 934//934
f 264//264 849//849 366//366
f 483//483 366//366 849//849
f 100//100 910//910 360//360
f 916//916 235//235 276//276
f 649//649 507//507 1043//1043
f 1144//1144 1369//1369 1347//1347
f 837//837 113//113 333//333
f 218//218 256//256 184//184
f 529//529 612//612 630//630
f 766//766 705//705 49//49
f 483//483 766//766 397//397
f 1111//1111 49//49 705//705
f 355//355 380//380 347//347
f 1419//1419 1442//1442 837//837
f 695//695 807//807 870//870
f 916//916 117//117 451//451
f 163//163 762//762 150//150
f 1459//1459 357//357 312//312
f 283//283 464//464 306//306
f 341//341 453//453 325//325
f 1442//1442 1342//1342 837//837
f 1235//1235 537//537 773//773
f 400//400 293//293 270//270
f 301//301 299//299 427//427
f 49//49 1182//1182 1421//1421
f 660//660 636//636 780//780
f 449//449 315//315 386//386
f 1338//1338 1238//1238 1267//1267
f 1420//1420 1029//1029 1324//1324
f 1419//1419 1421//1421 1310//1310
f 837//837 352//352 447//447
f 868//868 997//997 671//671
f 474//474 496//496 577//577
f 484//484 528//528 603//603
f 1378//1378 997//997 1084//1084
f 955//955 1142//1142 983//983
f 693//693 672//672 671//671
f 580//580 527//527 724//724
f 1355//1355 1238//1238 1401//1401
f 894//894 504//504 697//697
f 1433//1433 1304//1304 1425//1425
f 1022//1022 1181//1181 1386//1386
f 1355//1355 1267//1267 1238//1238
f 944//944 979//979 1175//1175
f 1174//1174 1019//1019 1376//1376
f 528//528 42//42 858//858
f 42//42 148//148 1221//1221
f 586//586 607//607 628//628
f 799//799 879//879 534//534
f 947//947 943//943 1457//1457
f 929//929 266//266 174//174
f 437//437 427//427 299//299
f 806//806 809//809 863//863
f 586//586 1376//1376 1019//1019
f 1163//1163 993//993 1158//1158
f 96//96 107//107 1408//1408
f 84//84 25//25 93//93
f 193//193 385//385 288//288
f 25//25 6//6 20//20
f 285//285 117//117 286//286
f 1141//1141 1155//1155 1376//1376
f 855//855 906//906 873//873
f 1345//1345 1174//1174 1155//1155
f 19//19 20//20 136//136
f 1141//1141 1275//1275 1155//1155
f 1301//1301 990//990 1133//1133
f 6//6 1460//1460 10//10
f 1400//1400 1236//1236 45//45
f 901//901 530//530 667//667
f 926//926 273//273 934//934
f 451//451 108//108 320//320
f 111//111 287//287 455//455
f 111//111 837//837 287//287
f 451//451 349//349 350//350
f 221//221 171//171 252//252
f 221//221 252//252 171//171
f 8//8 67//67 80//80
f 1262//1262 1281//1281 507//507
f 255//255 325//325 441//441
f 1452//1452 7//7 265//265
f 149//149 725//725 1239//1239
f 265//265 458//458 294//294
f 526//526 665//665 525//525
f 430//430 188//188 187//187
f 172//172 442//442 375//375
f 172//172 188//188 430//430
f 694//694 859//859 562//562
f 1185//1185 994//994 971//971
f 823//823 603//603 880//880
f 188//188 344//344 187//187
f 199//199 431//431 198//198
f 796//796 809//809 863//863
f 928//928 389//389 918//918
f 278//278 295//295 431//431
f 951//951 1035//1035 1289//1289
f 556//556 855//855 515//515
f 744//744 1241//1241 1222//1222
f 992//992 1192//1192 978//978
f 278//278 240//240 264//264
f 994//994 964//964 1166//1166
f 397//397 333//333 370//370
f 1450//1450 201//201 187//187
f 1107//1107 1384//1384 1139//1139
f 343//343 336//336 112//112
f 1183//1183 1156//1156 1375//1375
f 265//265 332//332 408//408
f 112//112 113//113 447//447
f 1246//1246 1263//1263 995//995
f 165//165 734//734 160//160
f 896//896 1143//1143 1081//1081
f 131//131 1213//1213 1394//1394
f 896//896 572//572 675//675
f 712//712 1258//1258 561//561
f 433//433 213//213 306//306
f 1258//1258 43//43 1352//1352
f 1115//1115 946//946 1379//1379
f 761//761 44//44 745//745
f 44//44 356//356 745//745
f 712//712 561//561 356//356
f 44//44 1448//1448 1306//1306
f 1320//1320 1244//1244 30//30
f 338//338 64//64 1223//1223
f 1350//1350 1299//1299 1314//1314
f 338//338 1223//1223 448//448
f 813//813 734//734 1392//1392
f 481//481 1227//1227 624//624
f 905//905 806//806 863//863
f 292//292 268//268 378//378
f 1461//1461 76//76 145//145
f 94//94 92//92 103//103
f 32//32 319//319 322//322
f 1068//1068 1010//1010 1060//1060
f 1388//1388 1436//1436 1335//1335
f 1205//1205 964//964 1077//1077
f 1150//1150 1077//1077 964//964
f 1298//1298 119//119 55//55
f 1208//1208 1205//1205 1011//1011
f 576//576 622//622 491//491
f 576//576 491//491 622//622
f 1210//1210 1045//1045 1445//1445
f 485//485 583//583 530//530
f 1208//1208 1011//1011 1010//1010
f 1199//1199 1002//1002 1060//1060
f 1199//1199 1060//1060 1082//1082
f 142//142 83//83 88//88
f 999//999 1171//1171 1196//1196
f 1302//1302 1196//1196 1171//1171
f 999//999 1196//1196 1194//1194
f 398//398 919//919 416//416
f 271//271 920//920 261//261
f 1003//1003 1082//1082 1059//1059
f 517//517 862//862 846//846
f 613//613 634//634 656//656
f 122//122 1304//1304 726//726
f 1003//1003 1076//1076 1195//1195
f 901//901 887//887 671//671
f 1337//1337 1335//1335 1436//1436
f 868//868 892//892 997//997
f 146//146 57//57 738//738
f 647//647 552//552 900//900
f 760//760 826//826 828//828
f 87//87 357//357 1459//1459
f 1082//1082 1076//1076 1060//1060
f 1082//1082 1060//1060 1076//1076
f 354//354 365//365 1279//1279
f 255//255 918//918 359//359
f 1380//1380 1115//1115 1379//1379
f 773//773 755//755 1235//1235
f 1150//1150 1061//1061 1077//1077
f 87//87 1418//1418 1414//1414
f 1184//1184 964//964 994//994
f 263//263 310//310 394//394
f 1311//1311 1111//1111 120//120
f 1184//1184 988//988 994//994
f 1184//1184 988//988 1150//1150
f 1316//1316 561//561 1258//1258
f 980//980 1179//1179 994//994
f 1186//1186 1087//1087 1094//1094
f 313//313 389//389 928//928
f 980//980 1190//1190 1179//1179
f 988//988 1179//1179 1190//1190
f 970//970 805//805 1207//1207
f 650//650 635//635 651//651
f 1185//1185 979//979 993//993
f 1282//1282 973//973 991//991
f 1238//1238 1222//1222 1241//1241
f 1158//1158 993//993 979//979
f 836//836 832//832 596//596
f 1377//1377 979//979 1280//1280
f 185//185 177//177 232//232
f 1377//1377 1268//1268 968//968
f 992//992 1377//1377 1114//1114
f 652//652 614//614 882//882
f 13//13 77//77 73//73
f 1158//1158 978//978 1190//1190
f 1163//1163 978//978 1158//1158
f 147//147 161//161 129//129
f 1074//1074 1209//1209 1163//1163
f 992//992 1163//1163 1158//1158
f 1068//1068 1002//1002 1195//1195
f 992//992 978//978 1163//1163
f 1459//1459 312//312 145//145
f 876//876 666//666 875//875
f 1158//1158 968//968 1192//1192
f 1164//1164 945//945 50//50
f 334//334 800//800 849//849
f 823//823 1437//1437 603//603
f 76//76 21//21 108//108
f 992//992 1158//1158 1192//1192
f 1192//1192 968//968 1190//1190
f 970//970 1207//1207 1042//1042
f 992//992 935//935 1268//1268
f 1192//1192 968//968 1268//1268
f 935//935 1192//1192 1268//1268
f 1154//1154 989//989 1150//1150
f 988//988 1152//1152 1170//1170
f 1176//1176 967//967 1190//1190
f 1170//1170 967//967 1176//1176
f 965//965 1170//1170 1176//1176
f 1184//1184 1011//1011 1205//1205
f 1347//1347 1369//1369 1045//1045
f 1162//1162 995//995 1089//1089
f 506//506 859//859 778//778
f 169//169 723//723 731//731
f 142//142 1414//1414 1409//1409
f 1206//1206 1070//1070 1009//1009
f 907//907 867//867 553//553
f 560//560 258//258 402//402
f 1159//1159 1166//1166 991//991
f 1159//1159 971//971 1185//1185
f 1434//1434 711//711 64//64
f 1185//1185 980//980 1153//1153
f 1185//1185 1153//1153 980//980
f 273//273 921//921 934//934
f 395//395 289//289 414//414
f 549//549 784//784 548//548
f 927//927 366//366 397//397
f 939//939 1017//1017 1005//1005
f 841//841 635//635 587//587
f 14//14 10//10 66//66
f 1193//1193 1005//1005 1085//1085
f 1193//1193 1085//1085 1318//1318
f 895//895 687//687 893//893
f 1038//1038 1318//1318 1017//1017
f 1379//1379 944//944 1188//1188
f 497//497 563//563 676//676
f 1378//1378 1084//1084 963//963
f 641//641 595//595 535//535
f 992//992 1268//1268 1377//1377
f 271//271 417//417 279//279
f 810//810 782//782 563//563
f 676//676 563//563 782//782
f 1120//1120 1021//1021 1125//1125
f 835//835 599//599 593//593
f 565//565 755//755 628//628
f 472//472 569//569 497//497
f 810//810 535//535 871//871
f 526//526 521//521 850//850
f 388//388 369//369 205//205
f 449//449 330//330 457//457
f 743//743 829//829 56//56
f 1074//1074 1092//1092 1209//1209
f 1027//1027 1160//1160 1285//1285
f 857//857 535//535 595//595
f 472//472 782//782 571//571
f 722//722 1431//1431 1216//1216
f 175//175 376//376 283//283
f 174//174 930//930 248//248
f 724//724 527//527 707//707
f 469//469 569//569 571//571
f 796//796 863//863 857//857
f 1325//1325 1140//1140 1049//1049
f 155//155 729//729 805//805
f 1294//1294 1439//1439 983//983
f 480//480 625//625 576//576
f 727//727 1234//1234 822//822
f 806//806 862//862 541//541
f 446//446 112//112 352//352
f 660//660 648//648 629//629
f 142//142 1409//1409 90//90
f 272//272 416//416 919//919
f 517//517 469//469 541//541
f 469//469 595//595 569//569
f 471//471 570//570 477//477
f 834//834 595//595 469//469
f 324//324 188//188 317//317
f 1006//1006 1146//1146 969//969
f 749//749 1216//1216 1431//1431
f 1064//1064 1080//1080 982//982
f 165//165 718//718 159//159
f 531//531 881//881 530//530
f 165//165 159//159 734//734
f 560//560 402//402 384//384
f 716//716 160//160 159//159
f 733//733 165//165 160//160
f 823//823 756//756 1437//1437
f 1247//1247 1425//1425 1304//1304
f 828//828 733//733 160//160
f 736//736 1217//1217 1395//1395
f 742//742 759//759 770//770
f 733//733 716//716 737//737
f 1452//1452 438//438 1417//1417
f 1234//1234 866//866 822//822
f 1422//1422 1438//1438 1356//1356
f 362//362 274//274 340//340
f 23//23 1139//1139 1333//1333
f 1387//1387 1256//1256 1445//1445
f 772//772 624//624 1227//1227
f 772//772 1227//1227 624//624
f 176//176 246//246 249//249
f 742//742 1213//1213 131//131
f 703//703 1396//1396 819//819
f 475//475 574//574 787//787
f 1199//1199 999//999 1002//1002
f 480//480 573//573 797//797
f 1320//1320 1275//1275 1093//1093
f 1107//1107 1108//1108 1384//1384
f 736//736 1394//1394 1217//1217
f 963//963 1110//1110 1023//1023
f 758//758 165//165 1243//1243
f 709//709 1243//1243 37//37
f 35//35 429//429 224//224
f 1063//1063 1062//1062 998//998
f 1063//1063 1097//1097 1075//1075
f 1063//1063 1075//1075 1098//1098
f 1002//1002 1194//1194 1001//1001
f 1146//1146 1370//1370 1182//1182
f 1202//1202 1063//1063 1098//1098
f 338//338 115//115 1434//1434
f 992//992 1192//1192 935//935
f 1015//1015 1202//1202 1098//1098
f 346//346 201//201 32//32
f 242//242 402//402 368//368
f 1353//1353 1078//1078 1064//1064
f 29//29 1064//1064 1295//1295
f 421//421 417//417 422//422
f 1199//1199 960//960 999//999
f 733//733 131//131 160//160
f 982//982 1080//1080 1145//1145
f 144//144 95//95 139//139
f 620//620 476//476 512//512
f 47//47 77//77 13//13
f 1294//1294 983//983 1441//1441
f 1145//1145 983//983 1439//1439
f 1028//1028 1131//1131 1046//1046
f 1028//1028 1046//1046 1131//1131
f 703//703 702//702 40//40
f 703//703 40//40 702//702
f 1064//1064 1078//1078 1062//1062
f 1064//1064 1062//1062 1079//1079
f 1064//1064 1079//1079 1080//1080
f 760//760 779//779 768//768
f 172//172 375//375 188//188
f 775//775 879//879 799//799
f 1461//1461 312//312 276//276
f 703//703 41//41 704//704
f 1065//1065 1079//1079 1062//1062
f 1000//1000 1062//1062 1063//1063
f 1065//1065 1062//1062 1083//1083
f 1083//1083 1062//1062 1000//1000
f 896//896 874//874 1143//1143
f 486//486 667//667 860//860
f 1101//1101 1269//1269 1366//1366
f 1015//1015 962//962 1201//1201
f 1004//1004 1065//1065 1202//1202
f 1433//1433 768//768 56//56
f 882//882 530//530 583//583
f 1004//1004 1201//1201 1198//1198
f 1065//1065 1145//1145 1080//1080
f 1065//1065 986//986 1145//1145
f 1004//1004 1177//1177 986//986
f 958//958 1177//1177 1198//1198
f 1004//1004 986//986 1065//1065
f 1178//1178 957//957 1177//1177
f 1234//1234 63//63 866//866
f 1441//1441 983//983 1142//1142
f 955//955 983//983 1151//1151
f 955//955 1151//1151 983//983
f 714//714 765//765 1428//1428
f 1197//1197 1009//1009 1088//1088
f 361//361 462//462 331//331
f 1178//1178 1151//1151 957//957
f 23//23 1333//1333 1410//1410
f 1073//1073 1024//1024 841//841
f 510//510 634//634 654//654
f 1212//1212 1097//1097 1144//1144
f 532//532 668//668 904//904
f 341//341 325//325 102//102
f 1407//1407 89//89 22//22
f 1015//1015 966//966 1173//1173
f 361//361 328//328 326//326
f 73//73 77//77 136//136
f 132//132 941//941 1390//1390
f 1100//1100 1368//1368 1455//1455
f 941//941 1292//1292 1390//1390
f 74//74 26//26 69//69
f 1364//1364 937//937 1274//1274
f 1106//1106 1364//1364 1099//1099
f 649//649 612//612 507//507
f 1106//1106 937//937 1364//1364
f 1317//1317 1140//1140 1124//1124
f 1326//1326 1382//1382 1099//1099
f 285//285 329//329 408//408
f 1183//1183 1357//1357 1156//1156
f 1106//1106 1099//1099 1382//1382
f 497//497 641//641 535//535
f 1317//1317 1040//1040 1140//1140
f 1014//1014 1130//1130 1129//1129
f 707//707 611//611 775//775
f 587//587 554//554 856//856
f 23//23 1107//1107 1139//1139
f 954//954 1020//1020 1128//1128
f 954//954 1128//1128 1020//1020
f 1004//1004 1198//1198 1177//1177
f 758//758 1243//1243 709//709
f 578//578 481//481 576//576
f 1459//1459 145//145 7//7
f 556//556 600//600 843//843
f 480//480 623//623 479//479
f 1227//1227 491//491 624//624
f 297//297 401//401 417//417
f 481//481 491//491 772//772
f 986//986 983//983 1145//1145
f 514//514 493//493 501//501
f 1148//1148 1260//1260 1039//1039
f 532//532 862//862 668//668
f 59//59 509//509 667//667
f 551//551 797//797 898//898
f 410//410 261//261 920//920
f 734//734 159//159 160//160
f 406//406 425//425 261//261
f 268//268 399//399 420//420
f 406//406 261//261 410//410
f 271//271 921//921 459//459
f 1274//1274 1292//1292 941//941
f 475//475 787//787 678//678
f 475//475 592//592 593//593
f 1195//1195 1002//1002 1001//1001
f 466//466 273//273 387//387
f 466//466 387//387 273//273
f 404//404 423//423 308//308
f 1056//1056 1037//1037 1330//1330
f 373//373 922//922 221//221
f 158//158 754//754 700//700
f 158//158 700//700 754//754
f 185//185 242//242 177//177
f 1266//1266 1426//1426 1383//1383
f 12//12 909//909 1412//1412
f 268//268 420//420 917//917
f 127//127 126//126 740//740
f 2//2 909//909 12//12
f 181//181 252//252 924//924
f 361//361 345//345 328//328
f 878//878 503//503 1431//1431
f 1030//1030 1325//1325 1049//1049
f 517//517 541//541 862//862
f 1354//1354 940//940 1021//1021
f 605//605 671//671 887//887
f 405//405 262//262 425//425
f 405//405 425//425 262//262
f 396//396 925//925 413//413
f 195//195 934//934 425//425
f 257//257 254//254 219//219
f 195//195 439//439 217//217
f 488//488 632//632 802//802
f 176//176 382//382 246//246
f 803//803 806//806 674//674
f 277//277 390//390 414//414
f 213//213 418//418 336//336
f 1132//1132 51//51 647//647
f 211//211 248//248 379//379
f 734//734 37//37 1243//1243
f 639//639 493//493 512//512
f 842//842 613//613 511//511
f 390//390 933//933 414//414
f 433//433 192//192 213//213
f 834//834 796//796 857//857
f 1330//1330 1034//1034 1138//1138
f 207//207 256//256 182//182
f 1365//1365 1121//1121 1293//1293
f 250//250 273//273 934//934
f 949//949 1293//1293 1121//1121
f 560//560 659//659 1363//1363
f 640//640 896//896 1331//1331
f 828//828 165//165 733//733
f 492//492 504//504 591//591
f 283//283 226//226 464//464
f 362//362 114//114 931//931
f 836//836 602//602 601//601
f 1360//1360 1160//1160 1322//1322
f 1043//1043 1096//1096 1047//1047
f 390//390 468//468 219//219
f 140//140 144//144 1458//1458
f 1030//1030 1134//1134 1140//1140
f 114//114 362//362 118//118
f 472//472 889//889 782//782
f 1288//1288 1119//1119 1374//1374
f 415//415 32//32 428//428
f 364//364 370//370 112//112
f 1292//1292 1383//1383 1390//1390
f 247//247 248//248 210//210
f 363//363 340//340 365//365
f 2//2 12//12 15//15
f 222//222 388//388 234//234
f 112//112 336//336 118//118
f 140//140 11//11 83//83
f 1032//1032 1140//1140 1134//1134
f 1377//1377 1158//1158 979//979
f 687//687 625//625 502//502
f 388//388 467//467 387//387
f 15//15 12//12 24//24
f 183//183 933//933 219//219
f 797//797 794//794 680//680
f 405//405 423//423 425//425
f 853//853 524//524 666//666
f 876//876 524//524 666//666
f 234//234 466//466 273//273
f 528//528 858//858 603//603
f 710//710 829//829 757//757
f 183//183 219//219 254//254
f 195//195 197//197 311//311
f 1220//1220 474//474 577//577
f 258//258 422//422 298//298
f 952//952 954//954 1291//1291
f 96//96 318//318 33//33
f 180//180 252//252 181//181
f 1//1 73//73 4//4
f 180//180 257//257 220//220
f 180//180 220//220 257//257
f 234//234 180//180 251//251
f 234//234 251//251 180//180
f 869//869 694//694 99//99
f 1254//1254 1387//1387 1204//1204
f 250//250 179//179 178//178
f 1434//1434 115//115 780//780
f 1301//1301 1133//1133 1283//1283
f 544//544 784//784 577//577
f 991//991 1166//1166 1069//1069
f 1332//1332 1139//1139 1384//1384
f 1389//1389 1301//1301 1283//1283
f 650//650 651//651 604//604
f 1172//1172 1171//1171 960//960
f 484//484 603//603 58//58
f 589//589 61//61 886//886
f 426//426 425//425 406//406
f 952//952 953//953 1290//1290
f 432//432 280//280 378//378
f 1241//1241 58//58 1242//1242
f 1136//1136 1037//1037 1057//1057
f 1144//1144 1347//1347 46//46
f 1056//1056 1330//1330 1036//1036
f 592//592 493//493 593//593
f 1137//1137 1332//1332 1138//1138
f 742//742 131//131 733//733
f 590//590 780//780 636//636
f 98//98 33//33 335//335
f 1330//1330 1138//1138 1055//1055
f 977//977 1288//1288 1165//1165
f 639//639 512//512 638//638
f 525//525 875//875 853//853
f 525//525 853//853 875//875
f 951//951 950//950 1287//1287
f 243//243 1174//1174 1345//1345
f 487//487 509//509 584//584
f 480//480 623//623 498//498
f 480//480 498//498 623//623
f 334//334 453//453 800//800
f 364//364 112//112 118//118
f 893//893 696//696 795//795
f 465//465 239//239 216//216
f 528//528 1237//1237 42//42
f 147//147 771//771 765//765
f 403//403 380//380 928//928
f 1261//1261 1110//1110 48//48
f 480//480 625//625 623//623
f 948//948 949//949 1286//1286
f 1068//1068 1089//1089 995//995
f 897//897 685//685 666//666
f 913//913 303//303 227//227
f 972//972 1209//1209 1013//1013
f 54//54 1314//1314 1340//1340
f 185//185 225//225 242//242
f 1118//1118 1266//1266 1383//1383
f 811//811 788//788 566//566
f 578//578 594//594 514//514
f 865//865 130//130 708//708
f 766//766 333//333 397//397
f 207//207 236//236 256//256
f 685//685 781//781 788//788
f 1326//1326 1050//1050 1382//1382
f 1095//1095 672//672 693//693
f 834//834 469//469 796//796
f 1285//1285 1160//1160 1350//1350
f 514//514 501//501 579//579
f 1389//1389 1265//1265 1339//1339
f 339//339 356//356 345//345
f 339//339 116//116 448//448
f 568//568 764//764 1228//1228
f 328//328 345//345 99//99
f 1288//1288 1374//1374 1165//1165
f 115//115 116//116 456//456
f 1113//1113 1087//1087 1012//1012
f 620//620 789//789 476//476
f 356//356 36//36 99//99
f 659//659 1096//1096 976//976
f 1316//1316 1258//1258 53//53
f 162//162 713//713 824//824
f 8//8 80//80 79//79
f 1068//1068 995//995 1071//1071
f 269//269 307//307 463//463
f 805//805 729//729 1403//1403
f 660//660 780//780 606//606
f 1316//1316 166//166 869//869
f 913//913 290//290 303//303
f 1146//1146 996//996 1370//1370
f 479//479 579//579 625//625
f 466//466 387//387 467//467
f 164//164 732//732 731//731
f 456//456 808//808 115//115
f 590//590 636//636 629//629
f 1108//1108 1368//1368 1374//1374
f 1422//1422 837//837 1438//1438
f 1351//1351 830//830 780//780
f 388//388 205//205 460//460
f 842//842 657//657 886//886
f 347//347 403//403 101//101
f 167//167 731//731 721//721
f 309//309 440//440 196//196
f 992//992 1158//1158 1114//1114
f 363//363 362//362 340//340
f 1316//1316 99//99 561//561
f 560//560 391//391 258//258
f 1044//1044 1094//1094 1323//1323
f 309//309 182//182 256//256
f 1403//1403 729//729 534//534
f 230//230 249//249 246//246
f 1284//1284 1378//1378 1381//1381
f 75//75 1416//1416 72//72
f 776//776 354//354 1240//1240
f 1420//1420 1340//1340 1029//1029
f 420//420 435//435 917//917
f 968//968 1153//1153 979//979
f 968//968 979//979 1153//1153
f 1117//1117 1116//1116 1257//1257
f 586//586 534//534 769//769
f 683//683 638//638 512//512
f 766//766 837//837 333//333
f 489//489 482//482 658//658
f 708//708 829//829 710//710
f 1378//1378 975//975 997//997
f 1387//1387 1305//1305 1256//1256
f 1379//1379 1282//1282 1094//1094
f 1158//1158 968//968 1190//1190
f 1158//1158 1190//1190 968//968
f 364//364 454//454 370//370
f 1044//1044 1323//1323 1282//1282
f 472//472 619//619 889//889
f 151//151 135//135 777//777
f 219//219 468//468 237//237
f 1028//1028 1046//1046 1282//1282
f 1028//1028 1282//1282 1046//1046
f 1282//1282 1161//1161 973//973
f 1044//1044 1282//1282 991//991
f 233//233 385//385 193//193
f 15//15 9//9 18//18
f 95//95 90//90 137//137
f 233//233 384//384 385//385
f 1415//1415 86//86 1457//1457
f 605//605 868//868 671//671
f 1383//1383 1426//1426 1390//1390
f 106//106 24//24 1412//1412
f 233//233 152//152 1225//1225
f 659//659 490//490 649//649
f 475//475 593//593 599//599
f 907//907 659//659 867//867
f 1136//1136 1411//1411 27//27
f 833//833 473//473 646//646
f 242//242 385//385 402//402
f 426//426 406//406 410//410
f 841//841 1321//1321 581//581
f 688//688 554//554 530//530
f 233//233 1225//1225 713//713
f 659//659 976//976 1341//1341
f 269//269 463//463 930//930
f 474//474 784//784 544//544
f 586//586 769//769 1388//1388
f 180//180 221//221 252//252
f 1359//1359 1314//1314 1222//1222
f 1092//1092 1013//1013 1209//1209
f 1111//1111 705//705 120//120
f 691//691 802//802 804//804
f 31//31 1420//1420 1066//1066
f 1238//1238 1338//1338 1359//1359
f 292//292 232//232 399//399
f 1283//1283 1457//1457 86//86
f 1378//1378 1284//1284 975//975
f 1252//1252 1181//1181 1244//1244
f 1278//1278 1381//1381 1029//1029
f 906//906 903//903 883//883
f 175//175 224//224 319//319
f 568//568 494//494 764//764
f 1225//1225 767//767 824//824
f 1284//1284 1130//1130 1014//1014
f 316//316 800//800 341//341
f 730//730 1351//1351 762//762
f 974//974 1095//1095 1284//1284
f 895//895 893//893 696//696
f 1164//1164 50//50 1348//1348
f 1354//1354 1441//1441 1308//1308
f 446//446 327//327 343//343
f 85//85 1157//1157 141//141
f 842//842 585//585 509//509
f 1210//1210 1259//1259 1297//1297
f 323//323 352//352 837//837
f 929//929 267//267 266//266
f 970//970 900//900 805//805
f 922//922 259//259 171//171
f 922//922 171//171 259//259
f 842//842 509//509 613//613
f 975//975 671//671 997//997
f 1014//1014 1129//1129 1072//1072
f 538//538 782//782 810//810
f 373//373 221//221 206//206
f 257//257 221//221 220//220
f 131//131 736//736 160//160
f 1458//1458 86//86 11//11
f 1458//1458 139//139 1045//1045
f 498//498 622//622 505//505
f 897//897 686//686 685//685
f 1349//1349 1312//1312 1262//1262
f 1312//1312 1321//1321 1113//1113
f 564//564 492//492 591//591
f 1141//1141 1093//1093 1275//1275
f 717//717 860//860 509//509
f 1351//1351 1249//1249 830//830
f 823//823 880//880 527//527
f 932//932 266//266 267//267
f 364//364 118//118 362//362
f 275//275 409//409 424//424
f 1340//1340 1314//1314 1278//1278
f 141//141 1157//1157 1204//1204
f 6//6 10//10 20//20
f 947//947 1457//1457 1283//1283
f 263//263 394//394 411//411
f 869//869 166//166 559//559
f 1368//1368 89//89 1455//1455
f 1415//1415 11//11 86//86
f 984//984 1175//1175 1153//1153
f 984//984 1153//1153 1175//1175
f 1205//1205 1077//1077 1010//1010
f 605//605 585//585 658//658
f 70//70 71//71 82//82
f 973//973 944//944 991//991
f 1448//1448 1249//1249 1351//1351
f 135//135 53//53 1300//1300
f 151//151 746//746 135//135
f 732//732 820//820 1398//1398
f 546//546 666//666 524//524
f 761//761 64//64 711//711
f 318//318 807//807 456//456
f 106//106 26//26 1413//1413
f 1434//1434 830//830 711//711
f 711//711 1249//1249 1448//1448
f 334//334 34//34 453//453
f 1006//1006 969//969 1276//1276
f 1349//1349 134//134 1312//1312
f 106//106 1412//1412 320//320
f 21//21 69//69 108//108
f 1379//1379 1094//1094 1087//1087
f 277//277 414//414 289//289
f 703//703 814//814 1396//1396
f 1028//1028 1131//1131 1094//1094
f 637//637 635//635 841//841
f 186//186 306//306 911//911
f 19//19 25//25 20//20
f 1377//1377 1114//1114 1158//1158
f 785//785 519//519 539//539
f 992//992 1074//1074 1163//1163
f 196//196 302//302 200//200
f 1354//1354 1308//1308 123//123
f 972//972 1013//1013 1011//1011
f 425//425 262//262 934//934
f 425//425 934//934 262//262
f 1162//1162 1208//1208 1189//1189
f 1162//1162 1089//1089 1208//1208
f 1311//1311 969//969 1111//1111
f 247//247 267//267 929//929
f 1379//1379 973//973 1161//1161
f 247//247 210//210 228//228
f 759//759 757//757 829//829
f 1245//1245 1421//1421 1066//1066
f 1379//1379 1073//1073 1072//1072
f 932//932 305//305 306//306
f 1379//1379 1072//1072 944//944
f 1002//1002 999//999 1194//1194
f 578//578 622//622 481//481
f 1316//1316 135//135 65//65
f 1452//1452 265//265 208//208
f 1048//1048 1134//1134 1030//1030
f 1246//1246 1360//1360 1255//1255
f 712//712 43//43 1258//1258
f 1282//1282 1046//1046 1094//1094
f 1267//1267 1370//1370 1336//1336
f 62//62 742//742 779//779
f 1026//1026 1094//1094 1044//1044
f 727//727 822//822 710//710
f 1026//1026 1008//1008 1094//1094
f 626//626 496//496 1219//1219
f 1116//1116 1088//1088 1071//1071
f 1256//1256 1265//1265 1296//1296
f 662//662 798//798 690//690
f 894//894 677//677 893//893
f 894//894 893//893 677//677
f 1206//1206 1008//1008 1091//1091
f 1091//1091 991//991 1069//1069
f 570//570 790//790 540//540
f 1115//1115 1282//1282 946//946
f 662//662 690//690 904//904
f 85//85 17//17 71//71
f 839//839 486//486 604//604
f 577//577 626//626 1219//1219
f 1255//1255 1341//1341 1257//1257
f 772//772 491//491 1227//1227
f 669//669 906//906 883//883
f 714//714 45//45 763//763
f 214//214 227//227 209//209
f 177//177 307//307 435//435
f 463//463 307//307 436//436
f 685//685 872//872 666//666
f 463//463 436//436 379//379
f 724//724 707//707 775//775
f 605//605 584//584 585//585
f 200//200 310//310 182//182
f 382//382 249//249 298//298
f 729//729 769//769 534//534
f 869//869 559//559 694//694
f 277//277 461//461 390//390
f 594//594 593//593 493//493
f 1261//1261 1023//1023 1110//1110
f 188//188 380//380 355//355
f 77//77 1244//1244 19//19
f 806//806 668//668 862//862
f 1435//1435 1405//1405 65//65
f 199//199 441//441 240//240
f 1330//1330 1136//1136 1137//1137
f 1057//1057 1416//1416 1334//1334
f 1007//1007 942//942 1022//1022
f 996//996 1211//1211 1164//1164
f 876//876 854//854 524//524
f 711//711 830//830 1249//1249
f 758//758 718//718 165//165
f 1305//1305 1343//1343 1207//1207
f 859//859 824//824 778//778
f 806//806 782//782 538//538
f 1255//1255 1116//1116 1263//1263
f 605//605 658//658 868//868
f 31//31 1267//1267 1420//1420
f 669//669 860//860 884//884
f 57//57 645//645 738//738
f 594//594 493//493 476//476
f 506//506 189//189 326//326
f 80//80 4//4 73//73
f 803//803 674//674 905//905
f 233//233 215//215 152//152
f 1210//1210 1265//1265 1458//1458
f 942//942 1357//1357 1423//1423
f 586//586 1388//1388 1376//1376
f 547//547 689//689 822//822
f 199//199 255//255 441//441
f 531//531 584//584 902//902
f 1446//1446 1262//1262 1312//1312
f 297//297 281//281 114//114
f 1183//1183 1112//1112 1358//1358
f 374//374 221//221 468//468
f 1067//1067 143//143 943//943
f 605//605 902//902 584//584
f 1358//1358 121//121 71//71
f 540//540 477//477 470//470
f 94//94 1454//1454 1406//1406
f 649//649 630//630 612//612
f 1068//1068 1197//1197 1009//1009
f 133//133 1//1 1417//1417
f 1158//1158 979//979 1280//1280
f 149//149 827//827 61//61
f 70//70 68//68 71//71
f 890//890 891//891 790//790
f 890//890 790//790 891//891
f 514//514 493//493 594//594
f 514//514 594//594 493//493
f 915//915 236//236 217//217
f 775//775 611//611 879//879
f 1411//1411 1334//1334 1416//1416
f 580//580 724//724 773//773
f 282//282 434//434 271//271
f 1451//1451 353//353 104//104
f 963//963 1019//1019 1174//1174
f 1107//1107 1368//1368 1108//1108
f 1337//1337 1315//1315 1335//1335
f 200//200 412//412 310//310
f 565//565 607//607 537//537
f 868//868 658//658 482//482
f 545//545 891//891 682//682
f 1311//1311 1348//1348 50//50
f 1348//1348 120//120 1240//1240
f 245//245 227//227 303//303
f 603//603 858//858 880//880
f 775//775 799//799 755//755
f 1044//1044 991//991 1008//1008
f 331//331 335//335 33//33
f 155//155 805//805 61//61
f 462//462 326//326 189//189
f 95//95 141//141 1204//1204
f 899//899 685//685 888//888
f 899//899 888//888 685//685
f 1313//1313 1360//1360 1322//1322
f 575//575 545//545 682//682
f 575//575 682//682 545//545
f 441//441 325//325 34//34
f 716//716 124//124 737//737
f 134//134 581//581 1321//1321
f 1246//1246 1255//1255 1263//1263
f 731//731 751//751 1233//1233
f 282//282 271//271 296//296
f 95//95 1204//1204 1387//1387
f 485//485 530//530 801//801
f 95//95 1387//1387 1445//1445
f 1420//1420 1267//1267 756//756
f 485//485 801//801 587//587
f 459//459 460//460 371//371
f 894//894 677//677 504//504
f 894//894 504//504 677//677
f 130//130 581//581 134//134
f 767//767 189//189 778//778
f 526//526 850//850 522//522
f 759//759 728//728 757//757
f 63//63 657//657 866//866
f 195//195 217//217 179//179
f 842//842 886//886 585//585
f 818//818 499//499 1429//1429
f 818//818 1429//1429 499//499
f 615//615 1224//1224 489//489
f 346//346 437//437 201//201
f 556//556 488//488 802//802
f 1446//1446 1012//1012 1187//1187
f 1447//1447 1187//1187 1362//1362
f 922//922 252//252 171//171
f 476//476 592//592 789//789
f 375//375 928//928 380//380
f 906//906 691//691 903//903
f 52//52 71//71 68//68
f 442//442 351//351 284//284
f 1156//1156 1357//1357 1007//1007
f 1280//1280 979//979 944//944
f 1103//1103 954//954 1020//1020
f 188//188 355//355 444//444
f 297//297 418//418 401//401
f 1191//1191 1016//1016 950//950
f 669//669 884//884 861//861
f 1340//1340 1278//1278 1029//1029
f 218//218 178//178 236//236
f 763//763 1236//1236 765//765
f 688//688 672//672 885//885
f 1350//1350 1160//1160 1299//1299
f 130//130 134//134 122//122
f 1220//1220 60//60 1218//1218
f 233//233 193//193 215//215
f 1092//1092 1360//1360 1246//1246
f 509//509 860//860 667//667
f 101//101 337//337 363//363
f 213//213 336//336 343//343
f 165//165 734//734 1243//1243
f 1252//1252 1386//1386 1181//1181
f 908//908 627//627 492//492
f 908//908 492//492 627//627
f 585//585 584//584 509//509
f 304//304 912//912 244//244
f 947//947 1283//1283 1133//1133
f 266//266 306//306 464//464
f 459//459 921//921 372//372
f 1092//1092 1130//1130 1278//1278
f 743//743 759//759 829//829
f 963//963 1084//1084 1019//1019
f 934//934 921//921 261//261
f 348//348 97//97 352//352
f 1186//1186 28//28 1362//1362
f 463//463 248//248 930//930
f 615//615 827//827 1239//1239
f 1423//1423 1253//1253 93//93
f 1159//1159 994//994 1090//1090
f 283//283 214//214 226//226
f 795//795 550//550 898//898
f 76//76 108//108 451//451
f 588//588 616//616 510//510
f 1164//1164 1348//1348 1240//1240
f 466//466 460//460 372//372
f 688//688 530//530 901//901
f 1450//1450 455//455 212//212
f 1443//1443 706//706 1221//1221
f 876//876 519//519 848//848
f 440//440 914//914 305//305
f 1159//1159 1069//1069 991//991
f 1315//1315 1388//1388 1335//1335
f 615//615 658//658 585//585
f 1112//1112 121//121 1358//1358
f 1337//1337 1339//1339 1315//1315
f 158//158 754//754 753//753
f 158//158 753//753 754//754
f 1254//1254 1157//1157 1042//1042
f 1024//1024 1113//1113 1321//1321
f 175//175 213//213 35//35
f 1092//1092 1278//1278 1299//1299
f 433//433 305//305 192//192
f 1024//1024 1087//1087 1113//1113
f 394//394 923//923 412//412
f 200//200 393//393 412//412
f 361//361 326//326 462//462
f 1446//1446 1113//1113 1012//1012
f 725//725 552//552 1237//1237
f 481//481 491//491 576//576
f 1095//1095 693//693 671//671
f 1261//1261 1356//1356 1310//1310
f 766//766 838//838 776//776
f 271//271 434//434 305//305
f 317//317 188//188 444//444
f 1399//1399 820//820 723//723
f 821//821 723//723 1398//1398
f 376//376 377//377 290//290
f 409//409 350//350 314//314
f 201//201 428//428 32//32
f 385//385 384//384 402//402
f 1214//1214 129//129 495//495
f 1197//1197 1008//1008 1009//1009
f 970//970 1375//1375 900//900
f 396//396 933//933 263//263
f 1336//1336 1285//1285 1338//1338
f 1183//1183 1375//1375 1112//1112
f 762//762 1351//1351 780//780
f 1318//1318 1005//1005 1123//1123
f 1331//1331 896//896 1081//1081
f 1015//1015 1098//1098 1075//1075
f 572//572 601//601 608//608
f 149//149 900//900 725//725
f 683//683 681//681 638//638
f 250//250 934//934 179//179
f 465//465 172//172 239//239
f 526//526 851//851 521//521
f 526//526 521//521 851//851
f 1349//1349 122//122 134//134
f 358//358 329//329 312//312
f 894//894 638//638 681//681
f 231//231 247//247 228//228
f 1073//1073 974//974 1072//1072
f 1104//1104 1373//1373 938//938
f 1238//1238 1241//1241 1401//1401
f 1401//1401 1242//1242 1437//1437
f 640//640 513//513 572//572
f 526//526 877//877 850//850
f 526//526 850//850 877//877
f 101//101 431//431 337//337
f 847//847 1231//1231 521//521
f 1188//1188 944//944 973//973
f 708//708 130//130 726//726
f 708//708 710//710 822//822
f 710//710 757//757 826//826
f 1309//1309 1148//1148 1039//1039
f 1388//1388 1093//1093 1376//1376
f 1154//1154 1150//1150 988//988
f 915//915 256//256 236//236
f 1006//1006 945//945 1211//1211
f 295//295 419//419 431//431
f 528//528 1432//1432 1237//1237
f 803//803 865//865 689//689
f 1200//1200 1440//1440 1260//1260
f 242//242 436//436 307//307
f 1091//1091 1070//1070 1009//1009
f 655//655 656//656 634//634
f 578//578 514//514 579//579
f 1361//1361 1305//1305 1207//1207
f 163//163 150//150 1424//1424
f 1162//1162 1189//1189 1246//1246
f 465//465 409//409 172//172
f 977//977 1191//1191 950//950
f 1443//1443 1386//1386 1361//1361
f 1028//1028 1323//1323 1131//1131
f 1028//1028 1131//1131 1323//1323
f 1452//1452 1418//1418 87//87
f 824//824 767//767 778//778
f 292//292 378//378 280//280
f 556//556 843//843 588//588
f 736//736 1395//1395 160//160
f 1309//1309 1039//1039 1440//1440
f 1077//1077 1076//1076 1060//1060
f 676//676 535//535 563//563
f 676//676 563//563 535//535
f 915//915 311//311 440//440
f 443//443 398//398 376//376
f 133//133 1155//1155 47//47
f 218//218 180//180 251//251
f 1417//1417 16//16 1452//1452
f 98//98 107//107 96//96
f 454//454 362//362 337//337
f 1111//1111 969//969 1182//1182
f 278//278 264//264 927//927
f 913//913 227//227 290//290
f 557//557 691//691 906//906
f 1041//1041 1373//1373 1319//1319
f 213//213 343//343 321//321
f 825//825 1247//1247 1304//1304
f 1074//1074 1129//1129 1092//1092
f 1361//1361 1203//1203 1093//1093
f 202//202 460//460 223//223
f 640//640 1331//1331 513//513
f 949//949 1106//1106 1286//1286
f 191//191 290//290 377//377
f 722//722 1216//1216 523//523
f 519//519 815//815 539//539
f 1169//1169 981//981 1149//1149
f 277//277 289//289 461//461
f 1311//1311 50//50 1276//1276
f 744//744 1222//1222 1239//1239
f 1311//1311 1276//1276 969//969
f 1202//1202 1083//1083 1000//1000
f 446//446 321//321 327//327
f 351//351 909//909 284//284
f 74//74 69//69 15//15
f 620//620 890//890 789//789
f 115//115 448//448 116//116
f 745//745 356//356 448//448
f 394//394 412//412 393//393
f 117//117 76//76 451//451
f 1220//1220 577//577 1219//1219
f 127//127 1393//1393 753//753
f 127//127 753//753 1393//1393
f 758//758 1229//1229 718//718
f 836//836 845//845 602//602
f 492//492 627//627 504//504
f 908//908 492//492 812//812
f 908//908 812//812 492//492
f 1094//1094 1131//1131 1323//1323
f 1349//1349 1262//1262 135//135
f 1053//1053 1018//1018 1054//1054
f 1452//1452 87//87 1459//1459
f 803//803 668//668 806//806
f 131//131 154//154 736//736
f 513//513 621//621 572//572
f 475//475 574//574 593//593
f 1214//1214 495//495 685//685
f 1309//1309 1372//1372 1346//1346
f 287//287 270//270 455//455
f 688//688 885//885 554//554
f 761//761 745//745 1223//1223
f 932//932 267//267 305//305
f 1361//1361 1093//1093 1305//1305
f 185//185 232//232 225//225
f 796//796 469//469 846//846
f 263//263 253//253 310//310
f 1414//1414 1418//1418 1409//1409
f 338//338 1434//1434 64//64
f 803//803 798//798 865//865
f 272//272 304//304 190//190
f 1167//1167 1180//1180 1058//1058
f 1116//1116 995//995 1263//1263
f 615//615 585//585 886//886
f 1250//1250 1363//1363 1264//1264
f 823//823 482//482 756//756
f 1377//1377 1280//1280 1072//1072
f 231//231 228//228 271//271
f 689//689 673//673 904//904
f 400//400 381//381 293//293
f 926//926 387//387 273//273
f 926//926 273//273 387//387
f 440//440 911//911 302//302
f 168//168 169//169 167//167
f 1015//1015 1201//1201 1202//1202
f 607//607 1019//1019 892//892
f 905//905 674//674 806//806
f 761//761 1223//1223 64//64
f 1015//1015 1173//1173 962//962
f 174//174 266//266 209//209
f 142//142 88//88 91//91
f 839//839 583//583 486//486
f 1137//1137 1333//1333 1139//1139
f 556//556 588//588 488//488
f 334//334 849//849 264//264
f 878//878 478//478 503//503
f 441//441 34//34 240//240
f 1050//1050 1286//1286 1382//1382
f 186//186 440//440 305//305
f 890//890 681//681 683//683
f 742//742 737//737 124//124
f 163//163 1424//1424 1247//1247
f 996//996 1164//1164 1027//1027
f 652//652 860//860 632//632
f 1349//1349 1351//1351 122//122
f 1419//1419 49//49 1421//1421
f 1184//1184 994//994 1179//1179
f 437//437 346//346 427//427
f 859//859 559//559 824//824
f 806//806 532//532 809//809
f 91//91 143//143 138//138
f 81//81 18//18 1462//1462
f 271//271 246//246 382//382
f 95//95 137//137 141//141
f 162//162 1402//1402 553//553
f 1186//1186 1012//1012 1087//1087
f 868//868 482//482 527//527
f 1261//1261 1310//1310 1245//1245
f 1158//1158 968//968 979//979
f 1158//1158 979//979 968//968
f 62//62 1213//1213 742//742
f 395//395 414//414 413//413
f 736//736 154//154 1394//1394
f 245//245 209//209 227//227
f 1226//1226 762//762 780//780
f 80//80 73//73 136//136
f 1298//1298 1058//1058 1180//1180
f 146//146 738//738 597//597
f 653//653 654//654 634//634
f 1235//1235 755//755 565//565
f 1441//1441 1021//1021 1120//1120
f 94//94 137//137 92//92
f 60//60 1430//1430 765//765
f 60//60 765//765 1430//1430
f 1126//1126 1128//1128 1319//1319
f 1331//1331 1126//1126 513//513
f 318//318 116//116 339//339
f 806//806 541//541 782//782
f 747//747 740//740 753//753
f 747//747 753//753 740//740
f 291//291 279//279 417//417
f 1068//1068 1088//1088 1009//1009
f 699//699 785//785 815//815
f 611//611 858//858 706//706
f 1433//1433 829//829 708//708
f 990//990 1303//1303 1424//1424
f 1073//1073 856//856 1095//1095
f 1184//1184 993//993 972//972
f 268//268 917//917 930//930
f 882//882 651//651 652//652
f 191//191 190//190 244//244
f 1205//1205 1090//1090 994//994
f 657//657 589//589 886//886
f 144//144 139//139 1458//1458
f 191//191 244//244 303//303
f 84//84 1253//1253 81//81
f 643//643 832//832 601//601
f 85//85 71//71 121//121
f 714//714 763//763 765//765
f 1458//1458 1283//1283 86//86
f 1026//1026 1044//1044 1008//1008
f 31//31 1182//1182 1109//1109
f 52//52 68//68 1253//1253
f 324//324 216//216 301//301
f 1435//1435 65//65 135//135
f 811//811 567//567 566//566
f 811//811 566//566 567//567
f 138//138 807//807 318//318
f 992//992 1129//1129 1074//1074
f 191//191 173//173 190//190
f 378//378 244//244 912//912
f 11//11 88//88 83//83
f 443//443 335//335 331//331
f 1007//1007 1022//1022 1444//1444
f 1100//1100 1374//1374 1368//1368
f 1031//1031 1048//1048 1030//1030
f 390//390 461//461 468//468
f 1337//1337 1247//1247 1303//1303
f 480//480 505//505 576//576
f 480//480 576//576 505//505
f 803//803 689//689 668//668
f 22//22 72//72 5//5
f 105//105 1407//1407 5//5
f 695//695 870//870 780//780
f 54//54 1224//1224 1222//1222
f 174//174 209//209 229//229
f 560//560 1250//1250 1264//1264
f 296//296 271//271 279//279
f 1360//1360 1299//1299 1160//1160
f 580//580 537//537 868//868
f 36//36 561//561 99//99
f 1241//1241 1242//1242 1401//1401
f 112//112 447//447 352//352
f 130//130 122//122 726//726
f 233//233 659//659 384//384
f 241//241 236//236 178//178
f 659//659 1047//1047 1096//1096
f 893//893 677//677 500//500
f 272//272 190//190 377//377
f 1256//1256 1315//1315 1265//1265
f 1297//1297 1259//1259 46//46
f 291//291 418//418 282//282
f 865//865 558//558 637//637
f 164//164 723//723 820//820
f 766//766 49//49 837//837
f 633//633 487//487 584//584
f 1169//1169 1149//1149 1269//1269
f 292//292 399//399 268//268
f 996//996 1146//1146 1211//1211
f 908//908 696//696 697//697
f 908//908 504//504 627//627
f 176//176 249//249 382//382
f 1138//1138 1034//1034 1055//1055
f 229//229 378//378 268//268
f 1091//1091 1008//1008 991//991
f 722//722 478//478 878//878
f 52//52 1183//1183 1358//1358
f 1403//1403 1207//1207 805//805
f 670//670 863//863 864//864
f 169//169 1233//1233 752//752
f 1330//1330 1138//1138 1036//1036
f 837//837 452//452 97//97
f 465//465 216//216 386//386
f 1184//1184 972//972 1011//1011
f 1328//1328 1135//1135 1327//1327
f 1408//1408 107//107 87//87
f 486//486 508//508 631//631
f 951//951 1054//1054 1119//1119
f 527//527 880//880 707//707
f 1441//1441 1120//1120 1308//1308
f 241//241 179//179 236//236
f 309//309 200//200 182//182
f 44//44 1404//1404 1448//1448
f 864//864 863//863 690//690
f 739//739 128//128 740//740
f 600//600 515//515 673//673
f 812//812 791//791 564//564
f 990//990 1424//1424 1025//1025
f 1251//1251 119//119 1298//1298
f 992//992 1114//1114 1129//1129
f 54//54 1420//1420 482//482
f 1355//1355 1401//1401 756//756
f 1254//1254 1204//1204 1157//1157
f 117//117 332//332 76//76
f 358//358 458//458 408//408
f 1054//1054 1018//1018 1034//1034
f 823//823 527//527 482//482
f 140//140 1458//1458 11//11
f 835//835 602//602 845//845
f 908//908 567//567 697//697
f 1221//1221 148//148 1443//1443
f 391//391 931//931 422//422
f 316//316 354//354 776//776
f 1245//1245 1310//1310 1421//1421
f 77//77 19//19 136//136
f 1141//1141 1376//1376 1093//1093
f 1032//1032 1033//1033 1050//1050
f 1032//1032 1050//1050 1033//1033
f 127//127 745//745 126//126
f 853//853 666//666 875//875
f 902//902 667//667 530//530
f 462//462 919//919 398//398
f 623//623 795//795 898//898
f 580//580 868//868 527//527
f 704//704 41//41 40//40
f 469//469 571//571 541//541
f 1443//1443 1403//1403 706//706
f 80//80 20//20 79//79
f 606//606 870//870 648//648
f 1160//1160 1279//1279 1322//1322
f 1206//1206 1091//1091 1070//1070
f 106//106 108//108 26//26
f 234//234 273//273 250//250
f 1035//1035 1053//1053 1054//1054
f 555//555 882//882 584//584
f 1262//1262 507//507 777//777
f 31//31 1421//1421 1182//1182
f 1361//1361 1252//1252 1320//1320
f 1338//1338 1267//1267 1336//1336
f 696//696 797//797 551//551
f 712//712 44//44 43//43
f 1205//1205 1010//1010 1090//1090
f 1095//1095 975//975 1284//1284
f 337//337 431//431 419//419
f 611//611 707//707 880//880
f 96//96 33//33 98//98
f 847//847 521//521 520//520
f 476//476 542//542 592//592
f 507//507 612//612 777//777
f 603//603 1437//1437 58//58
f 1363//1363 1255//1255 1264//1264
f 1033//1033 1050//1050 1051//1051
f 144//144 90//90 95//95
f 773//773 724//724 755//755
f 523//523 749//749 503//503
f 1306//1306 1352//1352 43//43
f 999//999 960//960 1171//1171
f 558//558 906//906 861//861
f 1329//1329 1122//1122 1034//1034
f 605//605 887//887 902//902
f 588//588 843//843 616//616
f 283//283 290//290 214//214
f 153//153 124//124 716//716
f 144//144 83//83 90//90
f 1255//1255 1360//1360 1264//1264
f 191//191 303//303 290//290
f 1206//1206 1009//1009 1008//1008
f 1255//1255 1257//1257 1116//1116
f 278//278 927//927 295//295
f 453//453 34//34 325//325
f 27//27 1410//1410 1333//1333
f 76//76 7//7 145//145
f 1112//1112 1042//1042 121//121
f 1068//1068 1010//1010 1089//1089
f 25//25 942//942 93//93
f 18//18 9//9 1460//1460
f 25//25 1022//1022 942//942
f 804//804 802//802 632//632
f 521//521 750//750 851//851
f 840//840 861//861 884//884
f 532//532 904//904 690//690
f 141//141 137//137 94//94
f 390//390 219//219 933//933
f 291//291 417//417 401//401
f 692//692 873//873 906//906
f 80//80 67//67 4//4
f 218//218 257//257 180//180
f 383//383 232//232 280//280
f 199//199 918//918 255//255
f 500//500 502//502 638//638
f 500//500 638//638 502//502
f 564//564 677//677 591//591
f 564//564 591//591 677//677
f 650//650 617//617 635//635
f 131//131 1394//1394 154//154
f 424//424 386//386 315//315
f 291//291 296//296 279//279
f 946//946 1282//1282 1379//1379
f 272//272 377//377 416//416
f 632//632 654//654 652//652
f 1226//1226 629//629 150//150
f 1312//1312 134//134 1321//1321
f 633//633 584//584 882//882
f 556//556 515//515 600//600
f 1221//1221 706//706 858//858
f 70//70 18//18 68//68
f 799//799 628//628 755//755
f 776//776 1240//1240 705//705
f 699//699 815//815 897//897
f 1435//1435 135//135 1215//1215
f 243//243 438//438 208//208
f 884//884 860//860 652//652
f 1068//1068 1009//1009 1070//1070
f 1137//1137 1139//1139 1332//1332
f 1305//1305 1093//1093 1388//1388
f 10//10 1460//1460 9//9
f 263//263 411//411 925//925
f 1403//1403 879//879 611//611
f 16//16 4//4 67//67
f 1066//1066 1420//1420 1324//1324
f 106//106 1413//1413 9//9
f 1306//1306 1448//1448 1300//1300
f 1240//1240 354//354 1279//1279
f 530//530 882//882 531//531
f 415//415 294//294 458//458
f 317//317 444//444 216//216
f 877//877 853//853 850//850
f 500//500 638//638 512//512
f 500//500 512//512 638//638
f 1458//1458 1265//1265 1283//1283
f 14//14 66//66 82//82
f 692//692 906//906 558//558
f 615//615 1222//1222 1224//1224
f 1254//1254 1343//1343 1305//1305
f 1162//1162 1246//1246 995//995
f 821//821 814//814 820//820
f 96//96 138//138 318//318
f 42//42 1237//1237 552//552
f 28//28 1117//1117 1257//1257
f 421//421 422//422 931//931
f 785//785 848//848 519//519
f 1092//1092 1299//1299 1360//1360
f 77//77 30//30 1244//1244
f 1164//1164 1279//1279 1027//1027
f 445//445 452//452 837//837
f 725//725 1237//1237 744//744
f 1446//1446 1281//1281 1262//1262
f 1119//1119 1384//1384 1108//1108
f 743//743 56//56 768//768
f 174//174 248//248 929//929
f 324//324 301//301 342//342
f 1413//1413 10//10 9//9
f 246//246 228//228 210//210
f 743//743 779//779 742//742
f 272//272 383//383 912//912
f 586//586 1019//1019 607//607
f 1316//1316 1405//1405 166//166
f 509//509 614//614 654//654
f 725//725 744//744 1239//1239
f 336//336 418//418 114//114
f 1413//1413 26//26 10//10
f 1073//1073 841//841 856//856
f 609//609 831//831 1273//1273
f 1205//1205 1090//1090 964//964
f 1330//1330 1055//1055 1034//1034
f 1067//1067 807//807 138//138
f 420//420 399//399 435//435
f 513//513 646//646 473//473
f 1372//1372 1200//1200 1346//1346
f 1359//1359 1338//1338 1314//1314
f 404//404 194//194 308//308
f 404//404 308//308 194//194
f 320//320 1412//1412 351//351
f 269//269 917//917 307//307
f 897//897 788//788 685//685
f 897//897 685//685 788//788
f 668//668 689//689 904//904
f 945//945 1276//1276 50//50
f 843//843 600//600 616//616
f 644//644 1228//1228 518//518
f 501//501 576//576 625//625
f 221//221 219//219 237//237
f 1401//1401 1437//1437 756//756
f 1203//1203 1320//1320 1093//1093
f 510//510 655//655 634//634
f 426//426 423//423 404//404
f 758//758 826//826 757//757
f 1//1 4//4 16//16
f 1337//1337 1436//1436 1425//1425
f 350//350 349//349 314//314
f 951//951 1289//1289 1054//1054
f 76//76 332//332 7//7
f 720//720 157//157 156//156
f 245//245 303//303 244//244
f 1450//1450 187//187 344//344
f 1419//1419 1310//1310 1442//1442
f 819//819 814//814 1396//1396
f 1361//1361 1320//1320 1203//1203
f 481//481 772//772 624//624
f 481//481 624//624 772//772
f 1378//1378 1324//1324 1381//1381
f 313//313 928//928 375//375
f 188//188 375//375 380//380
f 475//475 593//593 476//476
f 1028//1028 1094//1094 1046//1046
f 1379//1379 1188//1188 973//973
f 717//717 774//774 860//860
f 1072//1072 1129//1129 1114//1114
f 1422//1422 1356//1356 48//48
f 125//125 701//701 494//494
f 1086//1086 947//947 1133//1133
f 446//446 1450//1450 321//321
f 111//111 455//455 445//445
f 686//686 888//888 685//685
f 214//214 290//290 227//227
f 1261//1261 1245//1245 1023//1023
f 112//112 333//333 113//113
f 444//444 355//355 449//449
f 85//85 121//121 1157//1157
f 1316//1316 65//65 1405//1405
f 620//620 493//493 501//501
f 315//315 313//313 442//442
f 1377//1377 1158//1158 1280//1280
f 347//347 380//380 403//403
f 835//835 574//574 602//602
f 192//192 418//418 213//213
f 484//484 1432//1432 528//528
f 1306//1306 1300//1300 53//53
f 463//463 379//379 248//248
f 908//908 811//811 567//567
f 265//265 294//294 208//208
f 900//900 61//61 805//805
f 635//635 558//558 861//861
f 974//974 1284//1284 1072//1072
f 741//741 360//360 910//910
f 10//10 79//79 20//20
f 428//428 293//293 294//294
f 211//211 210//210 248//248
f 428//428 212//212 270//270
f 270//270 212//212 455//455
f 650//650 604//604 631//631
f 327//327 321//321 343//343
f 1448//1448 1351//1351 1300//1300
f 905//905 670//670 864//864
f 213//213 321//321 35//35
f 546//546 788//788 811//811
f 170//170 353//353 1451//1451
f 389//389 457//457 359//359
f 623//623 680//680 498//498
f 761//761 711//711 1404//1404
f 1278//1278 1130//1130 1381//1381
f 758//758 709//709 826//826
f 192//192 305//305 434//434
f 764//764 518//518 1228//1228
f 1116//1116 1117//1117 1094//1094
f 81//81 68//68 18//18
f 758//758 757//757 728//728
f 743//743 770//770 759//759
f 243//243 1345//1345 438//438
f 230//230 211//211 298//298
f 825//825 122//122 1351//1351
f 598//598 833//833 646//646
f 1452//1452 1459//1459 7//7
f 1383//1383 937//937 1121//1121
f 451//451 350//350 203//203
f 1025//1025 1424//1424 150//150
f 234//234 250//250 251//251
f 637//637 558//558 635//635
f 587//587 801//801 554//554
f 426//426 392//392 423//423
f 525//525 875//875 665//665
f 525//525 665//665 875//875
f 229//229 245//245 378//378
f 485//485 587//587 582//582
f 230//230 210//210 211//211
f 1409//1409 92//92 137//137
f 1402//1402 824//824 559//559
f 1070//1070 1090//1090 1010//1010
f 59//59 667//667 748//748
f 692//692 558//558 798//798
f 893//893 687//687 696//696
f 201//201 1450//1450 212//212
f 430//430 187//187 437//437
f 234//234 388//388 466//466
f 396//396 413//413 414//414
f 1447//1447 28//28 1307//1307
f 1092//1092 1189//1189 1013//1013
f 652//652 654//654 614//614
f 828//828 826//826 709//709
f 264//264 366//366 927//927
f 633//633 509//509 487//487
f 1443//1443 1444//1444 1386//1386
f 555//555 584//584 531//531
f 1065//1065 1080//1080 1079//1079
f 115//115 808//808 780//780
f 556//556 557//557 906//906
f 440//440 308//308 914//914
f 114//114 118//118 336//336
f 556//556 802//802 557//557
f 615//615 1239//1239 1222//1222
f 63//63 729//729 155//155
f 1452//1452 208//208 438//438
f 1400//1400 161//161 1236//1236
f 127//127 753//753 740//740
f 127//127 740//740 753//753
f 529//529 553//553 1402//1402
f 440//440 197//197 308//308
f 440//440 308//308 197//197
f 635//635 631//631 508//508
f 500//500 512//512 639//639
f 500//500 625//625 502//502
f 500//500 502//502 625//625
f 442//442 110//110 349//349
f 840//840 635//635 861//861
f 383//383 288//288 232//232
f 199//199 928//928 918//918
f 948//948 1293//1293 949//949
f 293//293 208//208 294//294
f 1210//1210 1458//1458 1045//1045
f 282//282 418//418 434//434
f 531//531 902//902 881//881
f 650//650 631//631 617//617
f 669//669 533//533 906//906
f 1154//1154 988//988 989//989
f 1154//1154 989//989 988//988
f 1238//1238 1359//1359 1222//1222
f 669//669 861//861 533//533
f 1068//1068 1089//1089 1071//1071
f 184//184 182//182 254//254
f 1446//1446 1187//1187 1281//1281
f 105//105 5//5 1416//1416
f 546//546 524//524 854//854
f 797//797 680//680 898//898
f 195//195 425//425 404//404
f 281//281 421//421 114//114
f 1007//1007 1357//1357 942//942
f 191//191 377//377 173//173
f 1031//1031 1030//1030 1040//1040
f 953//953 1271//1271 954//954
f 944//944 971//971 991//991
f 1330//1330 1137//1137 1055//1055
f 1330//1330 1055//1055 1137//1137
f 275//275 203//203 409//409
f 363//363 337//337 362//362
f 1363//1363 1341//1341 1255//1255
f 485//485 582//582 583//583
f 894//894 638//638 677//677
f 894//894 677//677 638//638
f 1278//1278 1314//1314 1299//1299
f 901//901 671//671 672//672
f 1447//1447 1281//1281 1187//1187
f 1067//1067 943//943 1277//1277
f 106//106 9//9 24//24
f 84//84 93//93 1253//1253
f 42//42 552//552 148//148
f 271//271 382//382 417//417
f 1226//1226 780//780 590//590
f 432//432 383//383 280//280
f 742//742 758//758 759//759
f 417//417 382//382 422//422
f 1270//1270 1017//1017 939//939
f 471//471 575//575 545//545
f 345//345 356//356 99//99
f 844//844 99//99 562//562
f 1316//1316 869//869 99//99
f 1320//1320 30//30 1275//1275
f 609//609 1273//1273 1371//1371
f 82//82 17//17 14//14
f 990//990 1025//1025 1086//1086
f 828//828 1392//1392 165//165
f 932//932 306//306 266//266
f 893//893 795//795 898//898
f 893//893 898//898 795//795
f 1091//1091 1069//1069 1070//1070
f 1415//1415 143//143 11//11
f 560//560 1313//1313 391//391
f 206//206 221//221 374//374
f 398//398 416//416 376//376
f 1182//1182 49//49 1111//1111
f 78//78 76//76 1461//1461
f 232//232 177//177 435//435
f 232//232 435//435 399//399
f 1032//1032 1134//1134 1327//1327
f 304//304 244//244 190//190
f 620//620 500//500 681//681
f 466//466 921//921 273//273
f 518//518 494//494 701//701
f 193//193 288//288 767//767
f 1//1 13//13 73//73
f 795//795 696//696 550//550
f 696//696 567//567 566//566
f 550//550 684//684 898//898
f 835//835 845//845 596//596
f 988//988 967//967 1152//1152
f 988//988 1152//1152 967//967
f 1361//1361 1207//1207 1403//1403
f 445//445 446//446 452//452
f 546//546 685//685 788//788
f 1028//1028 1282//1282 1323//1323
f 129//129 161//161 666//666
f 927//927 370//370 337//337
f 551//551 797//797 794//794
f 551//551 794//794 797//797
f 1288//1288 951//951 1119//1119
f 893//893 797//797 696//696
f 1212//1212 966//966 1015//1015
f 1379//1379 1024//1024 1073//1073
f 556//556 906//906 855//855
f 172//172 409//409 314//314
f 338//338 448//448 115//115
f 866//866 673//673 547//547
f 52//52 1423//1423 1357//1357
f 1178//1178 987//987 1151//1151
f 986//986 1177//1177 1151//1151
f 500//500 501//501 625//625
f 1226//1226 590//590 629//629
f 639//639 502//502 501//501
f 320//320 351//351 349//349
f 661//661 981//981 1169//1169
f 1284//1284 1381//1381 1130//1130
f 291//291 282//282 296//296
f 733//733 160//160 716//716
f 1443//1443 51//51 1248//1248
f 1167//1167 1058//1058 55//55
f 466//466 467//467 388//388
f 133//133 13//13 1//1
f 1067//1067 1277//1277 648//648
f 1220//1220 1430//1430 60//60
f 939//939 1005//1005 1176//1176
f 1318//1318 1085//1085 1005//1005
f 1123//1123 1005//1005 1017//1017
f 426//426 410//410 392//392
f 1019//1019 1084//1084 892//892
f 1137//1137 1332//1332 1384//1384
f 263//263 923//923 394//394
f 645//645 597//597 738//738
f 1004//1004 1202//1202 1201//1201
f 1306//1306 53//53 1258//1258
f 876//876 875//875 854//854
f 1126//1126 1319//1319 1373//1373
f 1400//1400 1428//1428 1214//1214
f 462//462 288//288 919//919
f 876//876 848//848 785//785
f 806//806 862//862 532//532
f 875//875 524//524 854//854
f 699//699 817//817 815//815
f 1422//1422 48//48 837//837
f 965//965 939//939 1176//1176
f 87//87 107//107 357//357
f 309//309 196//196 200//200
f 1245//1245 1066//1066 1023//1023
f 110//110 314//314 349//349
f 696//696 684//684 551//551
f 696//696 551//551 684//684
f 525//525 854//854 853//853
f 681//681 570//570 540//540
f 62//62 779//779 828//828
f 255//255 1449//1449 325//325
f 1184//1184 1150//1150 964//964
f 699//699 38//38 817//817
f 1199//1199 1172//1172 960//960
f 871//871 535//535 536//536
f 1032//1032 1327//1327 1051//1051
f 876//876 854//854 525//525
f 586//586 628//628 799//799
f 127//127 745//745 1393//1393
f 127//127 1393//1393 745//745
f 876//876 525//525 665//665
f 722//722 523//523 478//478
f 459//459 372//372 460//460
f 1202//1202 1000//1000 1063//1063
f 1202//1202 1065//1065 1083//1083
f 1112//1112 970//970 1042//1042
f 633//633 882//882 614//614
f 1068//1068 1070//1070 1010//1010
f 76//76 1453//1453 21//21
f 1206//1206 1009//1009 1197//1197
f 1251//1251 1298//1298 1180//1180
f 623//623 498//498 505//505
f 532//532 690//690 809//809
f 1443//1443 1248//1248 1444//1444
f 564//564 791//791 477//477
f 908//908 812//812 564//564
f 804//804 632//632 860//860
f 511//511 655//655 600//600
f 1277//1277 629//629 648//648
f 821//821 1399//1399 723//723
f 168//168 723//723 169//169
f 1420//1420 756//756 482//482
f 222//222 924//924 369//369
f 1132//1132 1248//1248 51//51
f 963//963 837//837 1110//1110
f 242//242 307//307 177//177
f 481//481 622//622 491//491
f 432//432 912//912 383//383
f 936//936 1367//1367 1366//1366
f 1419//1419 837//837 49//49
f 1399//1399 1398//1398 820//820
f 1068//1068 1088//1088 1197//1197
f 821//821 1398//1398 1399//1399
f 100//100 610//610 39//39
f 741//741 39//39 792//792
f 526//526 850//850 875//875
f 611//611 880//880 858//858
f 164//164 820//820 732//732
f 235//235 1453//1453 276//276
f 475//475 845//845 602//602
f 1011//1011 1013//1013 1189//1189
f 1106//1106 1121//1121 937//937
f 840//840 884//884 651//651
f 948//948 1286//1286 1033//1033
f 1289//1289 1035//1035 1054//1054
f 835//835 593//593 574//574
f 1377//1377 968//968 1158//1158
f 588//588 632//632 488//488
f 1302//1302 1171//1171 961//961
f 281//281 417//417 421//421
f 481//481 772//772 1227//1227
f 269//269 930//930 917//917
f 1389//1389 1283//1283 1265//1265
f 1256//1256 1388//1388 1315//1315
f 1041//1041 1271//1271 1373//1373
f 1427//1427 597//597 645//645
f 1397//1397 819//819 1396//1396
f 546//546 854//854 666//666
f 812//812 492//492 564//564
f 905//905 864//864 798//798
f 1168//1168 1151//1151 987//987
f 1288//1288 950//950 951//951
f 394//394 310//310 412//412
f 471//471 477//477 575//575
f 1234//1234 768//768 1436//1436
f 169//169 721//721 731//731
f 167//167 721//721 752//752
f 1361//1361 1386//1386 1252//1252
f 926//926 934//934 262//262
f 341//341 800//800 453//453
f 1347//1347 1045//1045 1297//1297
f 475//475 476//476 592//592
f 361//361 331//331 33//33
f 1220//1220 1219//1219 496//496
f 1233//1233 751//751 1232//1232
f 297//297 114//114 418//418
f 569//569 595//595 641//641
f 167//167 1233//1233 751//751
f 183//183 182//182 253//253
f 169//169 1232//1232 721//721
f 169//169 731//731 1233//1233
f 499//499 682//682 575//575
f 741//741 792//792 360//360
f 100//100 360//360 610//610
f 1210//1210 1144//1144 1259//1259
f 221//221 237//237 468//468
f 442//442 349//349 351//351
f 328//328 844//844 326//326
f 953//953 1272//1272 1271//1271
f 526//526 525//525 877//877
f 526//526 522//522 852//852
f 591//591 504//504 677//677
f 591//591 677//677 504//504
f 62//62 828//828 742//742
f 752//752 1232//1232 751//751
f 909//909 2//2 275//275
f 683//683 512//512 592//592
f 184//184 256//256 236//236
f 521//521 851//851 520//520
f 1306//1306 1258//1258 1352//1352
f 175//175 35//35 224//224
f 893//893 797//797 898//898
f 893//893 898//898 797//797
f 893//893 625//625 502//502
f 893//893 502//502 625//625
f 841//841 1024//1024 1321//1321
f 446//446 343//343 112//112
f 389//389 359//359 918//918
f 1090//1090 1166//1166 964//964
f 1052//1052 1329//1329 1034//1034
f 851//851 1231//1231 520//520
f 908//908 696//696 811//811
f 1095//1095 856//856 885//885
f 263//263 183//183 253//253
f 272//272 919//919 383//383
f 790//790 682//682 891//891
f 639//639 502//502 625//625
f 639//639 625//625 502//502
f 425//425 934//934 261//261
f 203//203 350//350 409//409
f 75//75 72//72 22//22
f 685//685 495//495 642//642
f 703//703 819//819 40//40
f 703//703 40//40 819//819
f 965//965 1176//1176 1005//1005
f 613//613 656//656 511//511
f 792//792 610//610 360//360
f 721//721 1232//1232 752//752
f 158//158 715//715 1391//1391
f 158//158 1391//1391 715//715
f 688//688 901//901 672//672
f 230//230 298//298 249//249
f 930//930 229//229 268//268
f 545//545 790//790 891//891
f 1081//1081 985//985 1128//1128
f 125//125 644//644 701//701
f 331//331 462//462 398//398
f 201//201 212//212 428//428
f 1132//1132 900//900 1375//1375
f 1311//1311 120//120 1348//1348
f 1086//1086 1277//1277 943//943
f 545//545 682//682 790//790
f 792//792 39//39 610//610
f 1039//1039 1260//1260 1440//1440
f 820//820 819//819 1398//1398
f 623//623 505//505 479//479
f 840//840 651//651 635//635
f 818//818 1429//1429 575//575
f 666//666 524//524 875//875
f 582//582 486//486 583//583
f 1429//1429 499//499 575//575
f 169//169 731//731 167//167
f 195//195 915//915 439//439
f 916//916 203//203 235//235
f 942//942 1423//1423 93//93
f 1126//1126 1373//1373 1105//1105
f 1434//1434 780//780 830//830
f 172//172 314//314 110//110
f 439//439 915//915 217//217
f 218//218 236//236 256//256
f 787//787 574//574 678//678
f 694//694 559//559 859//859
f 526//526 875//875 665//665
f 475//475 599//599 845//845
f 474//474 544//544 577//577
f 523//523 503//503 478//478
f 1036//1036 1034//1034 1122//1122
f 91//91 11//11 143//143
f 793//793 548//548 474//474
f 810//810 563//563 535//535
f 1332//1332 1054//1054 1034//1034
f 594//594 639//639 493//493
f 560//560 1264//1264 1313//1313
f 235//235 21//21 1453//1453
f 834//834 857//857 595//595
f 17//17 1454//1454 14//14
f 58//58 1437//1437 1242//1242
f 1292//1292 937//937 1383//1383
f 526//526 665//665 850//850
f 1433//1433 1425//1425 1436//1436
f 1309//1309 1440//1440 1372//1372
f 1148//1148 1346//1346 1260//1260
f 263//263 412//412 923//923
f 263//263 923//923 412//412
f 578//578 576//576 505//505
f 741//741 910//910 260//260
f 1234//1234 769//769 63//63
f 1400//1400 685//685 161//161
f 1301//1301 1303//1303 990//990
f 1192//1192 1190//1190 978//978
f 1//1 16//16 1417//1417
f 332//332 285//285 408//408
f 100//100 39//39 260//260
f 564//564 791//791 543//543
f 638//638 687//687 502//502
f 506//506 844//844 562//562
f 890//890 683//683 789//789
f 479//479 625//625 893//893
f 248//248 247//247 929//929
f 211//211 436//436 298//298
f 404//404 194//194 423//423
f 428//428 294//294 415//415
f 1006//1006 1211//1211 1146//1146
f 1331//1331 1081//1081 1128//1128
f 575//575 477//477 545//545
f 222//222 369//369 388//388
f 842//842 511//511 600//600
f 876//876 666//666 854//854
f 242//242 368//368 436//436
f 95//95 1445//1445 1045//1045
f 644//644 568//568 1228//1228
f 513//513 473//473 621//621
f 901//901 667//667 887//887
f 472//472 497//497 619//619
f 444//444 449//449 386//386
f 144//144 140//140 83//83
f 837//837 204//204 381//381
f 804//804 860//860 883//883
f 594//594 501//501 639//639
f 739//739 745//745 128//128
f 842//842 866//866 657//657
f 497//497 535//535 563//563
f 764//764 494//494 518//518
f 893//893 696//696 677//677
f 720//720 719//719 157//157
f 876//876 785//785 897//897
f 1090//1090 1069//1069 1166//1166
f 679//679 519//519 664//664
f 60//60 1430//1430 1218//1218
f 876//876 875//875 665//665
f 876//876 665//665 875//875
f 1225//1225 152//152 767//767
f 1056//1056 1057//1057 1037//1037
f 857//857 863//863 536//536
f 182//182 236//236 256//256
f 182//182 256//256 236//236
f 505//505 576//576 622//622
f 505//505 622//622 576//576
f 741//741 260//260 39//39
f 894//894 687//687 893//893
f 894//894 893//893 687//687
f 218//218 238//238 254//254
f 218//218 254//254 238//238
f 23//23 1456//1456 1107//1107
f 1450//1450 446//446 455//455
f 896//896 675//675 874//874
f 742//742 709//709 758//758
f 1182//1182 1370//1370 1109//1109
f 640//640 572//572 896//896
f 521//521 1230//1230 750//750
f 199//199 198//198 928//928
f 101//101 354//354 316//316
f 1137//1137 1119//1119 1332//1332
f 812//812 564//564 543//543
f 703//703 40//40 41//41
f 876//876 897//897 679//679
f 501//501 625//625 579//579
f 231//231 305//305 267//267
f 415//415 458//458 450//450
f 79//79 14//14 1454//1454
f 462//462 189//189 288//288
f 474//474 548//548 784//784
f 1261//1261 48//48 1356//1356
f 1350//1350 1314//1314 1338//1338
f 257//257 219//219 221//221
f 573//573 576//576 491//491
f 1463//1463 15//15 18//18
f 359//359 330//330 102//102
f 1449//1449 359//359 102//102
f 1330//1330 1037//1037 1136//1136
f 853//853 854//854 524//524
f 927//927 337//337 419//419
f 278//278 199//199 240//240
f 1409//1409 1418//1418 67//67
f 732//732 168//168 167//167
f 251//251 180//180 181//181
f 895//895 697//697 696//696
f 1119//1119 1108//1108 1374//1374
f 188//188 342//342 35//35
f 1361//1361 1403//1403 1443//1443
f 328//328 99//99 844//844
f 1234//1234 1436//1436 769//769
f 1186//1186 1362//1362 1012//1012
f 540//540 790//790 783//783
f 180//180 220//220 221//221
f 894//894 687//687 638//638
f 486//486 860//860 774//774
f 771//771 1428//1428 765//765
f 1033//1033 1286//1286 1050//1050
f 988//988 1190//1190 967//967
f 1032//1032 1051//1051 1050//1050
f 635//635 617//617 631//631
f 480//480 479//479 625//625
f 816//816 899//899 1400//1400
f 816//816 1400//1400 899//899
f 285//285 332//332 117//117
f 1095//1095 671//671 975//975
f 752//752 751//751 1233//1233
f 908//908 677//677 696//696
f 127//127 740//740 128//128
f 1038//1038 1193//1193 1318//1318
f 1159//1159 971//971 994//994
f 739//739 126//126 745//745
f 1070//1070 1069//1069 1090//1090
f 703//703 819//819 814//814
f 1270//1270 939//939 965//965
f 1208//1208 1089//1089 1010//1010
f 2//2 69//69 235//235
f 198//198 403//403 928//928
f 1461//1461 145//145 312//312
f 1025//1025 150//150 629//629
f 926//926 262//262 273//273
f 926//926 273//273 262//262
f 1395//1395 1217//1217 1394//1394
f 977//977 950//950 1288//1288
f 78//78 1453//1453 76//76
f 1349//1349 135//135 1300//1300
f 1061//1061 1076//1076 1077//1077
f 192//192 434//434 418//418
f 549//549 786//786 577//577
f 501//501 505//505 579//579
f 501//501 502//502 625//625
f 546//546 781//781 685//685
f 186//186 911//911 440//440
f 1220//1220 496//496 474//474
f 1136//1136 1057//1057 1334//1334
f 476//476 789//789 542//542
f 623//623 898//898 680//680
f 573//573 498//498 794//794
f 1043//1043 507//507 1281//1281
f 1407//1407 22//22 5//5
f 1291//1291 985//985 1149//1149
f 1354//1354 123//123 940//940
f 647//647 51//51 148//148
f 895//895 697//697 687//687
f 895//895 687//687 697//697
f 168//168 721//721 169//169
f 168//168 169//169 721//721
f 400//400 837//837 381//381
f 172//172 110//110 442//442
f 1120//1120 1125//1125 123//123
f 1301//1301 1344//1344 1303//1303
f 1442//1442 1438//1438 1342//1342
f 766//766 776//776 705//705
f 1185//1185 993//993 1190//1190
f 348//348 323//323 837//837
f 465//465 386//386 424//424
f 839//839 604//604 651//651
f 127//127 128//128 745//745
f 573//573 491//491 622//622
f 101//101 102//102 347//347
f 1235//1235 565//565 537//537
f 727//727 710//710 826//826
f 313//313 315//315 389//389
f 632//632 510//510 654//654
f 743//743 742//742 770//770
f 890//890 681//681 790//790
f 890//890 790//790 681//681
f 592//592 542//542 789//789
f 601//601 832//832 608//608
f 1119//1119 1054//1054 1332//1332
f 111//111 445//445 837//837
f 606//606 780//780 870//870
f 1192//1192 965//965 968//968
f 35//35 321//321 1450//1450
f 972//972 993//993 1163//1163
f 183//183 254//254 182//182
f 1298//1298 55//55 1058//1058
f 1373//1373 1271//1271 938//938
f 59//59 717//717 509//509
f 555//555 531//531 882//882
f 940//940 123//123 1125//1125
f 481//481 624//624 491//491
f 818//818 575//575 682//682
f 752//752 1233//1233 1232//1232
f 74//74 10//10 26//26
f 476//476 493//493 592//592
f 1370//1370 996//996 1336//1336
f 72//72 1416//1416 5//5
f 643//643 608//608 832//832
f 529//529 630//630 553//553
f 893//893 500//500 625//625
f 1433//1433 726//726 1304//1304
f 1285//1285 1336//1336 996//996
f 915//915 309//309 256//256
f 1095//1095 885//885 672//672
f 578//578 505//505 622//622
f 302//302 393//393 200//200
f 125//125 568//568 644//644
f 287//287 400//400 270//270
f 1092//1092 1129//1129 1130//1130
f 101//101 363//363 365//365
f 471//471 545//545 790//790
f 230//230 246//246 210//210
f 16//16 67//67 1418//1418
f 16//16 1418//1418 1452//1452
f 1435//1435 1215//1215 612//612
f 38//38 815//815 817//817
f 163//163 730//730 762//762
f 1449//1449 102//102 325//325
f 1309//1309 1346//1346 1148//1148
f 1347//1347 1297//1297 46//46
f 1349//1349 1300//1300 1351//1351
f 554//554 885//885 856//856
f 480//480 573//573 498//498
f 480//480 498//498 573//573
f 791//791 470//470 477//477
f 613//613 653//653 634//634
f 445//445 455//455 446//446
f 578//578 505//505 501//501
f 252//252 259//259 924//924
f 98//98 357//357 107//107
f 894//894 681//681 504//504
f 1103//1103 1020//1020 1128//1128
f 52//52 1253//1253 1423//1423
f 908//908 564//564 677//677
f 1442//1442 1310//1310 1356//1356
f 1030//1030 1140//1140 1040//1040
f 47//47 1155//1155 1275//1275
f 1432//1432 58//58 1241//1241
f 1208//1208 1011//1011 1189//1189
f 1056//1056 1036//1036 1057//1057
f 479//479 505//505 579//579
f 529//529 1405//1405 612//612
f 783//783 790//790 545//545
f 449//449 355//355 330//330
f 297//297 417//417 281//281
f 908//908 895//895 696//696
f 211//211 379//379 436//436
f 440//440 302//302 196//196
f 59//59 748//748 774//774
f 497//497 676//676 889//889
f 497//497 569//569 641//641
f 271//271 261//261 921//921
f 746//746 1215//1215 135//135
f 951//951 1287//1287 1053//1053
f 428//428 270//270 293//293
f 1185//1185 1184//1184 994//994
f 162//162 824//824 1402//1402
f 1433//1433 708//708 726//726
f 573//573 794//794 797//797
f 1324//1324 1029//1029 1381//1381
f 1032//1032 1050//1050 1140//1140
f 426//426 404//404 425//425
f 679//679 815//815 519//519
f 699//699 815//815 38//38
f 195//195 404//404 308//308
f 498//498 680//680 794//794
f 79//79 1454//1454 103//103
f 618//618 593//593 574//574
f 44//44 1306//1306 43//43
f 847//847 520//520 1231//1231
f 722//722 878//878 1431//1431
f 564//564 591//591 470//470
f 164//164 168//168 723//723
f 164//164 723//723 168//168
f 720//720 156//156 719//719
f 35//35 300//300 429//429
f 1014//1014 1072//1072 1284//1284
f 1003//1003 1059//1059 1076//1076
f 89//89 75//75 22//22
f 849//849 800//800 838//838
f 657//657 155//155 589//589
f 63//63 155//155 657//657
f 620//620 512//512 592//592
f 1030//1030 1140//1140 1325//1325
f 1212//1212 1015//1015 1097//1097
f 167//167 751//751 731//731
f 604//604 486//486 631//631
f 521//521 1231//1231 1230//1230
f 602//602 845//845 601//601
f 1274//1274 937//937 1292//1292
f 990//990 1086//1086 1133//1133
f 1210//1210 1369//1369 1144//1144
f 231//231 271//271 305//305
f 620//620 592//592 493//493
f 635//635 508//508 582//582
f 696//696 697//697 567//567
f 676//676 782//782 889//889
f 782//782 541//541 571//571
f 893//893 625//625 687//687
f 475//475 602//602 574//574
f 1446//1446 1312//1312 1113//1113
f 1003//1003 1199//1199 1082//1082
f 1389//1389 1339//1339 1344//1344
f 3//3 82//82 66//66
f 477//477 783//783 545//545
f 579//579 505//505 576//576
f 549//549 577//577 784//784
f 168//168 1398//1398 821//821
f 168//168 821//821 1398//1398
f 958//958 1178//1178 1177//1177
f 121//121 1042//1042 1157//1157
f 1447//1447 1362//1362 28//28
f 1186//1186 1094//1094 1117//1117
f 570//570 783//783 540//540
f 570//570 540//540 783//783
f 1116//1116 1071//1071 995//995
f 868//868 537//537 892//892
f 1116//1116 1094//1094 1008//1008
f 273//273 262//262 934//934
f 273//273 934//934 262//262
f 907//907 490//490 659//659
f 486//486 774//774 748//748
f 1377//1377 1072//1072 1114//1114
f 335//335 32//32 450//450
f 1403//1403 534//534 879//879
f 573//573 622//622 498//498
f 456//456 807//807 808//808
f 483//483 838//838 766//766
f 714//714 1428//1428 45//45
f 546//546 811//811 566//566
f 1326//1326 1099//1099 1124//1124
f 643//643 601//601 572//572
f 681//681 564//564 570//570
f 649//649 490//490 630//630
f 1379//1379 1087//1087 1024//1024
f 169//169 752//752 1232//1232
f 540//540 783//783 477//477
f 1285//1285 1350//1350 1338//1338
f 310//310 253//253 182//182
f 681//681 540//540 504//504
f 265//265 408//408 458//458
f 168//168 1398//1398 723//723
f 895//895 696//696 687//687
f 29//29 1353//1353 1064//1064
f 1064//1064 982//982 1295//1295
f 951//951 1053//1053 1035//1035
f 982//982 1145//1145 1439//1439
f 703//703 704//704 40//40
f 258//258 298//298 368//368
f 382//382 298//298 422//422
f 1146//1146 1182//1182 969//969
f 594//594 476//476 593//593
f 1003//1003 1172//1172 1199//1199
f 1185//1185 980//980 994//994
f 1172//1172 961//961 1171//1171
f 564//564 470//470 791//791
f 1210//1210 1297//1297 1045//1045
f 9//9 15//15 24//24
f 551//551 898//898 684//684
f 466//466 388//388 387//387
f 52//52 1357//1357 1183//1183
f 278//278 431//431 199//199
f 908//908 697//697 894//894
f 908//908 894//894 697//697
f 1326//1326 1124//1124 1140//1140
f 446//446 97//97 452//452
f 732//732 1398//1398 168//168
f 529//529 1402//1402 559//559
f 195//195 308//308 197//197
f 47//47 1275//1275 30//30
f 368//368 298//298 436//436
f 476//476 592//592 512//512
f 218//218 250//250 178//178
f 501//501 579//579 576//576
f 949//949 1121//1121 1106//1106
f 1318//1318 1123//1123 1017//1017
f 59//59 774//774 717//717
f 560//560 1363//1363 1250//1250
f 1433//1433 1436//1436 768//768
f 532//532 846//846 862//862
f 218//218 251//251 250//250
f 164//164 731//731 723//723
f 1337//1337 1425//1425 1247//1247
f 1101//1101 1366//1366 1367//1367
f 897//897 815//815 679//679
f 835//835 596//596 599//599
f 225//225 288//288 385//385
f 743//743 768//768 779//779
f 1400//1400 1214//1214 685//685
f 803//803 905//905 798//798
f 1167//1167 1127//1127 1180//1180
f 586//586 799//799 534//534
f 174//174 229//229 930//930
f 475//475 678//678 574//574
f 940//940 1125//1125 1021//1021
f 120//120 705//705 1240//1240
f 61//61 827//827 886//886
f 639//639 638//638 502//502
f 1409//1409 137//137 90//90
f 587//587 635//635 582//582
f 1068//1068 1060//1060 1002//1002
f 54//54 482//482 1224//1224
f 263//263 933//933 183//183
f 719//719 156//156 157//157
f 217//217 236//236 179//179
f 500//500 677//677 638//638
f 500//500 638//638 677//677
f 1174//1174 1376//1376 1155//1155
f 105//105 1416//1416 89//89
f 916//916 286//286 117//117
f 623//623 479//479 795//795
f 1185//1185 993//993 1184//1184
f 856//856 841//841 587//587
f 984//984 979//979 1153//1153
f 984//984 1153//1153 979//979
f 685//685 642//642 666//666
f 147//147 765//765 1236//1236
f 1397//1397 814//814 819//819
f 1136//1136 1333//1333 1137//1137
f 647//647 148//148 552//552
f 1392//1392 734//734 165//165
f 1398//1398 819//819 1396//1396
f 837//837 447//447 113//113
f 927//927 397//397 370//370
f 523//523 1216//1216 749//749
f 582//582 508//508 486//486
f 1185//1185 971//971 1175//1175
f 894//894 687//687 697//697
f 894//894 697//697 687//687
f 235//235 203//203 275//275
f 1006//1006 1276//1276 945//945
f 1118//1118 1383//1383 1121//1121
f 1197//1197 1116//1116 1008//1008
f 908//908 894//894 677//677
f 908//908 677//677 894//894
f 54//54 1340//1340 1420//1420
f 1136//1136 1334//1334 1411//1411
f 1251//1251 1180//1180 1127//1127
f 376//376 416//416 377//377
f 599//599 596//596 832//832
f 1389//1389 1344//1344 1301//1301
f 207//207 182//182 236//236
f 1030//1030 1049//1049 1140//1140
f 1107//1107 1456//1456 1368//1368
f 659//659 649//649 1047//1047
f 233//233 713//713 659//659
f 223//223 460//460 205//205
f 1007//1007 1444//1444 1248//1248
f 1362//1362 1187//1187 1012//1012
f 1068//1068 1071//1071 1088//1088
f 1072//1072 1280//1280 944//944
f 449//449 457//457 315//315
f 665//665 875//875 850//850
f 1328//1328 1327//1327 1134//1134
f 623//623 625//625 479//479
f 922//922 171//171 221//221
f 222//222 234//234 251//251
f 565//565 628//628 607//607
f 828//828 813//813 1392//1392
f 1372//1372 1440//1440 1200//1200
f 482//482 489//489 1224//1224
f 1104//1104 1105//1105 1373//1373
f 821//821 1396//1396 814//814
f 637//637 841//841 581//581
f 404//404 425//425 423//423
f 287//287 837//837 400//400
f 1210//1210 1045//1045 1369//1369
f 100//100 260//260 910//910
f 902//902 530//530 881//881
f 893//893 502//502 687//687
f 893//893 687//687 502//502
f 1144//1144 46//46 1259//1259
f 1185//1185 1190//1190 980//980
f 8//8 79//79 103//103
f 312//312 329//329 109//109
f 1443//1443 148//148 51//51
f 55//55 119//119 1127//1127
f 1159//1159 994//994 1166//1166
f 746//746 777//777 612//612
f 525//525 853//853 877//877
f 1251//1251 1127//1127 119//119
f 812//812 888//888 551//551
f 1136//1136 27//27 1333//1333
f 615//615 886//886 827//827
f 1185//1185 1153//1153 979//979
f 1185//1185 979//979 1153//1153
f 694//694 562//562 99//99
f 725//725 900//900 552//552
f 549//549 474//474 786//786
f 685//685 666//666 161//161
f 1067//1067 648//648 807//807
f 1380//1380 1161//1161 1115//1115
f 1273//1273 936//936 1104//1104
f 601//601 845//845 832//832
f 255//255 359//359 1449//1449
f 288//288 189//189 767//767
f 618//618 574//574 475//475
f 927//927 419//419 295//295
f 1331//1331 1128//1128 1126//1126
f 1159//1159 1185//1185 994//994
f 466//466 372//372 921//921
f 402//402 258//258 368//368
f 1169//1169 1269//1269 956//956
f 1326//1326 1140//1140 1050//1050
f 1220//1220 1218//1218 1430//1430
f 285//285 109//109 329//329
f 31//31 1066//1066 1421//1421
f 202//202 371//371 460//460
f 471//471 790//790 570//570
f 84//84 6//6 25//25
f 683//683 542//542 789//789
f 510//510 616//616 655//655
f 620//620 683//683 890//890
f 620//620 890//890 683//683
f 48//48 1110//1110 837//837
f 758//758 728//728 759//759
f 54//54 1222//1222 1314//1314
f 512//512 493//493 592//592
f 620//620 639//639 512//512
f 283//283 376//376 290//290
f 231//231 267//267 247//247
f 188//188 35//35 344//344
f 615//615 489//489 658//658
f 513//513 1126//1126 1105//1105
f 793//793 549//549 548//548
f 977//977 1165//1165 1147//1147
f 865//865 637//637 581//581
f 837//837 1174//1174 204//204
f 106//106 320//320 108//108
f 696//696 566//566 811//811
f 98//98 335//335 450//450
f 724//724 775//775 755//755
f 364//364 362//362 454//454
f 1355//1355 756//756 1267//1267
f 732//732 167//167 731//731
f 346//346 32//32 322//322
f 466//466 388//388 460//460
f 265//265 7//7 332//332
f 642//642 129//129 666//666
f 739//739 740//740 126//126
f 378//378 245//245 244//244
f 1185//1185 1175//1175 979//979
f 1395//1395 1394//1394 1213//1213
f 744//744 1432//1432 1241//1241
f 506//506 562//562 859//859
f 85//85 1406//1406 17//17
f 147//147 1236//1236 161//161
f 1214//1214 1428//1428 147//147
f 1081//1081 1143//1143 985//985
f 12//12 1412//1412 24//24
f 1462//1462 18//18 1460//1460
f 1291//1291 1149//1149 959//959
f 377//377 190//190 173//173
f 1206//1206 1091//1091 1009//1009
f 642//642 495//495 129//129
f 396//396 414//414 933//933
f 908//908 697//697 504//504
f 818//818 682//682 499//499
f 818//818 499//499 682//682
f 474//474 577//577 786//786
f 1315//1315 1339//1339 1265//1265
f 1400//1400 685//685 899//899
f 1400//1400 899//899 685//685
f 1328//1328 1134//1134 1048//1048
f 500//500 639//639 501//501
f 876//876 897//897 666//666
f 1154//1154 988//988 1170//1170
f 167//167 752//752 1233//1233
f 6//6 1462//1462 1460//1460
f 578//578 579//579 505//505
f 727//727 826//826 760//760
f 461//461 367//367 468//468
f 1400//1400 45//45 1428//1428
f 318//318 456//456 116//116
f 147//147 1428//1428 771//771
f 683//683 592//592 542//542
f 437//437 187//187 201//201
f 218//218 254//254 257//257
f 691//691 804//804 903//903
f 158//158 715//715 1393//1393
f 158//158 1393//1393 715//715
f 356//356 561//561 36//36
f 931//931 114//114 421//421
f 954//954 1319//1319 1128//1128
f 953//953 954//954 1290//1290
f 52//52 1358//1358 71//71
f 31//31 1109//1109 1267//1267
f 315//315 457//457 389//389
f 2//2 235//235 275//275
f 1273//1273 1104//1104 1371//1371
f 745//745 448//448 1223//1223
f 1170//1170 1152//1152 967//967
f 599//599 832//832 845//845
f 633//633 614//614 509//509
f 522//522 850//850 852//852
f 1208//1208 1010//1010 1205//1205
f 1138//1138 1034//1034 1036//1036
f 1138//1138 1332//1332 1034//1034
f 222//222 181//181 924//924
f 133//133 47//47 13//13
f 446//446 352//352 97//97
f 1288//1288 1374//1374 1108//1108
f 1288//1288 1108//1108 1374//1374
f 546//546 788//788 781//781
f 954//954 985//985 1291//1291
f 242//242 225//225 385//385
f 1397//1397 1396//1396 814//814
f 529//529 559//559 166//166
f 301//301 346//346 322//322
f 1143//1143 1149//1149 985//985
f 430//430 239//239 172//172
f 1137//1137 1384//1384 1119//1119
f 560//560 384//384 659//659
f 271//271 228//228 246//246
f 1378//1378 963//963 1023//1023
f 753//753 1393//1393 715//715
f 753//753 715//715 1393//1393
f 194//194 308//308 423//423
f 517//517 846//846 469//469
f 874//874 675//675 663//663
f 825//825 163//163 1247//1247
f 142//142 91//91 1408//1408
f 644//644 518//518 701//701
f 1067//1067 138//138 143//143
f 669//669 883//883 860//860
f 319//319 224//224 322//322
f 1427//1427 645//645 57//57
f 47//47 30//30 77//77
f 864//864 690//690 798//798
f 84//84 1462//1462 6//6
f 89//89 1416//1416 75//75
f 643//643 572//572 608//608
f 1025//1025 629//629 1277//1277
f 620//620 512//512 683//683
f 620//620 683//683 512//512
f 396//396 263//263 925//925
f 1022//1022 25//25 1181//1181
f 761//761 1404//1404 44//44
f 915//915 440//440 309//309
f 836//836 596//596 845//845
f 204//204 293//293 381//381
f 454//454 337//337 370//370
f 112//112 370//370 333//333
f 80//80 136//136 20//20
f 692//692 662//662 873//873
f 516//516 661//661 1169//1169
f 944//944 1175//1175 971//971
f 1456//1456 89//89 1368//1368
f 480//480 797//797 893//893
f 686//686 551//551 888//888
f 1406//1406 1454//1454 17//17
f 952//952 1290//1290 954//954
f 760//760 828//828 779//779
f 828//828 160//160 1395//1395
f 526//526 877//877 521//521
f 877//877 850//850 521//521
f 1159//1159 1090//1090 1069//1069
f 526//526 852//852 850//850
f 857//857 536//536 535//535
f 292//292 280//280 232//232
f 1205//1205 1010//1010 1011//1011
f 906//906 533//533 861//861
f 1463//1463 74//74 15//15
f 19//19 1181//1181 25//25
f 1120//1120 123//123 1308//1308
f 876//876 664//664 519//519
f 1151//1151 1177//1177 957//957
f 500//500 677//677 681//681
f 1106//1106 1382//1382 1286//1286
f 1210//1210 1296//1296 1265//1265
f 1159//1159 991//991 971//971
f 334//334 240//240 34//34
f 198//198 431//431 101//101
f 639//639 625//625 501//501
f 639//639 501//501 625//625
f 821//821 820//820 1398//1398
f 813//813 37//37 734//734
f 1052//1052 1034//1034 1018//1018
f 1380//1380 1379//1379 1161//1161
f 334//334 264//264 240//240
f 968//968 1176//1176 1190//1190
f 241//241 178//178 179//179
f 821//821 1398//1398 1396//1396
f 917//917 435//435 307//307
f 1068//1068 1195//1195 1089//1089
f 218//218 184//184 254//254
f 1427//1427 57//57 146//146
f 618//618 475//475 593//593
f 984//984 979//979 1175//1175
f 984//984 1175//1175 979//979
f 426//426 406//406 392//392
f 426//426 392//392 406//406
f 711//711 1448//1448 1404//1404
f 742//742 828//828 709//709
f 85//85 141//141 94//94
f 820//820 814//814 819//819
f 158//158 1391//1391 700//700
f 158//158 700//700 1391//1391
f 1256//1256 1296//1296 1445//1445
f 1092//1092 1246//1246 1189//1189
f 479//479 893//893 795//795
f 620//620 501//501 639//639
f 812//812 543//543 791//791
f 905//905 863//863 670//670
f 164//164 732//732 168//168
f 164//164 168//168 732//732
f 1102//1102 936//936 1366//1366
f 695//695 780//780 808//808
f 229//229 209//209 245//245
f 1027//1027 1285//1285 996//996
f 506//506 778//778 189//189
f 809//809 690//690 863//863
f 639//639 501//501 493//493
f 908//908 697//697 895//895
f 972//972 1163//1163 1209//1209
f 32//32 335//335 443//443
f 45//45 1236//1236 763//763
f 1230//1230 750//750 1231//1231
f 1230//1230 1231//1231 750//750
f 82//82 71//71 17//17
f 284//284 315//315 442//442
f 361//361 33//33 318//318
f 742//742 733//733 737//737
f 1206//1206 1197//1197 1008//1008
f 922//922 259//259 252//252
f 272//272 912//912 304//304
f 1027//1027 1279//1279 1160//1160
f 681//681 677//677 564//564
f 483//483 397//397 366//366
f 659//659 1341//1341 1363//1363
f 580//580 773//773 537//537
f 108//108 69//69 26//26
f 895//895 894//894 697//697
f 19//19 1244//1244 1181//1181
f 611//611 706//706 1403//1403
f 727//727 760//760 1234//1234
f 500//500 681//681 638//638
f 500//500 638//638 681//681
f 591//591 504//504 540//540
f 204//204 208//208 293//293
f 105//105 89//89 1407//1407
f 486//486 748//748 667//667
f 804//804 883//883 903//903
f 133//133 1345//1345 1155//1155
f 530//530 554//554 801//801
f 1313//1313 1264//1264 1360//1360
f 620//620 681//681 890//890
f 994//994 988//988 1179//1179
f 214//214 209//209 226//226
f 42//42 1221//1221 858//858
f 1165//1165 1374//1374 1100//1100
f 620//620 512//512 500//500
f 712//712 356//356 44//44
f 391//391 422//422 258//258
f 839//839 882//882 583//583
f 432//432 378//378 912//912
f 681//681 790//790 540//540
f 681//681 540//540 790//790
f 685//685 524//524 666//666
f 685//685 666//666 524//524
f 1184//1184 1179//1179 988//988
f 749//749 1431//1431 503//503