# https://github.com/mikedh/trimesh
v 0.00721300 0.05222500 0.00122700
v -0.01904100 0.06831500 -0.00271600
v -0.01904100 0.06646700 -0.00287500
v -0.00674000 0.05222500 0.00296600
v -0.00505300 0.05222500 0.00476800
v 0.00464100 0.05222500 -0.00768500
v -0.00211300 0.05316100 0.00199600
v 0.00632800 0.05222500 -0.00588200
v -0.00377900 0.05316100 0.00021600
v 0.00115300 0.05316100 -0.00521400
v -0.00778700 0.05222500 0.00073000
v 0.00310100 0.05316100 -0.00369800
v -0.00046800 0.05222500 0.00642800
v -0.00809300 0.05222500 -0.00172000
v 0.00294600 0.05316100 0.00099500
v -0.00007400 0.05316100 -0.00545000
v 0.00370900 0.05316100 -0.00194600
v -0.00289200 0.05222500 0.00596100
v 0.03886600 -0.00458600 0.00971700
v 0.00971700 -0.00458600 0.03886600
v -0.03886600 -0.04345200 0.00971700
v 0.00873200 0.01091100 0.02619700
v 0.02968400 0.00566600 -0.01484200
v -0.02968400 -0.05370300 -0.01484200
v -0.03886600 -0.01430200 -0.01943300
v -0.01484200 -0.05370300 -0.02968400
v 0.00971700 -0.04345200 -0.03886600
v -0.02968400 -0.03886100 -0.02968400
v -0.01943300 -0.01430200 -0.03886600
v 0.02968400 -0.03886100 0.02968400
v -0.01484200 0.00566600 0.02968400
v 0.02619700 0.01091100 0.00873200
v -0.00873200 0.00217900 0.03493000
v -0.03493000 -0.05021600 -0.00873200
v 0.03493000 0.00217900 -0.00873200
v -0.00873200 -0.05021600 -0.03493000
v -0.02619700 -0.05894800 -0.00873200
v -0.00873200 -0.05894800 -0.02619700
v -0.01943300 -0.06288500 0.00971700
v -0.02671600 -0.05964000 0.00000000
v -0.03562100 -0.02401900 -0.02671600
v -0.03562100 -0.05073500 0.00000000
v 0.00000000 -0.05073500 -0.03562100
v -0.02671600 -0.02401900 -0.03562100
v 0.00971700 -0.06288500 -0.01943300
v 0.00000000 -0.05964000 -0.02671600
v 0.03493000 -0.01528600 0.02619700
v -0.02619700 -0.05894800 0.00873200
v 0.02619700 -0.01528600 0.03493000
v -0.03493000 -0.01528600 -0.02619700
v 0.03493000 0.00217900 0.00873200
v 0.00873200 0.00217900 0.03493000
v 0.00873200 -0.05021600 -0.03493000
v -0.02619700 -0.01528600 -0.03493000
v -0.03493000 -0.05021600 0.00873200
v 0.00873200 -0.05894800 -0.02619700
v 0.01993800 0.02801800 0.01422300
v -0.02781600 -0.05183400 -0.02086200
v -0.01289600 0.04294900 0.01484300
v -0.02781600 0.00379700 0.02086200
v 0.02165300 0.03953300 -0.00776800
v -0.00795000 0.03953300 0.01993500
v -0.02086200 -0.05183400 -0.02781600
v 0.02379800 0.02801800 0.00723000
v 0.02781600 -0.00315700 -0.02781600
v 0.02086200 0.00379700 -0.02781600
v 0.02781600 0.00379700 -0.02086200
v -0.02781600 -0.04488000 -0.02781600
v 0.02781600 -0.04488000 0.02781600
v 0.02086200 -0.05183400 0.02781600
v 0.02781600 -0.05183400 0.02086200
v -0.02086200 0.00379700 0.02781600
v -0.02781600 -0.00315700 0.02781600
v 0.01547500 0.02801800 -0.02160300
v -0.01943300 -0.06288500 -0.00971700
v -0.00971700 -0.06288500 -0.01943300
v 0.02099300 0.03059400 -0.01653100
v -0.00971700 -0.06288500 0.01943300
v -0.00537000 0.04846000 0.01280700
v -0.00775100 0.00698600 -0.03100400
v -0.03100400 0.00698600 -0.00775100
v 0.01943300 -0.06288500 -0.00971700
v -0.01224700 0.04922500 -0.00029200
v -0.00239500 0.05222500 -0.00903900
v -0.00059000 0.05069200 0.01012800
v -0.01179200 0.05069200 -0.00184200
v 0.00224700 0.05316100 -0.00461000
v 0.00691500 0.05069200 -0.01060600
v -0.00020600 0.05347500 -0.00145800
v 0.01138000 0.05069200 -0.00107400
v 0.00939300 0.05069200 -0.00795800
v 0.00017800 0.05069200 -0.01304400
v 0.03493000 -0.01528600 -0.02619700
v 0.03493000 -0.05021600 0.00873200
v 0.02619700 -0.05894800 0.00873200
v 0.00873200 -0.05894800 0.02619700
v 0.00873200 -0.05021600 0.03493000
v 0.01176500 0.04846000 0.00786100
v 0.00830000 0.04846000 0.01110400
v -0.00871200 0.04846000 -0.01402000
v 0.02619700 -0.01528600 -0.03493000
v 0.00873200 0.00217900 -0.03493000
v 0.00971700 -0.00458600 -0.03886600
v 0.00775100 0.00698600 -0.03100400
v -0.03493000 0.00217900 0.00873200
v -0.03100400 0.00698600 0.00775100
v -0.02619700 -0.01528600 0.03493000
v -0.03886600 -0.00458600 0.00971700
v -0.03493000 -0.01528600 0.02619700
v 0.00894100 0.05069200 0.00566300
v -0.00670600 0.05069200 -0.01105700
v -0.01217800 0.04846000 -0.01077700
v 0.00991700 0.04599600 0.01349300
v 0.01404200 0.04599600 0.00963300
v 0.00028200 0.05316100 0.00245700
v -0.00408000 0.05316100 -0.00220400
v 0.00602000 0.05222500 0.00338900
v 0.00421800 0.05222500 0.00507600
v -0.00935400 0.05069200 -0.00857900
v 0.01069400 0.05069200 0.00248700
v 0.00300900 0.05069200 0.00968000
v 0.00629300 0.05069200 0.00814100
v -0.00342100 0.05069200 -0.01259600
v -0.01110700 0.05069200 -0.00540400
v 0.01222200 0.04859800 -0.00987300
v -0.01276900 0.04846000 0.00704800
v 0.01943300 -0.03373500 -0.03886600
v -0.00873200 0.01091100 -0.02619700
v -0.02619700 0.01091100 -0.00873200
v -0.03886600 -0.03373500 0.01943300
v -0.00962500 0.04832100 0.01064100
v -0.00732700 0.05069200 0.00769000
v 0.01093200 0.05069200 -0.00467300
v -0.00980500 0.05069200 0.00504100
v -0.01294900 0.05201000 -0.00029200
v -0.01277400 0.05451000 -0.00029200
v 0.00247900 0.05222500 -0.00887800
v -0.00415200 0.05069200 0.00944200
v 0.00373900 0.05069200 -0.01235900
v -0.01134400 0.05069200 0.00175700
v -0.01224900 0.05201000 -0.00029200
v 0.00737500 0.05222500 -0.00364700
v -0.03886600 -0.03373500 -0.01943300
v 0.02619700 0.01091100 -0.00873200
v -0.03886600 -0.04345200 -0.00971700
v 0.01544100 0.02698300 -0.02155900
v -0.00971700 -0.04345200 -0.03886600
v -0.01943300 -0.03373500 -0.03886600
v -0.00873200 0.01091100 0.02619700
v -0.00942600 0.04859800 0.01038500
v -0.02030700 0.02698300 -0.01710500
v -0.01817800 -0.04219700 0.03635600
v 0.03635600 -0.04219700 -0.01817800
v -0.01434600 0.03193500 -0.02234200
v -0.02541300 0.03193500 -0.00229400
v -0.01904600 0.03953300 0.01129800
v 0.00059800 0.03583100 -0.02573000
v -0.00728600 0.02801800 -0.02598500
v -0.00239500 0.01758400 -0.00903900
v -0.00059000 0.01799700 0.01012800
v -0.01963100 0.02008000 -0.00848900
v -0.02085300 0.02008000 -0.00214200
v -0.01431900 0.01856000 -0.00656600
v 0.01390700 0.01856000 0.00365000
v 0.00395600 0.01856000 0.01296200
v -0.01179200 0.01799700 -0.00184200
v 0.00753700 0.03953300 -0.02285100
v -0.03635600 -0.04219700 -0.01817800
v 0.02107700 0.03177400 -0.01403700
v 0.02595300 0.03415100 -0.00516000
v 0.02034300 0.03304400 -0.01538700
v 0.02507600 0.03575000 0.00268400
v 0.02577100 0.03906600 -0.00059200
v -0.00104200 0.03193500 0.02374800
v -0.00887600 0.02698300 0.02249400
v -0.00096000 0.02099900 0.02128100
v -0.01817800 -0.04219700 -0.03635600
v 0.01784000 0.04599600 -0.00086000
v -0.00080400 0.04599600 0.01658800
v -0.01569800 0.03193500 0.01844300
v 0.01774700 0.03953300 0.01251700
v 0.01255000 0.03953300 0.01738100
v -0.03054500 -0.00111000 0.02290900
v -0.03054500 -0.04692700 -0.02290900
v 0.02503200 0.03984700 -0.00223800
v 0.02688200 0.03742400 -0.00194900
v 0.02453600 0.03072400 -0.00000600
v 0.02287900 0.04003800 -0.00468100
v 0.02690900 0.03571700 -0.00367400
v 0.02462000 0.03465600 0.00318100
v 0.02595300 0.03415100 0.00170000
v 0.02507600 0.03575000 -0.00614400
v 0.02266600 0.04101700 -0.00173000
v 0.02304400 0.03580900 -0.00789900
v -0.02290900 -0.04692700 -0.03054500
v 0.01495700 0.04846000 -0.00095600
v 0.00610400 0.02099900 0.02040100
v 0.02118700 0.02099900 0.00628500
v 0.02290900 -0.00111000 -0.03054500
v -0.02290900 -0.05456400 -0.02290900
v -0.00635100 0.04599600 0.01552000
v 0.02290900 -0.05456400 0.02290900
v 0.02366300 0.03765400 -0.00650400
v 0.01863300 0.03953300 -0.01421400
v 0.02574600 0.03164300 -0.00016700
v -0.01049500 -0.06599900 0.01049500
v 0.02122300 0.04080400 -0.00345400
v 0.00678900 0.03193500 0.02277300
v 0.02350800 0.03193500 0.00712600
v 0.01049500 -0.06599900 -0.01049500
v 0.02525300 0.02698300 -0.00061400
v 0.01407600 0.02698300 0.01963500
v 0.00652900 0.02199500 0.02187400
v 0.01774700 0.02099900 0.01251700
v 0.01255000 0.02099900 0.01738100
v 0.01137600 0.02008000 0.01564700
v -0.01049500 -0.01352400 -0.04198000
v -0.04198000 -0.01352400 -0.01049500
v -0.00096000 0.03953300 0.02128100
v -0.01817800 -0.00584100 0.03635600
v 0.02611200 0.03564800 0.00171400
v -0.04319700 -0.02401900 0.01079900
v 0.02341800 0.03412600 -0.00703600
v 0.02462100 0.03046400 -0.00173000
v 0.02105300 0.03066100 -0.01403600
v 0.02274300 0.04078200 -0.00016700
v 0.01079900 -0.06721600 0.00000000
v 0.02294200 0.03956400 0.00191900
v 0.02412200 0.03617200 0.00343300
v 0.02350700 0.03766200 0.00321700
v 0.02494400 0.03369400 -0.00607800
v 0.00000000 -0.06721600 0.01079900
v 0.02582300 0.03140800 -0.00173000
v 0.02650500 0.03346000 -0.00376500
v 0.02470300 0.03958000 0.00023900
v 0.02656700 0.03755400 -0.00016100
v 0.00652900 0.03583100 0.02187400
v 0.02402500 0.03193500 -0.00845300
v 0.02093300 0.02801800 -0.01577100
v -0.00795000 0.02099900 0.01993500
v 0.02165300 0.02099900 -0.00776800
v 0.01079900 -0.02401900 -0.04319700
v 0.00000000 -0.01321900 -0.04319700
v -0.04319700 -0.01321900 0.00000000
v 0.03635600 -0.00584100 -0.01817800
v 0.02044000 0.04294900 -0.00077400
v 0.02187700 0.03157000 -0.01554600
v -0.01049500 -0.06599900 -0.01049500
v 0.02432100 0.02801800 -0.00853800
v -0.00101100 0.02199500 0.02281300
v 0.02029000 0.02251900 -0.01533600
v 0.01863300 0.02099900 -0.01421400
v 0.01049500 -0.01352400 -0.04198000
v -0.04198000 -0.01352400 0.01049500
v 0.01049500 -0.06599900 0.01049500
v 0.01137600 0.04294900 0.01564700
v 0.02118700 0.03953300 0.00628500
v 0.00610400 0.03953300 0.02040100
v 0.03886600 -0.03373500 0.01943300
v 0.01943300 -0.03373500 0.03886600
v 0.03100400 -0.01626800 0.03100400
v 0.01943300 0.01484700 -0.00971700
v 0.00775100 -0.05502300 -0.03100400
v 0.01499800 0.02251900 -0.02099100
v -0.03100400 -0.01626800 -0.03100400
v -0.03100400 -0.05502300 0.00775100
v -0.00971700 0.01484700 0.01943300
v -0.02570800 -0.04972600 0.02570800
v -0.00694200 0.03583100 -0.02479000
v 0.01093200 0.01799700 -0.00467300
v -0.00732700 0.01799700 0.00769000
v -0.02005400 0.02008000 0.00427100
v -0.02206500 0.02099900 0.00485200
v -0.00980500 0.01799700 0.00504100
v -0.01904100 0.04766500 -0.00260600
v 0.02570800 -0.04972600 -0.02570800
v -0.02304100 0.03583100 -0.00972400
v 0.01653700 -0.05709200 0.02480500
v 0.03307400 -0.04882400 0.01653700
v -0.03307400 -0.04055500 -0.02480500
v 0.01653700 -0.04882400 0.03307400
v -0.03307400 -0.04882400 -0.01653700
v 0.03307400 0.00078700 -0.01653700
v -0.03307400 -0.00748200 0.02480500
v 0.02480500 -0.04055500 0.03307400
v 0.03307400 -0.00748200 -0.02480500
v -0.03307400 0.00078700 0.01653700
v -0.04198000 -0.03451400 -0.01049500
v -0.01653700 -0.04882400 -0.03307400
v -0.00889500 0.02801800 0.02254600
v -0.00104200 0.02304300 0.02374800
v -0.01569800 0.02304300 0.01844300
v -0.01049500 -0.03451400 -0.04198000
v -0.02480500 -0.04055500 -0.03307400
v 0.02480500 -0.00748200 -0.03307400
v 0.01653700 0.00078700 -0.03307400
v -0.02480500 -0.05709200 -0.01653700
v -0.02480500 -0.00748200 0.03307400
v -0.01653700 0.00078700 0.03307400
v -0.01653700 -0.05709200 -0.02480500
v 0.01609500 0.04294900 0.01123100
v 0.03307400 -0.04055500 0.02480500
v 0.02480500 -0.05709200 0.01653700
v -0.01049500 0.01796200 0.01049500
v -0.02781600 -0.04488000 0.02781600
v 0.01049500 -0.03451400 0.04198000
v -0.02781600 -0.05183400 0.02086200
v -0.02086200 -0.05183400 0.02781600
v 0.02781600 0.00379700 0.02086200
v 0.01049500 0.01796200 -0.01049500
v 0.02781600 -0.00315700 0.02781600
v 0.02781600 -0.04488000 -0.02781600
v 0.02086200 -0.05183400 -0.02781600
v 0.00848200 0.02801800 -0.02546300
v -0.02468000 0.02698300 0.00560700
v -0.00289200 0.01758400 0.00596100
v -0.02109000 0.02304300 0.01268200
v 0.00054700 0.02099900 -0.02419700
v 0.00061400 0.02251900 -0.02619700
v 0.00370900 0.01733300 -0.00194600
v -0.00007400 0.01733300 -0.00545000
v 0.00901300 0.01856000 -0.01330200
v -0.02781600 -0.00315700 -0.02781600
v -0.02086200 0.00379700 -0.02781600
v -0.02781600 0.00379700 -0.02086200
v 0.02781600 -0.05183400 -0.02086200
v 0.02086200 0.00379700 0.02781600
v -0.00651600 0.03953300 -0.02331700
v 0.04198000 -0.03451400 0.01049500
v 0.03635600 -0.04219700 0.01817800
v 0.02695400 0.03571800 0.00008100
v 0.02461300 0.03462200 -0.00673300
v 0.02587500 0.03728300 0.00147700
v 0.02439700 0.03888600 0.00170000
v 0.02288000 0.03576400 0.00384800
v 0.02509900 0.03210900 -0.00502300
v 0.02453600 0.03072400 -0.00345400
v 0.02574600 0.03164300 -0.00329300
v 0.01817800 -0.04219700 0.03635600
v -0.00105200 0.02801800 0.02405600
v -0.00847200 0.02199500 0.02137700
v -0.00879000 0.02304300 0.02225600
v 0.01964100 0.02008000 -0.00718800
v 0.01677200 0.04599600 0.00468700
v 0.00480100 0.04599600 0.01588900
v -0.00089000 0.04294900 0.01918800
v -0.01588700 0.02801800 0.01868700
v 0.02129100 0.03039700 -0.01542000
v 0.02253300 0.03953300 -0.00070500
v 0.02705600 0.03391100 -0.00209000
v -0.01817800 0.01233700 -0.01817800
v -0.02421100 0.02801800 -0.01014700
v 0.00198200 0.01758400 0.00612300
v -0.00463000 0.01758400 -0.00799200
v -0.00762600 0.01758400 -0.00414400
v -0.01296200 0.02099900 -0.02029700
v 0.00355000 0.01733300 -0.00009900
v -0.00188000 0.01733300 -0.00503100
v -0.01178800 0.02008000 -0.01856400
v 0.01248300 0.04294900 -0.01775900
v 0.01817800 0.01233700 0.01817800
v -0.01049500 -0.01352400 0.04198000
v -0.00778700 0.01758400 0.00073000
v -0.02031500 0.02199500 0.01215800
v 0.00310100 0.01733300 -0.00369800
v 0.00115300 0.01733300 -0.00521400
v -0.01731200 0.02008000 0.01012400
v -0.01515700 0.01926000 0.00866500
v -0.01129700 0.01926000 0.01279000
v -0.01263400 0.01856000 0.00695700
v 0.01222200 0.01856000 -0.00987300
v 0.04198000 -0.01352400 -0.01049500
v -0.01650800 0.04294900 -0.01414800
v -0.01049500 -0.03451400 0.04198000
v 0.01049500 0.01796200 0.01049500
v 0.04198000 -0.03451400 -0.01049500
v -0.02353800 0.03583100 0.00527700
v 0.00805900 0.03583100 -0.02429300
v -0.01448800 0.02698300 -0.02255100
v 0.00028200 0.01733300 0.00245700
v 0.00421800 0.01758400 0.00507600
v 0.00602000 0.01758400 0.00338900
v -0.00408000 0.01733300 -0.00220400
v -0.01127200 0.01826100 -0.01058600
v -0.00720100 0.02304300 -0.02568900
v -0.00935400 0.01799700 -0.00857900
v 0.01653700 0.00078700 0.03307400
v -0.02480500 -0.04055500 0.03307400
v -0.01653700 -0.04882400 0.03307400
v 0.03307400 -0.00748200 0.02480500
v -0.03307400 0.00078700 -0.01653700
v -0.02480500 -0.05709200 0.01653700
v -0.03307400 -0.00748200 -0.02480500
v 0.02480500 -0.00748200 0.03307400
v 0.03307400 0.00078700 0.01653700
v 0.02480500 -0.04055500 -0.03307400
v 0.01653700 -0.04882400 -0.03307400
v -0.00727100 0.02698300 -0.02593200
v -0.00046800 0.01758400 0.00642800
v -0.00809300 0.01758400 -0.00172000
v 0.00294600 0.01733300 0.00099500
v -0.02494500 0.02251900 -0.00227800
v -0.01382200 0.02199500 -0.02156700
v -0.01434600 0.02304300 -0.02234200
v 0.00991700 0.01926000 0.01349300
v 0.01404200 0.01926000 0.00963300
v -0.00862100 0.01856000 -0.01388600
v 0.01163700 0.01856000 0.00776100
v 0.00820900 0.01856000 0.01097000
v -0.01653700 0.00078700 -0.03307400
v -0.02480500 -0.00748200 -0.03307400
v -0.03307400 -0.04055500 0.02480500
v -0.03307400 -0.04882400 0.01653700
v 0.01653700 -0.05709200 -0.02480500
v 0.02480500 -0.05709200 -0.01653700
v 0.03307400 -0.04055500 -0.02480500
v 0.00682500 0.04294900 -0.02088300
v 0.03307400 -0.04882400 -0.01653700
v -0.02206500 0.03953300 0.00485200
v -0.01653700 -0.05709200 0.02480500
v -0.03054500 -0.00111000 -0.02290900
v 0.01484200 0.00566600 0.02968400
v 0.02968400 -0.00917600 0.02968400
v 0.02968400 0.00566600 0.01484200
v -0.02968400 -0.05370300 0.01484200
v -0.02290900 -0.05456400 0.02290900
v 0.02290900 -0.04692700 -0.03054500
v 0.01484200 -0.05370300 -0.02968400
v -0.00505300 0.01758400 0.00476800
v -0.00674000 0.01758400 0.00296600
v 0.00632800 0.01758400 -0.00588200
v 0.00464100 0.01758400 -0.00768500
v 0.00753700 0.02099900 -0.02285100
v -0.00377900 0.01733300 0.00021600
v -0.00211300 0.01733300 0.00199600
v 0.01248300 0.02008000 -0.01775900
v -0.01904600 0.02099900 0.01129800
v -0.02290900 -0.00111000 -0.03054500
v -0.01178800 0.04294900 -0.01856400
v 0.02290900 -0.05456400 -0.02290900
v -0.02968400 -0.00917600 -0.02968400
v -0.03054500 -0.04692700 0.02290900
v 0.01653700 0.00905500 0.02480500
v 0.02480500 0.00905500 0.01653700
v 0.04198000 -0.01352400 0.01049500
v -0.02392100 0.03193500 -0.01004200
v 0.01049500 -0.01352400 0.04198000
v -0.02566500 0.02698300 -0.00230200
v -0.00643300 0.01758400 -0.00630500
v -0.02160000 0.02099900 -0.00920200
v -0.01816000 0.02099900 -0.01543400
v 0.00203300 0.01733300 0.00184900
v -0.00335800 0.01733300 -0.00391200
v -0.02304100 0.02199500 -0.00972400
v -0.00694200 0.02199500 -0.02479000
v -0.01650800 0.02008000 -0.01414800
v -0.01445400 0.01926000 -0.01254900
v -0.01653700 0.00905500 -0.02480500
v -0.02480500 0.00905500 -0.01653700
v -0.01731200 0.04294900 0.01012400
v 0.00837700 0.03193500 -0.02517300
v 0.00063800 0.02698300 -0.02691700
v -0.02129900 0.02698300 0.01282400
v 0.00691500 0.01799700 -0.01060600
v 0.01376900 0.02099900 -0.01941200
v 0.00224700 0.01733300 -0.00461000
v -0.00020600 0.01724800 -0.00145800
v -0.02443700 0.02304300 0.00553700
v 0.00682500 0.02008000 -0.02088300
v 0.01088500 0.01926000 -0.01570600
v -0.00942600 0.01856000 0.01038500
v -0.01032900 0.04599600 -0.01640900
v -0.02294500 0.03953300 -0.00221200
v -0.02134500 0.02801800 0.01285500
v -0.02085300 0.04294900 -0.00214200
v -0.02443700 0.03193500 0.00553700
v -0.01296200 0.03953300 -0.02029700
v 0.00063900 0.02801800 -0.02697300
v 0.01138000 0.01799700 -0.00107400
v 0.00939300 0.01799700 -0.00795800
v 0.00017800 0.01799700 -0.01304400
v 0.00821800 0.02251900 -0.02473300
v -0.02353800 0.02199500 0.00527700
v -0.01462600 0.01856000 0.00270400
v -0.02570800 0.00168900 -0.02570800
v -0.01718400 0.04599600 -0.00760300
v -0.01904100 0.04764300 -0.00297800
v 0.02570800 0.00168900 0.02570800
v -0.00445900 0.04832100 -0.01619000
v -0.00521400 0.04599600 -0.01880600
v -0.01963100 0.04294900 -0.00848900
v -0.01817800 -0.06037500 0.01817800
v 0.01079900 0.01917900 0.00000000
v -0.03635600 -0.00584100 -0.01817800
v 0.04319700 -0.02401900 0.01079900
v 0.04319700 -0.01321900 0.00000000
v 0.00000000 -0.01321900 0.04319700
v -0.02572100 0.02801800 -0.00230400
v 0.00894100 0.01799700 0.00566300
v -0.00651600 0.02099900 -0.02331700
v -0.02392100 0.02304300 -0.01004200
v -0.00436900 0.01856000 -0.01587800
v -0.00670600 0.01799700 -0.01105700
v -0.01817800 -0.00584100 -0.03635600
v 0.01817800 -0.06037500 -0.01817800
v 0.00000000 0.01917900 0.01079900
v 0.00054700 0.03953300 -0.02419700
v 0.01079900 -0.02401900 0.04319700
v 0.02147100 0.04005100 -0.00500900
v 0.00687400 0.02801800 0.02306900
v 0.01367200 0.02251900 0.01903800
v 0.01932600 0.02251900 0.01374600
v 0.02253300 0.02099900 -0.00070500
v 0.02453300 0.02251900 -0.00063800
v 0.01689900 0.04294900 -0.01304000
v -0.01943300 0.01484700 -0.00971700
v 0.03886600 -0.04345200 -0.00971700
v 0.03886600 -0.03373500 -0.01943300
v -0.00971700 -0.04345200 0.03886600
v -0.02968400 0.00566600 -0.01484200
v 0.04452700 -0.02401900 0.00000000
v 0.00000000 0.02050800 0.00000000
v -0.01943300 -0.03373500 0.03886600
v -0.01937000 0.02199500 -0.01637500
v -0.01484200 0.00566600 -0.02968400
v -0.00971700 0.01484700 -0.01943300
v -0.01129700 0.04599600 0.01279000
v -0.01515700 0.04599600 0.00866500
v 0.02968400 -0.05370300 -0.01484200
v -0.02968400 -0.03886100 0.02968400
v 0.00000000 -0.02401900 0.04452700
v -0.01484200 -0.05370300 0.02968400
v 0.02968400 -0.03886100 -0.02968400
v -0.00873200 -0.05894800 0.02619700
v -0.03493000 0.00217900 -0.00873200
v -0.00873200 -0.05021600 0.03493000
v 0.00911300 0.04846000 -0.01343000
v -0.02010800 0.02304300 -0.01695000
v -0.01032900 0.01926000 -0.01640900
v -0.00971700 -0.00458600 -0.03886600
v -0.00873200 0.00217900 -0.03493000
v 0.01249000 0.04832100 -0.01005500
v 0.01088500 0.04599600 -0.01570600
v 0.02619700 -0.05894800 -0.00873200
v 0.03493000 -0.05021600 -0.00873200
v -0.03886600 -0.00458600 -0.00971700
v 0.02968400 -0.05370300 0.01484200
v 0.03054500 -0.04692700 0.02290900
v -0.04452700 -0.02401900 0.00000000
v 0.02147100 0.04005100 0.00154900
v 0.01484200 -0.05370300 0.02968400
v 0.02122300 0.04080400 -0.00000600
v 0.00000000 -0.06854500 0.00000000
v -0.02480500 0.00905500 0.01653700
v -0.01817800 0.01233700 0.01817800
v -0.02290900 0.00652600 0.02290900
v -0.02968400 0.00566600 0.01484200
v 0.02262900 0.03583100 0.00680700
v 0.02088700 0.02698300 -0.01574000
v -0.01418200 0.02099900 0.01649500
v -0.01512300 0.02199500 0.01770500
v 0.02402500 0.02304300 -0.00845300
v 0.01689900 0.02008000 -0.01304000
v 0.00000000 -0.02401900 -0.04452700
v 0.02968400 -0.00917600 -0.02968400
v 0.01484200 0.00566600 -0.02968400
v 0.02290900 0.00652600 -0.02290900
v 0.01653700 0.00905500 -0.02480500
v 0.01817800 0.01233700 -0.01817800
v 0.02480500 0.00905500 -0.01653700
v -0.02290900 -0.00111000 0.03054500
v 0.03054500 -0.00111000 -0.02290900
v -0.01653700 0.00905500 0.02480500
v 0.02290900 -0.04692700 0.03054500
v -0.02968400 -0.00917600 0.02968400
v -0.01585300 0.02698300 0.01864300
v -0.00105000 0.02698300 0.02400100
v 0.02312600 0.02199500 -0.00819400
v -0.01289600 0.02008000 0.01484300
v -0.00879000 0.03193500 0.02225600
v 0.02184000 0.03080300 -0.01568100
v 0.01817800 -0.00584100 0.03635600
v 0.03635600 -0.00584100 0.01817800
v -0.02031500 0.03583100 0.01215800
v -0.02415900 0.02698300 -0.01012800
v 0.00721300 0.01758400 0.00122700
v -0.02294500 0.02099900 -0.00221200
v 0.00039200 0.04599600 -0.01950400
v -0.02005400 0.04294900 0.00427100
v 0.01376900 0.03953300 -0.01941200
v 0.02290900 0.00652600 0.02290900
v -0.02290900 -0.04692700 0.03054500
v -0.03635600 -0.04219700 0.01817800
v 0.03054500 -0.00111000 0.02290900
v -0.00720100 0.03193500 -0.02568900
v 0.03054500 -0.04692700 -0.02290900
v -0.01451900 0.02801800 -0.02259700
v 0.00029600 0.04846000 -0.01662100
v -0.00070300 0.01856000 0.01354200
v 0.00629300 0.01799700 0.00814100
v 0.00300900 0.01799700 0.00968000
v 0.01069400 0.01799700 0.00248700
v -0.00593600 0.02008000 -0.02130600
v -0.01520700 0.01856000 -0.00195500
v -0.01110700 0.01799700 -0.00540400
v -0.00342100 0.01799700 -0.01259600
v 0.01817800 -0.04219700 -0.03635600
v -0.02290900 0.00652600 -0.02290900
v 0.02290900 -0.00111000 0.03054500
v -0.01755400 0.04599600 0.00354900
v 0.00593900 0.04599600 -0.01843600
v 0.00047800 0.04294900 -0.02210500
v 0.00062900 0.03193500 -0.02666500
v -0.01904100 0.04406800 -0.00297800
v -0.02109000 0.03193500 0.01268200
v -0.02160000 0.03953300 -0.00920200
v -0.01382200 0.03583100 -0.02156700
v -0.01816000 0.03953300 -0.01543400
v -0.02447800 0.03583100 -0.00226300
v -0.02473300 0.02801800 0.00562200
v 0.00846400 0.02698300 -0.02541100
v 0.00247900 0.01758400 -0.00887800
v 0.00737500 0.01758400 -0.00364700
v -0.00415200 0.01799700 0.00944200
v 0.00047800 0.02008000 -0.02210500
v 0.00490200 0.01856000 -0.01557100
v -0.01134400 0.01799700 0.00175700
v 0.00373900 0.01799700 -0.01235900
v -0.01900700 0.04460800 -0.00258200
v -0.00593600 0.04294900 -0.02130600
v -0.01079900 -0.06721600 0.00000000
v -0.02570800 -0.04972600 -0.02570800
v 0.02507000 0.03328900 0.00244700
v 0.02603800 0.03890100 -0.00188700
v 0.02295700 0.03945200 -0.00554400
v 0.01393400 0.03193500 0.01942500
v 0.01969500 0.03193500 0.01403400
v 0.02500000 0.03193500 -0.00062300
v -0.00101100 0.03583100 0.02281300
v 0.01990300 0.03583100 -0.01507400
v 0.02611200 0.03564800 -0.00517400
v -0.04319700 -0.03481800 0.00000000
v 0.00685900 0.02698300 0.02301600
v 0.02044000 0.02008000 -0.00077400
v 0.00000000 -0.03481800 -0.04319700
v -0.01079900 -0.02401900 -0.04319700
v -0.04319700 -0.02401900 -0.01079900
v 0.00000000 -0.06721600 -0.01079900
v 0.02570800 -0.04972600 0.02570800
v 0.02725900 0.03595100 -0.00185500
v 0.02341800 0.03412600 0.00357500
v 0.02341800 0.03766700 -0.00677600
v 0.02412200 0.03617200 -0.00689400
v 0.02274300 0.04078200 -0.00329300
v 0.02425700 0.04037900 -0.00173000
v -0.01512300 0.03583100 0.01770500
v 0.02642900 0.03760200 -0.00369300
v 0.02463200 0.03954200 -0.00389000
v 0.01410700 0.02801800 0.01968100
v 0.02530800 0.02801800 -0.00061300
v 0.00678900 0.02304300 0.02277300
v 0.02306900 0.02251900 0.00696600
v 0.01921800 0.02008000 0.00557300
v 0.00552300 0.02008000 0.01838900
v 0.01714100 0.04599600 -0.00646600
v -0.00723700 0.04294900 0.01796700
v 0.02500800 0.03738300 -0.00573700
v 0.02670900 0.03372000 -0.00007400
v 0.02113800 0.04106300 -0.00173000
v -0.00847200 0.03583100 0.02137700
v 0.01989500 0.02698300 0.01418900
v 0.01609500 0.02008000 0.01123100
v 0.01049500 -0.03451400 -0.04198000
v -0.04198000 -0.03451400 0.01049500
v 0.01474500 0.04599600 -0.01158100
v -0.02570800 0.00168900 0.02570800
v 0.02520400 0.03218000 0.00144800
v 0.01964100 0.04294900 -0.00718800
v 0.02582800 0.03889500 -0.00322300
v 0.02587500 0.03728300 -0.00493700
v 0.01437000 0.04846000 -0.00566600
v 0.02374600 0.02698300 0.00721200
v -0.00089000 0.02008000 0.01918800
v 0.02570800 0.00168900 -0.02570800
v 0.02439700 0.03888600 -0.00516000
v -0.01418200 0.03953300 0.01649500
v 0.01421200 0.04832100 0.00376000
v 0.01953900 0.03304200 -0.01582500
v 0.02500800 0.03738300 0.00227600
v 0.02541500 0.03232200 -0.00468100
v 0.01895700 0.03583100 0.01345900
v 0.01340900 0.03583100 0.01865100
v 0.02406500 0.03583100 -0.00065400
v 0.02426800 0.02698300 -0.00852300
v -0.00723700 0.02008000 0.01796700
v 0.01817800 -0.00584100 -0.03635600
v -0.01817800 -0.06037500 -0.01817800
v 0.01921800 0.04294900 0.00557300
v -0.03635600 -0.00584100 0.01817800
v 0.01817800 -0.06037500 0.01817800
v 0.00552300 0.04294900 0.01838900
v 0.02139000 0.03219700 -0.01533400
v 0.00400100 0.04846000 0.01311800
v 0.01390700 0.04859800 0.00365000
v -0.01755400 0.01926000 0.00354900
v 0.00593900 0.01926000 -0.01843600
v -0.01431900 0.04859800 -0.00656600
v 0.03148500 -0.05550400 0.00000000
v -0.01293100 0.04922100 -0.00029200
v -0.03148500 0.00746700 0.00000000
v 0.00000000 -0.05550400 0.03148500
v -0.02035100 0.02801800 -0.01713900
v -0.01478200 0.04846000 0.00274900
v -0.01825200 0.01926000 -0.00205600
v 0.03148500 -0.02401900 -0.03148500
v 0.00000000 0.00746700 -0.03148500
v -0.03148500 -0.02401900 0.03148500
v -0.02619700 -0.03275100 0.03493000
v 0.00495700 0.04846000 -0.01572400
v -0.01718400 0.01926000 -0.00760300
v -0.00521400 0.01926000 -0.01880600
v 0.02619700 -0.03275100 -0.03493000
v -0.03100400 -0.03177000 0.03100400
v -0.03493000 -0.03275100 0.02619700
v 0.03100400 -0.03177000 -0.03100400
v 0.03493000 -0.03275100 -0.02619700
v -0.02010800 0.03193500 -0.01695000
v 0.03100400 -0.05502300 -0.00775100
v -0.00775100 -0.05502300 0.03100400
v 0.03562100 -0.02401900 -0.02671600
v 0.03562100 -0.05073500 0.00000000
v 0.00000000 -0.05073500 0.03562100
v -0.00436900 0.04859800 -0.01587800
v 0.00039200 0.01926000 -0.01950400
v 0.00000000 0.01160300 -0.02671600
v -0.02671600 -0.02401900 0.03562100
v -0.01937000 0.03583100 -0.01637500
v -0.02671600 0.01160300 0.00000000
v 0.00775100 0.00698600 0.03100400
v -0.00971700 -0.00458600 0.03886600
v 0.02178400 0.03146000 -0.01614700
v 0.03100400 0.00698600 0.00775100
v 0.01474500 0.01926000 -0.01158100
v 0.03886600 -0.00458600 -0.00971700
v 0.01994300 0.03287000 -0.01627700
v 0.01528600 0.03193500 -0.02136000
v 0.01714100 0.01926000 -0.00646600
v 0.01950500 0.03184300 -0.01687300
v 0.03982600 -0.02401900 0.01991300
v -0.01991300 -0.06384500 0.00000000
v -0.03982600 -0.02401900 -0.01991300
v 0.03982600 -0.00410600 0.00000000
v 0.01991300 -0.02401900 0.03982600
v 0.00000000 -0.00410600 0.03982600
v 0.01991300 0.01580700 0.00000000
v 0.01784000 0.01926000 -0.00086000
v -0.00080400 0.01926000 0.01658800
v -0.01991300 -0.02401900 -0.03982600
v 0.00000000 0.01580700 0.01991300
v 0.00000000 -0.06384500 -0.01991300
v -0.03100400 -0.05502300 -0.00775100
v -0.00775100 -0.05502300 -0.03100400
v 0.00480100 0.01926000 0.01588900
v 0.01677200 0.01926000 0.00468700
v -0.03100400 -0.03177000 -0.03100400
v 0.03100400 -0.03177000 0.03100400
v 0.01967600 0.03292400 -0.01618000
v -0.00635100 0.01926000 0.01552000
v 0.01421400 0.01856000 -0.00562100
v 0.02102700 0.03186000 -0.01666300
v 0.03982600 -0.02401900 -0.01991300
v 0.00000000 -0.06384500 0.01991300
v 0.01991300 -0.06384500 0.00000000
v -0.00070900 0.04846000 0.01370500
v 0.00029100 0.01856000 -0.01645900
v 0.01991300 -0.02401900 -0.03982600
v 0.00000000 -0.00410600 -0.03982600
v -0.01536900 0.04846000 -0.00196100
v 0.00000000 0.01580700 -0.01991300
v -0.03982600 -0.02401900 0.01991300
v -0.01991300 -0.02401900 0.03982600
v -0.01991300 0.01580700 0.00000000
v -0.03982600 -0.00410600 0.00000000
v 0.01958300 0.03040900 -0.01679100
v -0.03493000 -0.03275100 -0.02619700
v 0.00000000 0.00746700 0.03148500
v 0.03148500 0.00746700 0.00000000
v -0.03148500 -0.05550400 0.00000000
v 0.00000000 -0.05550400 -0.03148500
v 0.01479400 0.01856000 -0.00096100
v -0.02619700 -0.03275100 -0.03493000
v -0.03148500 -0.02401900 -0.03148500
v 0.03493000 -0.03275100 0.02619700
v 0.02619700 -0.03275100 0.03493000
v 0.03148500 -0.02401900 0.03148500
v -0.01079900 0.01917900 0.00000000
v -0.01904100 0.04406000 -0.00262900
v 0.00000000 0.01917900 -0.01079900
v -0.01079900 -0.02401900 0.04319700
v 0.04319700 -0.02401900 -0.01079900
v 0.00005500 0.01758400 -0.00934500
v 0.00768000 0.01758400 -0.00119700
v -0.00531400 0.01856000 0.01265500
v -0.01904100 0.04454100 -0.00297800
v 0.04319700 -0.03481800 0.00000000
v 0.00000000 -0.03481800 0.04319700
v 0.03562100 -0.02401900 0.02671600
v 0.00000000 0.00269700 0.03562100
v 0.03562100 0.00269700 0.00000000
v 0.00000000 0.01160300 0.02671600
v -0.03982600 -0.04393200 0.00000000
v 0.02671600 -0.02401900 0.03562100
v 0.03100400 0.00698600 -0.00775100
v 0.02671600 0.01160300 0.00000000
v 0.01471100 0.03583100 -0.02062200
v 0.00000000 -0.04393200 -0.03982600
v -0.00775100 0.00698600 0.03100400
v -0.03562100 -0.02401900 0.02671600
v 0.00000000 -0.05964000 0.02671600
v 0.00000000 -0.04393200 0.03982600
v 0.00971700 -0.06288500 0.01943300
v 0.02671600 -0.02401900 -0.03562100
v 0.00000000 0.00269700 -0.03562100
v -0.03562100 0.00269700 0.00000000
v -0.01462400 0.04832100 -0.00667700
v 0.02671600 -0.05964000 0.00000000
v 0.03982600 -0.04393200 0.00000000
v 0.01943300 -0.06288500 0.00971700
v 0.03100400 -0.05502300 0.00775100
v 0.00775100 -0.05502300 0.03100400
v 0.03100400 -0.01626800 -0.03100400
v 0.01943300 -0.01430200 -0.03886600
v 0.00873200 0.01091100 -0.02619700
v -0.01445400 0.04599600 -0.01254900
v -0.02619700 0.01091100 0.00873200
v -0.03886600 -0.01430200 0.01943300
v -0.03100400 -0.01626800 0.03100400
v 0.03886600 -0.01430200 -0.01943300
v -0.01943300 0.01484700 0.00971700
v 0.00971700 -0.04345200 0.03886600
v 0.00971700 0.01484700 -0.01943300
v -0.01943300 -0.01430200 0.03886600
v 0.03886600 -0.04345200 0.00971700
v -0.00463000 0.05222500 -0.00799200
v 0.00198200 0.05222500 0.00612300
v 0.00355000 0.05316100 -0.00009900
v -0.00762600 0.05222500 -0.00414400
v -0.00188000 0.05316100 -0.00503100
v -0.01904100 0.05343300 -0.00274400
v -0.01904100 0.04978700 -0.00287200
v -0.01904100 0.04978700 -0.00272000
v -0.01904100 0.05343300 -0.00286300
v -0.01904100 0.06854500 -0.00288000
v -0.01904100 0.06646400 -0.00272600
v -0.01904100 0.06831500 -0.00288000
v -0.01904100 0.06854500 -0.00273000
v -0.00643300 0.05222500 -0.00630500
v 0.00203300 0.05316100 0.00184900
v -0.00335800 0.05316100 -0.00391200
v 0.00005500 0.05222500 -0.00934500
v 0.00768000 0.05222500 -0.00119700
v 0.03886600 -0.01430200 0.01943300
v 0.00971700 0.01484700 0.01943300
v 0.01943300 -0.01430200 0.03886600
v 0.01943300 0.01484700 0.00971700
vn 0.29606098 0.94929080 0.10580586
vn 0.00000000 0.00000000 0.00000000
vn -0.00000000 0.00000000 0.00000000
vn -0.25886464 0.94957152 0.17692660
vn -0.19364522 0.94958325 0.24656273
vn 0.19414954 0.94873139 -0.24942875
vn -0.07877683 0.98662078 0.14273629
vn 0.26173550 0.94873350 -0.17719840
vn -0.14762534 0.98662256 0.06915698
vn 0.05583684 0.98644403 -0.15430624
vn -0.30159753 0.94958016 0.08565312
vn 0.13923802 0.98647023 -0.08654046
vn -0.01176898 0.94958280 0.31329539
vn -0.31341938 0.94957216 -0.00899989
vn 0.12948485 0.98644333 0.10081283
vn -0.00405616 0.98597931 -0.16681832
vn 0.16246443 0.98655307 -0.01784260
vn -0.10544900 0.94958390 0.29524722
vn 0.87834936 0.42696559 0.21494835
vn 0.21056716 0.42559448 0.88007432
vn -0.87833731 -0.42698476 0.21495948
vn 0.19499971 0.79154695 0.57916193
vn 0.66868065 0.66876714 -0.32498722
vn -0.66868065 -0.66876714 -0.32498722
vn -0.87834320 0.21494990 -0.42697748
vn -0.32441723 -0.66129763 -0.67634230
vn 0.21056299 -0.42562020 -0.88006288
vn -0.66125247 -0.32441188 -0.67638901
vn -0.42561267 0.21056411 -0.88006625
vn 0.66125247 -0.32441188 0.67638901
vn -0.32441723 0.66129763 0.67634230
vn 0.57916193 0.79154695 0.19499971
vn -0.19494172 0.57916754 0.79155713
vn -0.79311194 -0.57879454 -0.18965846
vn 0.79313042 0.57877680 -0.18963530
vn -0.19496440 -0.57919951 -0.79152815
vn -0.57877875 -0.79311603 -0.18968953
vn -0.18968953 -0.79311603 -0.57877875
vn -0.42702502 -0.87831606 0.21496633
vn -0.59001395 -0.80738678 0.00318268
vn -0.80738648 0.00318016 -0.59001437
vn -0.80738559 -0.59001557 0.00318416
vn -0.00318416 -0.59001557 -0.80738559
vn -0.59001560 -0.00318964 -0.80738554
vn 0.21496633 -0.87831606 -0.42702502
vn 0.00318268 -0.80738678 -0.59001395
vn 0.79152027 0.19498210 0.57920431
vn -0.57920545 -0.79151506 0.19499988
vn 0.57879010 0.18966883 0.79311270
vn -0.79152027 0.19498210 -0.57920431
vn 0.79155713 0.57916754 0.19494172
vn 0.18963530 0.57877680 0.79313042
vn 0.18965846 -0.57879454 -0.79311194
vn -0.57879010 0.18966883 -0.79311270
vn -0.79152815 -0.57919951 0.19496440
vn 0.19499988 -0.79151506 -0.57920545
vn 0.78905259 0.01266640 0.61419506
vn -0.62711643 -0.62709474 -0.46203590
vn -0.49858990 0.58411329 0.64048402
vn -0.62708577 0.62711462 0.46205054
vn 0.86367524 0.43429541 -0.25583703
vn -0.30380110 0.45086821 0.83929896
vn -0.45904668 -0.61697123 -0.63923599
vn 0.94024370 0.01260848 0.34026874
vn 0.61699192 0.45904889 -0.63921443
vn 0.45906162 0.61699149 -0.63920570
vn 0.62708577 0.62711462 -0.46205054
vn -0.61699192 -0.45904889 -0.63921443
vn 0.61699192 -0.45904889 0.63921443
vn 0.45904668 -0.61697123 0.63923599
vn 0.62711643 -0.62709474 0.46203590
vn -0.45906162 0.61699149 0.63920570
vn -0.61699192 0.45904889 0.63921443
vn 0.61418433 0.01231087 -0.78906657
vn -0.42566849 -0.88003950 -0.21056309
vn -0.21056309 -0.88003950 -0.42566849
vn 0.56696919 -0.19643518 -0.79997448
vn -0.21496633 -0.87831606 0.42702502
vn -0.20183014 0.80253636 0.56142674
vn -0.16838739 0.70071602 -0.69328402
vn -0.69670400 0.69678975 -0.17055081
vn 0.42702502 -0.87831606 -0.21496633
vn 0.00000000 0.00000000 -0.00000000
vn -0.08569083 0.94957598 -0.30159996
vn -0.01540400 0.88588543 0.46364827
vn -0.46288648 0.88630409 -0.01418336
vn 0.10078374 0.98644613 -0.12948614
vn 0.28356642 0.88630628 -0.36613012
vn -0.00103951 0.99999915 0.00078607
vn 0.46284112 0.88632674 0.01424789
vn 0.38241681 0.88737239 -0.25754152
vn 0.01535456 0.88587334 -0.46367300
vn 0.79311270 0.18966883 -0.57879010
vn 0.79311194 -0.57879454 0.18965846
vn 0.57877875 -0.79311603 0.18968953
vn 0.18968953 -0.79311603 0.57877875
vn 0.19496440 -0.57919951 0.79152815
vn 0.46985930 0.80295616 0.36673376
vn 0.33404590 0.80313765 0.49333887
vn -0.33563325 0.80251530 -0.49327429
vn 0.57920431 0.19498210 -0.79152027
vn 0.19494172 0.57916754 -0.79155713
vn 0.21494835 0.42696559 -0.87834936
vn 0.16841360 0.69334602 -0.70064838
vn -0.79313042 0.57877680 0.18963530
vn -0.69724354 0.69728744 0.16625784
vn -0.57920431 0.19498210 0.79152027
vn -0.88007432 0.42559448 0.21056716
vn -0.79311270 0.18966883 0.57879010
vn 0.36609095 0.88587376 0.28496509
vn -0.26059867 0.88629664 -0.38284017
vn -0.46990466 0.80291378 -0.36676842
vn 0.39861573 0.70316149 0.58878639
vn 0.56106350 0.70317704 0.43674912
vn 0.01223445 0.98668644 0.16217335
vn -0.16206579 0.98644874 -0.02556479
vn 0.24946735 0.94872242 0.19414378
vn 0.17723743 0.94872678 0.26173342
vn -0.36606939 0.88586916 -0.28500708
vn 0.43307757 0.88739722 0.15801895
vn 0.12868528 0.88586737 0.44573433
vn 0.26012728 0.88586660 0.38415382
vn -0.12674243 0.88737797 -0.44327947
vn -0.43317116 0.88735696 -0.15798853
vn 0.49059526 0.80595056 -0.33130044
vn -0.49401451 0.80291957 0.33357133
vn 0.42562548 -0.21055245 -0.88006285
vn -0.19499971 0.79154695 -0.57916193
vn -0.57916193 0.79154695 -0.19499971
vn -0.87834277 -0.21493867 0.42698401
vn -0.39894481 0.76039109 0.51249236
vn -0.28409559 0.88738273 0.36309998
vn 0.44572637 0.88587645 -0.12865036
vn -0.38414454 0.88589112 0.26005747
vn 0.00000000 0.00000000 0.00000000
vn 0.00000000 0.00000000 -0.00000000
vn 0.10757529 0.94873402 -0.29720585
vn -0.15654103 0.88630841 0.43583519
vn 0.15786385 0.88587037 -0.43624843
vn -0.44573433 0.88586737 0.12868528
vn 0.00000000 0.00000000 0.00000000
vn 0.30321674 0.94889183 -0.08754369
vn -0.88006285 -0.21055245 -0.42562548
vn 0.57873596 0.79314738 -0.18968901
vn -0.88006288 -0.42562020 -0.21056299
vn 0.61081947 -0.10606186 -0.78463396
vn -0.21495948 -0.42698476 -0.87833731
vn -0.42698401 -0.21493867 -0.87834277
vn -0.18968901 0.79314738 0.57873596
vn -0.36405353 0.80608468 0.46657531
vn -0.78771543 -0.05874369 -0.61323207
vn -0.39901243 -0.39897575 0.82559520
vn 0.82327711 -0.40137098 -0.40139275
vn -0.55383489 0.15524444 -0.81802572
vn -0.98733279 0.15525576 -0.03270496
vn -0.73912380 0.45086720 0.50041460
vn 0.03152473 0.30680323 -0.95125074
vn -0.27729414 0.01254773 -0.96070314
vn -0.02490547 -0.99596209 -0.08625101
vn -0.00462732 -0.99024234 0.13927920
vn -0.33515918 -0.93432250 -0.12128389
vn -0.35631659 -0.93429076 -0.01180116
vn -0.18654443 -0.98091786 -0.05478443
vn 0.18461742 -0.98053582 0.06682742
vn 0.05444382 -0.98052870 0.18867788
vn -0.13926786 -0.99024405 -0.00460296
vn 0.30375596 0.45082978 -0.83933594
vn -0.82559520 -0.39897575 -0.39901243
vn 0.97931475 -0.04576310 0.19709989
vn 0.78790152 -0.19960949 -0.58255236
vn 0.46564871 0.81377357 -0.34776982
vn 0.67295093 0.11936147 0.72999307
vn 0.71205729 0.64577691 0.27558411
vn -0.03276738 0.15525555 0.98733075
vn -0.33974791 -0.05872080 0.93868164
vn -0.01594114 -0.87662986 0.48090121
vn -0.40139275 -0.40137098 -0.82327711
vn 0.71068330 0.70311857 0.02352704
vn -0.02349122 0.70312752 0.71067564
vn -0.60681057 0.15529123 0.77952907
vn 0.70435199 0.45087511 0.54826993
vn 0.50045987 0.45088810 0.73908040
vn -0.69570836 0.50791569 0.50794835
vn -0.69569679 -0.50792345 -0.50795645
vn 0.60223153 0.78852215 -0.12469967
vn 0.93387121 0.35642295 -0.02910740
vn 0.60603688 -0.75265461 0.25735255
vn -0.47388029 0.73071456 -0.49142009
vn 0.94004874 0.04943982 -0.33743750
vn 0.54737335 -0.10555297 0.83020539
vn 0.80860235 -0.21852934 0.54626657
vn 0.65891869 0.05766399 -0.75000069
vn 0.21404355 0.97667795 0.01689774
vn 0.88831443 0.24138447 -0.39068018
vn -0.50903173 -0.50900792 -0.69411644
vn 0.59634450 0.80251759 0.01840533
vn 0.13990531 -0.87482596 0.46379525
vn 0.48474264 -0.85687795 0.17545585
vn 0.50903173 0.50900792 -0.69411644
vn -0.50794215 -0.69569357 -0.50794215
vn -0.24198583 0.70320341 0.66854156
vn 0.50794215 -0.69569357 0.50794215
vn 0.58589044 0.46072655 -0.66668092
vn 0.74313964 0.44761752 -0.49737514
vn 0.75811305 -0.59401655 0.26908911
vn -0.22984090 -0.94569886 0.22984090
vn 0.04457355 0.95583789 -0.29049463
vn 0.27398392 0.15524787 0.94912112
vn 0.92890408 0.15519530 0.33623151
vn 0.22984090 -0.94569886 -0.22984090
vn 0.99384128 -0.10578225 0.03300962
vn 0.56466181 -0.09906794 0.81935498
vn 0.18703603 -0.75496470 0.62852671
vn 0.40684293 -0.85684207 0.31670253
vn 0.28905734 -0.85687072 0.42687050
vn 0.19986156 -0.93430623 0.29517322
vn -0.22731371 0.22730028 -0.94692294
vn -0.94569712 0.22984140 -0.22984753
vn -0.02956700 0.45088419 0.89209262
vn -0.40137220 0.40135084 0.82329695
vn 0.79827999 0.04970071 0.60023237
vn -0.97206988 -0.00157639 0.23468631
vn 0.45218601 -0.26710043 -0.85099070
vn 0.61757214 -0.78651424 0.00009144
vn 0.98463587 -0.02107630 0.17334355
vn 0.25937543 0.92261900 0.28547955
vn 0.23465311 -0.97207791 -0.00156529
vn 0.35002618 0.76839505 0.53577114
vn 0.48825489 0.19248289 0.85120943
vn 0.49665861 0.42333465 0.75770575
vn 0.48728300 -0.36820549 -0.79182069
vn -0.00156529 -0.97207791 0.23465311
vn 0.77269916 -0.63477139 -0.00113520
vn 0.88760126 -0.31579676 -0.33531539
vn 0.55626361 0.75215729 0.35331319
vn 0.87116074 0.39587520 0.29045101
vn 0.26393627 0.30676751 0.91445686
vn 0.95202723 0.18117866 -0.24661395
vn 0.81888250 -0.03405278 -0.57295013
vn -0.16375191 -0.87664906 0.45240660
vn 0.46378126 -0.87483635 -0.13988672
vn 0.23468906 0.00157352 -0.97206922
vn 0.00157910 0.23470206 -0.97206607
vn -0.97206607 0.23470206 -0.00157910
vn 0.82561152 0.39896266 -0.39899176
vn 0.81123380 0.58410342 0.02688705
vn 0.95349237 0.01472904 0.30105706
vn -0.22729348 -0.94692943 -0.22729348
vn 0.96417801 0.00169565 -0.26525062
vn -0.02182905 -0.75244490 0.65829337
vn 0.70673641 -0.50508883 -0.49538765
vn 0.42688285 -0.85686992 -0.28904147
vn 0.22984753 0.22984140 -0.94569712
vn -0.94692294 0.22730028 0.22731371
vn 0.22729348 -0.94692943 0.22729348
vn 0.45507780 0.58410388 0.67210629
vn 0.83927869 0.45091429 0.30378872
vn 0.24755343 0.45089242 0.85756243
vn 0.88006285 -0.21055245 0.42562548
vn 0.42698401 -0.21493867 0.87834277
vn 0.70068640 0.16838290 0.69331506
vn 0.42566330 0.88004192 -0.21056346
vn 0.16839953 -0.70072387 -0.69327315
vn 0.53234332 -0.49894349 -0.68386108
vn -0.70068640 0.16838290 -0.69331506
vn -0.69670400 -0.69678975 0.17055081
vn -0.21056346 0.88004192 0.42566330
vn -0.58501606 -0.58501606 0.56170492
vn -0.26401941 0.30676649 -0.91443320
vn 0.13388606 -0.99024317 -0.03863909
vn -0.08560043 -0.99024328 0.10995822
vn -0.34252815 -0.93429167 0.09886125
vn -0.46231874 -0.87661551 0.13344149
vn -0.11538285 -0.99024435 0.07812125
vn -0.00462735 0.83964073 0.54312248
vn 0.58501606 -0.58501606 -0.56170492
vn -0.89497471 0.30672217 -0.32394718
vn 0.36399836 -0.75246833 0.54890491
vn 0.75245541 -0.54888744 0.36405142
vn -0.75247506 -0.36402398 -0.54887870
vn 0.36711775 -0.54969410 0.75037387
vn -0.75245541 -0.54888744 -0.36405142
vn 0.75247454 0.54886114 -0.36405153
vn -0.75248265 0.36403179 0.54886311
vn 0.54968979 -0.36708694 0.75039211
vn 0.75248265 0.36403179 -0.54886311
vn -0.75247454 0.54886114 0.36405153
vn -0.94692252 -0.22730386 -0.22731191
vn -0.36711775 -0.54969410 -0.75037387
vn -0.34031412 0.01247697 0.94022903
vn -0.03073999 -0.37501778 0.92650781
vn -0.56941119 -0.37502694 0.73152286
vn -0.22985117 -0.22984592 -0.94569514
vn -0.54968979 -0.36708694 -0.75039211
vn 0.54967805 0.36708102 -0.75040360
vn 0.36711193 0.54967266 -0.75039243
vn -0.54890491 -0.75246833 -0.36399836
vn -0.54967805 0.36708102 0.75040360
vn -0.36711193 0.54967266 0.75039243
vn -0.36399836 -0.75246833 -0.54890491
vn 0.64052784 0.58406334 0.49859212
vn 0.75247506 -0.36402398 0.54887870
vn 0.54890491 -0.75246833 0.36399836
vn -0.22732846 0.94691264 0.22732846
vn -0.63921443 -0.45904889 0.61699192
vn 0.22985117 -0.22984592 0.94569514
vn -0.62928598 -0.62919333 0.45619614
vn -0.45909001 -0.63916402 0.61701355
vn 0.62924837 0.62923827 0.45618602
vn 0.22732846 0.94691264 -0.22732846
vn 0.63921443 0.45904889 0.61699192
vn 0.63921443 -0.45904889 -0.61699192
vn 0.45909001 -0.63916402 -0.61701355
vn 0.34030721 0.01263039 -0.94022948
vn -0.96109628 -0.06652372 0.26808308
vn -0.03000147 -0.99601663 0.08396890
vn -0.76763191 -0.37498434 0.51973839
vn 0.02150659 -0.85826355 -0.51275836
vn 0.03699736 -0.49705019 -0.86693270
vn 0.04429695 -0.99899920 -0.00619565
vn -0.00026724 -0.99899233 -0.04488034
vn 0.12060946 -0.98053247 -0.15494975
vn -0.63921443 0.45904889 -0.61699192
vn -0.45907954 0.63920837 -0.61697540
vn -0.62924837 0.62923827 -0.45618602
vn 0.62928598 -0.62919333 -0.45619614
vn 0.45907954 0.63920837 0.61697540
vn -0.24757843 0.45083160 -0.85758719
vn 0.94692252 -0.22730386 0.22731191
vn 0.82559520 -0.39897575 0.39901243
vn 0.95154544 0.04510658 0.30418197
vn 0.75766848 -0.00624790 -0.65260972
vn 0.75622197 0.36859766 0.54061456
vn 0.50313267 0.60127202 0.62074913
vn 0.29952434 0.05650889 0.95241373
vn 0.70726968 -0.45297981 -0.54275122
vn 0.60612174 -0.75336403 -0.25506682
vn 0.76119922 -0.59696676 -0.25338990
vn 0.40139275 -0.40137098 0.82327711
vn -0.03316437 0.01260205 0.99937046
vn -0.22422693 -0.75235891 0.61941775
vn -0.31554987 -0.37485914 0.87172754
vn 0.34247068 -0.93431054 -0.09888201
vn 0.66857383 0.70316913 0.24199628
vn 0.19719495 0.70315268 0.68314747
vn -0.02683020 0.58409230 0.81124369
vn -0.61417355 0.01239392 0.78907366
vn 0.96610897 -0.24546671 0.07987210
vn 0.89209656 0.45087721 0.02955442
vn 0.96339546 -0.26389605 -0.04720226
vn -0.40137604 0.82328279 -0.40137604
vn -0.94021048 0.01247690 -0.34036537
vn 0.02508189 -0.99601684 0.08556495
vn -0.05029944 -0.99601661 -0.07362659
vn -0.08441524 -0.99596181 -0.03056369
vn -0.26973327 -0.87666409 -0.39837676
vn 0.04277620 -0.99899180 0.01362247
vn -0.01957426 -0.99899915 -0.04021873
vn -0.19986568 -0.93429322 -0.29521160
vn 0.49861073 0.58413751 -0.64044571
vn 0.40137604 0.82328279 0.40137604
vn -0.22984753 0.22984140 0.94569712
vn -0.08576398 -0.99601725 0.02437584
vn -0.54537826 -0.75244738 0.36930407
vn 0.03927212 -0.99895418 -0.02341465
vn 0.01529409 -0.99898984 -0.04225384
vn -0.29514400 -0.93431855 0.19984711
vn -0.22035233 -0.96394239 0.14919760
vn -0.16346425 -0.96394090 0.20999379
vn -0.16259193 -0.98053323 0.11008387
vn 0.16259476 -0.98053189 -0.11009162
vn 0.94692294 0.22730028 -0.22731371
vn -0.64045793 0.58414665 -0.49858433
vn -0.22731191 -0.22730386 0.94692252
vn 0.22988645 0.94567671 0.22988645
vn 0.94569514 -0.22984592 -0.22985117
vn -0.91445267 0.30675926 0.26396037
vn 0.32392542 0.30680442 -0.89495440
vn -0.55971291 -0.05873582 -0.82660242
vn 0.00406566 -0.99899122 0.04472155
vn 0.04984734 -0.99599284 0.07425297
vn 0.07096630 -0.99594867 0.05522708
vn -0.04404888 -0.99900970 -0.00627011
vn -0.73177695 -0.14019240 -0.66696970
vn -0.24276688 -0.36734267 -0.89784387
vn -0.09400464 -0.99376660 -0.05992556
vn 0.36405153 0.54886114 0.75247454
vn -0.54887870 -0.36402398 0.75247506
vn -0.36405142 -0.54888744 0.75245541
vn 0.75040360 0.36708102 0.54967805
vn -0.75039243 0.54967266 -0.36711193
vn -0.54967232 -0.75041835 0.36705945
vn -0.75040360 0.36708102 -0.54967805
vn 0.54886311 0.36403179 0.75248265
vn 0.75039243 0.54967266 0.36711193
vn 0.54887870 -0.36402398 -0.75247506
vn 0.36405142 -0.54888744 -0.75245541
vn -0.26808308 -0.06652372 -0.96109628
vn -0.00333976 -0.99601680 0.08910320
vn -0.08913309 -0.99601639 -0.00257823
vn 0.03546155 -0.99898954 0.02761103
vn -0.86386848 -0.50319657 -0.02290117
vn -0.36924808 -0.75252082 -0.54531484
vn -0.51973035 -0.37496976 -0.76764448
vn 0.14921029 -0.96392733 0.22040960
vn 0.21001306 -0.96393433 0.16347817
vn -0.10427014 -0.97898413 -0.17526499
vn 0.15492602 -0.98053845 0.12059135
vn 0.11008856 -0.98053400 0.16258408
vn -0.36405153 0.54886114 -0.75247454
vn -0.54886311 0.36403179 -0.75248265
vn -0.75039211 -0.36708694 0.54968979
vn -0.75037387 -0.54969410 0.36711775
vn 0.36705945 -0.75041835 -0.54967232
vn 0.54967232 -0.75041835 -0.36705945
vn 0.75039211 -0.36708694 -0.54968979
vn 0.27627301 0.58407676 -0.76323493
vn 0.75037387 -0.54969410 -0.36711775
vn -0.85759376 0.45083669 0.24754642
vn -0.36705945 -0.75041835 0.54967232
vn -0.69411644 0.50900792 -0.50903173
vn 0.32440751 0.67642676 0.66121601
vn 0.67639780 0.32439795 0.66125032
vn 0.66895441 0.66903401 0.32387264
vn -0.66896196 -0.66903138 0.32386249
vn -0.50900301 -0.69414111 0.50900301
vn 0.50795645 -0.50792345 -0.69569679
vn 0.32439740 -0.67642418 -0.66122361
vn -0.05505601 -0.99601743 0.07012924
vn -0.07363166 -0.99601615 0.05030124
vn 0.07424989 -0.99599340 -0.04984086
vn 0.05523502 -0.99594874 -0.07095919
vn 0.17545954 -0.85684900 -0.48479247
vn -0.04039474 -0.99900465 0.01892046
vn -0.02155553 -0.99900464 0.03905245
vn 0.21896605 -0.93431086 -0.28127759
vn -0.39843121 -0.87663100 0.26976038
vn -0.50794835 0.50791569 -0.69570836
vn -0.45505927 0.58409215 -0.67212902
vn 0.50900301 -0.69414111 -0.50900301
vn -0.67639780 0.32439795 -0.66125032
vn -0.69411644 -0.50900792 0.50903173
vn 0.36708392 0.75042691 0.54964430
vn 0.54964430 0.75042691 0.36708392
vn 0.94569712 0.22984140 0.22984753
vn -0.92888651 0.15528508 -0.33623859
vn 0.22731371 0.22730028 0.94692294
vn -0.99474930 -0.09929722 -0.02477675
vn -0.07034614 -0.99599324 -0.05521678
vn -0.45752511 -0.87478703 -0.15943160
vn -0.37969785 -0.87660430 -0.29562553
vn 0.02341035 -0.99895428 0.03927207
vn -0.03540896 -0.99896106 -0.02868818
vn -0.61850267 -0.75490046 -0.21812780
vn -0.18175193 -0.75259616 -0.63290225
vn -0.28127063 -0.93431312 -0.21896535
vn -0.21879814 -0.96030916 -0.17301353
vn -0.36708392 0.75042691 -0.54964430
vn -0.54964430 0.75042691 -0.36708392
vn -0.67209297 0.58415029 0.45503789
vn 0.33621046 0.15528521 -0.92889667
vn 0.03293917 -0.10626144 -0.99379249
vn -0.82660242 -0.05873582 0.55971291
vn 0.08560006 -0.99024280 -0.10996287
vn 0.31666260 -0.85686862 -0.40681810
vn 0.02759446 -0.99899003 -0.03546067
vn -0.00028312 -0.99999994 0.00021411
vn -0.89781329 -0.36740629 0.24278369
vn 0.12137122 -0.93427755 -0.33525286
vn 0.16349904 -0.96393041 -0.21001484
vn -0.12062058 -0.98053332 0.15493572
vn -0.39863904 0.70320161 -0.58872269
vn -0.89210079 0.45086888 -0.02955378
vn -0.82797926 0.01241526 0.56062126
vn -0.78461016 0.61902529 -0.03456276
vn -0.94911575 0.15525675 0.27399752
vn -0.50039245 0.45088500 -0.73912794
vn 0.03301747 0.01215874 -0.99938081
vn 0.13927891 -0.99024236 0.00463267
vn 0.11538648 -0.99024322 -0.07813021
vn 0.00460831 -0.99024406 -0.13926757
vn 0.29488170 -0.49904970 -0.81485838
vn -0.63288869 -0.75262106 0.18169602
vn -0.18863438 -0.98053619 0.05445954
vn -0.58501606 0.58501606 -0.56170492
vn -0.67880673 0.69942578 -0.22366270
vn -0.00455871 0.80878098 -0.58809230
vn 0.58501606 0.58501606 0.56170492
vn -0.18007174 0.76060362 -0.62374378
vn -0.19719380 0.70322598 -0.68307235
vn -0.76198695 0.58954593 -0.26797663
vn -0.40142122 -0.82323873 0.40142122
vn 0.23469995 0.97206660 0.00156496
vn -0.82329695 0.40135084 -0.40137220
vn 0.97206922 0.00157352 0.23468906
vn 0.97206607 0.23470206 0.00157910
vn -0.00157910 0.23470206 0.97206607
vn -0.99937917 0.01214292 -0.03307290
vn 0.10995934 -0.99024303 0.08560189
vn -0.13343341 -0.87662921 -0.46229509
vn -0.87326543 -0.37479612 -0.31134443
vn -0.05446592 -0.98053713 -0.18862767
vn -0.06628826 -0.99117969 -0.11475494
vn -0.39899176 0.39896266 -0.82561152
vn 0.40142122 -0.82323873 -0.40142122
vn 0.00156496 0.97206660 0.23469995
vn 0.02957803 0.45087773 -0.89209552
vn 0.23468631 -0.00157639 0.97206988
vn 0.13122148 0.87325248 -0.46926648
vn 0.27727718 0.01258676 0.96070752
vn 0.49540027 -0.50509567 0.70672268
vn 0.68385048 -0.49900083 0.53230320
vn 0.51268982 -0.85830456 0.02150414
vn 0.86693270 -0.49705019 0.03699736
vn 0.67210098 0.58409777 -0.45509346
vn -0.44881926 0.86568563 -0.22169725
vn 0.87833731 -0.42698476 -0.21495948
vn 0.87834277 -0.21493867 -0.42698401
vn -0.21056299 -0.42562020 0.88006288
vn -0.66895441 0.66903401 -0.32387264
vn 1.00000000 -0.00000418 -0.00000138
vn -0.00000000 1.00000000 0.00000000
vn -0.42562548 -0.21055245 0.88006285
vn -0.51974973 -0.75245080 -0.40457138
vn -0.32440751 0.67642676 -0.66121601
vn -0.21859871 0.86910649 -0.44369867
vn -0.43672426 0.70322724 0.56101994
vn -0.58874139 0.70317498 0.39865840
vn 0.66896196 -0.66903138 -0.32386249
vn -0.67638901 -0.32441188 0.66125247
vn 0.00000138 -0.00000418 1.00000000
vn -0.32439740 -0.67642418 0.66122361
vn 0.67638901 -0.32441188 -0.66125247
vn -0.19499988 -0.79151506 0.57920545
vn -0.79155713 0.57916754 -0.19494172
vn -0.18965846 -0.57879454 0.79311194
vn 0.36544306 0.80250336 -0.47163517
vn -0.73151624 -0.37494628 -0.56947280
vn -0.14919731 -0.96394386 -0.22034608
vn -0.21056716 0.42559448 -0.88007432
vn -0.18963530 0.57877680 -0.79313042
vn 0.53791250 0.76026061 -0.36421689
vn 0.43678444 0.70312970 -0.56109534
vn 0.57920545 -0.79151506 -0.19499988
vn 0.79152815 -0.57919951 -0.19496440
vn -0.87834936 0.42696559 -0.21494835
vn 0.66868065 -0.66876714 0.32498722
vn 0.69569679 -0.50792345 0.50795645
vn -1.00000000 -0.00000418 0.00000138
vn 0.19502967 0.89458594 0.40209380
vn 0.32441723 -0.66129763 0.67634230
vn 0.07072290 0.94742995 0.31204929
vn 0.00000000 -1.00000000 -0.00000000
vn -0.54884880 0.75249367 0.36403059
vn -0.39899554 0.82559379 0.39899554
vn -0.50792613 0.69571696 0.50792613
vn -0.66868065 0.66876714 0.32498722
vn 0.89498395 0.30672321 0.32392067
vn 0.81936519 -0.09908150 -0.56464462
vn -0.29559355 -0.87661392 0.37970052
vn -0.40455953 -0.75244011 0.51977443
vn 0.89676416 -0.36710858 -0.24707353
vn 0.29516632 -0.93430868 -0.19986031
vn -0.00000138 -0.00000418 -1.00000000
vn 0.66125032 0.32439795 -0.67639780
vn 0.32441723 0.66129763 -0.67634230
vn 0.50792613 0.69571696 -0.50792613
vn 0.36403059 0.75249367 -0.54884880
vn 0.39899554 0.82559379 -0.39899554
vn 0.54884880 0.75249367 -0.36403059
vn -0.50903173 0.50900792 0.69411644
vn 0.69570836 0.50791569 -0.50794835
vn -0.36403059 0.75249367 0.54884880
vn 0.50903173 -0.50900792 0.69411644
vn -0.66125032 0.32439795 0.67639780
vn -0.61316791 -0.05882982 0.78775895
vn -0.03309291 -0.05857796 0.99773417
vn 0.62867282 -0.75505267 -0.18618796
vn -0.21898743 -0.93429894 0.28130053
vn -0.33620809 0.15520907 0.92891026
vn -0.66687306 0.57834782 0.46988735
vn 0.39899176 0.39896266 0.82561152
vn 0.82329695 0.40135084 0.40137220
vn -0.78811842 0.30671495 0.53366216
vn -0.93868047 -0.05872420 -0.33975055
vn 0.08455725 -0.99594848 0.03060537
vn -0.51275268 -0.85826712 -0.02149973
vn 0.02356787 0.70320718 -0.71059427
vn -0.77985901 0.58407170 0.22512258
vn 0.54825071 0.45092894 -0.70433248
vn 0.50900579 0.69413703 0.50900579
vn -0.50795645 -0.50792345 0.69569679
vn -0.82327711 -0.40137098 0.40139275
vn 0.69411644 0.50900792 0.50903173
vn -0.27400391 0.15523207 -0.94911794
vn 0.69411644 -0.50900792 -0.50903173
vn -0.56060886 0.01240249 -0.82798785
vn 0.02048053 0.80292870 -0.59572313
vn -0.00648887 -0.98053698 0.19622725
vn 0.07813214 -0.99024424 0.11537637
vn 0.03864468 -0.99024327 0.13388375
vn 0.13101723 -0.99024540 0.04741870
vn -0.09889379 -0.93428032 -0.34254971
vn -0.19624423 -0.98053350 -0.00650000
vn -0.13103700 -0.99024218 -0.04743140
vn -0.03864335 -0.99024259 -0.13388914
vn 0.39901243 -0.39897575 -0.82559520
vn -0.50900579 0.69413703 -0.50900579
vn 0.50794835 0.50791569 0.69570836
vn -0.68130153 0.71277253 0.16668395
vn 0.24199903 0.70317560 -0.66856603
vn 0.02690460 0.58407048 -0.81125694
vn 0.03269980 0.15525352 -0.98733331
vn 0.01860069 0.72996800 0.68322817
vn -0.81800159 0.15524458 0.55387049
vn -0.83933301 0.45083521 -0.30375600
vn -0.53361041 0.30678213 -0.78812730
vn -0.70433256 0.45084015 -0.54832363
vn -0.95125135 0.30680106 -0.03152724
vn -0.96070426 0.01255018 0.27729014
vn 0.33847077 -0.10588079 -0.93500096
vn 0.03059969 -0.99594874 -0.08455631
vn 0.08556244 -0.99601693 -0.02508683
vn -0.04741555 -0.99024486 0.13102245
vn 0.01181223 -0.93428889 -0.35632111
vn 0.06683010 -0.98053192 -0.18463717
vn -0.13388684 -0.99024268 0.03864894
vn 0.04741836 -0.99024334 -0.13103289
vn -0.70495459 0.70720572 -0.05384325
vn -0.22516305 0.58405012 -0.77986348
vn -0.23465311 -0.97207791 0.00156529
vn -0.56950493 -0.56946353 -0.59276928
vn 0.53777948 -0.44292931 0.71736104
vn 0.78650802 0.61681138 -0.03080361
vn 0.35829469 0.74018952 -0.56898540
vn 0.55387682 0.15530207 0.81798639
vn 0.77954033 0.15522632 0.60681271
vn 0.98704844 0.15757567 0.03008779
vn -0.03153420 0.30669565 0.95128512
vn 0.77917058 0.36166024 -0.51195222
vn 0.79607919 0.05283289 -0.60288192
vn -0.97206988 -0.23468631 0.00157639
vn 0.27684155 -0.05858060 0.95912829
vn 0.35627814 -0.93430529 0.01181132
vn -0.00157639 -0.23468631 -0.97206988
vn -0.23468631 -0.00157639 -0.97206988
vn -0.97206922 0.00157352 -0.23468906
vn 0.00156529 -0.97207791 -0.23465311
vn 0.56950493 -0.56946353 0.59276928
vn 0.99637045 0.08493680 -0.00562702
vn 0.34905793 -0.20993371 0.91328331
vn 0.65270043 0.43484489 -0.62039670
vn 0.61639710 0.15237576 -0.77255177
vn 0.23892488 0.92695947 -0.28924220
vn 0.47708490 0.87781814 0.04272377
vn -0.58463812 0.30671442 0.75108224
vn 0.84623745 0.39400499 -0.35866733
vn 0.55393304 0.73635581 -0.38850780
vn 0.56062442 0.01249321 0.82797595
vn 0.99937210 0.01261793 0.03310893
vn 0.26134837 -0.37481518 0.88950020
vn 0.81487814 -0.49897007 0.29496183
vn 0.33521264 -0.93429579 0.12134189
vn 0.09886391 -0.93431894 0.34245297
vn 0.68312935 0.70316196 -0.19722462
vn -0.27622091 0.58407371 0.76325613
vn 0.61719809 0.38767064 -0.68467364
vn 0.91689571 -0.28442613 0.28000722
vn 0.03012133 0.99954625 0.00002864
vn -0.32395303 0.30669141 0.89498313
vn 0.78470708 -0.10577096 0.61077599
vn 0.28132617 -0.93428907 0.21899660
vn 0.22731191 -0.22730386 -0.94692252
vn -0.94569514 -0.22984592 0.22985117
vn 0.58876342 0.70318933 -0.39860055
vn -0.56949129 0.56949129 0.59275571
vn 0.72129657 -0.47906778 0.50022527
vn 0.77981569 0.58412429 -0.22513620
vn 0.68828845 0.65763941 -0.30621793
vn 0.73973638 0.37309904 -0.55998856
vn 0.57293199 0.80289417 -0.16465077
vn 0.93500407 -0.10579267 0.33848973
vn -0.01177854 -0.93431029 0.35626611
vn 0.56949129 0.56949129 -0.59275571
vn 0.58769592 0.59385348 -0.54950117
vn -0.54829000 0.45081439 0.70437523
vn 0.61069053 0.76038972 0.22105329
vn -0.13313266 0.92398563 -0.35850557
vn 0.59215843 0.36348560 0.71918469
vn 0.78099064 -0.40474499 -0.47564180
vn 0.75104946 0.30676991 0.58465112
vn 0.53363822 0.30673207 0.78812797
vn 0.95216267 0.30448742 0.02595500
vn 0.96109628 -0.06652372 -0.26808308
vn -0.12132544 -0.93429338 0.33522533
vn 0.40137220 0.40135084 -0.82329695
vn -0.39900412 -0.82558550 -0.39900412
vn 0.76324222 0.58406884 0.27626963
vn -0.82561152 0.39896266 0.39899176
vn 0.39900412 -0.82558550 0.39900412
vn 0.22509573 0.58414586 0.77981121
vn 0.89206505 0.29895338 -0.33889058
vn 0.16527803 0.80310609 0.57245417
vn 0.55619025 0.80610122 0.20212183
vn -0.25567334 -0.96394207 0.07380257
vn 0.09056516 -0.96394262 -0.25022506
vn -0.55607469 0.80623081 -0.20192282
vn 0.70709435 -0.70711116 -0.00337539
vn 0.00000000 0.00000000 -0.00000000
vn -0.70712379 0.70708177 -0.00336432
vn -0.00001308 -0.70711518 0.70709838
vn -0.78904803 0.01231078 -0.61420815
vn -0.58703816 0.79502972 0.15268901
vn -0.26597347 -0.96393999 -0.00882129
vn 0.70710785 -0.00000160 -0.70710572
vn -0.00002417 0.70708577 -0.70712779
vn -0.70710785 -0.00000160 0.70710572
vn -0.57878209 -0.18967541 0.79311697
vn 0.20274994 0.80312073 -0.56025848
vn -0.25408670 -0.96308741 -0.08889651
vn -0.07380902 -0.96394192 -0.25567208
vn 0.57878209 -0.18967541 -0.79311697
vn -0.70068312 -0.16840414 0.69331321
vn -0.79152747 -0.19497733 0.57919609
vn 0.70068312 -0.16840414 -0.69331321
vn 0.79152747 -0.19497733 -0.57919609
vn -0.77953775 0.15522006 -0.60681762
vn 0.69670400 -0.69678975 -0.17055081
vn -0.16839953 -0.70072387 0.69327315
vn 0.80738554 -0.00318964 -0.59001560
vn 0.80738559 -0.59001557 -0.00318416
vn 0.00318416 -0.59001557 0.80738559
vn -0.16343693 0.80630582 -0.56847102
vn 0.00882410 -0.96394002 -0.26597325
vn -0.00318301 0.80741814 -0.58997102
vn -0.59001437 0.00318016 0.80738648
vn -0.75108375 0.30669905 -0.58464424
vn -0.58997102 0.80741814 -0.00318301
vn 0.16838739 0.70071602 0.69328402
vn -0.21494835 0.42696559 0.87834936
vn -0.00000000 0.00000000 0.00000000
vn 0.69670400 0.69678975 0.17055081
vn 0.22040318 -0.96392746 -0.14921896
vn 0.88007432 0.42559448 -0.21056716
vn 0.17008454 0.77090928 -0.61381604
vn 0.59635673 0.14840988 -0.78888095
vn 0.25569274 -0.96393569 -0.07381872
vn 0.06816818 0.21619801 -0.97396690
vn 0.89983424 0.00268856 0.43622371
vn -0.43623627 -0.89982817 0.00267972
vn -0.89983424 0.00268856 -0.43622371
vn 0.89983097 0.43623034 0.00270472
vn 0.43622494 -0.00269833 0.89983361
vn -0.00270472 0.43623034 0.89983097
vn 0.43623182 0.89983033 0.00267970
vn 0.26600061 -0.96393263 0.00880716
vn -0.00880434 -0.96393259 0.26600083
vn -0.43622494 -0.00269833 -0.89983361
vn 0.00267970 0.89983033 0.43623182
vn 0.00267972 -0.89982817 -0.43623627
vn -0.69723273 -0.69729535 -0.16627000
vn -0.16841360 -0.69334602 -0.70064838
vn 0.07381228 -0.96393585 0.25569400
vn 0.25027060 -0.96392897 0.09058459
vn -0.69331321 -0.16840414 -0.70068312
vn 0.69331321 -0.16840414 0.70068312
vn -0.35543153 0.76880242 -0.53161195
vn -0.09055878 -0.96394132 0.25023235
vn 0.18867117 -0.98052964 -0.05445020
vn 0.52661659 0.31073075 -0.79127831
vn 0.89983361 -0.00269833 -0.43622494
vn -0.00267972 -0.89982817 0.43623627
vn 0.43623627 -0.89982817 -0.00267972
vn -0.01975957 0.80314332 0.59545811
vn 0.00650328 -0.98053372 -0.19624306
vn 0.43622371 0.00268856 -0.89983424
vn 0.00270472 0.43623034 -0.89983097
vn -0.63455785 0.77286410 -0.00417426
vn 0.00217642 0.89779040 -0.44041760
vn -0.89983361 -0.00269833 0.43622494
vn -0.43622371 0.00268856 0.89983424
vn -0.44243642 0.89678835 0.00454528
vn -0.89983097 0.43623034 -0.00270472
vn 0.18697498 -0.04594262 -0.98128978
vn -0.79311697 -0.18967541 -0.57878209
vn 0.00002417 0.70708577 0.70712779
vn 0.70712379 0.70708177 0.00336432
vn -0.70709435 -0.70711116 0.00337539
vn 0.00001308 -0.70711518 -0.70709838
vn 0.19622607 -0.98053719 0.00649216
vn -0.57919609 -0.19497733 -0.79152747
vn -0.70710572 -0.00000160 -0.70710785
vn 0.79311697 -0.18967541 0.57878209
vn 0.57919609 -0.19497733 0.79152747
vn 0.70710572 -0.00000160 0.70710785
vn -0.22769648 0.97360521 0.01572303
vn 0.02817065 0.76198590 -0.64698060
vn 0.01163191 0.97304165 -0.23033594
vn -0.23468906 0.00157352 0.97206922
vn 0.97206988 -0.00157639 -0.23468631
vn 0.00297564 -0.99594801 -0.08988159
vn 0.08972948 -0.99596169 0.00298980
vn -0.06681793 -0.98053459 0.18462742
vn 0.03411309 -0.79959501 0.59956994
vn 0.97206988 -0.23468631 -0.00157639
vn 0.00157639 -0.23468631 0.97206988
vn 0.80738648 0.00318016 0.59001437
vn -0.00318213 0.58997159 0.80741773
vn 0.80741773 0.58997159 0.00318213
vn 0.00318301 0.80741814 0.58997102
vn -0.89983360 -0.43622500 0.00269265
vn 0.59001560 -0.00318964 0.80738554
vn 0.69724354 0.69728744 -0.16625784
vn 0.58997102 0.80741814 0.00318301
vn 0.57621396 0.31336434 -0.75483791
vn -0.00269265 -0.43622500 -0.89983360
vn -0.16841360 0.69334602 0.70064838
vn -0.80738554 -0.00318964 0.59001560
vn -0.00318268 -0.80738678 0.59001395
vn 0.00269265 -0.43622500 0.89983360
vn 0.21056309 -0.88003950 0.42566849
vn 0.59001437 0.00318016 -0.80738648
vn 0.00318213 0.58997159 -0.80741773
vn -0.80741773 0.58997159 -0.00318213
vn -0.61053774 0.76051338 -0.22104993
vn 0.59001395 -0.80738678 -0.00318268
vn 0.89983360 -0.43622500 -0.00269265
vn 0.42566849 -0.88003950 0.21056309
vn 0.69723273 -0.69729535 0.16627000
vn 0.16841360 -0.69334602 0.70064838
vn 0.69331506 0.16838290 -0.70068640
vn 0.42697748 0.21494990 -0.87834320
vn 0.18968901 0.79314738 -0.57873596
vn -0.56101552 0.70322897 -0.43672716
vn -0.57873596 0.79314738 0.18968901
vn -0.88006625 0.21056411 0.42561267
vn -0.69331506 0.16838290 0.70068640
vn 0.88006625 0.21056411 -0.42561267
vn -0.42566330 0.88004192 0.21056346
vn 0.21495948 -0.42698476 0.87833731
vn 0.21056346 0.88004192 -0.42566330
vn -0.42697748 0.21494990 0.87834320
vn 0.88006288 -0.42562020 0.21056299
vn -0.17695634 0.94888899 -0.26133529
vn 0.08750845 0.94889758 0.30320893
vn 0.15996152 0.98597078 0.04768569
vn -0.29431052 0.94958862 -0.10799432
vn -0.06715573 0.98655447 -0.14899794
vn 0.00000000 0.00000000 0.00000000
vn 0.00000000 0.00000000 0.00000000
vn 0.00000000 0.00000000 0.00000000
vn 0.00000000 0.00000000 0.00000000
vn 0.00000000 0.00000000 0.00000000
vn 0.00000000 0.00000000 0.00000000
vn -0.00000000 0.00000000 0.00000000
vn 0.00000000 0.00000000 0.00000000
vn -0.24885582 0.94929480 -0.19212018
vn 0.08649069 0.98647350 0.13924577
vn -0.13320112 0.98606317 -0.09968399
vn 0.00909767 0.94928438 -0.31428711
vn 0.31329785 0.94958205 0.01176390
vn 0.87834320 0.21494990 0.42697748
vn 0.21497808 0.87831952 0.42701201
vn 0.42561267 0.21056411 0.88006625
vn 0.42701201 0.87831952 0.21497808
f 694//694 211//211 514//514
f 570//570 569//569 262//262
f 310//310 569//569 841//841
f 310//310 262//262 569//569
f 70//70 574//574 551//551
f 798//798 779//779 384//384
f 351//351 516//516 526//526
f 526//526 516//516 384//384
f 351//351 129//129 516//516
f 710//710 738//738 129//129
f 504//504 411//411 438//438
f 23//23 144//144 813//813
f 796//796 304//304 522//522
f 839//839 304//304 796//796
f 733//733 598//598 489//489
f 659//659 643//643 212//212
f 444//444 742//742 32//32
f 37//37 24//24 297//297
f 356//356 359//359 451//451
f 375//375 759//759 863//863
f 839//839 555//555 304//304
f 73//73 575//575 571//571
f 361//361 863//863 22//22
f 577//577 291//291 643//643
f 267//267 573//573 149//149
f 60//60 556//556 554//554
f 739//739 443//443 22//22
f 149//149 817//817 810//810
f 733//733 100//100 111//111
f 72//72 556//556 676//676
f 836//836 222//222 780//780
f 311//311 309//309 488//488
f 311//311 594//594 309//309
f 342//342 292//292 561//561
f 506//506 375//375 493//493
f 518//518 517//517 153//153
f 267//267 304//304 555//555
f 395//395 594//594 390//390
f 245//245 572//572 283//283
f 782//782 839//839 796//796
f 565//565 65//65 286//286
f 261//261 47//47 390//390
f 156//156 377//377 584//584
f 744//744 496//496 372//372
f 273//273 587//587 162//162
f 245//245 838//838 286//286
f 726//726 730//730 518//518
f 565//565 286//286 93//93
f 29//29 646//646 758//758
f 782//782 796//796 384//384
f 642//642 549//549 288//288
f 749//749 445//445 862//862
f 106//106 557//557 835//835
f 800//800 372//372 521//521
f 305//305 442//442 307//307
f 834//834 825//825 112//112
f 771//771 838//838 800//800
f 161//161 456//456 457//457
f 771//771 730//730 93//93
f 831//831 93//93 730//730
f 566//566 833//833 568//568
f 355//355 400//400 166//166
f 402//402 448//448 501//501
f 805//805 800//800 521//521
f 771//771 800//800 376//376
f 589//589 528//528 610//610
f 771//771 518//518 730//730
f 715//715 730//730 726//726
f 611//611 598//598 719//719
f 629//629 713//713 778//778
f 726//726 518//518 153//153
f 69//69 302//302 30//30
f 717//717 723//723 736//736
f 94//94 843//843 279//279
f 827//827 731//731 517//517
f 502//502 481//481 606//606
f 286//286 838//838 93//93
f 811//811 21//21 674//674
f 69//69 649//649 548//548
f 94//94 547//547 829//829
f 326//326 596//596 529//529
f 715//715 725//725 822//822
f 250//250 341//341 240//240
f 731//731 829//829 708//708
f 422//422 387//387 327//327
f 739//739 808//808 52//52
f 540//540 541//541 777//777
f 33//33 808//808 786//786
f 31//31 573//573 72//72
f 31//31 299//299 817//817
f 291//291 342//342 341//341
f 33//33 817//817 299//299
f 515//515 61//61 204//204
f 382//382 401//401 586//586
f 73//73 72//72 676//676
f 609//609 387//387 582//582
f 394//394 609//609 582//582
f 261//261 390//390 423//423
f 33//33 740//740 808//808
f 827//827 517//517 376//376
f 299//299 298//298 220//220
f 355//355 453//453 383//383
f 31//31 571//571 299//299
f 62//62 219//219 346//346
f 627//627 370//370 484//484
f 416//416 418//418 596//596
f 864//864 582//582 447//447
f 754//754 497//497 20//20
f 597//597 158//158 398//398
f 751//751 785//785 143//143
f 254//254 108//108 244//244
f 712//712 352//352 446//446
f 298//298 837//837 107//107
f 100//100 490//490 472//472
f 812//812 261//261 49//49
f 812//812 795//795 261//261
f 1//1 120//120 861//861
f 768//768 683//683 695//695
f 364//364 273//273 437//437
f 160//160 165//165 599//599
f 842//842 107//107 736//736
f 717//717 107//107 837//837
f 812//812 794//794 795//795
f 98//98 704//704 120//120
f 374//374 531//531 799//799
f 512//512 214//214 662//662
f 37//37 750//750 40//40
f 374//374 806//806 531//531
f 422//422 327//327 591//591
f 374//374 799//799 523//523
f 31//31 72//72 571//571
f 213//213 511//511 661//661
f 794//794 285//285 766//766
f 795//795 807//807 47//47
f 571//571 575//575 298//298
f 339//339 260//260 840//840
f 374//374 519//519 806//806
f 374//374 523//523 152//152
f 152//152 523//523 388//388
f 710//710 824//824 106//106
f 64//64 209//209 57//57
f 281//281 339//339 97//97
f 308//308 426//426 532//532
f 539//539 457//457 456//456
f 840//840 820//820 732//732
f 351//351 459//459 129//129
f 840//840 732//732 97//97
f 89//89 87//87 10//10
f 536//536 732//732 820//820
f 636//636 691//691 692//692
f 288//288 549//549 647//647
f 731//731 545//545 517//517
f 305//305 388//388 530//530
f 774//774 179//179 703//703
f 827//827 376//376 805//805
f 154//154 727//727 737//737
f 506//506 759//759 375//375
f 385//385 398//398 319//319
f 581//581 348//348 247//247
f 834//834 439//439 373//373
f 82//82 45//45 505//505
f 68//68 63//63 632//632
f 105//105 287//287 557//557
f 506//506 522//522 304//304
f 323//323 325//325 485//485
f 810//810 22//22 863//863
f 323//323 421//421 325//325
f 311//311 423//423 594//594
f 813//813 809//809 35//35
f 699//699 284//284 183//183
f 435//435 380//380 399//399
f 316//316 624//624 429//429
f 374//374 152//152 519//519
f 160//160 316//316 399//399
f 494//494 535//535 391//391
f 391//391 421//421 393//393
f 494//494 391//391 393//393
f 23//23 813//813 35//35
f 441//441 393//393 421//421
f 191//191 668//668 331//331
f 428//428 440//440 414//414
f 597//597 379//379 712//712
f 159//159 503//503 606//606
f 818//818 837//837 109//109
f 270//270 480//480 371//371
f 836//836 254//254 222//222
f 69//69 30//30 574//574
f 360//360 611//611 543//543
f 494//494 50//50 25//25
f 751//751 218//218 25//25
f 751//751 647//647 218//218
f 50//50 41//41 25//25
f 773//773 227//227 210//210
f 444//444 591//591 424//424
f 533//533 725//725 416//416
f 780//780 130//130 818//818
f 724//724 818//818 130//130
f 780//780 222//222 674//674
f 281//281 97//97 830//830
f 728//728 545//545 708//708
f 724//724 130//130 593//593
f 21//21 130//130 674//674
f 721//721 359//359 603//603
f 21//21 593//593 130//130
f 159//159 801//801 321//321
f 843//843 330//330 279//279
f 143//143 168//168 288//288
f 361//361 22//22 443//443
f 33//33 786//786 817//817
f 143//143 280//280 168//168
f 521//521 372//372 496//496
f 678//678 665//665 246//246
f 765//765 28//28 785//785
f 280//280 785//785 28//28
f 814//814 755//755 865//865
f 55//55 413//413 593//593
f 55//55 21//21 42//42
f 312//312 596//596 326//326
f 200//200 300//300 697//697
f 707//707 124//124 112//112
f 33//33 220//220 740//740
f 248//248 648//648 553//553
f 513//513 663//663 644//644
f 811//811 145//145 34//34
f 506//506 493//493 522//522
f 728//728 529//529 418//418
f 282//282 168//168 184//184
f 307//307 442//442 425//425
f 452//452 380//380 467//467
f 55//55 42//42 788//788
f 761//761 42//42 34//34
f 716//716 128//128 735//735
f 68//68 632//632 184//184
f 636//636 208//208 510//510
f 422//422 591//591 443//443
f 642//642 222//222 549//549
f 351//351 458//458 459//459
f 303//303 202//202 700//700
f 278//278 70//70 551//551
f 814//814 787//787 813//813
f 739//739 422//422 443//443
f 378//378 461//461 157//157
f 126//126 610//610 528//528
f 291//291 341//341 250//250
f 3//3 2//2 855//855
f 278//278 551//551 96//96
f 265//265 50//50 393//393
f 711//711 819//819 830//830
f 404//404 538//538 151//151
f 642//642 674//674 222//222
f 424//424 591//591 309//309
f 541//541 410//410 525//525
f 96//96 819//819 772//772
f 534//534 78//78 819//819
f 73//73 284//284 575//575
f 842//842 740//740 220//220
f 364//364 437//437 561//561
f 739//739 22//22 786//786
f 307//307 425//425 426//426
f 303//303 95//95 547//547
f 811//811 34//34 42//42
f 252//252 563//563 465//465
f 732//732 729//729 711//711
f 766//766 30//30 793//793
f 752//752 809//809 19//19
f 416//416 153//153 418//418
f 576//576 292//292 175//175
f 78//78 492//492 39//39
f 206//206 78//78 39//39
f 613//613 314//314 478//478
f 71//71 279//279 548//548
f 572//572 684//684 67//67
f 360//360 204//204 590//590
f 770//770 748//748 745//745
f 773//773 826//826 95//95
f 156//156 59//59 460//460
f 328//328 477//477 439//439
f 693//693 194//194 61//61
f 780//780 818//818 109//109
f 583//583 47//47 862//862
f 340//340 290//290 175//175
f 592//592 152//152 388//388
f 402//402 315//315 448//448
f 312//312 533//533 596//596
f 232//232 631//631 553//553
f 608//608 325//325 520//520
f 27//27 645//645 673//673
f 392//392 492//492 420//420
f 790//790 602//602 479//479
f 39//39 48//48 40//40
f 810//810 786//786 22//22
f 733//733 123//123 598//598
f 48//48 788//788 40//40
f 708//708 826//826 544//544
f 8//8 133//133 91//91
f 306//306 753//753 508//508
f 728//728 708//708 544//544
f 227//227 553//553 648//648
f 266//266 48//48 392//392
f 573//573 556//556 72//72
f 504//504 29//29 411//411
f 363//363 434//434 430//430
f 143//143 785//785 280//280
f 583//583 390//390 47//47
f 313//313 427//427 276//276
f 836//836 109//109 284//284
f 812//812 753//753 260//260
f 353//353 601//601 399//399
f 761//761 40//40 788//788
f 761//761 37//37 40//40
f 706//706 734//734 625//625
f 728//728 544//544 415//415
f 575//575 837//837 298//298
f 728//728 415//415 529//529
f 30//30 285//285 574//574
f 628//628 622//622 481//481
f 82//82 505//505 544//544
f 807//807 749//749 862//862
f 639//639 258//258 219//219
f 611//611 417//417 588//588
f 544//544 505//505 415//415
f 637//637 659//659 57//57
f 60//60 554//554 557//557
f 305//305 307//307 268//268
f 613//613 157//157 461//461
f 846//846 17//17 89//89
f 9//9 4//4 7//7
f 119//119 857//857 111//111
f 583//583 862//862 19//19
f 89//89 115//115 858//858
f 533//533 416//416 596//596
f 200//200 58//58 632//632
f 9//9 11//11 4//4
f 629//629 475//475 610//610
f 195//195 28//28 294//294
f 754//754 808//808 740//740
f 800//800 838//838 372//372
f 842//842 362//362 740//740
f 116//116 857//857 847//847
f 123//123 111//111 844//844
f 848//848 84//84 844//844
f 189//189 650//650 350//350
f 88//88 139//139 137//137
f 90//90 861//861 120//120
f 12//12 8//8 87//87
f 751//751 41//41 785//785
f 179//179 666//666 346//346
f 670//670 639//639 219//219
f 97//97 711//711 830//830
f 264//264 251//251 252//252
f 71//71 202//202 303//303
f 447//447 497//497 531//531
f 278//278 821//821 700//700
f 317//317 463//463 468//468
f 267//267 555//555 573//573
f 257//257 558//558 349//349
f 645//645 816//816 293//293
f 737//737 616//616 618//618
f 585//585 501//501 448//448
f 9//9 116//116 14//14
f 608//608 459//459 458//458
f 394//394 864//864 49//49
f 339//339 840//840 97//97
f 324//324 485//485 325//325
f 829//829 547//547 95//95
f 263//263 414//414 56//56
f 392//392 420//420 426//426
f 328//328 269//269 477//477
f 277//277 446//446 619//619
f 737//737 618//618 617//617
f 138//138 150//150 79//79
f 277//277 619//619 473//473
f 306//306 806//806 820//820
f 770//770 77//77 748//748
f 174//174 580//580 290//290
f 301//301 256//256 182//182
f 66//66 567//567 684//684
f 98//98 120//120 110//110
f 71//71 548//548 649//649
f 244//244 647//647 549//549
f 829//829 95//95 826//826
f 762//762 26//26 289//289
f 205//205 350//350 668//668
f 69//69 574//574 70//70
f 766//766 285//285 30//30
f 701//701 256//256 113//113
f 836//836 780//780 109//109
f 73//73 571//571 72//72
f 420//420 729//729 532//532
f 774//774 201//201 179//179
f 612//612 167//167 507//507
f 733//733 489//489 100//100
f 408//408 764//764 406//406
f 655//655 658//658 654//654
f 502//502 775//775 481//481
f 360//360 543//543 515//515
f 224//224 337//337 338//338
f 32//32 865//865 361//361
f 89//89 848//848 859//859
f 570//570 262//262 144//144
f 585//585 498//498 352//352
f 402//402 450//450 587//587
f 179//179 201//201 666//666
f 305//305 530//530 442//442
f 861//861 142//142 17//17
f 345//345 179//179 346//346
f 301//301 114//114 256//256
f 612//612 417//417 167//167
f 665//665 178//178 246//246
f 34//34 282//282 24//24
f 257//257 698//698 181//181
f 232//232 772//772 206//206
f 79//79 150//150 131//131
f 848//848 16//16 860//860
f 491//491 486//486 373//373
f 367//367 437//437 272//272
f 66//66 684//684 65//65
f 660//660 249//249 238//238
f 265//265 441//441 54//54
f 695//695 683//683 176//176
f 360//360 417//417 611//611
f 584//584 377//377 476//476
f 739//739 52//52 422//422
f 638//638 209//209 64//64
f 245//245 744//744 372//372
f 313//313 397//397 427//427
f 232//232 206//206 631//631
f 827//827 805//805 843//843
f 850//850 852//852 849//849
f 850//850 849//849 852//852
f 402//402 587//587 483//483
f 248//248 697//697 76//76
f 302//302 793//793 30//30
f 841//841 569//569 568//568
f 703//703 179//179 345//345
f 791//791 148//148 177//177
f 720//720 714//714 162//162
f 355//355 166//166 605//605
f 669//669 552//552 226//226
f 537//537 543//543 719//719
f 689//689 333//333 334//334
f 625//625 500//500 318//318
f 750//750 39//39 40//40
f 623//623 270//270 802//802
f 119//119 124//124 847//847
f 263//263 53//53 428//428
f 55//55 593//593 21//21
f 301//301 698//698 344//344
f 75//75 297//297 697//697
f 126//126 713//713 610//610
f 335//335 190//190 229//229
f 609//609 488//488 327//327
f 568//568 569//569 567//567
f 638//638 64//64 660//660
f 46//46 45//45 760//760
f 313//313 440//440 428//428
f 357//357 467//467 320//320
f 20//20 447//447 582//582
f 89//89 859//859 116//116
f 313//313 276//276 326//326
f 839//839 554//554 555//555
f 581//581 247//247 702//702
f 459//459 81//81 129//129
f 235//235 193//193 226//226
f 328//328 630//630 507//507
f 758//758 44//44 54//54
f 139//139 860//860 137//137
f 37//37 297//297 75//75
f 701//701 346//346 219//219
f 812//812 49//49 753//753
f 488//488 309//309 327//327
f 206//206 772//772 78//78
f 774//774 79//79 201//201
f 779//779 735//735 526//526
f 291//291 661//661 643//643
f 526//526 735//735 128//128
f 395//395 424//424 594//594
f 395//395 583//583 51//51
f 319//319 462//462 482//482
f 6//6 87//87 8//8
f 804//804 275//275 487//487
f 90//90 133//133 142//142
f 316//316 429//429 435//435
f 310//310 493//493 262//262
f 627//627 484//484 166//166
f 621//621 314//314 146//146
f 570//570 567//567 569//569
f 673//673 645//645 564//564
f 630//630 439//439 472//472
f 758//758 293//293 148//148
f 213//213 176//176 197//197
f 150//150 126//126 131//131
f 718//718 523//523 781//781
f 212//212 671//671 57//57
f 608//608 525//525 324//324
f 430//430 434//434 429//429
f 43//43 816//816 53//53
f 588//588 489//489 598//598
f 716//716 735//735 104//104
f 328//328 439//439 630//630
f 849//849 852//852 3//3
f 649//649 70//70 202//202
f 724//724 412//412 723//723
f 212//212 643//643 661//661
f 720//720 457//457 384//384
f 43//43 36//36 147//147
f 13//13 115//115 18//18
f 568//568 567//567 66//66
f 408//408 164//164 764//764
f 567//567 67//67 684//684
f 727//727 446//446 277//277
f 324//324 438//438 485//485
f 86//86 778//778 140//140
f 706//706 625//625 469//469
f 367//367 579//579 560//560
f 859//859 844//844 857//857
f 782//782 738//738 835//835
f 859//859 848//848 844//844
f 147//147 148//148 293//293
f 566//566 66//66 199//199
f 758//758 646//646 293//293
f 766//766 793//793 807//807
f 540//540 410//410 541//541
f 636//636 637//637 691//691
f 159//159 606//606 801//801
f 833//833 104//104 735//735
f 383//383 434//434 363//363
f 213//213 250//250 176//176
f 728//728 418//418 545//545
f 514//514 211//211 662//662
f 105//105 824//824 783//783
f 441//441 421//421 323//323
f 478//478 462//462 158//158
f 623//623 802//802 320//320
f 565//565 295//295 199//199
f 540//540 777//777 243//243
f 565//565 831//831 295//295
f 632//632 58//58 184//184
f 265//265 54//54 44//44
f 178//178 681//681 196//196
f 69//69 70//70 649//649
f 317//317 364//364 292//292
f 119//119 112//112 124//124
f 132//132 18//18 5//5
f 572//572 65//65 684//684
f 780//780 674//674 130//130
f 196//196 133//133 90//90
f 706//706 469//469 470//470
f 633//633 677//677 668//668
f 499//499 602//602 164//164
f 90//90 142//142 861//861
f 253//253 242//242 243//243
f 503//503 384//384 407//407
f 783//783 244//244 108//108
f 149//149 31//31 817//817
f 715//715 101//101 831//831
f 638//638 238//238 194//194
f 749//749 495//495 445//445
f 545//545 153//153 517//517
f 832//832 822//822 776//776
f 620//620 615//615 476//476
f 401//401 452//452 467//467
f 588//588 417//417 612//612
f 282//282 145//145 168//168
f 89//89 16//16 848//848
f 762//762 38//38 26//26
f 791//791 44//44 148//148
f 609//609 327//327 387//387
f 266//266 425//425 413//413
f 562//562 251//251 559//559
f 672//672 406//406 663//663
f 114//114 113//113 256//256
f 455//455 319//319 318//318
f 646//646 564//564 645//645
f 679//679 657//657 658//658
f 646//646 645//645 293//293
f 673//673 564//564 242//242
f 666//666 201//201 59//59
f 335//335 651//651 190//190
f 277//277 473//473 616//616
f 302//302 330//330 259//259
f 127//127 242//242 776//776
f 597//597 398//398 379//379
f 369//369 768//768 695//695
f 754//754 362//362 497//497
f 6//6 88//88 137//137
f 127//127 673//673 242//242
f 127//127 776//776 722//722
f 629//629 778//778 486//486
f 791//791 294//294 765//765
f 375//375 755//755 493//493
f 62//62 686//686 656//656
f 294//294 28//28 765//765
f 540//540 217//217 504//504
f 595//595 154//154 617//617
f 791//791 177//177 294//294
f 281//281 285//285 339//339
f 177//177 148//148 147//147
f 77//77 784//784 748//748
f 816//816 147//147 293//293
f 385//385 379//379 398//398
f 200//200 632//632 63//63
f 733//733 111//111 123//123
f 27//27 816//816 645//645
f 431//431 320//320 365//365
f 27//27 673//673 607//607
f 137//137 860//860 16//16
f 637//637 57//57 209//209
f 23//23 570//570 144//144
f 723//723 412//412 530//530
f 395//395 742//742 424//424
f 98//98 99//99 113//113
f 127//127 722//722 396//396
f 383//383 453//453 467//467
f 455//455 385//385 319//319
f 559//559 251//251 146//146
f 512//512 511//511 215//215
f 313//313 326//326 440//440
f 36//36 789//789 762//762
f 795//795 47//47 261//261
f 415//415 440//440 529//529
f 722//722 533//533 396//396
f 168//168 280//280 184//184
f 27//27 607//607 397//397
f 160//160 399//399 601//601
f 743//743 563//563 747//747
f 815//815 590//590 640//640
f 494//494 393//393 50//50
f 779//779 833//833 735//735
f 257//257 246//246 698//698
f 408//408 409//409 600//600
f 566//566 296//296 104//104
f 756//756 644//644 764//764
f 638//638 693//693 209//209
f 9//9 14//14 11//11
f 255//255 232//232 553//553
f 659//659 212//212 57//57
f 82//82 544//544 826//826
f 627//627 363//363 274//274
f 441//441 323//323 411//411
f 125//125 88//88 91//91
f 805//805 329//329 843//843
f 844//844 111//111 857//857
f 369//369 370//370 471//471
f 450//450 451//451 456//456
f 11//11 86//86 140//140
f 92//92 123//123 84//84
f 160//160 599//599 624//624
f 160//160 601//601 165//165
f 117//117 122//122 110//110
f 629//629 487//487 275//275
f 455//455 318//318 500//500
f 524//524 451//451 454//454
f 427//427 396//396 312//312
f 629//629 610//610 713//713
f 392//392 48//48 492//492
f 771//771 93//93 838//838
f 585//585 151//151 538//538
f 332//332 231//231 336//336
f 790//790 164//164 602//602
f 271//271 803//803 471//471
f 603//603 359//359 356//356
f 503//503 407//407 606//606
f 748//748 767//767 745//745
f 773//773 828//828 227//227
f 756//756 164//164 790//790
f 340//340 175//175 577//577
f 449//449 355//355 605//605
f 502//502 407//407 539//539
f 255//255 828//828 700//700
f 738//738 516//516 129//129
f 771//771 376//376 518//518
f 273//273 272//272 437//437
f 513//513 198//198 663//663
f 301//301 181//181 698//698
f 350//350 650//650 668//668
f 743//743 371//371 470//470
f 408//408 600//600 499//499
f 134//134 140//140 713//713
f 351//351 526//526 128//128
f 267//267 506//506 304//304
f 255//255 227//227 828//828
f 134//134 5//5 4//4
f 455//455 404//404 385//385
f 105//105 783//783 108//108
f 232//232 821//821 772//772
f 449//449 605//605 386//386
f 770//770 702//702 247//247
f 369//369 579//579 368//368
f 720//720 163//163 714//714
f 756//756 747//747 343//343
f 665//665 681//681 178//178
f 672//672 405//405 406//406
f 266//266 788//788 48//48
f 89//89 7//7 115//115
f 537//537 542//542 675//675
f 46//46 789//789 56//56
f 723//723 718//718 736//736
f 362//362 799//799 497//497
f 105//105 106//106 824//824
f 537//537 719//719 139//139
f 756//756 343//343 644//644
f 634//634 185//185 173//173
f 660//660 64//64 682//682
f 484//484 370//370 368//368
f 608//608 324//324 325//325
f 576//576 290//290 347//347
f 743//743 436//436 563//563
f 328//328 157//157 269//269
f 603//603 625//625 734//734
f 198//198 662//662 214//214
f 715//715 822//822 101//101
f 297//297 24//24 58//58
f 80//80 128//128 716//716
f 720//720 161//161 457//457
f 264//264 465//465 482//482
f 71//71 547//547 279//279
f 546//546 783//783 824//824
f 759//759 810//810 863//863
f 494//494 546//546 535//535
f 469//469 318//318 433//433
f 14//14 847//847 124//124
f 98//98 114//114 687//687
f 477//477 269//269 617//617
f 720//720 384//384 163//163
f 560//560 579//579 240//240
f 640//640 194//194 238//238
f 127//127 396//396 607//607
f 313//313 428//428 397//397
f 793//793 259//259 749//749
f 200//200 63//63 300//300
f 319//319 482//482 433//433
f 259//259 329//329 495//495
f 764//764 644//644 663//663
f 189//189 234//234 170//170
f 508//508 447//447 531//531
f 3//3 855//855 854//854
f 436//436 433//433 465//465
f 367//367 368//368 579//579
f 798//798 384//384 796//796
f 758//758 148//148 44//44
f 498//498 448//448 620//620
f 831//831 101//101 295//295
f 369//369 368//368 370//370
f 156//156 686//686 59//59
f 60//60 676//676 556//556
f 408//408 499//499 164//164
f 626//626 464//464 628//628
f 132//132 5//5 134//134
f 823//823 80//80 716//716
f 51//51 809//809 787//787
f 512//512 215//215 214//214
f 431//431 365//365 432//432
f 403//403 500//500 356//356
f 213//213 197//197 511//511
f 453//453 358//358 467//467
f 520//520 391//391 81//81
f 843//843 329//329 330//330
f 524//524 356//356 451//451
f 743//743 769//769 371//371
f 264//264 621//621 146//146
f 357//357 802//802 586//586
f 371//371 480//480 322//322
f 791//791 792//792 44//44
f 90//90 120//120 704//704
f 614//614 797//797 629//629
f 707//707 825//825 778//778
f 1//1 110//110 120//120
f 560//560 240//240 341//341
f 712//712 379//379 151//151
f 770//770 745//745 171//171
f 614//614 804//804 797//797
f 230//230 229//229 172//172
f 381//381 382//382 499//499
f 23//23 67//67 570//570
f 402//402 454//454 450//450
f 790//790 479//479 769//769
f 60//60 557//557 287//287
f 369//369 471//471 768//768
f 177//177 147//147 36//36
f 248//248 76//76 648//648
f 235//235 228//228 334//334
f 235//235 236//236 173//173
f 811//811 642//642 145//145
f 623//623 431//431 480//480
f 245//245 286//286 572//572
f 385//385 404//404 379//379
f 29//29 217//217 646//646
f 689//689 334//334 228//228
f 562//562 514//514 578//578
f 793//793 749//749 807//807
f 853//853 855//855 856//856
f 115//115 845//845 858//858
f 496//496 445//445 495//495
f 366//366 467//467 321//321
f 536//536 729//729 732//732
f 308//308 532//532 389//389
f 99//99 110//110 122//122
f 628//628 464//464 432//432
f 364//364 483//483 273//273
f 723//723 530//530 718//718
f 695//695 240//240 579//579
f 20//20 497//497 447//447
f 52//52 754//754 20//20
f 502//502 606//606 407//407
f 779//779 526//526 384//384
f 360//360 590//590 417//417
f 365//365 467//467 466//466
f 340//340 577//577 510//510
f 680//680 657//657 641//641
f 588//588 490//490 489//489
f 366//366 466//466 467//467
f 721//721 775//775 502//502
f 287//287 108//108 699//699
f 271//271 471//471 274//274
f 763//763 216//216 664//664
f 74//74 314//314 461//461
f 207//207 193//193 654//654
f 52//52 20//20 387//387
f 832//832 696//696 101//101
f 660//660 682//682 211//211
f 455//455 403//403 404//404
f 215//215 197//197 664//664
f 94//94 279//279 547//547
f 620//620 474//474 615//615
f 74//74 146//146 314//314
f 543//543 675//675 515//515
f 415//415 505//505 414//414
f 798//798 841//841 779//779
f 98//98 110//110 99//99
f 832//832 103//103 696//696
f 245//245 372//372 838//838
f 241//241 644//644 343//343
f 751//751 25//25 41//41
f 449//449 386//386 354//354
f 435//435 429//429 434//434
f 165//165 601//601 409//409
f 51//51 19//19 809//809
f 144//144 262//262 755//755
f 364//364 561//561 292//292
f 175//175 292//292 342//342
f 215//215 664//664 216//216
f 768//768 803//803 757//757
f 696//696 295//295 101//101
f 255//255 700//700 821//821
f 149//149 573//573 31//31
f 694//694 239//239 249//249
f 402//402 483//483 468//468
f 540//540 504//504 410//410
f 562//562 578//578 251//251
f 592//592 308//308 389//389
f 359//359 456//456 451//451
f 601//601 600//600 409//409
f 270//270 371//371 769//769
f 132//132 126//126 150//150
f 814//814 32//32 787//787
f 672//672 198//198 214//214
f 695//695 176//176 240//240
f 377//377 619//619 155//155
f 773//773 82//82 826//826
f 508//508 531//531 806//806
f 628//628 432//432 622//622
f 435//435 434//434 467//467
f 477//477 617//617 618//618
f 479//479 586//586 802//802
f 864//864 447//447 508//508
f 449//449 453//453 355//355
f 591//591 327//327 309//309
f 138//138 79//79 85//85
f 520//520 325//325 421//421
f 6//6 8//8 91//91
f 706//706 626//626 734//734
f 77//77 247//247 348//348
f 763//763 405//405 216//216
f 427//427 397//397 607//607
f 193//193 669//669 226//226
f 264//264 146//146 251//251
f 667//667 653//653 203//203
f 450//450 454//454 451//451
f 815//815 378//378 167//167
f 352//352 155//155 446//446
f 62//62 666//666 686//686
f 706//706 470//470 322//322
f 71//71 649//649 202//202
f 392//392 426//426 425//425
f 794//794 766//766 795//795
f 316//316 435//435 399//399
f 195//195 63//63 68//68
f 524//524 403//403 356//356
f 253//253 243//243 777//777
f 444//444 32//32 361//361
f 233//233 205//205 187//187
f 360//360 515//515 204//204
f 546//546 824//824 535//535
f 714//714 705//705 272//272
f 513//513 514//514 198//198
f 436//436 465//465 563//563
f 119//119 111//111 100//100
f 86//86 707//707 778//778
f 189//189 657//657 186//186
f 721//721 603//603 734//734
f 383//383 467//467 434//434
f 763//763 165//165 405//405
f 253//253 776//776 242//242
f 524//524 501//501 538//538
f 603//603 356//356 500//500
f 250//250 240//240 176//176
f 503//503 386//386 384//384
f 455//455 500//500 403//403
f 575//575 284//284 109//109
f 19//19 862//862 445//445
f 131//131 528//528 527//527
f 411//411 323//323 438//438
f 832//832 776//776 253//253
f 241//241 343//343 252//252
f 323//323 485//485 438//438
f 604//604 163//163 605//605
f 212//212 511//511 671//671
f 702//702 238//238 249//249
f 719//719 92//92 139//139
f 680//680 641//641 667//667
f 102//102 104//104 296//296
f 475//475 473//473 589//589
f 241//241 578//578 513//513
f 504//504 438//438 410//410
f 743//743 470//470 436//436
f 585//585 538//538 501//501
f 766//766 807//807 795//795
f 73//73 183//183 284//284
f 672//672 663//663 198//198
f 469//469 625//625 318//318
f 479//479 602//602 586//586
f 68//68 280//280 28//28
f 53//53 397//397 428//428
f 715//715 831//831 730//730
f 121//121 118//118 845//845
f 1//1 861//861 17//17
f 534//534 420//420 492//492
f 773//773 95//95 828//828
f 36//36 762//762 289//289
f 706//706 322//322 626//626
f 834//834 472//472 439//439
f 672//672 214//214 216//216
f 628//628 481//481 775//775
f 595//595 158//158 154//154
f 627//627 400//400 363//363
f 156//156 584//584 686//686
f 170//170 192//192 641//641
f 583//583 19//19 51//51
f 241//241 252//252 251//251
f 361//361 865//865 863//863
f 832//832 253//253 103//103
f 503//503 354//354 386//386
f 458//458 128//128 80//80
f 859//859 857//857 116//116
f 406//406 405//405 409//409
f 351//351 128//128 458//458
f 143//143 288//288 647//647
f 722//722 725//725 533//533
f 743//743 747//747 769//769
f 626//626 775//775 734//734
f 265//265 44//44 792//792
f 721//721 539//539 359//359
f 431//431 464//464 480//480
f 223//223 194//194 653//653
f 623//623 480//480 270//270
f 756//756 790//790 747//747
f 125//125 91//91 681//681
f 527//527 59//59 201//201
f 442//442 530//530 412//412
f 52//52 387//387 422//422
f 444//444 443//443 591//591
f 846//846 89//89 15//15
f 834//834 486//486 825//825
f 791//791 765//765 792//792
f 132//132 150//150 138//138
f 264//264 482//482 621//621
f 381//381 600//600 353//353
f 66//66 65//65 199//199
f 699//699 108//108 254//254
f 273//273 162//162 272//272
f 259//259 495//495 749//749
f 89//89 858//858 15//15
f 271//271 430//430 429//429
f 464//464 322//322 480//480
f 814//814 813//813 144//144
f 55//55 266//266 413//413
f 512//512 671//671 511//511
f 701//701 258//258 256//256
f 449//449 354//354 358//358
f 401//401 357//357 586//586
f 592//592 389//389 152//152
f 202//202 278//278 700//700
f 690//690 336//336 231//231
f 449//449 358//358 453//453
f 159//159 358//358 354//354
f 215//215 511//511 197//197
f 408//408 406//406 409//409
f 395//395 51//51 742//742
f 20//20 582//582 387//387
f 366//366 801//801 622//622
f 366//366 321//321 801//801
f 248//248 631//631 75//75
f 432//432 466//466 622//622
f 629//629 275//275 804//804
f 432//432 365//365 466//466
f 317//317 483//483 364//364
f 156//156 460//460 419//419
f 658//658 685//685 635//635
f 841//841 568//568 833//833
f 252//252 343//343 563//563
f 381//381 452//452 382//382
f 381//381 353//353 380//380
f 33//33 299//299 220//220
f 463//463 315//315 468//468
f 419//419 589//589 473//473
f 694//694 249//249 211//211
f 805//805 521//521 329//329
f 458//458 80//80 525//525
f 633//633 668//668 191//191
f 132//132 134//134 126//126
f 585//585 448//448 498//498
f 46//46 762//762 789//789
f 263//263 43//43 53//53
f 159//159 321//321 358//358
f 621//621 482//482 462//462
f 670//670 656//656 180//180
f 546//546 25//25 218//218
f 235//235 655//655 193//193
f 158//158 462//462 398//398
f 807//807 862//862 47//47
f 842//842 736//736 781//781
f 332//332 653//653 231//231
f 265//265 792//792 50//50
f 821//821 96//96 772//772
f 717//717 736//736 107//107
f 727//727 277//277 737//737
f 623//623 320//320 431//431
f 696//696 102//102 296//296
f 672//672 216//216 405//405
f 694//694 562//562 559//559
f 512//512 682//682 671//671
f 270//270 479//479 802//802
f 756//756 764//764 164//164
f 60//60 287//287 183//183
f 512//512 662//662 682//682
f 318//318 319//319 433//433
f 235//235 173//173 185//185
f 288//288 168//168 145//145
f 604//604 484//484 705//705
f 431//431 432//432 464//464
f 403//403 538//538 404//404
f 823//823 103//103 777//777
f 667//667 192//192 653//653
f 576//576 347//347 463//463
f 55//55 788//788 266//266
f 470//470 371//371 322//322
f 537//537 139//139 88//88
f 160//160 624//624 316//316
f 367//367 560//560 437//437
f 326//326 529//529 440//440
f 353//353 600//600 601//601
f 714//714 604//604 705//705
f 750//750 631//631 206//206
f 27//27 397//397 53//53
f 747//747 563//563 343//343
f 317//317 576//576 463//463
f 507//507 378//378 157//157
f 426//426 420//420 532//532
f 650//650 186//186 331//331
f 721//721 502//502 539//539
f 509//509 207//207 654//654
f 581//581 702//702 348//348
f 134//134 713//713 126//126
f 811//811 42//42 21//21
f 196//196 681//681 133//133
f 846//846 117//117 1//1
f 540//540 243//243 217//217
f 519//519 389//389 536//536
f 801//801 606//606 481//481
f 121//121 703//703 122//122
f 178//178 698//698 246//246
f 340//340 208//208 174//174
f 121//121 85//85 774//774
f 196//196 90//90 704//704
f 401//401 467//467 357//357
f 864//864 508//508 753//753
f 469//469 433//433 436//436
f 121//121 774//774 703//703
f 349//349 693//693 61//61
f 212//212 661//661 511//511
f 358//358 321//321 467//467
f 382//382 586//586 602//602
f 74//74 559//559 146//146
f 764//764 663//663 406//406
f 257//257 349//349 246//246
f 210//210 648//648 760//760
f 694//694 559//559 239//239
f 659//659 510//510 643//643
f 54//54 441//441 411//411
f 634//634 173//173 236//236
f 712//712 151//151 352//352
f 671//671 682//682 64//64
f 427//427 607//607 396//396
f 106//106 835//835 738//738
f 576//576 175//175 290//290
f 778//778 713//713 140//140
f 274//274 471//471 370//370
f 338//338 690//690 234//234
f 823//823 716//716 102//102
f 121//121 122//122 118//118
f 347//347 580//580 180//180
f 6//6 10//10 87//87
f 43//43 147//147 816//816
f 419//419 473//473 619//619
f 197//197 683//683 664//664
f 620//620 315//315 474//474
f 377//377 155//155 476//476
f 537//537 675//675 543//543
f 646//646 217//217 564//564
f 132//132 138//138 18//18
f 237//237 258//258 639//639
f 599//599 757//757 803//803
f 312//312 396//396 533//533
f 105//105 557//557 106//106
f 248//248 75//75 697//697
f 347//347 180//180 474//474
f 537//537 88//88 125//125
f 493//493 755//755 262//262
f 237//237 639//639 174//174
f 613//613 461//461 314//314
f 102//102 716//716 104//104
f 267//267 149//149 759//759
f 300//300 38//38 76//76
f 761//761 788//788 42//42
f 815//815 746//746 378//378
f 595//595 478//478 158//158
f 378//378 746//746 461//461
f 815//815 702//702 746//746
f 475//475 616//616 473//473
f 97//97 732//732 711//711
f 678//678 675//675 665//665
f 99//99 703//703 345//345
f 638//638 194//194 693//693
f 417//417 590//590 167//167
f 3//3 854//854 2//2
f 255//255 821//821 232//232
f 382//382 602//602 499//499
f 154//154 737//737 617//617
f 637//637 209//209 558//558
f 714//714 163//163 604//604
f 74//74 461//461 746//746
f 418//418 529//529 596//596
f 333//333 221//221 331//331
f 367//367 705//705 368//368
f 324//324 410//410 438//438
f 381//381 380//380 452//452
f 62//62 670//670 219//219
f 86//86 124//124 707//707
f 722//722 822//822 725//725
f 577//577 643//643 510//510
f 608//608 458//458 525//525
f 398//398 462//462 319//319
f 386//386 605//605 163//163
f 74//74 239//239 559//559
f 805//805 376//376 800//800
f 592//592 388//388 305//305
f 834//834 373//373 486//486
f 718//718 388//388 523//523
f 636//636 692//692 208//208
f 375//375 863//863 865//865
f 435//435 467//467 380//380
f 696//696 296//296 295//295
f 281//281 830//830 551//551
f 427//427 312//312 276//276
f 630//630 472//472 490//490
f 15//15 858//858 118//118
f 722//722 776//776 822//822
f 597//597 154//154 158//158
f 604//604 166//166 484//484
f 537//537 125//125 542//542
f 78//78 772//772 819//819
f 687//687 344//344 196//196
f 670//670 580//580 639//639
f 14//14 116//116 847//847
f 15//15 118//118 117//117
f 608//608 520//520 459//459
f 27//27 53//53 816//816
f 413//413 442//442 412//412
f 328//328 507//507 157//157
f 156//156 419//419 377//377
f 475//475 589//589 610//610
f 814//814 144//144 755//755
f 637//637 558//558 691//691
f 394//394 311//311 609//609
f 554//554 556//556 555//555
f 463//463 474//474 315//315
f 253//253 777//777 103//103
f 670//670 180//180 580//580
f 202//202 70//70 278//278
f 236//236 331//331 186//186
f 180//180 656//656 615//615
f 726//726 416//416 725//725
f 89//89 12//12 87//87
f 89//89 10//10 16//16
f 384//384 386//386 163//163
f 498//498 620//620 476//476
f 620//620 448//448 315//315
f 241//241 251//251 578//578
f 498//498 155//155 352//352
f 836//836 284//284 699//699
f 213//213 661//661 250//250
f 243//243 564//564 217//217
f 629//629 491//491 475//475
f 286//286 65//65 572//572
f 534//534 729//729 420//420
f 589//589 460//460 528//528
f 823//823 541//541 80//80
f 257//257 181//181 691//691
f 597//597 727//727 154//154
f 13//13 845//845 115//115
f 712//712 446//446 727//727
f 823//823 102//102 103//103
f 597//597 712//712 727//727
f 719//719 598//598 92//92
f 794//794 339//339 285//285
f 761//761 34//34 24//24
f 465//465 433//433 482//482
f 726//726 153//153 416//416
f 523//523 799//799 781//781
f 79//79 527//527 201//201
f 781//781 799//799 362//362
f 708//708 829//829 826//826
f 834//834 112//112 472//472
f 715//715 726//726 725//725
f 534//534 492//492 78//78
f 612//612 507//507 630//630
f 498//498 476//476 155//155
f 504//504 217//217 29//29
f 402//402 468//468 315//315
f 310//310 798//798 522//522
f 32//32 742//742 787//787
f 491//491 618//618 616//616
f 267//267 759//759 506//506
f 74//74 746//746 239//239
f 353//353 399//399 380//380
f 640//640 590//590 204//204
f 832//832 101//101 822//822
f 133//133 681//681 91//91
f 577//577 342//342 291//291
f 239//239 702//702 249//249
f 521//521 496//496 495//495
f 585//585 352//352 151//151
f 638//638 660//660 238//238
f 570//570 67//67 567//567
f 317//317 292//292 576//576
f 100//100 489//489 490//490
f 60//60 183//183 676//676
f 679//679 658//658 634//634
f 752//752 19//19 445//445
f 248//248 553//553 631//631
f 127//127 607//607 673//673
f 119//119 100//100 112//112
f 710//710 535//535 824//824
f 159//159 354//354 503//503
f 233//233 234//234 350//350
f 281//281 551//551 574//574
f 494//494 25//25 546//546
f 782//782 835//835 839//839
f 846//846 15//15 117//117
f 737//737 277//277 616//616
f 444//444 424//424 742//742
f 218//218 647//647 244//244
f 99//99 122//122 703//703
f 43//43 789//789 36//36
f 338//338 337//337 336//336
f 8//8 142//142 133//133
f 29//29 54//54 411//411
f 363//363 430//430 274//274
f 191//191 331//331 221//221
f 584//584 656//656 686//686
f 792//792 765//765 41//41
f 425//425 442//442 413//413
f 848//848 860//860 84//84
f 527//527 460//460 59//59
f 218//218 244//244 783//783
f 220//220 298//298 107//107
f 414//414 505//505 56//56
f 655//655 654//654 193//193
f 667//667 641//641 192//192
f 594//594 424//424 309//309
f 278//278 96//96 821//821
f 365//365 320//320 467//467
f 565//565 93//93 831//831
f 686//686 666//666 59//59
f 191//191 172//172 190//190
f 655//655 185//185 658//658
f 770//770 171//171 702//702
f 76//76 760//760 648//648
f 548//548 330//330 302//302
f 382//382 452//452 401//401
f 291//291 250//250 661//661
f 189//189 641//641 657//657
f 178//178 196//196 344//344
f 394//394 49//49 423//423
f 419//419 619//619 377//377
f 614//614 629//629 804//804
f 604//604 605//605 166//166
f 558//558 209//209 693//693
f 731//731 94//94 829//829
f 710//710 106//106 738//738
f 782//782 384//384 516//516
f 39//39 492//492 48//48
f 815//815 640//640 702//702
f 524//524 538//538 403//403
f 83//83 141//141 709//709
f 849//849 854//854 852//852
f 300//300 63//63 26//26
f 195//195 289//289 26//26
f 263//263 56//56 789//789
f 261//261 423//423 49//49
f 98//98 113//113 114//114
f 149//149 810//810 759//759
f 690//690 170//170 234//234
f 603//603 500//500 625//625
f 257//257 691//691 558//558
f 394//394 582//582 864//864
f 82//82 210//210 45//45
f 407//407 457//457 539//539
f 306//306 508//508 806//806
f 810//810 817//817 786//786
f 692//692 182//182 237//237
f 545//545 418//418 153//153
f 619//619 446//446 155//155
f 835//835 557//557 554//554
f 584//584 476//476 615//615
f 302//302 259//259 793//793
f 815//815 167//167 590//590
f 192//192 231//231 653//653
f 307//307 308//308 268//268
f 768//768 757//757 683//683
f 678//678 61//61 515//515
f 295//295 296//296 199//199
f 577//577 175//175 342//342
f 73//73 676//676 183//183
f 271//271 274//274 430//430
f 230//230 335//335 229//229
f 683//683 757//757 664//664
f 640//640 238//238 702//702
f 852//852 854//854 3//3
f 770//770 247//247 741//741
f 770//770 741//741 247//247
f 633//633 191//191 190//190
f 692//692 691//691 181//181
f 724//724 593//593 412//412
f 395//395 390//390 583//583
f 736//736 718//718 781//781
f 750//750 206//206 39//39
f 812//812 260//260 794//794
f 692//692 181//181 182//182
f 718//718 530//530 388//388
f 636//636 510//510 659//659
f 271//271 429//429 624//624
f 347//347 290//290 580//580
f 830//830 819//819 96//96
f 243//243 242//242 564//564
f 230//230 689//689 228//228
f 680//680 667//667 658//658
f 394//394 423//423 311//311
f 310//310 522//522 493//493
f 255//255 553//553 227//227
f 701//701 113//113 345//345
f 521//521 495//495 329//329
f 744//744 35//35 752//752
f 46//46 760//760 38//38
f 744//744 752//752 496//496
f 307//307 426//426 308//308
f 235//235 185//185 655//655
f 566//566 199//199 296//296
f 188//188 658//658 635//635
f 744//744 283//283 35//35
f 594//594 423//423 390//390
f 62//62 346//346 666//666
f 12//12 17//17 142//142
f 710//710 81//81 535//535
f 34//34 145//145 282//282
f 633//633 190//190 651//651
f 215//215 216//216 214//214
f 165//165 409//409 405//405
f 682//682 662//662 211//211
f 842//842 781//781 362//362
f 463//463 347//347 474//474
f 799//799 531//531 497//497
f 536//536 532//532 729//729
f 595//595 613//613 478//478
f 765//765 785//785 41//41
f 707//707 112//112 825//825
f 312//312 326//326 276//276
f 254//254 244//244 549//549
f 566//566 104//104 833//833
f 357//357 320//320 802//802
f 118//118 858//858 845//845
f 233//233 350//350 205//205
f 195//195 26//26 63//63
f 581//581 348//348 77//77
f 581//581 77//77 348//348
f 814//814 865//865 32//32
f 197//197 176//176 683//683
f 180//180 615//615 474//474
f 794//794 260//260 339//339
f 189//189 170//170 641//641
f 685//685 203//203 635//635
f 348//348 702//702 169//169
f 228//228 226//226 552//552
f 611//611 719//719 543//543
f 12//12 142//142 8//8
f 626//626 628//628 775//775
f 459//459 520//520 81//81
f 138//138 13//13 18//18
f 89//89 9//9 7//7
f 690//690 231//231 170//170
f 263//263 428//428 414//414
f 721//721 734//734 775//775
f 551//551 830//830 96//96
f 171//171 767//767 688//688
f 761//761 24//24 37//37
f 237//237 174//174 208//208
f 571//571 298//298 299//299
f 92//92 598//598 123//123
f 692//692 237//237 208//208
f 311//311 488//488 609//609
f 592//592 268//268 308//308
f 348//348 169//169 225//225
f 839//839 835//835 554//554
f 566//566 568//568 66//66
f 636//636 659//659 637//637
f 748//748 688//688 767//767
f 294//294 177//177 289//289
f 340//340 174//174 290//290
f 613//613 269//269 157//157
f 763//763 757//757 599//599
f 627//627 166//166 400//400
f 731//731 708//708 545//545
f 813//813 787//787 809//809
f 301//301 182//182 181//181
f 342//342 561//561 341//341
f 546//546 218//218 783//783
f 241//241 513//513 644//644
f 626//626 322//322 464//464
f 137//137 16//16 10//10
f 306//306 840//840 260//260
f 239//239 746//746 702//702
f 850//850 851//851 849//849
f 850//850 849//849 851//851
f 152//152 389//389 519//519
f 536//536 389//389 532//532
f 205//205 677//677 187//187
f 340//340 510//510 208//208
f 827//827 843//843 94//94
f 383//383 363//363 400//400
f 235//235 226//226 228//228
f 92//92 84//84 860//860
f 264//264 252//252 465//465
f 230//230 172//172 689//689
f 507//507 167//167 378//378
f 751//751 143//143 647//647
f 652//652 653//653 194//194
f 679//679 634//634 186//186
f 103//103 102//102 696//696
f 210//210 227//227 648//648
f 754//754 740//740 362//362
f 560//560 561//561 437//437
f 52//52 808//808 754//754
f 287//287 699//699 183//183
f 415//415 414//414 440//440
f 223//223 332//332 336//336
f 853//853 856//856 2//2
f 782//782 516//516 738//738
f 259//259 330//330 329//329
f 317//317 468//468 483//483
f 367//367 272//272 705//705
f 11//11 14//14 86//86
f 200//200 297//297 58//58
f 135//135 709//709 141//141
f 477//477 618//618 373//373
f 701//701 345//345 346//346
f 667//667 685//685 658//658
f 402//402 501//501 454//454
f 774//774 85//85 79//79
f 303//303 828//828 95//95
f 62//62 656//656 670//670
f 491//491 373//373 618//618
f 207//207 669//669 193//193
f 223//223 653//653 332//332
f 75//75 631//631 750//750
f 811//811 674//674 642//642
f 856//856 855//855 2//2
f 739//739 786//786 808//808
f 7//7 18//18 115//115
f 634//634 658//658 185//185
f 198//198 514//514 662//662
f 205//205 668//668 677//677
f 29//29 758//758 54//54
f 170//170 231//231 192//192
f 534//534 711//711 729//729
f 359//359 539//539 456//456
f 233//233 224//224 338//338
f 550//550 228//228 552//552
f 349//349 558//558 693//693
f 827//827 94//94 731//731
f 233//233 338//338 234//234
f 13//13 85//85 845//845
f 778//778 825//825 486//486
f 694//694 514//514 562//562
f 89//89 116//116 9//9
f 629//629 804//804 487//487
f 770//770 247//247 77//77
f 254//254 549//549 222//222
f 797//797 804//804 629//629
f 61//61 194//194 204//204
f 271//271 624//624 803//803
f 652//652 635//635 203//203
f 188//188 654//654 658//658
f 6//6 137//137 10//10
f 773//773 210//210 82//82
f 126//126 528//528 131//131
f 680//680 658//658 657//657
f 83//83 135//135 141//141
f 178//178 344//344 698//698
f 79//79 131//131 527//527
f 300//300 76//76 697//697
f 714//714 272//272 162//162
f 381//381 499//499 600//600
f 89//89 17//17 12//12
f 303//303 700//700 828//828
f 404//404 151//151 379//379
f 640//640 204//204 194//194
f 300//300 26//26 38//38
f 235//235 334//334 333//333
f 678//678 246//246 349//349
f 853//853 2//2 855//855
f 678//678 349//349 61//61
f 633//633 651//651 677//677
f 355//355 383//383 400//400
f 413//413 412//412 593//593
f 233//233 187//187 224//224
f 275//275 851//851 487//487
f 275//275 487//487 851//851
f 864//864 753//753 49//49
f 189//189 350//350 234//234
f 375//375 865//865 755//755
f 200//200 697//697 297//297
f 68//68 184//184 280//280
f 524//524 454//454 501//501
f 23//23 35//35 283//283
f 191//191 221//221 172//172
f 717//717 818//818 724//724
f 588//588 612//612 490//490
f 161//161 162//162 587//587
f 281//281 574//574 285//285
f 114//114 344//344 687//687
f 301//301 344//344 114//114
f 188//188 635//635 654//654
f 846//846 1//1 17//17
f 4//4 5//5 7//7
f 306//306 260//260 753//753
f 282//282 58//58 24//24
f 419//419 460//460 589//589
f 338//338 336//336 690//690
f 520//520 421//421 391//391
f 768//768 471//471 803//803
f 513//513 578//578 514//514
f 572//572 67//67 283//283
f 469//469 436//436 470//470
f 687//687 196//196 704//704
f 444//444 361//361 443//443
f 236//236 333//333 331//331
f 660//660 211//211 249//249
f 195//195 294//294 289//289
f 842//842 220//220 107//107
f 229//229 190//190 172//172
f 266//266 392//392 425//425
f 105//105 108//108 287//287
f 265//265 393//393 441//441
f 612//612 630//630 490//490
f 37//37 75//75 750//750
f 46//46 56//56 45//45
f 99//99 345//345 113//113
f 376//376 517//517 518//518
f 384//384 457//457 407//407
f 639//639 580//580 174//174
f 92//92 860//860 139//139
f 629//629 486//486 491//491
f 836//836 699//699 254//254
f 665//665 542//542 681//681
f 667//667 203//203 685//685
f 823//823 777//777 541//541
f 23//23 283//283 67//67
f 678//678 515//515 675//675
f 519//519 536//536 820//820
f 450//450 161//161 587//587
f 51//51 787//787 742//742
f 717//717 837//837 818//818
f 450//450 456//456 161//161
f 182//182 256//256 258//258
f 478//478 621//621 462//462
f 210//210 760//760 45//45
f 679//679 186//186 657//657
f 121//121 845//845 85//85
f 575//575 109//109 837//837
f 668//668 650//650 331//331
f 509//509 654//654 635//635
f 189//189 186//186 650//650
f 245//245 283//283 744//744
f 310//310 841//841 798//798
f 634//634 236//236 186//186
f 45//45 56//56 505//505
f 235//235 333//333 236//236
f 611//611 588//588 598//598
f 71//71 303//303 547//547
f 118//118 122//122 117//117
f 306//306 820//820 840//840
f 138//138 85//85 13//13
f 76//76 38//38 760//760
f 273//273 483//483 587//587
f 689//689 221//221 333//333
f 83//83 709//709 135//135
f 652//652 203//203 653//653
f 263//263 789//789 43//43
f 1//1 117//117 110//110
f 584//584 615//615 656//656
f 801//801 481//481 622//622
f 595//595 269//269 613//613
f 369//369 695//695 579//579
f 763//763 599//599 165//165
f 171//171 745//745 767//767
f 642//642 288//288 145//145
f 763//763 664//664 757//757
f 135//135 141//141 136//136
f 135//135 136//136 141//141
f 627//627 274//274 370//370
f 665//665 675//675 542//542
f 565//565 199//199 65//65
f 6//6 91//91 88//88
f 710//710 129//129 81//81
f 798//798 796//796 522//522
f 595//595 617//617 269//269
f 270//270 769//769 479//479
f 849//849 3//3 854//854
f 478//478 314//314 621//621
f 237//237 182//182 258//258
f 573//573 555//555 556//556
f 850//850 851//851 487//487
f 850//850 487//487 851//851
f 854//854 855//855 2//2
f 717//717 724//724 723//723
f 119//119 847//847 857//857
f 496//496 752//752 445//445
f 671//671 64//64 57//57
f 86//86 14//14 124//124
f 100//100 472//472 112//112
f 560//560 341//341 561//561
f 324//324 525//525 410//410
f 599//599 803//803 624//624
f 391//391 535//535 81//81
f 701//701 219//219 258//258
f 491//491 616//616 475//475
f 80//80 541//541 525//525
f 69//69 548//548 302//302
f 134//134 4//4 140//140
f 484//484 368//368 705//705
f 11//11 140//140 4//4
f 548//548 279//279 330//330
f 282//282 184//184 58//58
f 98//98 687//687 704//704
f 689//689 172//172 221//221
f 195//195 68//68 28//28
f 46//46 38//38 762//762
f 519//519 820//820 806//806
f 7//7 5//5 18//18
f 528//528 460//460 527//527
f 792//792 41//41 50//50
f 123//123 844//844 84//84
f 177//177 36//36 289//289
f 720//720 162//162 161//161
f 790//790 769//769 747//747
f 752//752 35//35 809//809
f 534//534 819//819 711//711
f 366//366 622//622 466//466
f 592//592 305//305 268//268
f 477//477 373//373 439//439
f 841//841 833//833 779//779
f 125//125 681//681 542//542