# https://github.com/mikedh/trimesh
v -0.00479900 0.05389500 -0.03871900
v 0.00479900 0.05667800 -0.03634000
v 0.00479900 0.05637400 -0.02823700
v 0.00479900 0.05491500 -0.02705800
v -0.00479900 0.05637400 -0.02823700
v -0.00479900 0.05491500 -0.02705800
v 0.01439600 0.05389500 -0.03871900
v 0.02879200 0.05743100 -0.03118300
v 0.03119100 0.05654700 -0.03653400
v 0.03359100 0.05707200 -0.03507400
v 0.03509700 0.04441600 -0.02599200
v 0.02399300 0.05389500 -0.03871900
v 0.03359100 0.05741300 -0.03159500
v 0.03119100 0.05743100 -0.03118300
v 0.03508800 0.05338100 -0.02681300
v 0.02879200 0.05655500 -0.03651500
v 0.03483600 0.05711900 -0.02994700
v -0.01439600 0.05318500 -0.02655700
v -0.01439600 0.05724300 -0.02988300
v 0.00479900 0.05210400 -0.03891200
v -0.01439600 0.05491500 -0.02705800
v -0.01439600 0.05637400 -0.02823700
v -0.00479900 0.05318500 -0.02655700
v -0.00479900 0.05724300 -0.02988300
v 0.03501200 0.05721200 -0.03157700
v 0.03119100 0.05490500 -0.02707100
v 0.03119100 0.05648200 -0.02842400
v 0.03359100 0.05360300 -0.02663200
v 0.03359100 0.05733000 -0.03033700
v 0.02879200 0.05588000 -0.03748300
v 0.03618700 0.05094100 -0.02700400
v -0.01550300 -0.00161900 -0.00479000
v -0.01439600 0.01543500 -0.03393600
v -0.03656500 0.03467400 -0.03653600
v -0.01439600 -0.00436400 -0.02619000
v -0.03676400 0.01910600 -0.02672500
v -0.00775200 -0.00161900 -0.01936300
v -0.03480600 0.01993100 -0.02672500
v -0.03618600 0.04875300 -0.02681100
v -0.03119100 0.05743100 -0.03118300
v -0.03627800 0.05640600 -0.03497300
v -0.03500200 0.05648700 -0.03623200
v -0.03359100 0.05741300 -0.03159500
v -0.03718900 0.04431900 -0.02709800
v -0.02879200 0.05383100 -0.02666500
v -0.02879200 0.05726900 -0.03008300
v -0.03119100 0.05655500 -0.03651500
v -0.03476100 0.05098400 -0.02651100
v -0.02399300 0.05210400 -0.03891200
v -0.03626000 0.05674800 -0.03118000
v -0.03359100 0.05707200 -0.03507400
v 0.03867200 0.05362300 -0.03126400
v 0.03874400 0.05062200 -0.03065400
v 0.03769800 0.05083300 -0.02824100
v 0.03859900 0.04366300 -0.03458900
v 0.03842400 0.05338300 -0.02983500
v 0.03859800 0.04803700 -0.03500000
v 0.03714800 0.04784000 -0.03725700
v 0.03468900 0.04774000 -0.03839700
v 0.02879200 0.05364500 -0.03878300
v 0.02399300 0.05641400 -0.03676300
v 0.03612600 0.04340600 -0.03753400
v 0.01439600 0.05491500 -0.02705800
v 0.01439600 0.05637400 -0.02823700
v 0.03119100 0.05569700 -0.02756800
v 0.03613200 0.04778100 -0.03792000
v 0.01439600 0.05741300 -0.03159500
v 0.02879200 0.05298200 -0.03890600
v 0.02399300 0.05706300 -0.03512900
v 0.03359100 0.04335200 -0.03814600
v 0.02879200 0.05492600 -0.03821700
v -0.03119100 0.05569700 -0.02756800
v -0.03874400 0.04843400 -0.03046300
v -0.02399300 0.05665500 -0.02866200
v -0.03359100 0.04335200 -0.03814600
v -0.03794400 0.04861700 -0.02837200
v -0.03756100 0.05325700 -0.03716000
v -0.03724500 0.05222300 -0.03755500
v -0.03627700 0.05323000 -0.03814000
v -0.03510700 0.05480600 -0.03803400
v -0.02399300 0.05491500 -0.02705800
v -0.03756000 0.05534400 -0.03493400
v 0.02399300 0.01949300 -0.03156100
v 0.02399300 0.01828100 -0.03295400
v 0.03823400 0.00220600 -0.03167600
v 0.03797400 0.00923300 -0.02493800
v 0.03759000 0.00412000 -0.03297300
v 0.03656500 0.02685600 -0.02510400
v -0.03547000 0.01976700 0.01312300
v 0.03875800 -0.00000100 -0.02968500
v 0.03633400 0.01937600 -0.01875600
v 0.03714800 0.01880800 -0.00812900
v 0.03875800 0.00013400 -0.02814000
v 0.03875800 0.00902100 -0.02736100
v 0.03510200 0.05487000 -0.03799600
v 0.03359100 0.05210400 -0.03891200
v 0.03630400 0.05340000 -0.03808700
v 0.02399300 0.05491500 -0.02705800
v 0.02399300 0.05665500 -0.02866200
v 0.03359100 0.05504600 -0.03814800
v 0.01439600 0.05667800 -0.03634000
v 0.03119100 0.05366600 -0.03877700
v 0.03641800 0.05217000 -0.03815700
v 0.03474800 0.04992800 -0.03858000
v 0.03359100 0.05295400 -0.03890800
v 0.03875800 0.05250900 -0.03427900
v 0.03859800 0.05022500 -0.03519200
v 0.03814400 0.04421200 -0.02832100
v 0.03815600 0.05232400 -0.03639900
v 0.03875800 0.04402800 -0.03042400
v 0.03718900 0.04431900 -0.02709800
v 0.03772200 0.05433300 -0.03639600
v 0.03875800 0.04375800 -0.03351300
v 0.03714800 0.05002700 -0.03744800
v 0.03852200 0.05366800 -0.03474900
v 0.03861300 0.04849600 -0.02975400
v 0.03359100 0.05663200 -0.02862700
v 0.03119100 0.05726900 -0.03008300
v 0.03641800 0.05665800 -0.03152900
v 0.03119100 0.05385500 -0.02667000
v 0.02399300 0.05210400 -0.03891200
v 0.03359100 0.05531500 -0.02731800
v 0.03473000 0.05098500 -0.02650600
v 0.02879200 0.05381100 -0.02666000
v 0.02879200 0.05726900 -0.03008300
v 0.03624900 0.05642200 -0.03497900
v 0.03624900 0.04875000 -0.02684500
v 0.01439600 0.05210400 -0.03891200
v 0.03507100 0.05621800 -0.03674800
v 0.03769500 0.04351700 -0.03625900
v 0.03813400 0.05493800 -0.03137900
v 0.03875800 0.05278000 -0.03119000
v 0.03855600 0.05069800 -0.02978300
v 0.03724500 0.05605600 -0.03147600
v 0.03794400 0.04861700 -0.02837200
v 0.03755800 0.05534400 -0.03495600
v 0.03724500 0.05222300 -0.03755500
v 0.03758200 0.05332700 -0.03711700
v 0.03874400 0.04843400 -0.03046300
v 0.03497700 0.05689200 -0.03499400
v 0.02879200 0.05490500 -0.02707100
v 0.02879200 0.05648200 -0.02842400
v 0.03474400 0.04879700 -0.02631700
v 0.03119100 0.05588000 -0.03748300
v 0.02879200 0.05569700 -0.02756800
v 0.01439600 0.05714300 -0.03468400
v 0.03615500 0.04997000 -0.03809800
v 0.03501200 0.05212200 -0.03871100
v 0.03119100 0.05498100 -0.03818300
v 0.02399300 0.05741300 -0.03159500
v 0.03119100 0.05298200 -0.03890600
v 0.03650400 0.05536900 -0.03677000
v 0.03359100 0.05383800 -0.03873600
v 0.01439600 0.05553600 -0.03781000
v 0.03433300 0.04442900 -0.02583900
v 0.03359100 0.05638100 -0.03681400
v 0.03614800 0.04437900 -0.02641500
v 0.03119100 0.05702600 -0.03537100
v 0.02399300 0.05569700 -0.02756800
v -0.02879200 0.05655500 -0.03651500
v -0.03496200 0.05349400 -0.02680500
v -0.03499600 0.05705200 -0.03000300
v -0.02399300 0.05389500 -0.03871900
v -0.03359100 0.04443300 -0.02579100
v -0.03119100 0.05704200 -0.03530200
v -0.03359100 0.05643600 -0.03672700
v -0.03620900 0.05094000 -0.02701600
v -0.03501200 0.05721200 -0.03157700
v -0.02879200 0.05588000 -0.03748300
v -0.02879200 0.05704200 -0.03530200
v -0.03119100 0.05588000 -0.03748300
v -0.03629900 0.05341900 -0.02729600
v -0.03724500 0.05605600 -0.03147600
v -0.03645800 0.05639900 -0.02982200
v -0.03508200 0.05527400 -0.02750100
v -0.03513600 0.05619900 -0.02836000
v -0.02399300 0.05298200 -0.03890600
v -0.02399300 0.05511500 -0.03810200
v -0.03359100 0.05662900 -0.02862300
v -0.03359100 0.05525800 -0.02728200
v -0.03119100 0.05727100 -0.03009300
v -0.02879200 0.05743100 -0.03118300
v -0.03119100 0.05383100 -0.02666500
v -0.03509700 0.04441600 -0.02599200
v -0.03119100 0.05648900 -0.02843200
v -0.03718900 0.04869500 -0.02748100
v -0.03359100 0.05357500 -0.02662700
v -0.03119100 0.05488100 -0.02705800
v -0.02399300 0.05569700 -0.02756800
v -0.03618000 0.04437700 -0.02643200
v -0.03359100 0.05733000 -0.03033700
v -0.03433300 0.04442900 -0.02583900
v 0.03792400 0.05010600 -0.03655300
v 0.03867200 0.05243600 -0.03512200
v 0.03874300 0.05029000 -0.03444800
v 0.03870000 0.04408900 -0.02972800
v 0.03631700 0.01330300 -0.03323300
v 0.03655400 -0.00215800 -0.02365700
v 0.03507400 -0.00342200 -0.02410000
v 0.01439600 -0.00040700 -0.03431800
v 0.03359100 0.02008600 0.00249700
v 0.03770100 0.02600800 -0.03479000
v 0.01439600 -0.00446500 -0.03099100
v 0.03359100 0.01664200 -0.03375800
v -0.03865500 0.00690800 0.03528100
v 0.03875800 0.01777300 -0.02812700
v 0.01439600 -0.00213700 -0.03381600
v 0.03359100 -0.00405200 -0.02493400
v 0.03762800 0.01829900 -0.02938200
v 0.03119100 0.01584600 -0.03391800
v 0.03474200 0.01117200 -0.03379800
v 0.03609400 0.00839700 -0.03448800
v -0.01679500 0.02008600 -0.01344300
v -0.03870000 0.00251800 -0.02609100
v -0.03585000 0.00282100 -0.02262000
v -0.03119100 0.01584600 -0.03391800
v -0.03359100 0.01671400 -0.03373800
v 0.03716600 0.01783000 0.03668100
v -0.03875800 0.00690800 -0.02938200
v -0.03632400 0.00690800 -0.03324700
v -0.03772600 0.00851300 -0.03315800
v -0.03857300 0.00475100 -0.02576300
v 0.00775200 -0.00161900 -0.01207600
v -0.03359100 -0.00407900 -0.02500400
v -0.03874400 0.00467500 -0.02663400
v -0.02879200 -0.00355500 -0.02395800
v -0.02879200 -0.00197500 -0.02252200
v 0.00479900 0.01867900 -0.03264600
v -0.03359100 0.02008600 0.00249700
v -0.03509700 0.01711400 -0.03564800
v -0.03754400 -0.00001600 -0.02361400
v 0.00479900 0.01973100 -0.03112800
v 0.03875800 0.01117200 0.03437600
v -0.02879200 0.01951800 -0.03153300
v 0.03119100 0.01584600 0.03891200
v 0.03820000 0.01117200 0.03636800
v -0.02325500 -0.00161900 0.00249700
v 0.03403800 0.01117200 0.03891300
v 0.03631700 0.01117200 0.03822600
v 0.03849500 0.01684600 0.03171900
v 0.03496100 0.01330300 0.03875400
v -0.01550300 -0.00161900 0.00978300
v -0.03875800 0.00690800 0.00249700
v -0.03359100 0.02005000 -0.02976900
v 0.03359100 0.01950800 0.03652800
v 0.03119100 0.01691300 0.03866500
v -0.03359100 0.02584900 -0.03661500
v 0.03869400 0.01330300 0.03505200
v 0.03675600 0.01911200 0.03171900
v 0.03482800 0.01992800 0.03171900
v 0.03875800 0.00264500 0.01843600
v 0.03119100 0.02003400 0.03502100
v 0.00775200 -0.00161900 -0.01936300
v -0.02879200 0.01831500 -0.03293900
v -0.03743200 -0.00209200 -0.02456900
v -0.03100700 -0.00161900 -0.01936300
v -0.03804400 0.01663100 -0.03127900
v -0.03724500 0.01543500 -0.03260200
v -0.03631700 0.01330300 -0.03323400
v -0.03471000 0.01117200 -0.03380300
v -0.03862900 0.01117200 -0.03031800
v 0.00000000 -0.00161900 -0.01207600
v -0.03359100 -0.00051600 -0.02203200
v -0.03119100 0.00024300 -0.02194500
v -0.03618000 0.00840100 -0.03444300
v -0.03714800 0.01880800 0.00249700
v 0.02325500 -0.00161900 0.00249700
v 0.03100700 -0.00161900 -0.01207600
v -0.03676400 0.01910600 0.03171900
v 0.02879200 0.01831500 -0.03293900
v 0.03874400 0.00467500 -0.02663400
v 0.01550300 -0.00161900 0.00978300
v -0.03717100 0.01782600 0.03667800
v -0.03496100 0.01330300 0.03875200
v -0.03403800 0.01117200 0.03891300
v -0.03631700 0.01117200 0.03822600
v 0.03857300 0.00475100 -0.02576300
v 0.03766800 0.00850800 -0.03322700
v 0.03870000 0.00251800 -0.02609100
v 0.03875800 0.00690800 -0.02938200
v 0.03756200 -0.00047800 -0.02371600
v 0.02879200 0.01951800 -0.03153300
v -0.03477000 0.01993800 0.03171900
v 0.03632400 0.00690800 -0.03324700
v -0.03875800 0.01117200 0.03437600
v 0.01679500 0.02008600 -0.01344300
v -0.03875800 0.00264500 0.01843600
v -0.03550900 0.01850900 0.03734600
v -0.03820000 0.01117200 0.03636800
v -0.03869400 0.01330300 0.03505200
v 0.03359100 -0.00061800 -0.02205200
v 0.02879200 -0.00355500 -0.02395800
v 0.02879200 -0.00197500 -0.02252200
v 0.03119100 0.00024300 -0.02194500
v 0.03875800 0.00690800 0.00249700
v -0.03850300 0.01682600 0.03171900
v 0.03585000 0.00282100 -0.02262000
v 0.03100700 -0.00161900 -0.01936300
v -0.01550300 -0.00161900 -0.01207600
v -0.02399300 0.02004000 -0.02984700
v -0.03851300 0.03540000 -0.02824800
v 0.03703600 -0.02267200 -0.03264500
v 0.03014500 -0.02968500 -0.03311800
v 0.03014500 -0.00864400 -0.02521500
v 0.03703600 -0.01567500 -0.02543100
v -0.03875800 0.01543500 -0.00812900
v -0.03832800 0.01729400 -0.00812900
v -0.00479900 -0.00390000 -0.02453400
v 0.00479900 -0.00359500 -0.03263700
v -0.03875800 0.03527600 -0.02965800
v -0.00479900 0.01711900 -0.03362700
v 0.03359100 0.02008600 0.01312300
v 0.03549300 -0.00161900 0.03861000
v 0.03804900 0.00264500 0.03663400
v 0.03632400 0.00264500 0.03824000
v -0.03875800 0.00690800 -0.01344300
v -0.03100700 -0.00161900 0.00978300
v 0.02399300 0.01949300 0.03655400
v -0.01679500 0.02584900 -0.03661500
v -0.01439600 -0.00275800 -0.02306400
v 0.03703600 -0.02968500 -0.03311800
v 0.03014500 -0.02267200 -0.03264500
v 0.03703600 -0.00864400 -0.02521500
v 0.03014500 -0.01567500 -0.02543100
v -0.01679500 0.04005700 -0.02540800
v -0.03784400 0.01817600 -0.02672400
v -0.00479900 -0.00111600 -0.02215600
v 0.03875800 0.00264500 0.03437600
v 0.03875800 0.01117200 0.01843600
v -0.03509700 0.01816000 -0.02369500
v -0.03611600 0.01948700 -0.02406900
v 0.03633400 0.01937600 0.02374900
v -0.03832800 0.01729400 0.00249700
v 0.00479900 -0.00111600 -0.02215600
v 0.03609200 0.01949800 0.02906200
v -0.03497500 0.01989400 -0.02938200
v 0.03014500 -0.02270200 -0.02584000
v -0.03509700 0.02586600 -0.03641400
v -0.03875800 0.01543500 0.00249700
v 0.03873400 0.01588700 0.02906200
v 0.00000000 0.00690800 -0.03393600
v -0.01439600 -0.00463500 -0.02927900
v 0.02239400 -0.00161900 0.03893000
v 0.01679500 0.00264500 0.03893000
v 0.02879200 0.01962000 0.03629600
v -0.03100700 -0.00161900 -0.00479000
v -0.02879200 0.01998500 -0.03024700
v 0.03497500 0.01543500 0.03874100
v -0.03656500 0.03560800 -0.02587000
v -0.00479900 -0.00359500 -0.03263700
v 0.03688200 0.01633800 0.03777300
v 0.03533600 0.01955200 0.03583200
v 0.03703600 -0.02270200 -0.02584000
v -0.03851300 0.02613100 -0.03339200
v 0.00479900 -0.00390000 -0.02453400
v -0.03875800 0.02625400 -0.03198200
v -0.03359100 0.01952700 -0.03149800
v 0.00479900 0.01711900 -0.03362700
v -0.03359100 0.01832300 -0.03292100
v -0.03119100 0.01900300 -0.03230300
v 0.03867200 0.01543500 0.03520400
v 0.03641800 0.01932800 0.03437600
v -0.03119100 0.01951800 -0.03153300
v 0.03641800 0.01543500 0.03818700
v 0.03493200 0.01990500 0.03437600
v 0.03848000 0.01667800 0.03483100
v 0.03875800 -0.00161900 0.01698700
v 0.03812200 0.01543500 0.03651800
v -0.03509700 0.03566400 -0.02522600
v 0.03686800 0.01892700 0.03521900
v 0.03534400 0.01696600 0.03838900
v 0.03703600 -0.01565000 -0.03237100
v 0.03014500 -0.00862900 -0.03229600
v 0.03014500 -0.02971500 -0.02644200
v -0.00479900 -0.00446500 -0.03099100
v -0.00479900 -0.00040700 -0.03431800
v -0.00479900 -0.00213700 -0.03381600
v 0.00479900 -0.00436400 -0.02619000
v 0.03875800 0.01543500 0.03437600
v 0.00479900 0.01543500 -0.03393600
v -0.01679500 0.02693000 -0.02425900
v -0.03119100 0.01831500 -0.03293900
v 0.01679500 -0.00161900 0.03893000
v -0.01119700 -0.00161900 -0.03393600
v 0.03359100 0.00690800 0.03893000
v 0.03850600 0.01681900 0.02906200
v 0.03471400 0.01994900 0.02906200
v 0.03014500 -0.01565000 -0.03237100
v 0.03703600 -0.00862900 -0.03229600
v 0.03703600 -0.02971500 -0.02644200
v -0.03656500 0.02592200 -0.03577000
v -0.03641800 0.01932800 -0.02938200
v 0.03675600 0.01911200 0.02906200
v 0.02879200 0.01692300 0.03866200
v 0.03875800 -0.00161900 0.02278300
v 0.02879200 0.02003400 0.03502100
v 0.02879200 0.01584600 0.03891200
v 0.00479900 0.00067400 -0.02196200
v -0.03875800 -0.00161900 -0.01779000
v -0.02879200 0.01584600 -0.03391800
v -0.03854600 -0.00096600 -0.02648800
v -0.03875800 0.00026900 -0.02659600
v -0.03744500 0.00272600 -0.02371500
v -0.03494300 0.00065800 -0.02214600
v -0.03641800 0.00060800 -0.02271800
v -0.02399300 -0.00427800 -0.03145300
v -0.02399300 -0.00255800 -0.03354200
v -0.02399300 -0.00087200 -0.03423200
v 0.03359100 0.01829900 0.03793400
v 0.03703600 -0.05743100 -0.03697200
v 0.03014500 -0.05743100 -0.03075900
v -0.03807200 0.00690800 -0.03160500
v -0.03359100 -0.00272100 -0.02303300
v -0.03119100 -0.00197500 -0.02252200
v -0.03359100 0.00834500 -0.03508400
v 0.01550300 -0.00161900 0.03164300
v -0.00775200 -0.00161900 0.00249700
v 0.03733400 0.01330300 0.03750700
v -0.03119100 -0.00355500 -0.02395800
v -0.03853400 0.00038000 -0.02532100
v 0.03713700 0.00690800 0.03768800
v -0.01679500 -0.00161900 -0.03393600
v -0.03501200 -0.00416300 -0.02620800
v -0.03508100 0.01543500 -0.03372100
v 0.03014500 -0.05743100 -0.03697200
v 0.03703600 -0.05743100 -0.03075900
v -0.03867200 0.01543500 -0.03021100
v -0.03713700 0.01117200 -0.03269500
v -0.03793200 0.01330300 -0.03179500
v -0.03359100 0.01709700 -0.03584900
v 0.01550300 -0.00161900 0.02435600
v -0.03359100 0.00690800 -0.03393600
v -0.02879200 0.00024300 -0.02194500
v -0.01679500 0.01380200 -0.02311100
v -0.03875800 -0.00161900 -0.02358600
v 0.02879200 0.01900300 -0.03230300
v 0.03359100 0.03568100 -0.02502500
v 0.03870000 0.00470600 -0.02628300
v 0.03874400 0.00248700 -0.02644300
v 0.03865500 0.00690800 -0.03028800
v 0.03703600 -0.05743100 0.03741200
v -0.03403800 0.01330300 0.03891300
v -0.03724500 0.01543500 0.03759600
v -0.03496100 0.01117200 0.03875400
v -0.03631700 0.01330300 0.03822800
v 0.03755500 0.00052500 -0.02366100
v 0.03833400 0.00261100 -0.02502700
v -0.03611600 0.01948700 0.03171900
v 0.01679500 0.03897600 -0.03776300
v -0.03762800 0.01829900 0.03437600
v -0.00775200 -0.00161900 0.02435600
v 0.03859900 0.00865600 -0.03152600
v -0.03100700 -0.00161900 -0.03029300
v -0.02879200 -0.00103300 -0.03421400
v -0.03474400 0.00503700 -0.02248900
v -0.03624900 0.00499100 -0.02301700
v 0.00000000 -0.00161900 0.00249700
v -0.03817600 0.00483000 -0.02486600
v -0.02864400 -0.00217900 -0.03373600
v -0.02879200 -0.00418500 -0.03164900
v 0.03703600 -0.00161900 0.03133900
v -0.03875200 0.00242300 -0.02976300
v -0.03637700 0.00212900 -0.03357700
v -0.03870000 0.00431400 -0.03076300
v -0.02399300 -0.00436400 -0.02619000
v -0.03813700 -0.00019000 -0.03183700
v -0.02399300 0.01543500 -0.03393600
v -0.03359100 -0.00463300 -0.02970400
v -0.01550300 -0.00161900 -0.02665000
v -0.03804100 -0.00218300 -0.03006500
v -0.01439600 0.01973100 -0.03112800
v 0.00775200 -0.00161900 0.00249700
v 0.03014500 -0.00161900 0.03133900
v -0.03850300 0.01682600 -0.02406900
v -0.03543400 -0.00349700 -0.03226500
v -0.03511900 -0.00181400 -0.03368900
v -0.03453100 -0.00040000 -0.03424000
v -0.03359100 0.00942600 -0.02272800
v -0.01439600 0.01867900 -0.03264600
v -0.02325500 -0.00161900 -0.01936300
v 0.01439600 0.01973100 0.03612100
v -0.02325500 -0.00161900 -0.00479000
v -0.03875800 -0.00161900 0.00539500
v 0.00479900 -0.00463500 -0.02927900
v -0.03495900 0.01989800 -0.01875600
v -0.03509700 0.02691200 -0.02446000
v -0.03703600 -0.03327100 0.03285800
v -0.03023600 -0.03327100 0.02678500
v -0.03019600 -0.02707000 0.03285800
v -0.03359100 0.03460000 -0.03738100
v -0.01439600 -0.00111600 -0.02215600
v -0.00479900 -0.00275800 -0.02306400
v -0.00775200 -0.00161900 -0.02665000
v 0.03359100 -0.00161900 0.03893000
v 0.00479900 0.02008600 0.03437600
v -0.03875800 -0.00161900 0.02278300
v -0.03850300 0.01682600 0.02906200
v -0.03359100 0.01832300 0.03791400
v -0.01550300 -0.00161900 0.02435600
v 0.03497500 0.01543500 -0.03374800
v 0.03686800 0.01629700 -0.03280100
v 0.01679500 -0.00161900 -0.03393600
v 0.02879200 0.00024300 -0.02194500
v 0.03501200 -0.00416300 -0.02620800
v -0.03703600 -0.05743100 -0.03075900
v -0.03014500 -0.05743100 -0.03697200
v 0.00479900 0.01543500 0.03893000
v 0.00479900 0.01711900 0.03862100
v 0.03119100 -0.00355500 -0.02395800
v 0.03119100 -0.00197500 -0.02252200
v 0.01679500 0.01380200 -0.02311100
v 0.03614400 -0.00365000 -0.02559800
v 0.03359100 0.00834500 -0.03508400
v 0.03359100 -0.00272100 -0.02303300
v -0.01550300 -0.00161900 0.00249700
v 0.03807200 0.00690800 0.03659800
v -0.03875800 -0.00161900 -0.00619700
v -0.03438600 0.01884500 -0.03239800
v 0.03632400 0.00690800 0.03824000
v -0.03359100 0.03568100 -0.02502500
v 0.00000000 0.01272100 -0.03546600
v -0.01439600 -0.00359500 -0.03263700
v -0.03014500 -0.05743100 0.03741200
v -0.03875800 0.01117200 0.00249700
v -0.03875800 0.00264500 -0.01344300
v 0.03875800 0.00690800 0.03437600
v -0.02325500 -0.00161900 0.00978300
v 0.01679500 0.02008600 0.01843600
v 0.00775200 -0.00161900 -0.02665000
v -0.03597600 0.01780800 -0.03268700
v 0.02325500 -0.00161900 -0.01936300
v 0.03100700 -0.00161900 -0.03029300
v 0.03359100 -0.00463300 -0.02973200
v 0.03812100 0.03482200 -0.03484700
v 0.03772400 0.01801600 -0.02534700
v 0.03509700 -0.00183900 -0.03369000
v 0.02399300 0.00067400 -0.02196200
v -0.03014500 -0.00161900 0.03133900
v -0.03865500 0.00264500 0.03528100
v -0.00479900 0.01543500 0.03893000
v -0.00479900 0.01711900 0.03862100
v -0.00479900 0.02008600 0.03437600
v -0.03875800 -0.00161900 0.02857900
v -0.03875800 0.01543500 0.02374900
v -0.03850400 0.01678900 0.02374900
v 0.01550300 -0.00161900 -0.02665000
v 0.03453100 -0.00040000 -0.03424000
v 0.03498200 -0.00387900 -0.03173300
v 0.03875800 -0.00161900 0.01119100
v -0.03875800 -0.00161900 0.03437600
v 0.03633000 0.00211000 -0.03361500
v 0.02879200 -0.00418500 -0.03164900
v -0.03875800 0.00690800 0.01843600
v -0.03703600 -0.00161900 0.03133900
v 0.03811900 0.02670800 -0.02679700
v -0.03839600 -0.00161900 0.03605200
v 0.02864400 -0.00217900 -0.03373600
v 0.03875800 0.00264500 0.00249700
v 0.03875800 0.01117200 -0.01344300
v 0.02399300 0.01543500 -0.03393600
v 0.03359100 0.00942600 -0.02272800
v 0.03751600 0.01842400 -0.01875600
v 0.03471600 0.00503800 -0.02248400
v 0.03618600 0.00499400 -0.02298200
v 0.02879200 -0.00105300 -0.03421000
v 0.01119700 -0.00161900 0.03893000
v 0.03766300 0.01825000 0.02906200
v -0.03758000 -0.00263700 -0.02634200
v -0.03805700 0.01555700 -0.03161800
v -0.03789100 0.01704600 -0.03303700
v 0.03703600 -0.03670400 -0.02723700
v -0.03014500 -0.05743100 0.03133900
v -0.03863700 0.01330300 -0.03028900
v -0.03631700 0.01117200 -0.03323300
v -0.03482300 0.01330300 -0.03378300
v -0.03119100 -0.00088300 -0.02211800
v -0.03875800 0.01750200 -0.03121600
v -0.03359100 0.00067400 -0.02196200
v -0.03481200 -0.00265900 -0.02323200
v -0.03468600 0.00835500 -0.03496500
v 0.02879200 0.01850300 0.03775900
v 0.03875200 0.00244900 -0.02972400
v 0.03359100 0.02008600 -0.01875600
v -0.03703600 -0.00161900 0.03741200
v -0.03703600 -0.02707000 -0.02786400
v -0.03014500 -0.03327100 -0.02786400
v 0.03817600 0.00483000 -0.02486600
v 0.03875800 0.00454600 -0.02810200
v 0.03817400 -0.00018400 -0.03177300
v -0.03100700 -0.00161900 -0.02665000
v 0.03767600 0.01824600 0.03437600
v -0.03359100 -0.00436400 -0.02619000
v -0.03119100 -0.00410100 -0.02507400
v -0.03639000 0.00279700 -0.02289700
v -0.03473000 0.00285000 -0.02229400
v -0.03874400 0.00248700 -0.02644300
v -0.03832600 0.00261200 -0.02501400
v -0.03359100 0.01543500 -0.03393600
v 0.03549500 0.01851200 0.03735000
v 0.03014500 -0.03670400 -0.02723700
v -0.03703600 -0.05743100 0.03133900
v -0.03865500 0.00690800 -0.03028800
v -0.03499700 0.00690800 -0.03374400
v -0.03656500 0.01717100 -0.03500500
v -0.03119100 0.01692300 -0.03366900
v -0.03870000 0.00470600 -0.02628300
v -0.02879200 -0.00274600 -0.02307700
v -0.02399300 -0.00463300 -0.02973100
v 0.00000000 0.02584900 -0.03661500
v 0.00000000 0.04005700 -0.02540800
v -0.03760600 0.00052100 -0.02371800
v -0.03861400 0.00866100 -0.03147600
v 0.03724500 0.01543500 0.03759600
v -0.02879200 0.01900300 -0.03230300
v 0.03119100 0.01961400 0.03630500
v -0.03875800 -0.00161900 -0.01199400
v 0.00000000 0.02008600 0.00249700
v 0.03496100 0.01117200 0.03875400
v 0.03403800 0.01330300 0.03891300
v 0.03609200 0.01949800 0.03171900
v -0.03703600 -0.05743100 0.03741200
v 0.03359100 0.01543500 0.03893000
v 0.03359100 0.01664200 0.03875200
v -0.00479900 -0.00463500 -0.02927900
v 0.03873400 0.01588700 0.03171900
v 0.00479900 -0.00275800 -0.02306400
v -0.03875800 0.02652400 -0.02889300
v 0.00000000 -0.00161900 -0.02665000
v -0.01679500 0.03897600 -0.03776300
v -0.03119100 0.01997400 -0.03030600
v 0.03869800 0.01117200 0.03503100
v 0.03820000 0.01330300 0.03636800
v -0.03772400 0.03551900 -0.02687800
v -0.00559800 -0.00161900 -0.03393600
v 0.03359100 0.02005200 0.03473800
v 0.03631700 0.01330300 0.03822600
v 0.03850600 0.01681900 -0.02406900
v 0.02325500 -0.00161900 -0.01207600
v -0.02799200 -0.00161900 0.03893000
v 0.03474600 0.01994400 -0.02406900
v 0.01439600 0.01973100 -0.03112800
v -0.03014500 -0.00161900 0.03741200
v -0.03014500 -0.02707000 -0.02786400
v -0.03703600 -0.03327100 -0.02786400
v -0.03491900 0.00264500 0.03875600
v -0.03495900 0.01989800 0.02374900
v -0.02399300 0.01669300 0.03873800
v 0.01439600 0.01867900 -0.03264600
v 0.03802000 -0.00224100 -0.02997000
v 0.03675600 0.01911200 -0.02406900
v -0.02399300 0.02004000 0.03484100
v 0.03100700 -0.00161900 0.00249700
v 0.03609200 0.01949800 -0.02672500
v -0.03751400 0.01842600 0.02374900
v 0.01439600 0.02008600 -0.02938200
v 0.03506000 0.03461700 -0.03718900
v 0.03359100 0.03460000 -0.03738100
v -0.00479900 0.01867900 0.03763900
v 0.03014500 -0.03327100 0.03285800
v 0.03014500 -0.02707000 0.02678500
v 0.03703600 -0.02707000 0.03285800
v 0.03656500 0.01810400 -0.02433800
v -0.01679500 0.00690800 0.03893000
v 0.00000000 -0.00161900 0.03164300
v 0.03787500 -0.00184400 -0.03158800
v -0.03359100 -0.00161900 0.03893000
v 0.00775200 -0.00161900 0.02435600
v 0.03873400 0.01588700 -0.02672500
v -0.03875800 -0.00161900 -0.00040100
v 0.00559800 -0.00161900 -0.03393600
v -0.03656500 0.01810400 -0.02433800
v -0.01439600 -0.00390000 -0.02453400
v -0.03703600 -0.02707000 0.03285800
v -0.03018600 -0.03327100 0.03285800
v -0.03023600 -0.02707000 0.02678500
v -0.03509700 0.03461800 -0.03717900
v -0.03766100 0.01825300 -0.02406900
v 0.00000000 0.00264500 -0.03393600
v -0.03359100 0.02693000 -0.02425900
v 0.03359100 0.02008600 0.02374900
v -0.03611600 0.01948700 -0.02672500
v -0.01439600 0.01711900 -0.03362700
v 0.01679500 0.00690800 0.03893000
v 0.02399300 -0.00427800 -0.03145300
v -0.01119700 -0.00161900 0.03893000
v -0.01550300 -0.00161900 0.03164300
v 0.03359100 0.01709700 -0.03584900
v -0.03703600 -0.05743100 -0.03697200
v -0.03014500 -0.05743100 -0.03075900
v -0.03810800 0.01543500 0.03654100
v 0.03641800 0.00060800 -0.02271800
v 0.03498000 0.00065700 -0.02215500
v 0.02879200 0.01584600 -0.03391800
v -0.03847700 0.01670000 0.03480700
v 0.02399300 -0.00255800 -0.03354200
v -0.03875800 -0.00161900 0.01698700
v -0.03875800 0.01543500 0.03437600
v 0.02399300 -0.00087200 -0.03423200
v 0.02325500 -0.00161900 -0.00479000
v 0.00775200 -0.00161900 0.03164300
v -0.03359100 0.02008600 0.02374900
v 0.03493100 0.01990600 -0.01875600
v 0.03846000 0.00424700 -0.03152800
v 0.03735200 0.00210600 -0.03289300
v 0.03703600 -0.03327100 0.03285800
v 0.03014500 -0.03327100 0.02678500
v 0.03014500 -0.02707000 0.03285800
v -0.03724500 -0.00161900 0.03759600
v 0.03861400 0.00911000 -0.02633500
v 0.03509700 0.02691200 -0.02446000
v 0.03359100 0.02693000 -0.02425900
v 0.03743100 0.00491500 -0.02389200
v 0.03875800 0.01543500 -0.01875600
v 0.00000000 -0.00161900 0.02435600
v 0.03867200 -0.00043400 -0.03010000
v 0.03850700 0.01678200 -0.01875600
v 0.03505400 0.00264500 0.03872300
v 0.02399300 0.02000200 0.03523900
v 0.03875800 0.01543500 0.02374900
v 0.03493100 0.01990600 0.02374900
v 0.03850700 0.01678200 0.02374900
v -0.02325500 -0.00161900 -0.01207600
v 0.00000000 0.02008600 -0.01344300
v -0.03473700 0.01994400 -0.02406900
v -0.03359100 0.02008600 -0.01875600
v 0.03014500 -0.02707000 -0.02786400
v 0.03703600 -0.03327100 -0.02786400
v 0.03014500 -0.00161900 0.03741200
v -0.03808800 0.03481800 -0.03489600
v -0.03772400 0.01801600 -0.02534700
v -0.00479900 0.00067400 -0.02196200
v 0.03865500 0.00264500 0.03528100
v 0.03875800 -0.00161900 0.02857900
v 0.01119700 -0.00161900 -0.03393600
v 0.02799200 -0.00161900 0.03893000
v -0.03676400 0.01910600 -0.02406900
v 0.02399300 0.01543500 0.03893000
v 0.02399300 0.01666000 0.03874700
v 0.03839600 -0.00161900 0.03605200
v -0.03100700 -0.00161900 0.00249700
v -0.00479900 0.01543500 -0.03393600
v -0.03811900 0.02670800 -0.02679700
v 0.00479900 -0.00446500 -0.03099100
v 0.03703600 -0.00161900 0.03741200
v 0.03703600 -0.02707000 -0.02786400
v 0.03014500 -0.03327100 -0.02786400
v 0.00479900 -0.00040700 -0.03431800
v 0.00479900 -0.00213700 -0.03381600
v -0.03751400 0.01842600 -0.01875600
v -0.00479900 -0.00436400 -0.02619000
v 0.03875800 -0.00161900 0.03437600
v -0.03875800 0.00264500 0.00249700
v 0.03875800 0.00690800 0.01843600
v -0.03875800 -0.00161900 0.01119100
v 0.02879200 0.01692300 -0.03366900
v -0.03867200 0.01543500 0.03520400
v -0.02325500 -0.00161900 0.02435600
v 0.02239400 -0.00161900 -0.03393600
v 0.01679500 0.00264500 -0.03393600
v 0.03848800 0.02612500 -0.03346100
v 0.03014500 -0.00161900 -0.02519200
v -0.03703600 -0.05057100 -0.02939700
v -0.03014500 -0.05056000 -0.03571700
v 0.00000000 0.00690800 0.03893000
v 0.02879200 -0.00412500 -0.02514700
v 0.03875800 0.02625400 -0.03198200
v 0.02399300 -0.00359500 -0.03263700
v 0.03498900 -0.00091900 -0.02232200
v 0.03613100 0.00000300 -0.02255400
v 0.03643900 -0.00110600 -0.02296700
v -0.03100700 -0.00161900 0.01707000
v 0.03491600 -0.00399900 -0.02518200
v 0.03641800 0.01543500 -0.03319400
v -0.02325500 -0.00161900 0.03164300
v 0.03359100 -0.00338700 -0.02372100
v 0.02879200 -0.00090300 -0.02212500
v 0.03543300 0.01978100 0.00249700
v 0.03641800 -0.00360900 -0.02625600
v 0.01439600 -0.00463500 -0.02927900
v 0.03533600 0.01692200 -0.03341400
v 0.03674300 -0.00232500 -0.02487800
v -0.03014500 -0.05057100 -0.02939700
v -0.03703600 -0.05056000 -0.03571700
v 0.03716600 0.01779000 -0.03172600
v 0.00479900 0.01973100 0.03612100
v 0.03875800 0.01543500 0.00249700
v 0.03833200 0.01728500 0.00249700
v 0.03119100 -0.00274600 -0.02307700
v -0.03119100 0.01850300 0.03775900
v 0.03359100 -0.00192700 -0.02249600
v -0.03873400 0.01588900 0.02906200
v 0.03488300 -0.00161900 -0.02665000
v 0.03833200 0.01728500 -0.00812900
v 0.02399300 0.01666000 -0.03375400
v 0.00000000 0.02008600 0.01843600
v 0.01550300 -0.00161900 -0.01936300
v 0.02325500 -0.00161900 -0.02665000
v 0.03543300 0.01978100 -0.00812900
v -0.03488300 -0.00161900 0.03164300
v 0.03650600 0.00404000 -0.03389300
v 0.02879200 -0.00342000 -0.03283000
v 0.01679500 0.01272100 -0.03546600
v 0.03851300 0.03540000 -0.02824800
v 0.03875800 0.03527600 -0.02965800
v 0.03014500 -0.00161900 -0.03241800
v -0.03703600 -0.04365900 -0.02822200
v -0.03014500 -0.04363900 -0.03465500
v -0.03014500 -0.03667700 -0.03378800
v 0.03511600 0.00264500 -0.03371500
v 0.03875800 0.01543500 -0.00812900
v 0.02399300 -0.00405800 -0.02494900
v -0.03100700 -0.00161900 0.03528600
v 0.03413400 -0.00322800 -0.03299900
v 0.01439600 -0.00275800 -0.02306400
v -0.03875800 0.01117200 0.01843600
v 0.03789000 0.01815500 -0.02672300
v 0.02399300 -0.00062500 -0.02205500
v 0.03657700 -0.00191700 -0.03279800
v -0.03014500 -0.04365900 -0.02822200
v -0.03703600 -0.04363900 -0.03465500
v -0.03703600 -0.03667700 -0.03378800
v -0.03875800 0.00264500 0.03437600
v -0.03804900 0.00264500 0.03663400
v -0.00479900 0.01973100 0.03612100
v 0.03119100 -0.00461400 -0.03018200
v 0.03664500 -0.00342900 -0.03121100
v 0.01679500 0.02008600 0.00249700
v 0.03875800 0.00690800 -0.01344300
v 0.01550300 -0.00161900 -0.01207600
v 0.03100700 -0.00161900 0.00978300
v 0.03724500 -0.00028800 -0.03296100
v 0.03867100 0.00242700 -0.03042000
v 0.03875000 0.00438800 -0.02991300
v 0.02399300 0.02000200 -0.03024600
v -0.03014500 -0.02968500 -0.03311800
v -0.03703600 -0.02267200 -0.03264500
v -0.03014500 -0.00864400 -0.02521500
v -0.03703600 -0.01567500 -0.02543100
v -0.03549300 -0.00161900 0.03861000
v 0.03718900 0.00931200 -0.02403600
v -0.01439600 0.01867900 0.03763900
v -0.03714800 0.01880800 0.01312300
v 0.03875800 -0.00161900 -0.02938200
v 0.03873400 0.01588700 -0.02406900
v -0.02399300 0.01949300 0.03655400
v -0.03635200 0.01936600 0.02374900
v 0.03724500 -0.00327800 -0.02939800
v -0.00775200 -0.00161900 0.01707000
v -0.03703600 -0.02968500 -0.03311800
v -0.03014500 -0.02267200 -0.03264500
v -0.03703600 -0.00864400 -0.02521500
v -0.03014500 -0.01567500 -0.02543100
v -0.03632400 0.00264500 0.03824000
v 0.01679500 0.04005700 -0.02540800
v 0.01679500 0.02584900 -0.03661500
v -0.03359100 0.02008600 0.01312300
v 0.03509700 0.01816000 -0.02369500
v 0.03609200 0.01949800 -0.02406900
v 0.03713700 0.01117200 -0.03269500
v -0.02879200 0.02003600 0.03500100
v 0.03641800 0.01932800 -0.02938200
v -0.03477000 0.01993800 0.02906200
v 0.03119100 0.01833700 -0.03292000
v 0.03867200 0.01543500 -0.03021100
v -0.03676400 0.01910600 0.02906200
v 0.03650600 0.02591900 -0.03580700
v 0.03119100 0.01951600 -0.03153200
v -0.03014500 -0.01565000 -0.03237100
v -0.03703600 -0.00862900 -0.03229600
v -0.03703600 -0.02971500 -0.02644200
v -0.03713700 0.00690800 0.03768800
v -0.02879200 0.01584600 0.03891200
v 0.03792200 0.01330300 -0.03181300
v -0.02879200 0.01692300 0.03866200
v 0.03875800 -0.00161900 -0.02358600
v 0.03875800 -0.00161900 -0.01779000
v -0.01679500 -0.00161900 0.03893000
v 0.03875800 0.00891200 -0.02859700
v 0.03807200 0.00690800 -0.03160500
v -0.03497500 0.01989400 0.03437600
v -0.03535700 0.01696300 0.03838500
v -0.03687300 0.01892300 0.03521600
v -0.03014500 -0.02971500 -0.02644200
v -0.03014500 -0.00862900 -0.03229600
v -0.03703600 -0.01565000 -0.03237100
v -0.03731800 0.01330300 0.03752200
v -0.03641800 0.01543500 0.03818700
v 0.03747700 0.00272300 -0.02374800
v 0.01679500 0.02693000 -0.02425900
v 0.03509700 0.03566400 -0.02522600
v 0.03854300 0.00037800 -0.02535000
v 0.03853400 -0.00100500 -0.02648400
v -0.03359100 0.00690800 0.03893000
v 0.03875800 0.00026900 -0.02659600
v -0.01679500 0.02008600 0.00249700
v -0.03662000 -0.00343500 -0.03123800
v 0.03703600 -0.04363900 -0.03465500
v 0.03703600 -0.03667700 -0.03378800
v 0.03014500 -0.04365900 -0.02822200
v -0.03654200 -0.00191600 -0.03282100
v -0.03873400 0.01588900 -0.02406900
v 0.00000000 0.03897600 -0.03776300
v -0.03410200 -0.00321700 -0.03301300
v -0.03724500 -0.00327800 -0.02939800
v -0.02399300 -0.00066000 -0.02206200
v 0.00000000 -0.00161900 0.00978300
v -0.03875800 -0.00161900 -0.02938200
v -0.01550300 -0.00161900 -0.01936300
v -0.02325500 -0.00161900 -0.02665000
v 0.00775200 -0.00161900 0.00978300
v -0.00775200 -0.00161900 -0.00479000
v -0.03874400 0.00434400 -0.03041100
v -0.02399300 0.01666000 -0.03375400
v 0.03488300 -0.00161900 0.03164300
v -0.03718900 0.00931200 -0.02403600
v 0.01439600 0.01867900 0.03763900
v -0.01679500 0.01272100 -0.03546600
v 0.03714800 0.01880800 0.01312300
v -0.03119100 -0.00461500 -0.03014800
v 0.03014500 -0.04363900 -0.03465500
v 0.03014500 -0.03667700 -0.03378800
v 0.03703600 -0.04365900 -0.02822200
v -0.03014500 -0.00161900 -0.03241800
v -0.03867700 0.00238500 -0.03043000
v -0.03491900 0.00264500 -0.03376300
v -0.03656500 0.00404300 -0.03385600
v -0.02879200 -0.00342000 -0.03283000
v -0.03547000 0.01976700 -0.00812900
v -0.03724500 -0.00028800 -0.03296100
v 0.03100700 -0.00161900 0.03528600
v -0.02399300 -0.00407000 -0.02498100
v -0.00479900 0.02008600 -0.02938200
v -0.03547000 0.01976700 0.00249700
v -0.03483600 -0.00378900 -0.02461800
v -0.00775200 -0.00161900 0.00978300
v 0.03703600 -0.05056000 -0.03571700
v 0.03014500 -0.05057100 -0.02939700
v -0.03659200 -0.00248400 -0.02478200
v -0.03641800 0.01543500 -0.03319400
v -0.03713700 0.01330300 -0.03269500
v -0.03792200 0.01117200 -0.03181300
v -0.03875800 0.01543500 -0.02938200
v 0.00775200 -0.00161900 -0.00479000
v -0.02879200 -0.00090300 -0.02212500
v 0.02325500 -0.00161900 0.03164300
v -0.03848600 0.01673000 -0.02976800
v -0.03641800 -0.00360900 -0.02625600
v -0.03488300 -0.00161900 -0.02665000
v -0.02239400 -0.00161900 -0.03393600
v 0.03733400 0.01117200 0.03750700
v 0.03100700 -0.00161900 0.01707000
v 0.00479900 0.02008600 -0.02938200
v -0.02879200 -0.00413300 -0.02517600
v 0.00000000 -0.00161900 -0.00479000
v -0.02399300 -0.00359500 -0.03263700
v 0.03014500 -0.05056000 -0.03571700
v 0.03703600 -0.05057100 -0.02939700
v -0.03014500 -0.00161900 -0.02519200
v -0.03713700 0.00690800 -0.03269500
v -0.02879200 0.01692300 -0.03366900
v -0.03359100 -0.00192700 -0.02249600
v -0.01679500 0.00264500 -0.03393600
v -0.03119100 -0.00274700 -0.02307500
v -0.03485300 -0.00058900 -0.02222800
v 0.02325500 -0.00161900 0.02435600
v -0.03875800 0.00875000 -0.03045000
v 0.03762000 0.01830000 0.03171900
v 0.03119100 0.01849600 0.03776700
v -0.03359100 -0.00338700 -0.02372100
v -0.03664500 -0.00125800 -0.02316800
v -0.03825100 -0.00076500 -0.02487100
v 0.00775200 -0.00161900 0.01707000
v 0.03875800 0.00878100 -0.03009900
v 0.03713700 0.00690800 -0.03269500
v 0.03656500 0.03560800 -0.02587000
v -0.03641800 0.01932800 0.03437600
v -0.03688700 0.01633500 0.03777000
v -0.03534900 0.01954900 0.03582900
v -0.03703600 -0.02270200 -0.02584000
v -0.03733400 0.01117200 0.03750700
v 0.02879200 0.01998000 -0.03027500
v -0.03766100 0.01825300 0.03171900
v 0.03817600 -0.00100000 -0.02503700
v -0.03497500 0.01543500 0.03874100
v -0.02879200 0.01962000 0.03629600
v 0.03713700 0.01330300 -0.03269500
v 0.03792200 0.01117200 -0.03181300
v -0.02239400 -0.00161900 0.03893000
v 0.03119100 0.01900300 -0.03230300
v 0.03497500 0.01989400 -0.02938200
v 0.03359100 0.01950800 -0.03153400
v 0.03506000 0.02586500 -0.03642400
v 0.03847600 0.01668700 -0.02982900
v 0.03688200 0.01890500 -0.03026500
v 0.03359100 0.01829900 -0.03294000
v -0.03014500 -0.02270200 -0.02584000
v 0.00000000 -0.00161900 0.01707000
v -0.03611600 0.01948700 0.02906200
v -0.01679500 0.00264500 0.03893000
v 0.03100700 -0.00161900 -0.00479000
v 0.03875800 0.01543500 -0.02938200
v 0.03875800 -0.00161900 -0.01199400
v -0.03873400 0.01588900 0.03171900
v 0.03650600 0.01716800 -0.03504200
v 0.03772400 0.03551900 -0.02687800
v 0.03506000 0.01711400 -0.03565800
v 0.02399300 -0.00463300 -0.02973100
v 0.03703600 -0.05743100 0.03133900
v -0.03014500 -0.03670400 -0.02723700
v -0.03819600 0.01330300 0.03637800
v -0.03869400 0.01117200 0.03505200
v 0.03875800 0.02652400 -0.02889300
v 0.03359100 0.00067400 -0.02196200
v 0.02879200 -0.00274600 -0.02307700
v 0.03119100 -0.00090300 -0.02212500
v 0.03476100 0.00284900 -0.02230000
v 0.03496100 0.00690800 -0.03375200
v 0.03640600 0.00279600 -0.02290600
v -0.00559800 -0.00161900 0.03893000
v 0.03474200 0.01330300 -0.03379800
v 0.03100700 -0.00161900 -0.02665000
v 0.03875800 0.00264500 -0.01344300
v 0.03359100 -0.00436400 -0.02619000
v 0.01439600 -0.00359500 -0.03263700
v 0.03014500 -0.05743100 0.03133900
v -0.03703600 -0.03670400 -0.02723700
v -0.03875800 0.00690800 0.03437600
v -0.03807200 0.00690800 0.03659800
v 0.03119100 -0.00412500 -0.02514700
v 0.03875800 0.01117200 0.00249700
v 0.03359100 0.01543500 -0.03393600
v -0.02879200 0.01850300 0.03775900
v 0.03119100 0.01691300 -0.03367100
v 0.03465900 0.00835500 -0.03497100
v 0.03631700 0.01117200 -0.03323300
v 0.03875800 -0.00161900 -0.00619700
v 0.03512800 -0.00256200 -0.02317500
v 0.00479900 0.01867900 0.03763900
v -0.03119100 0.01962000 0.03629600
v -0.03766100 0.01825300 0.02906200
v -0.01679500 0.02008600 0.01843600
v 0.03755000 -0.00267100 -0.02633900
v 0.03806400 0.01731000 -0.03341100
v -0.00775200 -0.00161900 0.03164300
v 0.03119100 0.01998000 -0.03027500
v 0.03812200 0.01543500 -0.03152400
v 0.01550300 -0.00161900 0.00249700
v 0.03549500 0.01847300 -0.03239500
v -0.03359100 0.01543500 0.03893000
v -0.03632400 0.00690800 0.03824000
v 0.03014500 -0.05743100 0.03741200
v -0.03359100 0.01668100 0.03874100
v 0.03875800 0.01750200 -0.03121600
v 0.03862900 0.01330300 -0.03031800
v 0.03875800 0.01117200 -0.02938200
v -0.03359100 0.02005000 0.03476200
v 0.02325500 -0.00161900 0.00978300
v -0.03119100 0.02003000 0.03504500
v -0.03359100 0.01952700 0.03649100
v 0.03724500 0.01543500 -0.03260200
v 0.03863500 0.01117200 -0.03028900
v 0.03359100 0.02005000 -0.02976900
v 0.03359100 0.02584900 -0.03661500
v 0.03534400 0.01953400 -0.03088100
v -0.03499700 0.00690800 0.03873700
v -0.03119100 0.01692300 0.03866200
v -0.03119100 0.01584600 0.03891200
v 0.03757700 -0.00240100 -0.02531600
v 0.03714800 0.01880800 0.00249700
v 0.03850600 0.01681900 -0.02672500
v 0.01550300 -0.00161900 -0.00479000
v 0.03724500 -0.00161900 -0.03260200
v -0.03713700 0.00264500 0.03768800
v 0.03359100 0.01817800 -0.02349400
v 0.03650600 0.03467100 -0.03657300
v 0.03474600 0.01994400 -0.02672500
v 0.03675600 0.01911200 -0.02672500
v 0.03724500 -0.00161900 0.03759600
v -0.01679500 0.00690800 -0.03393600
v 0.03100700 -0.00161900 0.03164300
v -0.03747900 0.00491100 -0.02394000
v -0.02399300 -0.00275800 -0.02306400
v -0.03359100 -0.00079700 -0.03424700
v -0.02879200 -0.00461500 -0.03014800
v -0.03739600 0.00209300 -0.03286300
v -0.03843000 0.00423700 -0.03163800
v -0.03849200 0.01682500 -0.01875600
v -0.03468600 0.00941600 -0.02284700
v -0.03119100 -0.00342000 -0.03283000
v -0.03861400 0.00911000 -0.02633500
v -0.03359100 -0.00219800 -0.03370000
v -0.03359100 -0.00429400 -0.03141400
v 0.03488300 -0.00161900 0.03528600
v -0.03867200 -0.00040500 -0.03013500
v -0.03549300 -0.00037800 -0.03399300
v -0.00479900 0.01867900 -0.03264600
v -0.02399300 -0.00197500 -0.02252200
v -0.02399300 -0.00341000 -0.02374900
v -0.00479900 0.01973100 -0.03112800
v -0.03119100 -0.00230600 -0.03369000
v -0.03119100 -0.00107700 -0.03420400
v -0.03825200 0.00221000 -0.03163800
v -0.03756600 0.00411800 -0.03299600
v -0.03641800 -0.00034100 -0.03356300
v -0.03614800 0.00937100 -0.02335200
v -0.03875800 0.00902100 -0.02736100
v -0.03714800 0.01880800 -0.00812900
v -0.03359100 -0.00356400 -0.03267400
v -0.03875800 -0.00000100 -0.02968500
v -0.03119100 -0.00418500 -0.03164900
v -0.03797400 0.00923300 -0.02493800
v 0.01550300 -0.00161900 0.01707000
v -0.03832800 0.01729400 0.01312300
v 0.03359100 0.02008600 -0.00812900
v 0.03641800 -0.00034100 -0.03356300
v 0.01439600 0.00067400 -0.02196200
v -0.01439600 0.01711900 0.03862100
v -0.01439600 0.01543500 0.03893000
v -0.01439600 0.02008600 0.03437600
v -0.03875800 0.01543500 0.01312300
v 0.03875800 0.03500600 -0.03274700
v 0.03618000 0.00937000 -0.02336900
v -0.01550300 -0.00161900 0.01707000
v 0.02399300 -0.00197500 -0.02252200
v 0.02399300 -0.00341000 -0.02374900
v -0.03100700 -0.00161900 0.02435600
v 0.01679500 0.00690800 -0.03393600
v 0.00559800 -0.00161900 0.03893000
v 0.00000000 0.00264500 0.03893000
v -0.03488300 -0.00161900 0.03528600
v 0.01439600 -0.00111600 -0.02215600
v 0.02879200 -0.00461800 -0.03012100
v -0.01439600 0.01973100 0.03612100
v 0.03549300 -0.00037800 -0.03399300
v 0.03875800 -0.00161900 0.00539500
v 0.03468600 0.00941600 -0.02284700
v 0.02399300 -0.00275800 -0.02306400
v -0.02399300 0.01949300 -0.03156100
v 0.03875800 0.01543500 0.01312300
v 0.01439600 0.02008600 0.03437600
v -0.03656500 0.02685600 -0.02510400
v 0.03543300 0.01978100 0.01312300
v 0.03833200 0.01728500 0.01312300
v 0.01439600 0.01543500 0.03893000
v 0.01439600 0.01711900 0.03862100
v -0.03875800 0.03500600 -0.03274700
v 0.00000000 0.01380200 -0.02311100
v -0.03635200 0.01936600 -0.01875600
v -0.01439600 0.00067400 -0.02196200
v 0.00000000 -0.00161900 -0.03393600
v -0.03359100 0.01817800 -0.02349400
v -0.02399300 0.01828100 -0.03295400
v -0.03359100 0.02008600 -0.00812900
v 0.03713700 0.00264500 0.03768800
v -0.03724500 -0.00161900 -0.03260200
v -0.03641800 -0.00387900 -0.02934500
v -0.03604900 0.00401800 -0.03413900
v -0.03476100 0.00179400 -0.03436300
v -0.00775200 -0.00161900 -0.01207600
v 0.00000000 0.02693000 -0.02425900
v -0.03850300 0.01682600 -0.02672500
v -0.03488300 -0.00161900 -0.03029300
v 0.03100700 -0.00161900 0.02435600
v 0.02399300 0.01828100 0.03794800
v -0.03786200 -0.00184600 -0.03160300
v 0.03751600 0.01842400 0.02374900
v -0.01439600 0.02008600 -0.02938200
v -0.03585000 0.00182200 -0.03404300
v -0.03471600 0.00398100 -0.03456200
v -0.03513300 -0.00440600 -0.02958900
v -0.03873400 0.01588900 -0.02672500
v 0.02325500 -0.00161900 0.01707000
v 0.03865500 0.00690800 0.03528100
v 0.03496100 0.00690800 0.03874600
v -0.03681400 0.01856200 -0.03119700
v -0.03100700 -0.00161900 -0.01207600
v -0.03515000 0.01953400 -0.03103900
v -0.03772400 0.02601100 -0.03476200
v -0.01439600 -0.00446500 -0.03099100
v -0.01439600 -0.00213700 -0.03381600
v -0.03875800 0.01777300 -0.02812700
v -0.01439600 -0.00040700 -0.03431800
v 0.00000000 -0.00161900 -0.01936300
v -0.03760600 0.01832300 -0.02938200
v 0.01439600 0.05724300 -0.02988300
v 0.01439600 0.05318500 -0.02655700
v 0.03664500 0.05487800 -0.02808000
v 0.02879200 0.05253600 -0.03893000
v 0.03465900 0.04336200 -0.03803300
v 0.00479900 0.05741300 -0.03159500
v -0.01439600 0.05553600 -0.03781000
v 0.00479900 0.05724300 -0.02988300
v -0.01439600 0.05210400 -0.03891200
v 0.00479900 0.05318500 -0.02655700
v -0.02879200 0.05298200 -0.03890600
v -0.03853100 0.05321000 -0.03005400
v -0.03861300 0.04804100 -0.03494900
v -0.03718900 0.04784300 -0.03722200
v -0.03624900 0.04778700 -0.03785700
v -0.03359100 0.05210400 -0.03891200
v -0.02879200 0.05492600 -0.03821700
v -0.02399300 0.05699500 -0.03551000
v -0.02399300 0.05641400 -0.03676300
v -0.03874400 0.04810300 -0.03424000
v -0.03794400 0.04792000 -0.03633100
v -0.03474400 0.04774100 -0.03838500
v -0.02879200 0.05364500 -0.03878300
v -0.03762300 0.05538400 -0.03004700
v -0.03756200 0.05339500 -0.02834800
v -0.03119100 0.05253600 -0.03893000
v -0.03875800 0.04402800 -0.03042400
v -0.03861100 0.05022900 -0.03514000
v -0.03473000 0.04992800 -0.03858000
v -0.03875800 0.05250900 -0.03427900
v -0.03819000 0.05232900 -0.03634000
v -0.03641800 0.05217000 -0.03815700
v -0.03814400 0.04421200 -0.02832100
v -0.03861800 0.04849400 -0.02977500
v -0.03718900 0.05003000 -0.03741300
v -0.03875800 0.04375800 -0.03351300
v -0.03852300 0.05364600 -0.03476200
v -0.03772100 0.05428300 -0.03643900
v -0.03491600 0.05312100 -0.03873200
v -0.02399300 0.05733300 -0.03035300
v -0.02399300 0.05365000 -0.02664200
v -0.03792800 0.05010600 -0.03654700
v -0.02879200 0.05569700 -0.02756800
v -0.03867200 0.05243600 -0.03512200
v -0.03498000 0.05212100 -0.03871900
v -0.02399300 0.05741300 -0.03159500
v -0.03652000 0.05536500 -0.03675400
v -0.03618700 0.04997200 -0.03808100
v -0.03874400 0.05029100 -0.03443100
v -0.03870000 0.04408900 -0.02972800
v -0.02879200 0.05253600 -0.03893000
v -0.03772700 0.05083000 -0.02827200
v -0.03874400 0.05062200 -0.03065400
v -0.03468600 0.04336300 -0.03802700
v -0.03119100 0.05364500 -0.03878300
v -0.03867200 0.05362300 -0.03126400
v -0.03359100 0.05295400 -0.03890800
v -0.03652000 0.05525500 -0.02833400
v -0.03846500 0.04363400 -0.03492000
v -0.03359100 0.05510200 -0.03811000
v -0.03854900 0.05070000 -0.02975800
v -0.03875800 0.05278000 -0.03119000
v -0.03614800 0.04340700 -0.03752200
v -0.03119100 0.05492600 -0.03821700
v -0.03359100 0.05383800 -0.03873600
v -0.03817800 0.05486200 -0.03137200
v -0.03119100 0.05298200 -0.03890600
v -0.03743600 0.04348900 -0.03658700
v 0.03766300 0.01825000 -0.02406900
v -0.03100700 -0.00161900 0.03164300
v 0.01439600 0.01711900 -0.03362700
v -0.02325500 -0.00161900 0.01707000
v 0.03359100 -0.00210200 -0.03373500
v 0.03514300 -0.00440300 -0.02957900
v 0.03359100 -0.00422900 -0.03157100
v 0.03119100 -0.00344900 -0.03279700
v 0.01439600 -0.00390000 -0.02453400
v 0.03875800 -0.00161900 -0.00040100
v -0.02399300 0.01828100 0.03794800
v 0.03359100 -0.00079700 -0.03424700
v 0.03471600 0.00398100 -0.03456400
v 0.03580000 0.00182000 -0.03406500
v 0.00000000 -0.00161900 0.03893000
v 0.03488300 -0.00161900 -0.03029300
v 0.01439600 0.01543500 -0.03393600
v 0.03119100 -0.00231600 -0.03368400
v 0.03641800 -0.00387900 -0.02934500
v 0.03599600 0.00401600 -0.03416400
v 0.01439600 -0.00436400 -0.02619000
v 0.03119100 -0.00421200 -0.03159200
v 0.03359100 -0.00356400 -0.03267400
v 0.03470300 0.00179300 -0.03437500
v 0.03119100 -0.00105300 -0.03421000
v -0.02879200 0.05490500 -0.02707100
v -0.02879200 0.05648200 -0.02842400
v -0.03471600 0.04879700 -0.02631300
v -0.03501200 0.05694100 -0.03466600
v 0.03718900 0.04869500 -0.02748100
v 0.02399300 0.05365000 -0.02664200
v 0.03119100 0.05253600 -0.03893000
v 0.02399300 0.05733300 -0.03035300
v 0.03492100 0.05319200 -0.03872100
v 0.02879200 0.05704600 -0.03528300
v 0.02399300 0.05511500 -0.03810200
v 0.03481200 0.05624700 -0.02838600
v 0.03427900 0.05489000 -0.02709200
v 0.02399300 0.05298200 -0.03890600
v 0.03627400 0.05646500 -0.02970100
v 0.03641800 0.05311900 -0.02731200
v 0.00479900 0.05714300 -0.03468400
v -0.00479900 0.05553600 -0.03781000
v 0.00479900 0.05553600 -0.03781000
v -0.00479900 0.05714300 -0.03468400
v -0.01439600 0.05741300 -0.03159500
v -0.00479900 0.05741300 -0.03159500
v -0.01439600 0.05714300 -0.03468400
v -0.00479900 0.05210400 -0.03891200
v 0.03874300 0.04810200 -0.03425700
v 0.03791600 0.04791700 -0.03637200
v 0.03743200 0.05545600 -0.02960400
v 0.03760600 0.05317400 -0.02832800
v -0.01439600 0.05667800 -0.03634000
v -0.01439600 0.05389500 -0.03871900
v 0.00479900 0.05389500 -0.03871900
v -0.00479900 0.05667800 -0.03634000
vn 0.00000000 0.30182022 -0.95336486
vn 0.00000000 0.89287217 -0.45031021
vn 0.00000000 0.77223257 0.63533996
vn 0.00000000 0.46246079 0.88663973
vn 0.00000000 0.77223257 0.63533996
vn 0.00000000 0.46246079 0.88663973
vn -0.00343987 0.30240025 -0.95317483
vn 0.00073590 0.99872470 0.05048209
vn 0.00317324 0.88002114 -0.47492391
vn 0.07453019 0.96971524 -0.23258894
vn 0.28932315 0.08881535 0.95310228
vn -0.00100224 0.32877086 -0.94440919
vn 0.07379494 0.99710044 -0.01857463
vn -0.00038131 0.99875617 0.04985945
vn 0.27726079 0.20817306 0.93797145
vn -0.00098948 0.88148116 -0.47221815
vn 0.23288247 0.93361016 0.27228262
vn 0.00016023 0.18223653 0.98325471
vn 0.00202668 0.95759251 0.28811887
vn 0.00000000 0.01002303 -0.99994977
vn 0.00351990 0.46176352 0.88699609
vn 0.00347364 0.77269565 0.63476718
vn 0.00000000 0.18354574 0.98301117
vn 0.00000000 0.95756511 0.28821704
vn 0.26142000 0.96522483 0.00077807
vn 0.00618935 0.44212691 0.89693115
vn 0.00441268 0.82384890 0.56679231
vn 0.05975986 0.21413147 0.97497511
vn 0.05792892 0.97605276 0.20967890
vn 0.00030648 0.72371126 -0.69010283
vn 0.48492573 0.07131520 0.87164280
vn 0.00000000 -1.00000000 0.00000000
vn 0.00101063 0.08992074 -0.99594841
vn -0.57630830 -0.07181568 -0.81407079
vn 0.00103488 -0.98390820 0.17867173
vn -0.58493514 0.81107241 -0.00352526
vn 0.00000000 -1.00000000 0.00000000
vn -0.21271109 0.97711433 0.00125872
vn -0.44284113 0.07791290 0.89320844
vn -0.00898920 0.99838470 0.05609975
vn -0.49491304 0.83967919 -0.22360668
vn -0.26109160 0.84600402 -0.46487458
vn -0.06920518 0.99750288 -0.01409391
vn -0.67794794 0.06512289 0.73221964
vn 0.00250825 0.24882136 0.96854615
vn -0.00287343 0.95721256 0.28937147
vn -0.00306017 0.88224578 -0.47077917
vn -0.21548078 0.08638547 0.97267959
vn 0.00103020 -0.04091500 -0.99916210
vn -0.47633983 0.87769289 0.05249328
vn -0.06873244 0.97220395 -0.22381988
vn 0.96191573 0.25766005 0.09126576
vn 0.99148981 0.01869149 0.12883552
vn 0.76977960 0.06616939 0.63487084
vn 0.94979313 -0.03132096 -0.31130692
vn 0.91008027 0.21768913 0.35265472
vn 0.94728438 -0.02886690 -0.31909092
vn 0.65822764 -0.06760046 -0.74977766
vn 0.21887198 -0.08511353 -0.97203433
vn 0.00179749 0.29373144 -0.95588630
vn -0.00282193 0.84111386 -0.54085072
vn 0.48034679 -0.07869579 -0.87354103
vn -0.00351990 0.46176352 0.88699609
vn -0.00347364 0.77269565 0.63476718
vn 0.01239715 0.64603239 0.76320932
vn 0.43469954 -0.07863096 -0.89713627
vn -0.00020590 0.99998970 0.00453308
vn 0.00000000 0.11831951 -0.99297558
vn 0.00008581 0.97235028 -0.23352712
vn 0.05344091 -0.08625574 -0.99483869
vn 0.00237740 0.51086321 -0.85965873
vn -0.00599591 0.64147952 0.76711672
vn -0.99370503 0.00687920 0.11181674
vn -0.00137414 0.85199343 0.52355067
vn -0.05497949 -0.08612203 -0.99476643
vn -0.83923417 0.04688523 0.54174513
vn -0.73363238 0.21849300 -0.64346277
vn -0.67954988 0.00281318 -0.73362392
vn -0.48418177 0.23388654 -0.84312816
vn -0.29824451 0.53055309 -0.79345046
vn -0.00167181 0.43301611 0.90138463
vn -0.74896557 0.63047963 -0.20382837
vn -0.00133199 0.85874687 -0.51239832
vn -0.00273781 0.60827591 -0.79372093
vn 0.89053885 -0.03504123 -0.45355559
vn 0.84564118 0.06258761 0.53006960
vn 0.75965233 -0.07277041 -0.64624516
vn 0.58049896 0.07542285 0.81076035
vn -0.33631815 0.94174398 -0.00289586
vn 0.99416959 -0.08231826 -0.06964582
vn 0.49565286 0.86851979 0.00127159
vn 0.65454056 0.75602008 0.00320875
vn 0.99590951 -0.09020625 0.00520357
vn 0.99767114 0.00777733 0.06776289
vn 0.28311589 0.51769440 -0.80736479
vn 0.07055160 -0.04077097 -0.99667457
vn 0.48948214 0.25612248 -0.83355174
vn 0.00167181 0.43301611 0.90138463
vn 0.00137414 0.85199343 0.52355067
vn 0.07642336 0.57264230 -0.81623542
vn -0.00208701 0.89293291 -0.45018492
vn 0.00022855 0.30010383 -0.95390651
vn 0.48248323 0.01080859 -0.87583851
vn 0.22349844 -0.08800995 -0.97072277
vn 0.06449994 0.09320617 -0.99355542
vn 0.99492477 0.08256392 -0.05751429
vn 0.94817642 -0.03339881 -0.31598417
vn 0.86871522 0.04331255 0.49341453
vn 0.87408467 0.06434297 -0.48149348
vn 0.99916405 0.00277582 0.04078609
vn 0.67739003 0.06445079 0.73279522
vn 0.77742369 0.41332721 -0.47410233
vn 0.99742854 -0.00829111 -0.07118677
vn 0.66000659 -0.06990509 -0.74800039
vn 0.93194161 0.31254313 -0.18385219
vn 0.95175202 0.03001072 0.30539720
vn 0.05792738 0.82980541 0.55503820
vn -0.00366200 0.95720856 0.28937583
vn 0.48536706 0.87414218 0.01715434
vn 0.00596826 0.26364137 0.96460231
vn -0.00103020 -0.04091500 -0.99916210
vn 0.04696352 0.56962626 0.82056100
vn 0.20697981 0.08390166 0.97474092
vn -0.00251306 0.24060004 0.97062109
vn 0.00299941 0.95718155 0.28947277
vn 0.49109817 0.84302422 -0.21939177
vn 0.46109302 0.08996655 0.88277927
vn -0.00217236 0.00856527 -0.99996096
vn 0.25836934 0.80288490 -0.53723469
vn 0.77260372 -0.06216967 -0.63183734
vn 0.86428972 0.49842090 0.06767491
vn 0.99340570 0.06254414 0.09609031
vn 0.93835338 0.04419167 0.34284113
vn 0.68328183 0.72968530 0.02617831
vn 0.83870529 0.04838218 0.54243212
vn 0.74461204 0.63625708 -0.20181634
vn 0.68040527 0.01123081 -0.73274998
vn 0.73953773 0.22853054 -0.63313327
vn 0.99368977 0.01307770 0.11139846
vn 0.23533874 0.94733824 -0.21717721
vn -0.00148085 0.44270325 0.89666696
vn 0.00248351 0.82850043 0.55998292
vn 0.21719020 0.08772181 0.97217966
vn 0.02548041 0.71338058 -0.70031343
vn 0.00000000 0.64002080 0.76835759
vn 0.00000472 0.98400964 -0.17811523
vn 0.43939262 -0.08329034 -0.89442543
vn 0.26484682 -0.02466135 -0.96397509
vn 0.01334802 0.52702895 -0.84974250
vn -0.00226853 0.99982425 -0.01861001
vn 0.00046081 0.11991096 -0.99278454
vn 0.53777149 0.62645753 -0.56422760
vn 0.08497743 0.33471574 -0.93847973
vn -0.00223188 0.65039629 -0.75959179
vn -0.80386280 0.13639983 0.57896432
vn 0.07278007 0.83117731 -0.55122349
vn 0.46093858 0.08124595 0.88370511
vn 0.00731947 0.95938752 -0.28199648
vn 0.00094610 0.65350299 0.75692334
vn -0.00261990 0.87969110 -0.47553834
vn -0.25470407 0.23275650 0.93858950
vn -0.24167528 0.93130287 0.27252161
vn 0.00100224 0.32877086 -0.94440919
vn -0.03388166 0.09155744 0.99522323
vn -0.00635057 0.96635142 -0.25714704
vn -0.09581065 0.83267541 -0.54540992
vn -0.48427774 0.08554884 0.87072181
vn -0.24841539 0.96863475 -0.00604305
vn -0.00080522 0.72342928 -0.69039802
vn -0.00205621 0.96571663 -0.25959038
vn -0.00267423 0.72339437 -0.69042989
vn -0.48369301 0.23636801 0.84271658
vn -0.67736826 0.73482239 0.03476062
vn -0.53105809 0.78789603 0.31176457
vn -0.28306296 0.49550934 0.82118564
vn -0.26425709 0.75447598 0.60077799
vn 0.00190430 0.10451842 -0.99452113
vn 0.00376566 0.58870905 -0.80833623
vn -0.06641545 0.83179668 0.55109280
vn -0.07547344 0.53329899 0.84255323
vn -0.00295464 0.95935949 0.28217129
vn -0.00069626 0.99872636 0.05044970
vn -0.00577005 0.25374766 0.96725324
vn -0.29113133 0.08935436 0.95250110
vn 0.00153511 0.82770784 0.56115717
vn -0.66545512 0.06988965 0.74315875
vn -0.07335484 0.22730994 0.97105574
vn -0.00587466 0.43840273 0.89875944
vn -0.00094610 0.65350299 0.75692334
vn -0.46394513 0.08201218 0.88205948
vn -0.06403331 0.97519960 0.21186193
vn -0.12932889 0.09103588 0.98741405
vn 0.83205081 -0.05409480 -0.55205543
vn 0.96100232 0.09328596 -0.26033109
vn 0.99338962 -0.01162187 -0.11420156
vn 0.97456151 0.01835779 0.22336707
vn 0.44907308 -0.00168704 -0.89349344
vn 0.51254695 -0.67043744 0.53647858
vn 0.35840728 -0.75915989 0.54334195
vn -0.00011769 -0.18246065 -0.98321315
vn 0.08195401 0.99663611 0.00000000
vn 0.76273783 -0.04897199 -0.64485095
vn -0.00205841 -0.95753544 -0.28830824
vn 0.06401678 0.28685989 -0.95583119
vn -0.96511429 -0.00167774 0.26182358
vn 0.96549457 0.03486535 0.25807877
vn -0.00216503 -0.46276473 -0.88647849
vn 0.05925301 -0.93138412 0.35918337
vn 0.77779600 0.61711405 -0.11917894
vn 0.00869750 0.14008375 -0.99010146
vn 0.20814639 -0.00355571 -0.97809122
vn 0.47712881 -0.07541469 -0.87559164
vn -0.00028680 0.99999983 -0.00050514
vn -0.97499213 0.01722113 0.22157115
vn -0.36605134 0.09067216 0.92616682
vn 0.00006561 0.13390002 -0.99099484
vn -0.10817414 0.30974237 -0.94464703
vn 0.67730959 0.51910007 0.52133179
vn -0.99842979 0.00280310 -0.05594736
vn -0.45045479 0.02129854 -0.89254515
vn -0.78108570 -0.03991144 -0.62314702
vn -0.94897634 0.01566094 0.31495817
vn 0.00000000 -1.00000000 0.00000000
vn -0.05844644 -0.93743492 0.34321974
vn -0.99647636 0.00985714 0.08329283
vn -0.00251989 -0.82952889 0.55845812
vn -0.00002857 -0.46998550 0.88267414
vn 0.00000000 0.69114075 -0.72272018
vn -0.08398482 0.99646703 0.00000000
vn -0.27023853 -0.08250381 -0.95925193
vn -0.73972311 -0.09993675 0.66544900
vn 0.00000000 0.91976860 -0.39246110
vn 0.99895027 0.00019514 0.04580752
vn 0.00100729 0.89218862 -0.45166187
vn 0.00869750 0.14008375 0.99010146
vn 0.87583756 0.00413063 0.48258834
vn 0.00000000 -1.00000000 0.00000000
vn 0.10441954 -0.00091051 0.99453292
vn 0.47225632 0.00169893 0.88145963
vn 0.92517636 0.37947634 0.00681253
vn 0.26740590 0.00206051 0.96358177
vn 0.00000000 -1.00000000 0.00000000
vn -1.00000000 0.00000000 0.00000000
vn -0.06689352 0.98795211 -0.13955600
vn 0.06146294 0.86929933 0.49044977
vn 0.00270075 0.35688749 0.93414347
vn -0.06653597 -0.08696574 -0.99398688
vn 0.97488428 -0.00391703 0.22267757
vn 0.60188648 0.79855737 0.00622774
vn 0.21641647 0.97630061 -0.00101713
vn 1.00000000 0.00000000 0.00000000
vn 0.00818949 0.98114704 0.19308914
vn 0.00000000 -1.00000000 0.00000000
vn 0.00076807 0.57686588 -0.81683852
vn -0.63613109 -0.63911023 0.43229083
vn 0.00000000 -1.00000000 0.00000000
vn -0.88818358 0.38716803 -0.24744869
vn -0.67076160 -0.21408915 -0.71010190
vn -0.44932209 -0.00636346 -0.89334717
vn -0.22579114 0.00115531 -0.97417505
vn -0.95879392 0.00308336 -0.28408575
vn 0.00000000 -1.00000000 0.00000000
vn -0.07357224 -0.18588273 0.97981362
vn 0.00138714 -0.05490500 0.99849062
vn -0.49077815 -0.07588637 -0.86797354
vn -0.65484622 0.75576215 0.00000000
vn 0.00000000 -1.00000000 0.00000000
vn 0.00000000 -1.00000000 0.00000000
vn -0.60232749 0.79824905 -0.00021163
vn -0.00009252 0.57650538 -0.81709335
vn 0.99647565 0.00984533 0.08330275
vn 0.00000000 -1.00000000 0.00000000
vn -0.67907872 0.51843317 0.51969138
vn -0.26376883 0.00577593 0.96456863
vn -0.10466030 -0.00090537 0.99450762
vn -0.47233662 0.00138982 0.88141714
vn 0.94665965 0.02905727 0.32092238
vn 0.76815188 -0.05194704 -0.63815688
vn 0.97684725 0.00520619 0.21387462
vn 0.99842870 0.00230512 -0.05598937
vn 0.74206301 -0.25012498 0.62191638
vn -0.00069196 0.89130610 -0.45340153
vn -0.20606953 0.97853612 -0.00155571
vn 0.45948299 0.03511198 -0.88749227
vn -0.99888645 0.00000000 0.04717908
vn 0.00000000 1.00000000 0.00000000
vn -1.00000000 0.00000000 0.00000000
vn -0.34237292 0.66312991 0.66561213
vn -0.87538109 0.00365384 0.48341969
vn -0.97412085 0.00026687 0.22602764
vn 0.07341010 -0.19357560 0.97833504
vn 0.00262695 -0.82837891 0.56016202
vn 0.00000000 -0.47000629 0.88266306
vn -0.00064006 -0.05647341 0.99840390
vn 1.00000000 0.00000000 0.00000000
vn -0.92523298 0.37922068 0.01164522
vn 0.37262738 0.08233745 0.92432104
vn 0.00000000 -1.00000000 0.00000000
vn 0.00000000 -1.00000000 0.00000000
vn 0.00078887 0.98836610 -0.15209155
vn -0.94047328 0.02671391 0.33881615
vn 0.71031043 0.03740974 -0.70289374
vn -0.71029274 0.05726149 -0.70157348
vn -0.70403209 -0.01206711 0.71006564
vn 0.70403324 -0.03153876 0.70946635
vn -0.99363900 0.11260536 0.00125476
vn -0.90274009 0.43018091 0.00217165
vn 0.00000000 -0.89299818 0.45006027
vn 0.00000000 -0.77218816 -0.63539393
vn -0.99642394 0.00568611 0.08430305
vn 0.00000000 0.36293584 -0.93181413
vn 0.08134041 0.99668598 -0.00089673
vn 0.24746744 -0.67381463 0.69622820
vn 0.84209471 0.00378393 0.53931640
vn 0.46353063 0.00067640 0.88608064
vn -1.00000000 0.00000000 0.00000000
vn 0.00000000 -1.00000000 0.00000000
vn 0.00143413 0.85694722 0.51540217
vn -0.00000000 -0.08715518 -0.99619475
vn 0.00473509 -0.65010901 0.75982620
vn 0.71029274 0.05726149 -0.70157348
vn -0.71031043 0.03740974 -0.70289374
vn 0.71044231 -0.00372838 0.70374557
vn -0.70403324 -0.03153876 0.70946635
vn -0.00035350 0.08777349 0.99614040
vn -0.92665675 0.33193830 0.17642061
vn 0.00000000 -0.30176648 0.95338187
vn 0.99839512 0.00000000 0.05663195
vn 1.00000000 0.00000000 0.00000000
vn -0.27021099 0.08538675 0.95900736
vn -0.41328905 0.91059862 -0.00152030
vn 0.49565286 0.86851979 -0.00127138
vn -0.90274882 0.43016807 0.00000000
vn 0.00000000 -0.30176648 0.95338187
vn 0.40933263 0.91238386 0.00157695
vn -0.24522506 0.96571348 -0.08521826
vn -0.70402598 -0.05100662 0.70834014
vn -0.27054348 -0.08386260 -0.95904812
vn -0.99354825 0.11341023 0.00000000
vn 0.98925408 0.14620446 -0.00078509
vn 0.00000000 0.00000000 -1.00000000
vn 0.00086621 -0.99998709 -0.00500741
vn 0.00000000 -0.70710678 0.70710678
vn 0.00000000 0.00000000 1.00000000
vn 0.00427234 0.88591935 0.46381963
vn 0.00000000 -1.00000000 0.00000000
vn 0.00173015 0.97073271 -0.24015624
vn 0.24684386 0.08013348 0.96573637
vn -0.53605208 0.07116345 0.84118008
vn 0.00000000 -0.77218816 -0.63539393
vn 0.60485799 0.26478984 0.75102141
vn 0.30654962 0.88526315 0.34976634
vn 0.70402598 -0.05100662 0.70834014
vn -0.94170569 -0.05248785 -0.33231825
vn 0.00000000 -0.89299818 0.45006027
vn -0.99541236 -0.02105093 -0.09333321
vn -0.05414612 0.88484943 -0.46271988
vn 0.00000000 0.36293584 -0.93181413
vn -0.07212779 0.58858944 -0.80520808
vn -0.00749965 0.76043262 -0.64937353
vn 0.96026294 0.11163610 0.25579771
vn 0.50175195 0.86269817 0.06322058
vn -0.00093785 0.89039320 -0.45519124
vn 0.46806784 0.06311436 0.88143580
vn 0.23605333 0.96858921 0.07819056
vn 0.91799531 0.34486404 0.19584024
vn 0.70710678 -0.70710678 0.00000000
vn 0.85344690 0.13615116 0.50308176
vn -0.27088435 0.08171388 0.95913738
vn 0.61021415 0.75267261 0.24722993
vn 0.30606702 0.35052766 0.88512900
vn 0.71030758 0.01748366 -0.70367426
vn -0.71544217 -0.01263155 -0.69855776
vn -0.70401030 -0.07050989 0.70668087
vn 0.00000000 -0.95749663 -0.28844445
vn 0.00000000 -0.18377067 -0.98296915
vn 0.00000000 -0.46284574 -0.88643884
vn 0.00000000 -0.98378147 0.17937120
vn 0.99399886 0.09581139 0.05278674
vn 0.00000000 0.09061203 -0.99588627
vn -0.00000030 0.08715544 0.99619472
vn -0.00210451 0.57636557 -0.81718927
vn 0.00000000 -0.70710678 0.70710678
vn 0.00000000 -0.70710678 -0.70710678
vn 0.06549407 -0.00282212 0.99784897
vn 0.92635233 0.37665503 -0.00153556
vn 0.20917084 0.97787679 0.00213115
vn -0.71030758 0.01748366 -0.70367426
vn 0.72243781 0.00008602 -0.69143590
vn 0.70401030 -0.07050989 0.70668087
vn -0.54500058 -0.08698920 -0.83391081
vn -0.50974324 0.85365774 -0.10691252
vn 0.59932690 0.80050399 0.00079022
vn 0.00278829 0.36403790 0.93137996
vn 0.70710678 -0.70710678 0.00000000
vn 0.00206883 0.98177940 0.19001295
vn 0.00067085 0.13471940 0.99088356
vn 0.00000000 -0.01032887 0.99994666
vn -0.70710678 -0.70710678 0.00000000
vn -0.00073532 0.13431557 -0.99093834
vn -0.93798475 -0.32803901 0.11213837
vn -0.99265041 -0.08376288 0.08734383
vn -0.72209555 0.05308056 0.68975392
vn -0.24955759 -0.00250483 0.96835672
vn -0.50182509 -0.02246383 0.86467737
vn 0.00128183 -0.93365384 -0.35817436
vn 0.00024944 -0.52680134 -0.84998840
vn -0.00058222 -0.23514408 -0.97196035
vn 0.06689531 0.61542344 0.78535279
vn 0.56844042 -0.52690374 -0.63186070
vn -0.58836286 -0.62496262 0.51307978
vn -0.84827194 0.02431627 -0.52900230
vn -0.07662471 -0.64008171 0.76447633
vn 0.00237877 -0.46835868 0.88353522
vn -0.05397256 -0.08909235 -0.99455996
vn 0.00000000 -1.00000000 0.00000000
vn 0.00000000 -1.00000000 0.00000000
vn 0.69455394 -0.00409747 0.71942896
vn 0.00411197 -0.82802050 0.56068274
vn -0.94277895 -0.04823875 0.32991040
vn 0.66473922 -0.00036166 0.74707539
vn 0.00000000 -0.70710678 -0.70710678
vn -0.29357843 -0.93473855 0.20018879
vn -0.26754498 0.12653069 -0.95520137
vn -0.56844042 -0.52690374 -0.63186070
vn 0.58836286 -0.62496262 0.51307978
vn -0.96529218 0.08734169 -0.24613499
vn -0.65364528 0.00035834 -0.75680098
vn -0.83537151 -0.00498566 -0.54966316
vn -0.06603418 -0.08624130 -0.99408346
vn 0.00000000 -1.00000000 0.00000000
vn -0.06418894 -0.00728500 -0.99791117
vn -0.00098005 -0.05735841 0.99835317
vn -0.00000193 0.08715250 0.99619498
vn -0.70742360 -0.70678979 -0.00018516
vn -0.00210499 0.76020332 -0.64968183
vn 0.06532927 0.08628115 0.99412658
vn 0.98383499 0.01852532 0.17811659
vn 0.99605602 -0.00152557 0.08871351
vn 0.96543514 0.00777872 -0.26052730
vn 0.57735027 -0.57735027 0.57735027
vn -0.10954322 0.00797982 0.99395000
vn -0.69224006 0.07030344 0.71823473
vn -0.26712505 -0.00061323 0.96366168
vn -0.47021347 -0.00248280 0.88254922
vn 0.75399519 0.00114120 0.65687895
vn 0.89380103 0.03101359 0.44739008
vn -0.41473392 0.90994106 -0.00174176
vn -0.00001105 -0.08714878 -0.99619531
vn -0.78656524 0.60928100 0.10045789
vn 0.00000000 -1.00000000 0.00000000
vn 0.95459129 -0.02481380 -0.29688340
vn -0.01191746 -0.99633386 0.08471605
vn 0.00323664 -0.25921424 -0.96581443
vn -0.22930353 0.08399134 0.96972436
vn -0.47113327 0.07797552 0.87860871
vn 0.00000000 -1.00000000 0.00000000
vn -0.86392240 0.04126609 0.50193147
vn -0.00064575 -0.60547477 -0.79586424
vn -0.00352681 -0.91032310 -0.41388333
vn 0.57735027 0.57735027 -0.57735027
vn -0.99397791 -0.01069528 -0.10905747
vn -0.50685713 -0.03339795 -0.86138286
vn -0.97783203 -0.03170134 -0.20697717
vn -0.00007478 -0.98765845 0.15662305
vn -0.88110622 -0.12243296 -0.45679537
vn 0.00210425 0.07227330 -0.99738265
vn -0.08111063 -0.99504657 -0.05747507
vn 0.00000000 -1.00000000 0.00000000
vn -0.85797492 -0.49866878 -0.12332264
vn 0.00216690 0.91979386 -0.39239593
vn 0.00000000 -1.00000000 0.00000000
vn -0.57735027 0.57735027 -0.57735027
vn -0.92590797 0.37774786 0.00099396
vn -0.34707609 -0.75057563 -0.56229388
vn -0.28500942 -0.53307032 -0.79662141
vn -0.15034323 -0.16581944 -0.97462856
vn -0.05495035 0.08616924 0.99476395
vn 0.00217291 0.69112334 -0.72273357
vn 0.00000000 -1.00000000 0.00000000
vn -0.00338939 0.91949123 0.39309590
vn 0.00000000 -1.00000000 0.00000000
vn -0.70710678 -0.70710678 0.00000000
vn 0.00000000 -0.99998356 -0.00573397
vn -0.24683828 0.96905660 0.00040568
vn -0.27058369 0.08388489 0.95903482
vn -0.57735027 -0.57735027 0.57735027
vn -0.57993864 -0.57691857 -0.57518357
vn 0.00000483 0.70663103 0.70758222
vn -0.06635587 -0.08767528 -0.99393659
vn 0.00336756 -0.30096225 0.95363011
vn 0.00000000 -0.65010681 0.75984284
vn 0.00000000 -1.00000000 0.00000000
vn 0.05824291 -0.69012080 0.72134669
vn 0.00000000 0.99496919 0.10018142
vn -0.70710678 -0.70710678 0.00000000
vn -0.92578333 0.37805252 -0.00123010
vn -0.07277119 0.61675736 0.78378231
vn 0.00000000 -1.00000000 0.00000000
vn 0.24454466 0.07421911 -0.96679338
vn 0.60174037 0.25787426 -0.75591626
vn 0.00000000 -0.70710678 -0.70710678
vn 0.00077732 -0.05731411 0.99835589
vn 0.24079392 -0.96205577 0.12832375
vn -0.58836286 -0.62496262 0.51307978
vn 0.56844042 -0.52690374 -0.63186070
vn 0.00000000 0.09061203 0.99588627
vn 0.00000000 0.36314979 0.93173077
vn -0.00434006 -0.82869145 0.55968888
vn -0.00005893 -0.47086364 0.88220600
vn 0.00000414 0.08715495 0.99619477
vn 0.49416862 -0.80615205 0.32544777
vn 0.05261396 -0.08915597 -0.99462706
vn 0.08034339 -0.62723706 0.77467323
vn 0.00000000 -1.00000000 0.00000000
vn 0.84596918 -0.00218422 0.53322732
vn -0.70710678 -0.70710678 0.00000000
vn -0.15998666 0.71848868 -0.67688868
vn 0.45819849 0.00183502 0.88884801
vn -0.06561221 0.08563985 0.99416339
vn 0.00000000 -0.08715189 -0.99619504
vn 0.00247197 -0.77219725 -0.63537807
vn 0.57735027 -0.57735027 0.57735027
vn -1.00000000 0.00000000 0.00000000
vn -1.00000000 -0.00000195 -0.00003855
vn 0.99842500 -0.00076608 0.05609746
vn 0.00000000 -1.00000000 0.00000000
vn 0.00000000 1.00000000 0.00000000
vn 0.00000000 -1.00000000 0.00000000
vn -0.33966637 0.56253204 -0.75378012
vn 0.00000000 -1.00000000 0.00000000
vn 0.01592289 -0.99684685 0.07773551
vn 0.08470157 -0.99326889 -0.07900987
vn 0.86661778 -0.04946432 -0.49651476
vn 0.87989628 0.04272097 0.47324144
vn 0.27695401 -0.55006106 -0.78786376
vn -0.00235268 0.00949380 0.99995217
vn 0.57735027 0.57735027 -0.57735027
vn -0.96527361 0.00276033 0.26122643
vn 0.00000000 0.09061203 0.99588627
vn 0.00000000 0.36314979 0.93173077
vn 0.00000000 0.99496919 0.10018142
vn -0.70710678 -0.70710678 0.00000000
vn -0.99586594 0.09079540 -0.00268740
vn -0.93457428 0.35576376 -0.00175181
vn 0.00000000 -1.00000000 0.00000000
vn 0.15190246 -0.16597539 -0.97436021
vn 0.29380211 -0.84065089 -0.45495759
vn 0.70710678 -0.70710678 0.00000000
vn -0.72276220 -0.68730400 0.07230504
vn 0.49973216 -0.05409853 -0.86448893
vn 0.00230478 -0.91076466 -0.41291938
vn -1.00000000 0.00000000 0.00000000
vn -0.57735027 0.57735027 -0.57735027
vn 0.87415679 0.03265000 0.48454504
vn -0.67727245 -0.66765275 0.30909840
vn -0.00033298 -0.60847035 -0.79357654
vn 1.00000000 0.00000000 0.00000000
vn 1.00000000 0.00000000 0.00000000
vn -0.00210425 0.07227330 -0.99738265
vn 0.05488021 0.08626085 0.99475989
vn 0.75322981 0.65775743 0.00013804
vn 0.22035946 0.08939978 0.97131323
vn 0.46322468 0.08735346 0.88192532
vn -0.00272034 -0.26449266 -0.96438386
vn 0.00000000 -0.70710678 0.70710678
vn 0.78378261 0.62103515 -0.00041144
vn -0.73852985 -0.64637290 0.19176998
vn -0.89902467 -0.03699530 -0.43633244
vn -0.82960963 0.11641305 -0.54607313
vn 0.70403339 -0.08993218 0.70444956
vn 0.57735027 -0.57735027 -0.57735027
vn -0.96087233 -0.00422606 -0.27695940
vn -0.44599167 0.00207715 -0.89503470
vn -0.23685588 -0.00357304 -0.97153823
vn 0.00245260 -0.25196026 0.96773447
vn -0.97710558 -0.01099099 -0.21247088
vn -0.07038848 0.01614256 0.99738903
vn -0.31587076 -0.62205765 0.71642860
vn -0.21983635 -0.08800439 -0.97155916
vn 0.00418884 0.65878481 0.75231976
vn 0.99184134 -0.00666949 -0.12730387
vn 0.06612650 0.99781124 -0.00013677
vn -0.57735027 0.57735027 0.57735027
vn -0.57735027 0.57735027 -0.57735027
vn 0.57756291 -0.57731477 -0.57717306
vn 0.85909776 0.03456180 0.51064323
vn 0.99999820 -0.00037864 -0.00185984
vn 0.88719564 -0.11967641 -0.44560235
vn 0.00000000 -1.00000000 0.00000000
vn 0.78652071 0.60882532 0.10352246
vn -0.07051980 -0.98547283 0.15450003
vn 0.00144911 -0.94051081 0.33976067
vn -0.54302281 0.07364533 0.83648227
vn -0.20544707 0.09277549 0.97426085
vn -0.99644481 0.00372860 0.08416554
vn -0.89584137 0.03132864 0.44326827
vn -0.07362717 0.07528453 -0.99444018
vn 0.34124687 0.66334328 0.66597768
vn -0.70403339 -0.08993218 0.70444956
vn -0.57735027 -0.57735027 -0.57735027
vn -0.96632789 0.01259636 -0.25700534
vn -0.24647902 0.00012302 -0.96914812
vn -0.63593148 -0.05820060 -0.76954781
vn -0.00030586 0.34983867 -0.93680991
vn -0.98251006 0.01064854 0.18590477
vn -0.00154024 -0.66289855 0.74870765
vn 0.00035748 -0.99816056 -0.06062489
vn 0.00000000 -0.08715518 -0.99619475
vn 0.00000000 0.08719284 0.99619145
vn -0.77067359 0.03670974 0.63617184
vn -0.95092770 -0.01195542 -0.30918210
vn 0.69276140 0.07067932 0.71769498
vn 0.00228316 0.76011176 -0.64978835
vn 0.00714987 0.88582025 0.46397344
vn -0.70710678 -0.70710678 0.00000000
vn 0.00000000 1.00000000 0.00000000
vn 0.26763539 -0.00090382 0.96351984
vn 0.10498660 0.00294033 0.99446929
vn 0.41307984 0.91069271 -0.00195559
vn -0.57735027 -0.57735027 0.57735027
vn 0.06300834 0.07947606 0.99484346
vn 0.06456915 0.28643015 0.95592290
vn 0.00000000 -0.99998356 -0.00573397
vn 0.98857162 0.15063876 0.00584108
vn 0.00000000 -0.65010681 0.75984284
vn -0.98960548 0.00797884 0.14358738
vn 0.00000000 -1.00000000 0.00000000
vn 0.00000645 -0.08715390 -0.99619486
vn -0.00353178 0.96849792 -0.24899661
vn 0.97545360 0.00264590 0.22018918
vn 0.87548792 -0.00542207 0.48320958
vn -0.77354853 0.05236065 0.63157029
vn 0.00000000 -0.70710678 -0.70710678
vn 0.06364727 0.98750028 0.14419508
vn 0.47174521 -0.00209564 0.88173242
vn 0.92922145 0.36936734 0.01073601
vn 0.00000000 -1.00000000 0.00000000
vn 0.00000000 -0.70710678 0.70710678
vn 0.21145066 0.97738587 -0.00234203
vn -0.00339200 0.91951255 -0.39304602
vn 0.57735027 0.57735027 0.57735027
vn 0.57756503 0.57731669 -0.57716902
vn -0.57735027 -0.57735027 -0.57735027
vn -0.23653492 0.00245087 0.97161990
vn -0.24679430 0.96906781 -0.00037843
vn 0.00130357 0.31334657 0.94963794
vn -0.00217291 0.69112334 -0.72273357
vn 0.85453907 -0.50650571 -0.11495628
vn 0.59962515 0.80028002 -0.00124979
vn -0.00044042 0.98821901 0.15304574
vn 0.00000000 -1.00000000 0.00000000
vn 0.41097713 0.91164378 0.00184582
vn -0.75356930 0.65736847 -0.00008881
vn -0.00205108 0.99512281 -0.09862241
vn 0.26403298 -0.08537309 -0.96072786
vn 0.06468079 -0.08761759 -0.99405209
vn 0.00000000 0.69130668 0.72256147
vn 0.00000000 -0.70710678 0.70710678
vn 0.57735027 0.57735027 -0.57735027
vn 0.57735027 0.57735027 0.57735027
vn 0.53602160 0.07597376 0.84077870
vn 0.00000000 0.00000000 1.00000000
vn 0.00000000 -1.00000000 0.00000000
vn 0.72947052 -0.57103543 -0.37655185
vn -0.05767154 -0.69049721 0.72103231
vn 0.00000000 -1.00000000 0.00000000
vn 0.98881780 0.14901080 -0.00592716
vn -0.70710678 -0.70710678 0.00000000
vn 0.00000000 -0.70710678 -0.70710678
vn -0.53985981 0.08202243 0.83774919
vn 0.00331531 -0.89337533 0.44929893
vn -0.57735027 0.57735027 0.57735027
vn 0.00001245 -0.70652666 0.70768643
vn -0.57973489 0.57684626 -0.57546143
vn -0.27049889 -0.08539680 -0.95892530
vn -0.78540541 0.61889167 0.01055657
vn 0.00000000 0.00000000 -1.00000000
vn -0.06655809 0.08694878 0.99398689
vn 0.06611627 0.99781192 0.00006754
vn -0.41560664 0.90954206 0.00208640
vn 0.00197948 0.36284226 -0.93184847
vn 0.00000000 0.00000000 1.00000000
vn -0.00114839 -0.93368447 -0.35809496
vn 0.00000000 -0.70710678 0.70710678
vn 0.00000000 -1.00000000 0.00000000
vn 0.06438516 -0.08628190 -0.99418810
vn -0.56844042 -0.52690374 -0.63186070
vn 0.58836286 -0.62496262 0.51307978
vn -0.85448108 0.13275797 0.50223242
vn 0.52974598 0.01405697 0.84803986
vn 0.23778338 0.00265106 0.97131459
vn 0.00075846 0.13433431 -0.99093578
vn -0.91663287 0.35205207 0.18932384
vn -0.00024944 -0.52680134 -0.84998840
vn -0.70710678 -0.70710678 0.00000000
vn -0.99399738 0.09568129 0.05304997
vn 0.00054971 -0.23514006 -0.97196134
vn 0.00000000 -1.00000000 0.00000000
vn 0.00000000 -1.00000000 0.00000000
vn -0.06700810 0.99775229 0.00052675
vn 0.24353674 0.96989162 0.00030785
vn 0.93377724 -0.03870871 -0.35575511
vn 0.70005570 -0.04520372 -0.71265605
vn 0.57735027 -0.57735027 0.57735027
vn 0.57735027 -0.57735027 -0.57735027
vn 0.00000000 0.70710678 0.70710678
vn -0.49459233 -0.67027714 0.55326936
vn 0.95767448 0.04426084 0.28443025
vn 0.27056945 0.08390614 0.95903698
vn 0.06655265 0.08694228 0.99398782
vn 0.70534718 0.05713561 0.70655564
vn 0.99591834 0.09022003 0.00264714
vn 0.00000000 -1.00000000 0.00000000
vn 0.96178280 -0.20660746 -0.17968641
vn 0.93495243 0.35476895 0.00171578
vn 0.24789749 0.00270922 0.96878248
vn -0.00016857 0.97145920 0.23720665
vn 0.99591834 0.09022003 -0.00264714
vn 0.24355889 0.96988607 -0.00029682
vn 0.93495249 0.35476880 -0.00171558
vn 0.00000000 -1.00000000 0.00000000
vn 0.00000000 1.00000000 0.00000000
vn -0.21170824 0.97733020 -0.00230333
vn -0.06696452 0.99775525 -0.00046207
vn -0.57735027 0.57735027 -0.57735027
vn 0.57735027 -0.57735027 -0.57735027
vn -0.57735027 0.57735027 0.57735027
vn -0.86581794 -0.04161642 -0.49862548
vn -0.88525918 0.04918968 0.46248953
vn 0.00000000 -0.01032887 0.99994666
vn 0.96533330 0.00246520 0.26100870
vn 0.70710678 -0.70710678 0.00000000
vn 0.00000000 -0.70710678 -0.70710678
vn 0.00000000 -0.70710678 0.70710678
vn -0.59861850 0.80102719 0.00336603
vn -0.00212046 0.07266075 0.99735446
vn -0.00169604 0.29714943 0.95482948
vn 0.67727245 -0.66765275 0.30909840
vn 0.00000000 -1.00000000 0.00000000
vn 0.00000000 0.09061203 -0.99588627
vn -0.86895659 0.03125150 0.49390058
vn 0.00000000 -0.95749663 -0.28844445
vn 0.57735027 0.57735027 0.57735027
vn 0.57735027 0.57735027 -0.57735027
vn -0.57735027 -0.57735027 -0.57735027
vn 0.00000000 -0.18377067 -0.98296915
vn 0.00000000 -0.46284574 -0.88643884
vn -0.75218318 0.65895404 0.00017827
vn 0.00000000 -0.98378147 0.17937120
vn 0.72276220 -0.68730400 0.07230504
vn -1.00000000 0.00000000 0.00000000
vn 1.00000000 0.00000000 0.00000000
vn -0.70710678 -0.70710678 0.00000000
vn 0.00117609 0.34889596 -0.93716072
vn -0.95905854 0.10913737 0.26133455
vn 0.00000000 -1.00000000 0.00000000
vn -0.00775457 -0.68050786 -0.73269974
vn 0.00505566 0.00130444 -0.99998637
vn 0.93869830 -0.02340987 -0.34394400
vn -0.55530186 0.60793459 0.56749923
vn -0.70401294 -0.12867369 0.69843314
vn 0.71031702 0.11662737 -0.69415257
vn 0.00000000 0.00000000 1.00000000
vn 0.00123101 -0.94430845 0.32905931
vn 0.99553187 -0.00221152 -0.09440019
vn -0.00192025 -0.77265403 -0.63482444
vn 0.24528070 -0.28428258 0.92683375
vn 0.44736494 -0.08059176 0.89071296
vn 0.50906923 -0.34320482 0.78934085
vn 0.00000000 -1.00000000 0.00000000
vn 0.21438863 -0.92815993 0.30423126
vn 0.46822363 0.06057641 -0.88153113
vn 0.00000000 -1.00000000 0.00000000
vn 0.06426918 -0.79793377 0.59930892
vn 0.00106870 -0.25332046 0.96738183
vn 0.33356055 0.94272868 0.00000000
vn 0.52383839 -0.84199628 0.12897911
vn 0.00003486 -0.99999059 -0.00433919
vn 0.30416696 0.34310997 -0.88868330
vn 0.53290009 -0.50641399 0.67791029
vn 0.70401294 -0.12867369 0.69843314
vn -0.71031702 0.11662737 -0.69415257
vn 0.67810888 0.51209152 -0.52719126
vn 0.00000000 0.91974665 0.39251256
vn 0.99360395 0.11292116 0.00000000
vn 0.90322510 0.42916712 0.00000000
vn -0.00328871 -0.66180979 0.74966458
vn 0.00568421 0.65912021 0.75201611
vn 0.11805593 -0.46552981 0.87712302
vn -0.98913975 0.14697588 -0.00079714
vn 0.00000000 -1.00000000 0.00000000
vn 0.90319951 0.42921507 0.00225219
vn -0.00170596 0.29700090 -0.95487568
vn 0.00000000 1.00000000 0.00000000
vn 0.00000000 -1.00000000 0.00000000
vn -0.00655550 -0.99992119 0.01070669
vn 0.33284265 0.94297791 0.00290312
vn 0.00000000 -1.00000000 0.00000000
vn 0.55783838 -0.10601959 -0.82315016
vn 0.00153017 -0.72836194 -0.68519088
vn 0.00035293 -0.08774344 -0.99614304
vn 0.94206392 0.01890518 0.33490024
vn 0.99597442 -0.00041060 0.08963694
vn -0.57338328 0.60175329 -0.55598973
vn -0.70400330 -0.10931521 0.70173324
vn 0.71031263 0.09688190 -0.69718711
vn 0.71031264 0.07707115 -0.69965419
vn 0.05783238 -0.00649629 -0.99830517
vn 0.99369982 0.11206736 0.00125381
vn -0.00099732 -0.92977935 0.36811596
vn 0.00000000 -1.00000000 0.00000000
vn 0.16881649 -0.67149291 -0.72152496
vn -0.00473509 -0.65010901 0.75982620
vn -1.00000000 0.00000000 0.00000000
vn 0.92500798 0.34034933 0.16888629
vn -0.00175650 -0.20054332 0.97968326
vn 0.60317442 -0.18915972 -0.77485432
vn 0.70400330 -0.10931521 0.70173324
vn -0.71031263 0.09688190 -0.69718711
vn -0.71031264 0.07707115 -0.69965419
vn -0.99839512 0.00000000 0.05663195
vn -0.84209405 0.00436841 0.53931301
vn 0.00000000 0.91974665 0.39251256
vn 0.01116210 -0.98567849 -0.16826562
vn 0.53647699 -0.76020961 -0.36643388
vn 0.00000000 1.00000000 0.00000000
vn 1.00000000 -0.00005725 -0.00007645
vn 0.00000000 -1.00000000 0.00000000
vn 0.00000000 -1.00000000 0.00000000
vn 0.68087843 -0.14911751 -0.71705546
vn 0.97405490 -0.02075464 -0.22535817
vn 0.99636238 -0.00649325 -0.08496964
vn 0.00398411 0.97829358 -0.20718541
vn 0.71029274 0.05726149 -0.70157348
vn -0.71031043 0.03740974 -0.70289374
vn 0.70986681 -0.02341794 0.70394653
vn -0.70403324 -0.03153876 0.70946635
vn -0.24792193 -0.67401877 0.69586882
vn 0.65773715 0.06089577 0.75078196
vn 0.00219002 0.69129660 0.72256779
vn -0.65524318 0.75541154 -0.00312805
vn 0.73311961 -0.67253264 -0.10117059
vn 0.98925408 0.14620446 0.00078509
vn -0.00131778 0.87155841 0.49028991
vn -0.49822682 0.86704587 -0.00122357
vn 0.63825928 -0.72882770 -0.24786140
vn 0.00000000 -1.00000000 0.00000000
vn -0.71029274 0.05726149 -0.70157348
vn 0.71031043 0.03740974 -0.70289374
vn -0.71954442 -0.00805344 0.69439972
vn 0.70403324 -0.03153876 0.70946635
vn -0.45915791 0.00066910 0.88835441
vn 0.00064149 0.08788456 0.99613046
vn -0.00000715 -0.08716121 -0.99619422
vn -0.08333720 0.99652096 -0.00094521
vn 0.27024287 0.08528057 0.95900783
vn 0.41088437 0.91168640 -0.00139411
vn 0.65341383 0.00000000 -0.75700090
vn 0.00300457 0.98394658 0.17843794
vn 0.49880540 0.86393381 -0.06936532
vn -0.21447970 0.97672567 0.00232802
vn 0.00152657 0.57883188 -0.81544548
vn 0.96103436 0.10928034 -0.25391093
vn -0.60171842 0.79870738 0.00120706
vn 0.53164804 -0.06740922 -0.84427860
vn 0.01546071 0.88539961 -0.46457346
vn 0.71030758 0.01748366 -0.70367426
vn -0.71956750 0.01463999 -0.69426816
vn -0.70401030 -0.07050989 0.70668087
vn -0.66490031 -0.00064435 0.74693183
vn -0.00089251 0.13479919 0.99087254
vn 0.83251656 -0.00687597 -0.55395749
vn -0.00298786 0.36411476 0.93134930
vn 0.70742305 -0.70679035 -0.00018439
vn 0.70710678 -0.70710678 0.00000000
vn 0.00000000 -0.70710678 0.70710678
vn 1.00000000 0.00000000 0.00000000
vn 0.84815161 0.01430882 -0.52956029
vn -0.24088749 0.96743695 0.07771081
vn -0.30742152 0.35054946 0.88465083
vn -0.61209829 0.75076826 0.24836001
vn 0.70401030 -0.07050989 0.70668087
vn 0.71028092 -0.00236520 -0.70391435
vn -0.71030758 0.01748366 -0.70367426
vn -0.69233242 -0.00432194 0.72156576
vn -0.46765007 0.06415234 0.88158260
vn 0.73539433 0.05916540 0.67505158
vn 0.00000343 0.08715230 0.99619500
vn 0.27083771 0.08164229 0.95915665
vn 0.93989357 -0.06695950 0.33483802
vn 0.93934003 -0.32468774 0.11053584
vn -0.06622732 -0.00202189 0.99780251
vn 0.99259792 -0.08305450 0.08860768
vn 0.00000000 1.00000000 0.00000000
vn -0.54995486 -0.76178072 -0.34240296
vn 0.71031263 0.09688190 -0.69718711
vn 0.71031264 0.07707115 -0.69965419
vn -0.70400330 -0.10931521 0.70173324
vn -0.61229653 -0.16354266 -0.77352877
vn -0.98912748 0.14705934 0.00062043
vn 0.00000000 -0.08715518 -0.99619475
vn -0.11556426 -0.65266801 -0.74877859
vn -0.64302321 -0.73323278 -0.22111274
vn 0.00138111 -0.21774922 0.97600377
vn 0.00000000 -1.00000000 0.00000000
vn -0.73283281 -0.67283931 -0.10120939
vn 0.00000000 -1.00000000 0.00000000
vn 0.00655550 -0.99992119 0.01070669
vn 0.00000000 -1.00000000 0.00000000
vn 0.00000000 -1.00000000 0.00000000
vn -0.99612685 -0.01262762 -0.08701630
vn 0.00170596 0.29700090 -0.95487568
vn 0.00000000 -1.00000000 0.00000000
vn -0.65876618 0.06500364 0.74953429
vn -0.00219002 0.69129660 0.72256779
vn -0.00035293 -0.08774344 -0.99614304
vn 0.65454060 0.75602004 -0.00320902
vn -0.00024099 -0.98759765 -0.15700583
vn -0.71031263 0.09688190 -0.69718711
vn -0.71031264 0.07707115 -0.69965419
vn 0.70400330 -0.10931521 0.70173324
vn 0.57425084 0.58505891 -0.57266225
vn -0.97405061 -0.02960611 -0.22438559
vn -0.10579294 0.00406068 -0.99437989
vn -0.57414605 -0.11600675 -0.81049291
vn -0.00472575 -0.72689813 -0.68672904
vn -0.33631821 0.94174396 0.00289561
vn -0.66534718 -0.18650500 -0.72286168
vn 0.00000000 -1.00000000 0.00000000
vn 0.00039910 -0.93457675 0.35576134
vn 0.00000000 0.99497479 -0.10012576
vn -0.33696265 0.94151802 0.00000000
vn -0.34871735 -0.83850917 0.41868673
vn 0.00000000 -1.00000000 0.00000000
vn 0.71031702 0.11662737 -0.69415257
vn -0.70401294 -0.12867369 0.69843314
vn -0.62266046 -0.51023360 0.59325847
vn -0.39151541 0.02777020 -0.91975241
vn -0.65515649 -0.00378962 -0.75548369
vn -0.83299219 0.00320891 -0.55327545
vn -0.99454223 0.08842818 -0.05537338
vn 0.00000000 -1.00000000 0.00000000
vn -0.00096964 -0.25331268 0.96738397
vn 0.00000000 -1.00000000 0.00000000
vn -0.91931285 0.35974324 -0.15952646
vn -0.48534512 -0.82202669 0.29784598
vn 0.00000000 -1.00000000 0.00000000
vn 0.00775457 -0.68050786 -0.73269974
vn 0.69469303 0.00338069 0.71929838
vn 0.00000000 -1.00000000 0.00000000
vn 0.00000000 0.99497479 -0.10012576
vn -0.00085122 -0.94521565 0.32644547
vn 0.00000000 -1.00000000 0.00000000
vn 0.00192025 -0.77265403 -0.63482444
vn -0.71031702 0.11662737 -0.69415257
vn 0.70401294 -0.12867369 0.69843314
vn 0.56351842 0.60642113 0.56098165
vn -0.66484899 0.03160936 -0.74630870
vn -0.00059514 0.34853141 -0.93729691
vn -0.10462345 -0.44215271 0.89081699
vn -0.00220022 -0.00058183 -0.99999741
vn 0.00543426 -0.66272532 0.74884285
vn -0.26056538 -0.23406074 0.93665429
vn 0.00000000 -1.00000000 0.00000000
vn -0.99767133 -0.00411025 -0.06808097
vn 0.77442004 0.63266060 0.00376305
vn 0.00154231 0.66226561 0.74926756
vn -0.07353108 -0.79579953 0.60107927
vn -0.52299299 -0.37754748 0.76415721
vn -0.87996485 -0.26324539 0.39542853
vn 0.00000000 -1.00000000 0.00000000
vn 0.99853925 -0.00512453 -0.05378760
vn 0.66768523 0.02503811 -0.74402253
vn 0.53991833 0.06467684 0.83922887
vn -0.49863713 0.86424175 0.06668744
vn -0.60552060 0.26437054 0.75063508
vn -0.30870906 0.88430016 0.35030265
vn -0.70402598 -0.05100662 0.70834014
vn -0.69474235 0.00297339 0.71925254
vn -0.00082322 0.97096117 -0.23923571
vn -0.78562379 0.61869160 0.00399645
vn 0.86689070 -0.31112076 0.38949247
vn -0.24389476 0.07785396 0.96667166
vn -0.00038721 0.88786198 0.46010972
vn 0.65130338 0.00014684 -0.75881742
vn 0.83413150 0.00245213 -0.55156018
vn 0.00000000 -0.70710678 0.70710678
vn 0.03090004 0.76991413 -0.63739895
vn 0.24162519 0.96703965 -0.08032179
vn 0.07226640 0.86898373 -0.48953534
vn 0.26404573 -0.08409622 -0.96083697
vn 0.91695933 0.34636311 -0.19803581
vn 0.61483569 0.74554693 -0.25717086
vn 0.07585005 0.61145124 -0.78763834
vn 0.70402598 -0.05100662 0.70834014
vn 0.00000000 -1.00000000 0.00000000
vn -0.41468283 0.90996501 0.00135608
vn 0.00000000 0.00000000 1.00000000
vn 0.00000000 -1.00000000 0.00000000
vn 0.99407385 0.09340690 -0.05560881
vn 0.70710678 -0.70710678 0.00000000
vn -0.98873952 0.14954215 0.00559525
vn 0.56692905 -0.07241048 -0.82057795
vn 0.77057240 0.04566264 0.63571463
vn 0.26369079 -0.08261962 -0.96106252
vn -0.00094438 -0.99818982 -0.06013480
vn 0.57735027 -0.57735027 -0.57735027
vn 0.70403339 -0.08993218 0.70444956
vn -0.87629439 -0.00000115 0.48177603
vn -0.97476803 0.00240868 0.22320726
vn 0.98794865 0.00267766 0.15475884
vn 0.07205041 0.01094189 0.99734097
vn 0.00181464 -0.66299675 0.74862008
vn -0.00246409 -0.25387028 0.96723514
vn 0.20433794 0.08677843 0.97504641
vn 0.18749444 0.01179185 -0.98219488
vn 0.54131851 0.07494402 0.83747099
vn 0.00000000 -0.70710678 0.70710678
vn 0.22741002 -0.00263563 -0.97379553
vn 0.00000000 -1.00000000 0.00000000
vn 0.99999999 0.00005543 -0.00011614
vn 0.07142124 -0.98497564 0.15723227
vn -0.00247197 -0.77219725 -0.63537807
vn -0.57735027 -0.57735027 -0.57735027
vn -0.70403339 -0.08993218 0.70444956
vn -0.99842173 -0.00067895 0.05615686
vn -0.84597734 -0.00276906 0.53321166
vn -0.00192140 -0.94462762 0.32813864
vn 1.00000000 0.00000000 0.00000000
vn 0.06389765 0.07400107 -0.99520899
vn -0.00456897 0.65863491 0.75244879
vn 0.00597724 0.34512666 -0.93853709
vn 0.21271243 -0.08784917 -0.97315772
vn 0.44721914 0.00175559 -0.89442270
vn 0.70710678 -0.70710678 0.00000000
vn 0.32078871 -0.59818802 0.73434712
vn 0.00000000 0.69130668 0.72256147
vn -0.00106011 0.88852100 0.45883473
vn -0.78349344 0.62140006 0.00004335
vn -0.00028678 0.99999983 0.00050512
vn 0.75540466 -0.64571785 0.11141036
vn 0.86058046 -0.04651151 -0.50718631
vn 0.00000000 -1.00000000 0.00000000
vn 0.00453907 0.96983165 -0.24373341
vn 0.85493840 0.13498607 -0.50085836
vn 0.00000000 -1.00000000 0.00000000
vn 0.34082046 0.65552273 -0.67389269
vn -0.07042514 0.07420573 0.99475314
vn -0.45917645 0.00139151 0.88834399
vn -0.57735027 -0.57735027 0.57735027
vn -0.07306413 0.29846695 0.95161921
vn 0.98935130 -0.01305840 -0.14496030
vn 0.95930915 -0.00598036 -0.28229450
vn 0.99772011 0.00017688 -0.06748748
vn -0.06423056 0.98748349 0.14405135
vn 0.00000000 -1.00000000 0.00000000
vn -0.00743209 0.97941667 0.20171206
vn -0.06968284 0.87439097 0.48019239
vn 0.69364315 0.07328967 -0.71658063
vn 0.95987543 0.00252387 -0.28041539
vn 0.06799137 0.98728888 -0.14365875
vn 0.06482707 -0.08701327 -0.99409564
vn 0.30815992 0.88128379 -0.35829644
vn -0.24762472 -0.00170346 0.96885453
vn 0.00340709 0.36417868 0.93132287
vn 0.00033319 0.13418975 0.99095560
vn 0.68736292 -0.62430258 0.37118528
vn 0.65412266 0.75638849 0.00000000
vn 0.94365123 0.33073792 -0.01160957
vn 0.00000000 -1.00000000 0.00000000
vn 0.49173782 -0.64911479 -0.58038255
vn -0.66375598 0.00059958 0.74794896
vn 0.06606981 0.08765039 0.99395784
vn 0.57331342 -0.07524423 -0.81587378
vn 0.20279833 0.97921929 0.00155798
vn 0.58297178 0.81249223 0.00052083
vn 0.49459233 -0.67027714 0.55326936
vn 0.00000000 0.00000000 -1.00000000
vn 0.00000000 -1.00000000 0.00000000
vn -0.70932849 0.05736365 0.70254003
vn -0.00184175 -0.65014847 0.75980496
vn -0.05212514 -0.23131100 -0.97148247
vn -0.00079206 -0.98733833 -0.15862659
vn -0.70575490 -0.03363208 -0.70765733
vn -0.90879113 -0.05438665 -0.41369163
vn -0.92695484 0.37517000 0.00147885
vn -0.21791771 0.08225827 0.97249445
vn 0.00066748 -0.72999278 -0.68345454
vn -0.95745247 0.04545732 0.28498842
vn -0.06315158 -0.60433590 -0.79422289
vn -0.10616349 -0.93131531 -0.34839791
vn 0.00000000 -1.00000000 0.00000000
vn -0.96241224 -0.20086720 -0.18279784
vn -0.34831866 -0.19346615 -0.91719407
vn 0.00000000 0.69114075 -0.72272018
vn -0.00109119 -0.45579408 0.89008458
vn -0.00082399 -0.80871339 0.58820232
vn 0.00000000 0.91976860 -0.39246110
vn -0.00689744 -0.50419176 -0.86356418
vn -0.00742486 -0.28033534 -0.95987341
vn -0.89335430 -0.04043605 -0.44752990
vn -0.74730431 -0.08270920 -0.65931438
vn -0.51860564 -0.19941488 -0.83143364
vn -0.44204497 0.07608169 0.89376050
vn -0.99767114 0.00777733 0.06776289
vn -0.65524314 0.75541157 0.00312778
vn -0.04345490 -0.76941229 -0.63727262
vn -0.99383141 -0.09341426 -0.05977374
vn 0.00570934 -0.91001581 -0.41453423
vn -0.84608681 0.06392247 0.52919847
vn 0.00000000 -1.00000000 0.00000000
vn -0.90271683 0.43022942 -0.00222970
vn 0.08134047 0.99668597 0.00089665
vn 0.52006253 -0.17625504 -0.83574465
vn -0.00113668 -0.00954563 0.99995379
vn 0.00191567 0.36298668 0.93179236
vn 0.00097982 0.08998125 0.99594298
vn 0.00008965 0.99510687 0.09880438
vn -0.99364455 0.11255640 -0.00125344
vn 0.98966577 -0.01672138 -0.14241510
vn 0.44738249 0.07214776 0.89142785
vn 0.00000000 -1.00000000 0.00000000
vn 0.00099386 -0.45441398 0.89079007
vn 0.00079075 -0.80778104 0.58948211
vn 0.00000000 -1.00000000 0.00000000
vn 0.00294492 -0.00175504 -0.99999412
vn 0.00000000 -0.70710678 0.70710678
vn 0.00000000 0.00000000 1.00000000
vn 0.00000000 -1.00000000 0.00000000
vn -0.00343468 -0.30101251 0.95361400
vn -0.00037157 -0.98793559 -0.15486486
vn 0.00216864 0.91977155 0.39244820
vn 0.33906630 -0.18076684 -0.92323204
vn 0.70710678 -0.70710678 0.00000000
vn 0.21983848 0.08205560 0.97207917
vn 0.00184175 -0.65014847 0.75980496
vn 0.00403418 0.87233342 -0.48889481
vn 0.99369983 0.11206728 -0.00125392
vn -0.00208004 0.99511706 0.09867981
vn -0.58047695 0.06652722 0.81155446
vn 0.33284258 0.94297793 -0.00290337
vn 0.90319951 0.42921508 -0.00225236
vn -0.00098700 0.08993691 0.99594698
vn -0.00196718 0.36303162 0.93177474
vn -0.98954519 -0.01136279 -0.14377486
vn 0.00000000 0.08715189 0.99619504
vn -0.49822683 0.86704586 0.00122378
vn 0.00113324 -0.00959421 0.99995333
vn 0.00000000 -0.70710678 -0.70710678
vn -0.06607609 0.08764592 0.99395782
vn 0.00273781 0.60827591 -0.79372093
vn -0.08333726 0.99652095 0.00094513
vn 0.66359010 0.00031045 0.74809630
vn -0.49448024 -0.65605065 -0.57016387
vn -0.50741315 -0.86077783 -0.03991759
vn -0.40969098 -0.09608781 -0.90714962
vn -0.18905974 -0.08072267 -0.97864205
vn 0.00000000 -1.00000000 0.00000000
vn 0.00000000 0.08715518 0.99619475
vn -0.93735302 0.34838098 -0.00004111
vn -0.01336813 -0.99875207 0.04812062
vn 0.00000000 -1.00000000 0.00000000
vn 0.00126548 0.61009968 0.79232366
vn -0.72397468 -0.57251329 -0.38482359
vn 0.75322977 0.65775747 -0.00013772
vn 0.00008834 0.99511231 -0.09874958
vn -0.47783659 -0.05821507 -0.87651766
vn -0.20584428 -0.08312134 -0.97504819
vn -0.26904987 -0.95990035 -0.07876223
vn -0.98885991 0.14878213 -0.00446748
vn 0.00000000 -1.00000000 0.00000000
vn 0.96515921 -0.00141973 0.26165947
vn 0.24372644 -0.00208972 0.96984177
vn -0.60919396 0.66949216 -0.42504466
vn 0.00000000 -1.00000000 0.00000000
vn -0.29060200 0.88037119 -0.37482937
vn -0.76991357 -0.08067032 -0.63302875
vn 0.00205841 -0.95753544 -0.28830824
vn 0.00216503 -0.46276473 -0.88647849
vn -0.96494366 0.02229126 0.26150878
vn 0.00011769 -0.18246065 -0.98321315
vn 0.00000000 -1.00000000 0.00000000
vn -0.76333751 0.63238207 -0.13194229
vn -0.00202668 0.95759251 0.28811887
vn -0.00016023 0.18223653 0.98325471
vn 0.55070443 0.48488641 0.67941872
vn -0.00012692 0.00605870 -0.99998164
vn 0.21449898 -0.08229253 -0.97325132
vn 0.00000000 0.99998263 0.00589460
vn 0.00223188 0.65039629 -0.75959179
vn 0.00000000 0.95756511 0.28821704
vn 0.00217236 0.00856527 -0.99996096
vn 0.00000000 0.18354574 0.98301117
vn 0.00000000 0.11831951 -0.99297558
vn -0.92493423 0.19391614 0.32694525
vn -0.95168738 -0.02994921 -0.30560460
vn -0.66635335 -0.06780394 -0.74254686
vn -0.45312705 -0.08060663 -0.88779415
vn -0.06969638 -0.04123291 -0.99671574
vn -0.00296195 0.51112684 -0.85950019
vn 0.00011639 0.95186337 -0.30652261
vn 0.00270663 0.82616959 -0.56341501
vn -0.99346134 -0.01431492 -0.11326804
vn -0.83932910 -0.04632659 -0.54164611
vn -0.22930356 -0.08399308 -0.96972421
vn -0.00207244 0.29392461 -0.95582636
vn -0.77307723 0.55535337 0.30648692
vn -0.75661353 0.21983469 0.61579922
vn -0.00042045 0.00602537 -0.99998176
vn -0.99906006 0.00610321 0.04291559
vn -0.95225730 -0.02745279 -0.30405983
vn -0.22275652 -0.08857879 -0.97084156
vn -0.99481343 0.08524043 -0.05550045
vn -0.87725245 0.07033319 -0.47484880
vn -0.48676841 -0.00228845 -0.87352806
vn -0.86877075 0.04347954 0.49330205
vn -0.95281757 0.02324779 0.30265196
vn -0.66481238 -0.06479529 -0.74419491
vn -0.99497698 -0.01178313 -0.09940804
vn -0.93290754 0.31031114 -0.18273072
vn -0.77830967 0.40181466 -0.48247180
vn -0.26025268 0.16043421 -0.95211838
vn 0.00178341 0.97559029 0.21959143
vn -0.00064160 0.20378792 0.97901485
vn -0.83547893 -0.05314527 -0.54694656
vn -0.00013897 0.63993618 0.76842805
vn -0.96382759 0.08592711 -0.25229528
vn -0.25924437 -0.03195349 -0.96528303
vn 0.00148325 0.99987587 -0.01568605
vn -0.51980914 0.63514727 -0.57130237
vn -0.44523040 -0.08027016 -0.89181085
vn -0.99323203 -0.00390766 -0.11608129
vn -0.97508480 0.02222202 0.22071659
vn 0.00012692 0.00605870 -0.99998164
vn -0.77619502 0.07526053 0.62598494
vn -0.99186393 0.01756991 0.12608426
vn -0.21794714 -0.08223839 -0.97248953
vn 0.00298365 0.29284804 -0.95615434
vn -0.96349379 0.25486525 0.08199647
vn -0.06382766 0.09387572 -0.99353580
vn -0.56999356 0.51584439 0.63954038
vn -0.93037112 -0.03834562 -0.36460827
vn -0.09236734 0.59116964 -0.80124074
vn -0.93635670 0.04397964 0.34828424
vn -0.99532417 0.06383064 0.07249445
vn -0.46233751 -0.07486347 -0.88353805
vn 0.00416410 0.51112804 -0.85949450
vn -0.07368759 0.32313170 -0.94348081
vn -0.87269110 0.48428671 0.06226258
vn -0.00027927 0.11855875 -0.99294700
vn -0.73243834 -0.06273076 -0.67793726
vn 0.77818602 0.62784025 0.01559300
vn 0.00000000 -1.00000000 0.00000000
vn -0.00197948 0.36284226 -0.93184847
vn 0.00000000 -1.00000000 0.00000000
vn 0.05708012 -0.59157575 -0.80422633
vn 0.26444037 -0.96136107 -0.07652571
vn 0.09360122 -0.92653331 -0.36438281
vn 0.00269151 -0.74011697 -0.67247277
vn -0.00325367 -0.89339725 0.44925579
vn 0.70710678 -0.70710678 0.00000000
vn -0.00138612 0.61134671 0.79136166
vn 0.05072222 -0.23172827 -0.97145729
vn 0.20470791 -0.08615630 -0.97502398
vn 0.46221400 -0.05639265 -0.88497349
vn 0.00000000 -0.70710678 0.70710678
vn 0.00881245 -0.99901762 0.04342972
vn -0.00101063 0.08992074 -0.99594841
vn 0.00943926 -0.50295699 -0.86425989
vn 0.50220601 -0.86360083 -0.04452786
vn 0.39922239 -0.09798298 -0.91160343
vn -0.00014760 -0.98401794 0.17806929
vn 0.00498704 -0.91559092 -0.40208009
vn 0.06519597 -0.76863406 -0.63635774
vn 0.18084456 -0.07852436 -0.98037196
vn 0.00686555 -0.27018118 -0.96278502
vn 0.00152361 0.44366193 0.89619293
vn -0.00218670 0.82839284 0.56014331
vn -0.21675462 0.08781218 0.97226871
vn -0.24482399 0.95576684 -0.16300605
vn 0.65830452 0.08941252 0.74742261
vn 0.00097553 0.20332312 0.97911121
vn 0.00042045 0.00602537 -0.99998176
vn -0.00178341 0.97559029 0.21959143
vn 0.26031727 0.17809601 -0.94895560
vn -0.00275801 0.96893880 -0.24728525
vn -0.00376566 0.58870905 -0.80833623
vn 0.26023457 0.73590964 0.62507197
vn 0.16266156 0.45613076 0.87492054
vn -0.00190430 0.10451842 -0.99452113
vn 0.48224212 0.79344726 0.37132734
vn 0.51091292 0.17111414 0.84242979
vn 0.00000000 0.98376006 -0.17948854
vn 0.00000000 0.65038200 -0.75960730
vn 0.00000000 0.65038200 -0.75960730
vn 0.00000000 0.98376006 -0.17948854
vn 0.00103544 0.99998603 0.00518336
vn 0.00000000 0.99998263 0.00589460
vn 0.00190798 0.98399917 -0.17816284
vn 0.00000000 0.01002303 -0.99994977
vn 0.99317867 -0.01071720 -0.11610886
vn 0.83339375 -0.04919041 -0.55048630
vn 0.72641459 0.57116372 0.38222225
vn 0.76582505 0.18508426 0.61583749
vn 0.00317874 0.89264706 -0.45074507
vn 0.00343987 0.30240025 -0.95317483
vn 0.00000000 0.30182022 -0.95336486
vn 0.00000000 0.89287217 -0.45031021
f 156//156 95//95 100//100
f 1066//1066 874//874 1032//1032
f 789//789 985//985 1039//1039
f 1176//1176 346//346 517//517
f 122//122 28//28 1290//1290
f 1094//1094 466//466 470//470
f 615//615 968//968 409//409
f 778//778 1271//1271 847//847
f 1133//1133 841//841 824//824
f 841//841 658//658 824//824
f 541//541 508//508 1038//1038
f 315//315 1154//1154 519//519
f 1038//1038 785//785 658//658
f 1038//1038 508//508 916//916
f 1174//1174 618//618 238//238
f 1237//1237 1218//1218 1245//1245
f 27//27 122//122 117//117
f 581//581 615//615 345//345
f 132//132 110//110 113//113
f 179//179 176//176 175//175
f 252//252 345//345 615//615
f 833//833 452//452 973//973
f 1153//1153 933//933 229//229
f 928//928 933//933 1153//1153
f 1171//1171 474//474 1161//1161
f 449//449 902//902 20//20
f 533//533 825//825 1274//1274
f 842//842 266//266 333//333
f 1056//1056 880//880 978//978
f 842//842 89//89 266//266
f 989//989 436//436 867//867
f 551//551 800//800 704//704
f 998//998 448//448 283//283
f 262//262 1183//1183 223//223
f 1040//1040 269//269 865//865
f 626//626 327//327 492//492
f 682//682 741//741 33//33
f 741//741 311//311 380//380
f 358//358 1269//1269 380//380
f 284//284 974//974 704//704
f 1031//1031 210//210 1033//1033
f 287//287 752//752 483//483
f 952//952 232//232 932//932
f 234//234 360//360 363//363
f 587//587 447//447 277//277
f 347//347 234//234 363//363
f 274//274 984//984 445//445
f 641//641 228//228 232//232
f 693//693 755//755 1033//1033
f 863//863 1033//1033 755//755
f 863//863 755//755 270//270
f 627//627 301//301 310//310
f 368//368 613//613 418//418
f 1212//1212 1226//1226 1197//1197
f 313//313 717//717 494//494
f 759//759 678//678 1127//1127
f 526//526 1173//1173 732//732
f 618//618 619//619 238//238
f 636//636 950//950 418//418
f 453//453 909//909 590//590
f 306//306 316//316 524//524
f 1174//1174 717//717 315//315
f 312//312 680//680 720//720
f 314//314 421//421 1154//1154
f 314//314 732//732 516//516
f 990//990 1076//1076 653//653
f 810//810 793//793 787//787
f 591//591 240//240 967//967
f 366//366 240//240 591//591
f 1077//1077 1253//1253 816//816
f 650//650 1253//1253 1077//1077
f 650//650 1077//1077 653//653
f 413//413 969//969 963//963
f 239//239 241//241 618//618
f 570//570 612//612 577//577
f 1019//1019 1044//1044 1267//1267
f 567//567 393//393 967//967
f 1294//1294 1190//1190 146//146
f 386//386 625//625 340//340
f 1212//1212 1228//1228 1215//1215
f 1219//1219 1226//1226 78//78
f 832//832 280//280 582//582
f 987//987 859//859 986//986
f 1061//1061 987//987 873//873
f 1304//1304 56//56 131//131
f 1061//1061 873//873 1054//1054
f 425//425 936//936 410//410
f 284//284 551//551 1017//1017
f 444//444 445//445 276//276
f 110//110 139//139 196//196
f 1092//1092 1170//1170 475//475
f 1160//1160 434//434 1147//1147
f 822//822 287//287 496//496
f 1235//1235 1251//1251 1195//1195
f 835//835 1009//1009 808//808
f 455//455 478//478 1088//1088
f 1041//1041 1119//1119 795//795
f 1063//1063 992//992 1006//1006
f 932//932 1167//1167 213//213
f 1140//1140 528//528 495//495
f 795//795 495//495 528//528
f 827//827 617//617 795//795
f 68//68 1291//1291 60//60
f 909//909 469//469 908//908
f 328//328 251//251 526//526
f 107//107 109//109 194//194
f 712//712 447//447 587//587
f 559//559 828//828 280//280
f 764//764 1144//1144 507//507
f 344//344 683//683 1129//1129
f 451//451 1123//1123 848//848
f 641//641 952//952 655//655
f 1//1 1308//1308 1301//1301
f 29//29 14//14 118//118
f 764//764 1129//1129 683//683
f 764//764 999//999 1129//1129
f 479//479 471//471 1099//1099
f 764//764 663//663 999//999
f 341//341 1079//1079 741//741
f 1231//1231 1222//1222 82//82
f 818//818 781//781 389//389
f 451//451 1044//1044 499//499
f 700//700 383//383 566//566
f 1246//1246 1237//1237 1196//1196
f 1128//1128 1267//1267 664//664
f 1128//1128 664//664 700//700
f 1007//1007 533//533 1023//1023
f 498//498 789//789 1059//1059
f 895//895 1153//1153 229//229
f 268//268 1002//1002 1000//1000
f 368//368 351//351 613//613
f 268//268 876//876 1002//1002
f 502//502 758//758 797//797
f 664//664 1267//1267 1044//1044
f 496//496 771//771 1126//1126
f 634//634 628//628 493//493
f 909//909 949//949 469//469
f 949//949 422//422 469//469
f 669//669 346//346 740//740
f 239//239 421//421 950//950
f 368//368 418//418 632//632
f 669//669 517//517 346//346
f 1219//1219 78//78 1232//1232
f 133//133 139//139 53//53
f 1176//1176 517//517 616//616
f 399//399 256//256 616//616
f 718//718 345//345 396//396
f 437//437 711//711 890//890
f 1080//1080 945//945 965//965
f 1172//1172 1163//1163 965//965
f 1172//1172 1057//1057 951//951
f 267//267 652//652 830//830
f 1057//1057 267//267 830//830
f 699//699 1000//1000 652//652
f 699//699 638//638 1000//1000
f 21//21 81//81 1225//1225
f 284//284 704//704 551//551
f 1188//1188 1291//1291 68//68
f 416//416 431//431 945//945
f 1112//1112 272//272 1172//1172
f 580//580 1169//1169 265//265
f 867//867 436//436 282//282
f 699//699 267//267 1071//1071
f 682//682 913//913 1152//1152
f 395//395 1163//1163 367//367
f 1071//1071 267//267 1047//1047
f 478//478 1149//1149 434//434
f 142//142 99//99 159//159
f 1049//1049 1052//1052 984//984
f 913//913 467//467 400//400
f 766//766 804//804 1012//1012
f 737//737 622//622 397//397
f 1087//1087 307//307 749//749
f 293//293 1124//1124 1014//1014
f 446//446 769//769 281//281
f 914//914 733//733 751//751
f 959//959 412//412 941//941
f 1249//1249 1241//1241 1223//1223
f 810//810 787//787 786//786
f 1004//1004 1043//1043 278//278
f 1263//1263 841//841 845//845
f 487//487 673//673 585//585
f 680//680 528//528 1140//1140
f 44//44 76//76 1217//1217
f 119//119 126//126 25//25
f 1100//1100 1101//1101 454//454
f 174//174 50//50 1208//1208
f 1123//1123 499//499 1256//1256
f 651//651 860//860 985//985
f 33//33 467//467 913//913
f 759//759 1257//1257 557//557
f 514//514 1037//1037 768//768
f 1074//1074 711//711 889//889
f 509//509 208//208 775//775
f 788//788 790//790 510//510
f 626//626 1261//1261 814//814
f 347//347 363//363 630//630
f 318//318 345//345 718//718
f 639//639 988//988 999//999
f 529//529 628//628 1150//1150
f 1293//1293 31//31 1305//1305
f 147//147 114//114 58//58
f 863//863 995//995 1033//1033
f 651//651 1056//1056 860//860
f 753//753 295//295 329//329
f 462//462 924//924 1094//1094
f 352//352 365//365 635//635
f 784//784 994//994 209//209
f 931//931 1098//1098 226//226
f 189//189 1278//1278 81//81
f 264//264 578//578 263//263
f 844//844 668//668 1070//1070
f 534//534 1121//1121 766//766
f 1098//1098 607//607 226//226
f 225//225 596//596 214//214
f 126//126 136//136 152//152
f 284//284 1017//1017 1035//1035
f 816//816 637//637 1070//1070
f 318//318 481//481 916//916
f 386//386 340//340 721//721
f 1270//1270 1257//1257 1275//1275
f 500//500 204//204 780//780
f 597//597 611//611 403//403
f 477//477 1095//1095 1158//1158
f 446//446 891//891 447//447
f 536//536 1264//1264 547//547
f 1046//1046 1060//1060 501//501
f 536//536 818//818 548//548
f 115//115 112//112 136//136
f 641//641 232//232 952//952
f 212//212 1034//1034 1006//1006
f 1239//1239 1207//1207 1195//1195
f 170//170 1300//1300 1202//1202
f 225//225 214//214 606//606
f 712//712 1018//1018 888//888
f 833//833 588//588 93//93
f 782//782 819//819 806//806
f 268//268 298//298 876//876
f 833//833 93//93 90//90
f 1204//1204 1220//1220 1214//1214
f 1147//1147 731//731 398//398
f 1019//1019 685//685 1044//1044
f 399//399 435//435 256//256
f 313//313 1078//1078 315//315
f 1007//1007 684//684 1132//1132
f 943//943 1071//1071 1047//1047
f 787//787 92//92 1069//1069
f 866//866 1006//1006 992//992
f 218//218 351//351 368//368
f 145//145 141//141 65//65
f 341//341 741//741 380//380
f 1294//1294 1299//1299 1190//1190
f 1291//1291 128//128 7//7
f 122//122 26//26 28//28
f 622//622 619//619 348//348
f 585//585 673//673 489//489
f 249//249 335//335 620//620
f 1204//1204 1214//1214 1233//1233
f 1147//1147 1149//1149 731//731
f 272//272 1047//1047 1057//1057
f 402//402 420//420 214//214
f 1171//1171 901//901 474//474
f 623//623 622//622 348//348
f 1133//1133 845//845 841//841
f 326//326 742//742 1181//1181
f 1012//1012 206//206 1053//1053
f 1182//1182 1180//1180 408//408
f 45//45 183//183 187//187
f 369//369 184//184 190//190
f 312//312 777//777 201//201
f 71//71 102//102 60//60
f 1176//1176 722//722 482//482
f 603//603 220//220 574//574
f 64//64 159//159 99//99
f 629//629 75//75 49//49
f 853//853 1050//1050 871//871
f 1088//1088 1151//1151 330//330
f 318//318 581//581 345//345
f 995//995 204//204 1033//1033
f 798//798 1114//1114 201//201
f 1063//1063 855//855 657//657
f 318//318 1164//1164 581//581
f 434//434 679//679 1151//1151
f 244//244 38//38 724//724
f 293//293 776//776 1124//1124
f 833//833 973//973 588//588
f 618//618 241//241 619//619
f 878//878 206//206 94//94
f 91//91 858//858 702//702
f 693//693 210//210 1031//1031
f 1038//1038 916//916 481//481
f 938//938 837//837 958//958
f 29//29 17//17 25//25
f 436//436 270//270 84//84
f 185//185 181//181 179//179
f 141//141 26//26 65//65
f 419//419 226//226 963//963
f 629//629 902//902 609//609
f 724//724 331//331 485//485
f 1104//1104 1095//1095 900//900
f 1273//1273 1023//1023 765//765
f 504//504 1023//1023 1258//1258
f 266//266 1107//1107 307//307
f 513//513 1034//1034 1265//1265
f 115//115 106//106 194//194
f 842//842 333//333 1113//1113
f 45//45 1225//1225 1278//1278
f 689//689 782//782 762//762
f 1100//1100 1089//1089 1091//1091
f 712//712 1122//1122 564//564
f 921//921 898//898 920//920
f 1240//1240 1246//1246 1196//1196
f 138//138 115//115 109//109
f 715//715 93//93 892//892
f 1171//1171 942//942 901//901
f 301//301 1217//1217 1234//1234
f 850//850 835//835 849//849
f 143//143 155//155 11//11
f 927//927 460//460 1110//1110
f 308//308 750//750 355//355
f 132//132 139//139 110//110
f 1277//1277 557//557 565//565
f 486//486 349//349 1141//1141
f 1261//1261 811//811 1125//1125
f 297//297 1016//1016 692//692
f 327//327 398//398 731//731
f 1036//1036 1000//1000 1002//1002
f 671//671 730//730 915//915
f 897//897 898//898 922//922
f 356//356 577//577 1181//1181
f 420//420 401//401 971//971
f 1229//1229 79//79 1223//1223
f 944//944 1097//1097 905//905
f 179//179 181//181 191//191
f 44//44 633//633 349//349
f 862//862 1056//1056 701//701
f 116//116 139//139 133//133
f 871//871 1050//1050 276//276
f 1031//1031 1033//1033 204//204
f 504//504 512//512 772//772
f 239//239 950//950 636//636
f 583//583 286//286 1114//1114
f 258//258 429//429 569//569
f 1272//1272 1265//1265 212//212
f 851//851 938//938 869//869
f 326//326 1161//1161 677//677
f 1262//1262 1135//1135 652//652
f 1262//1262 1036//1036 558//558
f 1205//1205 1243//1243 1197//1197
f 533//533 548//548 1258//1258
f 1//1 1193//1193 1307//1307
f 71//71 30//30 149//149
f 602//602 219//219 261//261
f 1166//1166 332//332 393//393
f 62//62 656//656 1189//1189
f 1082//1082 607//607 1098//1098
f 13//13 8//8 14//14
f 962//962 422//422 949//949
f 462//462 924//924 907//907
f 1221//1221 82//82 1222//1222
f 816//816 993//993 209//209
f 1024//1024 207//207 695//695
f 1272//1272 800//800 551//551
f 292//292 1125//1125 811//811
f 183//183 1278//1278 188//188
f 478//478 434//434 1151//1151
f 875//875 298//298 792//792
f 232//232 1099//1099 932//932
f 130//130 58//58 1303//1303
f 292//292 509//509 1014//1014
f 795//795 542//542 495//495
f 237//237 515//515 242//242
f 1211//1211 1234//1234 1218//1218
f 815//815 524//524 553//553
f 403//403 611//611 594//594
f 74//74 19//19 1224//1224
f 24//24 1192//1192 1299//1299
f 1085//1085 463//463 1155//1155
f 421//421 516//516 950//950
f 1301//1301 1308//1308 20//20
f 635//635 250//250 387//387
f 470//470 568//568 401//401
f 891//891 892//892 894//894
f 636//636 364//364 348//348
f 692//692 768//768 769//769
f 1244//1244 1248//1248 1249//1249
f 953//953 931//931 226//226
f 342//342 608//608 1179//1179
f 455//455 578//578 478//478
f 1092//1092 1108//1108 1110//1110
f 225//225 1106//1106 402//402
f 375//375 484//484 624//624
f 544//544 697//697 791//791
f 297//297 1018//1018 564//564
f 1080//1080 1093//1093 930//930
f 603//603 432//432 925//925
f 749//749 1107//1107 1148//1148
f 956//956 411//411 937//937
f 1272//1272 551//551 1266//1266
f 150//150 1285//1285 8//8
f 760//760 1053//1053 1043//1043
f 179//179 180//180 72//72
f 1239//1239 1248//1248 1207//1207
f 1252//1252 1247//1247 34//34
f 1149//1149 578//578 433//433
f 626//626 334//334 327//327
f 617//617 723//723 895//895
f 1147//1147 511//511 889//889
f 881//881 977//977 887//887
f 446//446 281//281 891//891
f 564//564 1122//1122 563//563
f 1049//1049 274//274 442//442
f 559//559 280//280 1055//1055
f 1186//1186 4//4 1194//1194
f 105//105 153//153 1286//1286
f 297//297 563//563 1016//1016
f 1198//1198 1219//1219 1199//1199
f 1211//1211 1214//1214 1220//1220
f 809//809 1017//1017 551//551
f 537//537 817//817 503//503
f 294//294 291//291 1013//1013
f 244//244 725//725 300//300
f 640//640 1076//1076 1062//1062
f 568//568 971//971 401//401
f 1239//1239 1251//1251 1241//1241
f 961//961 579//579 413//413
f 190//190 1280//1280 39//39
f 598//598 432//432 260//260
f 798//798 201//201 777//777
f 111//111 157//157 975//975
f 745//745 726//726 661//661
f 1086//1086 464//464 612//612
f 878//878 588//588 973//973
f 148//148 96//96 105//105
f 766//766 1012//1012 1053//1053
f 563//563 1013//1013 1016//1016
f 332//332 1142//1142 720//720
f 477//477 476//476 1095//1095
f 536//536 548//548 813//813
f 190//190 184//184 1280//1280
f 537//537 561//561 511//511
f 826//826 665//665 649//649
f 1227//1227 72//72 188//188
f 326//326 1181//1181 1090//1090
f 1168//1168 1095//1095 1104//1104
f 248//248 361//361 632//632
f 426//426 411//411 410//410
f 230//230 580//580 265//265
f 313//313 494//494 1093//1093
f 534//534 55//55 1121//1121
f 1027//1027 287//287 822//822
f 105//105 1284//1284 151//151
f 1087//1087 677//677 474//474
f 905//905 1097//1097 491//491
f 927//927 459//459 407//407
f 887//887 886//886 445//445
f 770//770 769//769 768//768
f 1103//1103 221//221 265//265
f 843//843 1268//1268 665//665
f 500//500 197//197 1020//1020
f 693//693 1033//1033 210//210
f 6//6 23//23 1194//1194
f 799//799 1254//1254 812//812
f 595//595 456//456 215//215
f 560//560 794//794 693//693
f 1182//1182 408//408 917//917
f 442//442 274//274 275//275
f 943//943 1047//1047 472//472
f 1112//1112 910//910 272//272
f 921//921 920//920 899//899
f 370//370 218//218 591//591
f 1019//1019 1129//1129 685//685
f 227//227 607//607 1097//1097
f 66//66 58//58 62//62
f 24//24 5//5 1192//1192
f 716//716 844//844 637//637
f 676//676 490//490 247//247
f 265//265 1169//1169 1157//1157
f 486//486 1141//1141 330//330
f 185//185 46//46 181//181
f 161//161 180//180 175//175
f 586//586 643//643 674//674
f 1276//1276 1134//1134 547//547
f 1260//1260 1275//1275 1259//1259
f 115//115 136//136 131//131
f 832//832 85//85 879//879
f 287//287 754//754 696//696
f 1075//1075 656//656 62//62
f 536//536 1257//1257 1264//1264
f 730//730 1111//1111 915//915
f 928//928 1107//1107 933//933
f 80//80 42//42 1244//1244
f 45//45 1278//1278 183//183
f 662//662 857//857 1122//1122
f 29//29 118//118 117//117
f 396//396 345//345 252//252
f 572//572 538//538 523//523
f 1250//1250 173//173 82//82
f 1100//1100 1091//1091 1083//1083
f 598//598 467//467 432//432
f 610//610 1194//1194 23//23
f 1205//1205 1226//1226 1219//1219
f 279//279 439//439 438//438
f 568//568 255//255 971//971
f 449//449 855//855 902//902
f 1264//1264 1277//1277 565//565
f 1140//1140 396//396 635//635
f 1165//1165 1162//1162 907//907
f 306//306 339//339 307//307
f 326//326 1090//1090 1111//1111
f 1263//1263 1117//1117 841//841
f 966//966 577//577 612//612
f 44//44 1217//1217 633//633
f 1252//1252 34//34 729//729
f 1276//1276 1265//1265 1272//1272
f 1061//1061 1054//1054 1055//1055
f 1091//1091 1162//1162 476//476
f 260//260 432//432 603//603
f 238//238 622//622 385//385
f 118//118 125//125 142//142
f 537//537 1013//1013 561//561
f 1292//1292 1304//1304 134//134
f 1185//1185 1192//1192 3//3
f 183//183 188//188 187//187
f 264//264 433//433 578//578
f 897//897 957//957 936//936
f 1055//1055 1054//1054 1001//1001
f 156//156 100//100 149//149
f 1064//1064 990//990 861//861
f 413//413 579//579 969//969
f 555//555 816//816 1012//1012
f 891//891 279//279 447//447
f 737//737 385//385 622//622
f 1042//1042 892//892 1068//1068
f 1085//1085 959//959 463//463
f 1027//1027 822//822 205//205
f 395//395 733//733 1163//1163
f 312//312 201//201 827//827
f 1298//1298 1299//1299 1297//1297
f 1248//1248 1201//1201 1207//1207
f 1066//1066 789//789 498//498
f 1230//1230 43//43 182//182
f 1120//1120 333//333 339//339
f 1141//1141 633//633 742//742
f 312//312 528//528 680//680
f 504//504 208//208 1023//1023
f 1049//1049 1067//1067 1052//1052
f 158//158 1287//1287 10//10
f 532//532 1021//1021 797//797
f 810//810 716//716 793//793
f 312//312 827//827 528//528
f 21//21 18//18 23//23
f 174//174 1242//1242 176//176
f 1025//1025 1051//1051 728//728
f 1038//1038 481//481 785//785
f 122//122 1289//1289 117//117
f 703//703 85//85 87//87
f 1112//1112 965//965 431//431
f 1293//1293 1305//1305 1187//1187
f 15//15 1293//1293 1187//1187
f 982//982 296//296 694//694
f 1304//1304 1289//1289 1187//1187
f 944//944 433//433 264//264
f 1287//1287 9//9 16//16
f 959//959 220//220 463//463
f 424//424 259//259 939//939
f 678//678 1150//1150 634//634
f 404//404 578//578 595//595
f 568//568 904//904 1156//1156
f 937//937 411//411 426//426
f 191//191 168//168 162//162
f 856//856 229//229 89//89
f 115//115 194//194 109//109
f 118//118 14//14 125//125
f 1120//1120 545//545 1113//1113
f 331//331 36//36 736//736
f 1291//1291 121//121 128//128
f 1291//1291 7//7 12//12
f 831//831 665//665 818//818
f 112//112 152//152 136//136
f 1300//1300 1297//1297 1306//1306
f 394//394 246//246 968//968
f 107//107 57//57 1303//1303
f 519//519 1154//1154 421//421
f 360//360 382//382 359//359
f 1178//1178 570//570 354//354
f 784//784 209//209 993//993
f 245//245 635//635 615//615
f 48//48 1280//1280 187//187
f 463//463 925//925 476//476
f 946//946 1184//1184 1175//1175
f 138//138 109//109 137//137
f 477//477 1158//1158 1083//1083
f 148//148 97//97 103//103
f 686//686 499//499 1044//1044
f 737//737 1144//1144 683//683
f 43//43 51//51 168//168
f 1081//1081 915//915 1111//1111
f 631//631 248//248 632//632
f 1221//1221 1240//1240 1250//1250
f 1203//1203 1191//1191 178//178
f 1066//1066 1067//1067 874//874
f 105//105 102//102 153//153
f 1130//1130 839//839 708//708
f 1118//1118 647//647 872//872
f 101//101 2//2 146//146
f 559//559 1055//1055 713//713
f 244//244 1177//1177 336//336
f 662//662 88//88 710//710
f 379//379 719//719 340//340
f 1200//1200 1241//1241 1210//1210
f 57//57 195//195 1302//1302
f 1230//1230 1300//1300 51//51
f 373//373 388//388 324//324
f 1160//1160 889//889 854//854
f 470//470 1156//1156 904//904
f 1131//1131 817//817 1116//1116
f 1057//1057 830//830 951//951
f 1131//1131 1116//1116 334//334
f 486//486 330//330 679//679
f 818//818 826//826 548//548
f 943//943 262//262 223//223
f 850//850 849//849 836//836
f 598//598 217//217 216//216
f 536//536 813//813 1257//1257
f 1064//1064 991//991 1062//1062
f 1085//1085 929//929 466//466
f 420//420 971//971 611//611
f 383//383 344//344 566//566
f 1244//1244 171//171 1248//1248
f 686//686 1044//1044 685//685
f 239//239 618//618 1174//1174
f 802//802 609//609 855//855
f 1177//1177 1175//1175 392//392
f 147//147 103//103 114//114
f 758//758 557//557 797//797
f 148//148 104//104 96//96
f 706//706 660//660 707//707
f 861//861 653//653 1077//1077
f 470//470 896//896 1156//1156
f 374//374 322//322 303//303
f 1143//1143 918//918 1166//1166
f 386//386 721//721 567//567
f 692//692 1013//1013 291//291
f 424//424 530//530 217//217
f 1275//1275 1257//1257 813//813
f 1024//1024 309//309 207//207
f 1064//1064 1062//1062 990//990
f 657//657 656//656 992//992
f 69//69 16//16 61//61
f 541//541 658//658 1117//1117
f 707//707 661//661 726//726
f 302//302 321//321 303//303
f 956//956 425//425 411//411
f 1085//1085 463//463 1104//1104
f 536//536 704//704 1072//1072
f 123//123 28//28 143//143
f 502//502 759//759 758//758
f 325//325 520//520 381//381
f 1100//1100 1083//1083 1101//1101
f 784//784 993//993 1046//1046
f 537//537 1116//1116 817//817
f 689//689 506//506 763//763
f 598//598 575//575 424//424
f 522//522 350//350 1179//1179
f 64//64 3//3 4//4
f 809//809 1257//1257 1017//1017
f 560//560 1269//1269 794//794
f 193//193 1303//1303 58//58
f 1105//1105 1088//1088 330//330
f 119//119 136//136 126//126
f 243//243 287//287 553//553
f 304//304 373//373 324//324
f 1073//1073 871//871 1028//1028
f 747//747 521//521 802//802
f 716//716 637//637 1253//1253
f 1041//1041 795//795 617//617
f 737//737 397//397 738//738
f 995//995 1048//1048 780//780
f 976//976 978//978 880//880
f 692//692 769//769 691//691
f 138//138 112//112 115//115
f 682//682 311//311 741//741
f 698//698 557//557 695//695
f 827//827 795//795 528//528
f 810//810 1030//1030 559//559
f 405//405 970//970 964//964
f 991//991 867//867 1045//1045
f 676//676 1247//1247 1238//1238
f 75//75 1200//1200 49//49
f 1295//1295 1306//1306 1309//1309
f 1180//1180 407//407 408//408
f 583//583 640//640 1062//1062
f 64//64 99//99 1185//1185
f 257//257 569//569 427//427
f 329//329 719//719 233//233
f 469//469 37//37 908//908
f 306//306 524//524 339//339
f 832//832 843//843 665//665
f 1015//1015 294//294 503//503
f 1206//1206 1199//1199 1213//1213
f 211//211 1035//1035 1017//1017
f 1204//1204 1212//1212 1197//1197
f 1103//1103 1085//1085 1102//1102
f 1086//1086 924//924 464//464
f 990//990 1062//1062 1076//1076
f 1165//1165 1155//1155 1162//1162
f 437//437 890//890 155//155
f 145//145 142//142 159//159
f 1240//1240 1196//1196 1250//1250
f 1145//1145 1164//1164 916//916
f 831//831 1115//1115 551//551
f 1117//1117 1118//1118 540//540
f 728//728 744//744 473//473
f 712//712 840//840 1122//1122
f 74//74 189//189 22//22
f 296//296 1003//1003 694//694
f 1049//1049 893//893 663//663
f 318//318 916//916 1164//1164
f 851//851 837//837 938//938
f 308//308 35//35 750//750
f 260//260 259//259 575//575
f 572//572 523//523 601//601
f 235//235 397//397 622//622
f 983//983 770//770 198//198
f 1296//1296 2//2 154//154
f 747//747 376//376 521//521
f 1216//1216 1232//1232 78//78
f 599//599 218//218 352//352
f 1304//1304 1187//1187 56//56
f 743//743 779//779 484//484
f 325//325 18//18 1225//1225
f 838//838 851//851 869//869
f 746//746 707//707 726//726
f 939//939 570//570 530//530
f 666//666 645//645 839//839
f 1178//1178 391//391 570//570
f 573//573 427//427 569//569
f 833//833 582//582 832//832
f 328//328 732//732 751//751
f 13//13 150//150 8//8
f 302//302 303//303 322//322
f 262//262 37//37 1183//1183
f 522//522 1180//1180 377//377
f 939//939 940//940 258//258
f 45//45 187//187 1225//1225
f 854//854 889//889 711//711
f 304//304 323//323 761//761
f 29//29 25//25 13//13
f 861//861 1077//1077 209//209
f 462//462 219//219 602//602
f 404//404 595//595 215//215
f 666//666 999//999 893//893
f 384//384 634//634 493//493
f 802//802 521//521 609//609
f 305//305 389//389 323//323
f 446//446 691//691 769//769
f 290//290 289//289 1010//1010
f 1166//1166 567//567 721//721
f 487//487 586//586 674//674
f 1122//1122 1136//1136 563//563
f 597//597 222//222 606//606
f 81//81 1278//1278 1225//1225
f 1168//1168 1169//1169 1158//1158
f 765//765 292//292 811//811
f 666//666 839//839 1130//1130
f 959//959 941//941 428//428
f 724//724 38//38 681//681
f 178//178 1201//1201 169//169
f 290//290 1010//1010 690//690
f 980//980 886//886 1010//1010
f 156//156 140//140 129//129
f 550//550 822//822 543//543
f 1295//1295 1191//1191 1306//1306
f 886//886 276//276 445//445
f 709//709 206//206 816//816
f 921//921 303//303 321//321
f 641//641 655//655 834//834
f 510//510 1015//1015 776//776
f 698//698 1264//1264 565//565
f 859//859 1035//1035 197//197
f 1296//1296 1309//1309 2//2
f 824//824 785//785 542//542
f 51//51 1281//1281 168//168
f 642//642 538//538 554//554
f 64//64 1185//1185 3//3
f 455//455 456//456 595//595
f 443//443 690//690 886//886
f 406//406 1084//1084 460//460
f 1178//1178 354//354 729//729
f 249//249 362//362 967//967
f 1152//1152 913//913 960//960
f 205//205 822//822 539//539
f 525//525 517//517 752//752
f 649//649 847//847 1271//1271
f 707//707 705//705 661//661
f 371//371 351//351 599//599
f 1276//1276 1264//1264 1265//1265
f 961//961 413//413 414//414
f 1145//1145 1144//1144 738//738
f 1108//1108 1089//1089 1110//1110
f 461//461 744//744 441//441
f 76//76 1218//1218 1217//1217
f 602//602 1102//1102 924//924
f 568//568 1156//1156 947//947
f 555//555 804//804 803//803
f 1161//1161 474//474 677//677
f 178//178 1307//1307 163//163
f 257//257 570//570 569//569
f 823//823 1028//1028 205//205
f 117//117 1289//1289 17//17
f 703//703 278//278 452//452
f 870//870 1026//1026 1009//1009
f 329//329 295//295 1030//1030
f 529//529 670//670 734//734
f 395//395 367//367 251//251
f 415//415 408//408 1083//1083
f 831//831 818//818 1115//1115
f 689//689 763//763 782//782
f 107//107 194//194 195//195
f 470//470 904//904 568//568
f 43//43 191//191 181//181
f 63//63 98//98 159//159
f 337//337 353//353 324//324
f 59//59 62//62 1189//1189
f 1061//1061 440//440 879//879
f 1211//1211 1218//1218 73//73
f 6//6 3//3 5//5
f 138//138 97//97 112//112
f 105//105 151//151 102//102
f 479//479 1138//1138 471//471
f 406//406 460//460 955//955
f 1163//1163 951//951 367//367
f 914//914 1080//1080 1163//1163
f 1190//1190 1299//1299 1192//1192
f 911//911 299//299 1159//1159
f 1211//1211 310//310 1234//1234
f 774//774 812//812 1254//1254
f 831//831 704//704 589//589
f 196//196 803//803 804//804
f 237//237 527//527 740//740
f 147//147 58//58 66//66
f 305//305 372//372 389//389
f 130//130 62//62 58//58
f 981//981 1045//1045 282//282
f 897//897 936//936 956//956
f 996//996 979//979 883//883
f 311//311 228//228 358//358
f 649//649 715//715 892//892
f 938//938 900//900 869//869
f 88//88 890//890 710//710
f 1234//1234 1217//1217 1218//1218
f 262//262 1159//1159 37//37
f 709//709 438//438 271//271
f 275//275 274//274 444//444
f 370//370 352//352 218//218
f 1262//1262 652//652 1036//1036
f 1262//1262 558//558 1135//1135
f 132//132 56//56 133//133
f 342//342 624//624 35//35
f 855//855 609//609 902//902
f 1165//1165 1102//1102 1155//1155
f 707//707 660//660 489//489
f 365//365 620//620 250//250
f 1143//1143 1139//1139 786//786
f 592//592 608//608 465//465
f 843//843 792//792 1268//1268
f 648//648 84//84 1255//1255
f 1209//1209 172//172 1242//1242
f 475//475 903//903 1108//1108
f 923//923 900//900 958//958
f 1080//1080 930//930 945//945
f 770//770 281//281 769//769
f 989//989 867//867 995//995
f 979//979 885//885 836//836
f 1141//1141 349//349 633//633
f 835//835 883//883 1009//1009
f 624//624 484//484 750//750
f 1193//1193 177//177 1307//1307
f 703//703 87//87 278//278
f 1015//1015 790//790 291//291
f 1086//1086 221//221 1103//1103
f 907//907 1162//1162 948//948
f 463//463 220//220 925//925
f 174//174 162//162 50//50
f 784//784 1048//1048 994//994
f 245//245 352//352 635//635
f 1221//1221 1222//1222 77//77
f 952//952 932//932 723//723
f 131//131 136//136 134//134
f 443//443 886//886 887//887
f 1224//1224 19//19 1298//1298
f 806//806 821//821 820//820
f 405//405 594//594 611//611
f 946//946 1161//1161 326//326
f 650//650 653//653 858//858
f 235//235 622//622 246//246
f 444//444 274//274 445//445
f 386//386 240//240 625//625
f 1025//1025 441//441 1051//1051
f 253//253 829//829 223//223
f 76//76 186//186 1236//1236
f 471//471 1167//1167 1099//1099
f 668//668 1001//1001 993//993
f 771//771 317//317 1256//1256
f 391//391 604//604 570//570
f 315//315 1078//1078 1154//1154
f 1091//1091 476//476 1083//1083
f 454//454 1083//1083 408//408
f 584//584 621//621 642//642
f 1237//1237 1245//1245 1196//1196
f 475//475 900//900 903//903
f 329//329 1139//1139 719//719
f 838//838 885//885 979//979
f 533//533 1274//1274 1259//1259
f 76//76 1245//1245 1218//1218
f 301//301 742//742 633//633
f 1185//1185 1190//1190 1192//1192
f 987//987 986//986 873//873
f 238//238 619//619 622//622
f 70//70 121//121 96//96
f 810//810 786//786 1030//1030
f 394//394 1164//1164 738//738
f 47//47 169//169 171//171
f 1227//1227 188//188 1278//1278
f 302//302 322//322 372//372
f 1165//1165 466//466 929//929
f 488//488 674//674 675//675
f 69//69 146//146 67//67
f 534//534 130//130 55//55
f 378//378 779//779 1273//1273
f 956//956 936//936 425//425
f 513//513 1264//1264 698//698
f 272//272 472//472 1047//1047
f 463//463 1157//1157 1168//1168
f 255//255 938//938 579//579
f 623//623 246//246 622//622
f 849//849 821//821 1026//1026
f 956//956 937//937 920//920
f 712//712 86//86 840//840
f 778//778 504//504 1271//1271
f 560//560 1127//1127 1269//1269
f 1260//1260 552//552 801//801
f 253//253 529//529 796//796
f 646//646 846//846 998//998
f 111//111 127//127 157//157
f 859//859 974//974 1035//1035
f 649//649 892//892 1042//1042
f 249//249 620//620 362//362
f 230//230 265//265 604//604
f 939//939 259//259 940//940
f 762//762 820//820 783//783
f 961//961 414//414 576//576
f 217//217 530//530 359//359
f 123//123 127//127 31//31
f 980//980 276//276 886//886
f 523//523 621//621 601//601
f 860//860 1039//1039 985//985
f 113//113 1121//1121 55//55
f 743//743 309//309 1024//1024
f 1031//1031 500//500 1020//1020
f 1227//1227 1278//1278 189//189
f 828//828 582//582 280//280
f 261//261 573//573 941//941
f 820//820 808//808 807//807
f 1206//1206 1213//1213 1200//1200
f 388//388 322//322 337//337
f 376//376 1182//1182 917//917
f 488//488 675//675 706//706
f 897//897 920//920 898//898
f 605//605 254//254 960//960
f 1055//1055 1001//1001 713//713
f 868//868 885//885 884//884
f 376//376 377//377 1182//1182
f 222//222 1090//1090 606//606
f 1207//1207 163//163 177//177
f 572//572 554//554 538//538
f 937//937 899//899 920//920
f 135//135 133//133 54//54
f 305//305 324//324 353//353
f 560//560 693//693 1031//1031
f 763//763 506//506 688//688
f 486//486 679//679 520//520
f 454//454 408//408 459//459
f 709//709 277//277 438//438
f 342//342 1179//1179 624//624
f 493//493 37//37 469//469
f 1175//1175 1184//1184 392//392
f 1064//1064 994//994 1048//1048
f 921//921 321//321 898//898
f 1292//1292 17//17 1289//1289
f 144//144 16//16 9//9
f 50//50 1281//1281 41//41
f 629//629 247//247 490//490
f 885//885 869//869 884//884
f 1066//1066 1032//1032 789//789
f 1236//1236 167//167 172//172
f 712//712 564//564 1018//1018
f 672//672 320//320 1098//1098
f 707//707 489//489 659//659
f 156//156 129//129 95//95
f 417//417 906//906 935//935
f 774//774 639//639 812//812
f 774//774 877//877 988//988
f 774//774 1254//1254 1126//1126
f 1085//1085 466//466 1102//1102
f 523//523 538//538 642//642
f 38//38 336//336 681//681
f 692//692 1016//1016 1013//1013
f 894//894 93//93 588//588
f 826//826 1271//1271 1258//1258
f 125//125 99//99 142//142
f 141//141 124//124 26//26
f 441//441 744//744 1051//1051
f 651//651 1041//1041 701//701
f 170//170 165//165 51//51
f 196//196 116//116 108//108
f 905//905 1149//1149 433//433
f 462//462 1094//1094 1109//1109
f 1296//1296 1308//1308 1295//1295
f 1116//1116 398//398 334//334
f 219//219 316//316 942//942
f 961//961 964//964 579//579
f 290//290 1011//1011 289//289
f 1112//1112 1172//1172 965//965
f 1041//1041 229//229 856//856
f 449//449 128//128 121//121
f 1092//1092 1110//1110 919//919
f 849//849 1026//1026 870//870
f 479//479 682//682 1152//1152
f 415//415 917//917 408//408
f 1211//1211 1220//1220 310//310
f 387//387 620//620 335//335
f 781//781 761//761 323//323
f 754//754 483//483 317//317
f 805//805 781//781 818//818
f 894//894 892//892 93//93
f 1152//1152 614//614 1138//1138
f 391//391 676//676 338//338
f 286//286 201//201 1114//1114
f 1015//1015 503//503 776//776
f 706//706 675//675 660//660
f 996//996 850//850 868//868
f 1282//1282 54//54 127//127
f 179//179 162//162 176//176
f 674//674 643//643 489//489
f 827//827 286//286 617//617
f 816//816 1070//1070 993//993
f 974//974 879//879 85//85
f 59//59 96//96 104//104
f 1001//1001 1054//1054 864//864
f 781//781 198//198 1037//1037
f 86//86 816//816 535//535
f 235//235 246//246 397//397
f 30//30 61//61 16//16
f 980//980 1010//1010 289//289
f 536//536 809//809 551//551
f 782//782 763//763 807//807
f 49//49 177//177 1193//1193
f 375//375 309//309 743//743
f 1294//1294 1297//1297 1299//1299
f 708//708 839//839 853//853
f 218//218 366//366 591//591
f 328//328 733//733 251//251
f 487//487 674//674 673//673
f 486//486 369//369 349//349
f 15//15 28//28 123//123
f 927//927 1089//1089 459//459
f 881//881 498//498 288//288
f 390//390 353//353 337//337
f 692//692 291//291 768//768
f 1092//1092 475//475 1108//1108
f 829//829 638//638 699//699
f 132//132 52//52 56//56
f 493//493 628//628 1183//1183
f 506//506 505//505 688//688
f 216//216 960//960 400//400
f 125//125 1285//1285 99//99
f 1073//1073 1028//1028 823//823
f 762//762 783//783 505//505
f 1094//1094 402//402 1109//1109
f 387//387 250//250 620//620
f 572//572 601//601 554//554
f 1203//1203 178//178 169//169
f 1086//1086 1102//1102 924//924
f 788//788 514//514 790//790
f 1145//1145 916//916 508//508
f 1186//1186 610//610 854//854
f 1296//1296 1295//1295 1309//1309
f 850//850 883//883 835//835
f 851//851 852//852 837//837
f 583//583 702//702 640//640
f 215//215 456//456 594//594
f 374//374 390//390 337//337
f 1073//1073 853//853 871//871
f 522//522 406//406 955//955
f 1280//1280 164//164 187//187
f 71//71 60//60 12//12
f 259//259 574//574 940//940
f 819//819 808//808 1009//1009
f 943//943 223//223 1071//1071
f 996//996 868//868 852//852
f 394//394 968//968 581//581
f 1049//1049 442//442 275//275
f 488//488 659//659 674//674
f 523//523 642//642 621//621
f 459//459 408//408 407//407
f 800//800 278//278 87//87
f 514//514 775//775 1037//1037
f 287//287 696//696 496//496
f 1025//1025 473//473 1008//1008
f 799//799 1130//1130 550//550
f 649//649 589//589 715//715
f 558//558 549//549 1135//1135
f 367//367 951//951 549//549
f 914//914 1163//1163 733//733
f 186//186 39//39 167//167
f 461//461 441//441 1008//1008
f 844//844 1070//1070 637//637
f 449//449 121//121 70//70
f 1067//1067 872//872 874//874
f 450//450 976//976 269//269
f 488//488 706//706 659//659
f 627//627 310//310 1146//1146
f 536//536 551//551 704//704
f 119//119 134//134 136//136
f 680//680 1140//1140 635//635
f 833//833 832//832 703//703
f 1082//1082 1097//1097 607//607
f 843//843 582//582 875//875
f 362//362 620//620 365//365
f 1185//1185 99//99 1285//1285
f 641//641 83//83 648//648
f 1282//1282 135//135 54//54
f 636//636 418//418 613//613
f 600//600 922//922 571//571
f 1150//1150 628//628 634//634
f 1041//1041 856//856 701//701
f 253//253 628//628 529//529
f 224//224 934//934 423//423
f 477//477 1083//1083 476//476
f 1177//1177 357//357 518//518
f 437//437 155//155 143//143
f 748//748 377//377 376//376
f 818//818 389//389 373//373
f 623//623 348//348 371//371
f 448//448 865//865 269//269
f 911//911 457//457 417//417
f 77//77 78//78 1215//1215
f 501//501 773//773 780//780
f 302//302 390//390 321//321
f 644//644 585//585 643//643
f 1119//1119 542//542 795//795
f 835//835 808//808 821//821
f 571//571 922//922 898//898
f 1276//1276 1272//1272 1266//1266
f 1229//1229 1232//1232 1216//1216
f 819//819 1026//1026 806//806
f 1171//1171 946//946 942//942
f 638//638 268//268 1000//1000
f 386//386 567//567 240//240
f 125//125 14//14 8//8
f 537//537 511//511 1116//1116
f 881//881 288//288 273//273
f 1049//1049 1118//1118 872//872
f 371//371 348//348 364//364
f 1204//1204 1233//1233 1212//1212
f 940//940 574//574 428//428
f 1294//1294 1309//1309 1297//1297
f 831//831 589//589 665//665
f 635//635 252//252 615//615
f 745//745 661//661 727//727
f 555//555 1012//1012 804//804
f 225//225 402//402 596//596
f 786//786 329//329 1030//1030
f 558//558 1036//1036 1022//1022
f 942//942 427//427 573//573
f 200//200 747//747 802//802
f 1027//1027 815//815 553//553
f 77//77 79//79 78//78
f 805//805 818//818 373//373
f 212//212 1265//1265 1034//1034
f 527//527 242//242 1123//1123
f 1085//1085 1102//1102 412//412
f 1221//1221 1246//1246 1240//1240
f 188//188 180//180 187//187
f 1061//1061 280//280 440//440
f 68//68 60//60 151//151
f 264//264 263//263 576//576
f 1227//1227 189//189 1279//1279
f 1273//1273 779//779 1007//1007
f 541//541 1117//1117 540//540
f 1298//1298 1297//1297 1300//1300
f 1087//1087 901//901 306//306
f 95//95 129//129 152//152
f 403//403 594//594 456//456
f 783//783 688//688 505//505
f 748//748 207//207 309//309
f 417//417 935//935 515//515
f 115//115 52//52 106//106
f 991//991 1048//1048 995//995
f 770//770 768//768 198//198
f 897//897 956//956 920//920
f 1229//1229 1241//1241 1200//1200
f 759//759 557//557 758//758
f 487//487 585//585 644//644
f 202//202 1043//1043 1004//1004
f 80//80 1249//1249 1223//1223
f 308//308 320//320 672//672
f 332//332 720//720 335//335
f 35//35 931//931 465//465
f 411//411 425//425 410//410
f 805//805 373//373 761//761
f 487//487 644//644 586//586
f 387//387 335//335 720//720
f 837//837 852//852 884//884
f 42//42 41//41 1281//1281
f 927//927 955//955 460//460
f 753//753 558//558 295//295
f 426//426 936//936 957//957
f 1080//1080 965//965 1163//1163
f 645//645 1065//1065 1050//1050
f 1137//1137 1014//1014 1124//1124
f 1116//1116 511//511 398//398
f 271//271 438//438 439//439
f 213//213 895//895 723//723
f 571//571 898//898 321//321
f 763//763 783//783 807//807
f 426//426 410//410 936//936
f 589//589 704//704 85//85
f 304//304 761//761 373//373
f 343//343 383//383 416//416
f 600//600 921//921 899//899
f 1246//1246 73//73 1237//1237
f 1199//1199 1219//1219 1232//1232
f 302//302 353//353 390//390
f 891//891 894//894 439//439
f 881//881 273//273 977//977
f 676//676 247//247 338//338
f 354//354 570//570 356//356
f 746//746 745//745 727//727
f 1073//1073 708//708 853//853
f 111//111 975//975 1005//1005
f 602//602 412//412 1102//1102
f 541//541 540//540 507//507
f 866//866 1004//1004 1006//1006
f 449//449 657//657 855//855
f 969//969 419//419 963//963
f 1198//1198 1205//1205 1219//1219
f 649//649 665//665 589//589
f 586//586 644//644 643//643
f 202//202 866//866 534//534
f 631//631 632//632 236//236
f 388//388 372//372 322//322
f 404//404 215//215 405//405
f 605//605 216//216 217//217
f 75//75 490//490 1238//1238
f 414//414 963//963 607//607
f 777//777 918//918 1069//1069
f 902//902 1193//1193 1301//1301
f 962//962 432//432 1079//1079
f 981//981 83//83 834//834
f 913//913 400//400 960//960
f 150//150 69//69 67//67
f 645//645 893//893 1065//1065
f 376//376 917//917 521//521
f 1112//1112 431//431 972//972
f 802//802 513//513 698//698
f 1275//1275 813//813 1259//1259
f 107//107 195//195 57//57
f 583//583 655//655 286//286
f 954//954 472//472 457//457
f 534//534 1075//1075 130//130
f 1073//1073 823//823 708//708
f 1132//1132 552//552 1274//1274
f 778//778 847//847 1042//1042
f 249//249 393//393 335//335
f 305//305 353//353 372//372
f 814//814 1131//1131 334//334
f 406//406 608//608 1084//1084
f 80//80 79//79 1231//1231
f 371//371 599//599 409//409
f 186//186 167//167 1236//1236
f 603//603 925//925 220//220
f 1198//1198 1199//1199 1252//1252
f 868//868 884//884 852//852
f 1209//1209 1242//1242 1208//1208
f 481//481 718//718 1140//1140
f 848//848 242//242 935//935
f 689//689 505//505 506//506
f 1063//1063 802//802 855//855
f 981//981 834//834 655//655
f 1205//1205 1197//1197 1226//1226
f 596//596 402//402 214//214
f 437//437 28//28 1283//1283
f 493//493 1183//1183 37//37
f 1280//1280 184//184 192//192
f 1036//1036 652//652 1000//1000
f 405//405 611//611 231//231
f 326//326 736//736 36//36
f 1205//1205 1252//1252 1243//1243
f 6//6 5//5 21//21
f 278//278 1043//1043 452//452
f 536//536 547//547 1134//1134
f 1188//1188 68//68 1284//1284
f 944//944 227//227 1097//1097
f 486//486 520//520 369//369
f 352//352 362//362 365//365
f 293//293 510//510 776//776
f 158//158 10//10 9//9
f 402//402 401//401 420//420
f 671//671 742//742 730//730
f 814//814 1124//1124 1131//1131
f 344//344 735//735 494//494
f 185//185 72//72 1279//1279
f 1074//1074 889//889 511//511
f 446//446 888//888 691//691
f 1042//1042 1068//1068 512//512
f 135//135 111//111 108//108
f 1053//1053 973//973 452//452
f 831//831 551//551 704//704
f 562//562 650//650 91//91
f 762//762 806//806 820//820
f 782//782 806//806 762//762
f 221//221 570//570 604//604
f 510//510 790//790 1015//1015
f 29//29 13//13 14//14
f 388//388 337//337 324//324
f 671//671 1141//1141 742//742
f 551//551 1115//1115 1266//1266
f 256//256 435//435 948//948
f 1239//1239 1249//1249 1248//1248
f 1087//1087 306//306 307//307
f 1186//1186 1194//1194 610//610
f 878//878 1053//1053 206//206
f 59//59 147//147 66//66
f 747//747 748//748 376//376
f 776//776 503//503 817//817
f 843//843 875//875 792//792
f 308//308 492//492 320//320
f 1282//1282 111//111 135//135
f 326//326 36//36 1184//1184
f 605//605 382//382 254//254
f 492//492 327//327 491//491
f 1023//1023 533//533 1258//1258
f 1056//1056 978//978 1059//1059
f 326//326 1111//1111 730//730
f 1260//1260 801//801 1270//1270
f 297//297 564//564 563//563
f 463//463 926//926 1157//1157
f 106//106 195//195 194//194
f 27//27 117//117 118//118
f 68//68 151//151 1284//1284
f 897//897 922//922 957//957
f 222//222 458//458 1090//1090
f 1308//1308 7//7 20//20
f 1288//1288 7//7 154//154
f 160//160 169//169 47//47
f 593//593 592//592 953//953
f 823//823 205//205 539//539
f 59//59 70//70 96//96
f 52//52 131//131 56//56
f 396//396 252//252 635//635
f 1133//1133 1119//1119 651//651
f 27//27 118//118 142//142
f 1145//1145 508//508 1144//1144
f 1035//1035 1020//1020 197//197
f 614//614 254//254 382//382
f 626//626 492//492 355//355
f 905//905 491//491 1149//1149
f 395//395 251//251 733//733
f 1135//1135 549//549 830//830
f 430//430 319//319 917//917
f 513//513 1265//1265 1264//1264
f 1087//1087 474//474 901//901
f 40//40 181//181 182//182
f 996//996 838//838 979//979
f 1143//1143 721//721 1139//1139
f 1081//1081 1111//1111 458//458
f 1143//1143 786//786 787//787
f 468//468 919//919 1084//1084
f 1119//1119 824//824 542//542
f 221//221 612//612 570//570
f 983//983 1068//1068 892//892
f 1160//1160 1147//1147 889//889
f 832//832 879//879 440//440
f 826//826 649//649 1271//1271
f 132//132 53//53 139//139
f 997//997 848//848 935//935
f 540//540 1118//1118 663//663
f 48//48 167//167 1280//1280
f 384//384 678//678 634//634
f 600//600 899//899 922//922
f 646//646 89//89 846//846
f 636//636 613//613 364//364
f 555//555 1005//1005 975//975
f 47//47 166//166 51//51
f 989//989 995//995 863//863
f 249//249 967//967 393//393
f 1081//1081 456//456 915//915
f 1007//1007 203//203 684//684
f 740//740 317//317 483//483
f 781//781 323//323 389//389
f 605//605 960//960 216//216
f 842//842 846//846 89//89
f 211//211 1031//1031 1020//1020
f 101//101 69//69 61//61
f 1227//1227 1279//1279 72//72
f 917//917 319//319 521//521
f 481//481 1140//1140 495//495
f 1012//1012 816//816 206//206
f 558//558 251//251 549//549
f 820//820 821//821 808//808
f 932//932 213//213 723//723
f 998//998 865//865 448//448
f 962//962 341//341 678//678
f 1199//1199 1247//1247 1252//1252
f 687//687 1006//1006 1034//1034
f 100//100 102//102 149//149
f 1092//1092 468//468 1170//1170
f 1004//1004 212//212 1006//1006
f 629//629 1193//1193 902//902
f 1056//1056 283//283 880//880
f 1221//1221 77//77 1215//1215
f 1230//1230 1224//1224 1298//1298
f 450//450 273//273 882//882
f 532//532 1268//1268 792//792
f 1074//1074 710//710 711//711
f 1229//1229 1223//1223 1241//1241
f 230//230 338//338 430//430
f 462//462 525//525 219//219
f 221//221 604//604 265//265
f 1250//1250 1208//1208 173//173
f 46//46 1224//1224 182//182
f 31//31 127//127 54//54
f 1056//1056 1059//1059 1039//1039
f 1244//1244 166//166 171//171
f 1094//1094 470//470 401//401
f 1015//1015 291//291 294//294
f 972//972 906//906 910//910
f 1304//1304 131//131 134//134
f 671//671 330//330 1141//1141
f 1146//1146 1220//1220 1243//1243
f 597//597 606//606 214//214
f 801//801 767//767 695//695
f 325//325 23//23 18//18
f 391//391 34//34 676//676
f 1082//1082 320//320 1097//1097
f 437//437 1283//1283 854//854
f 1186//1186 854//854 1283//1283
f 593//593 224//224 592//592
f 480//480 722//722 256//256
f 1057//1057 1047//1047 267//267
f 764//764 540//540 663//663
f 981//981 1062//1062 1045//1045
f 74//74 46//46 1279//1279
f 1165//1165 1104//1104 900//900
f 135//135 116//116 133//133
f 865//865 846//846 654//654
f 213//213 300//300 725//725
f 1087//1087 749//749 677//677
f 555//555 88//88 535//535
f 1132//1132 1274//1274 825//825
f 1282//1282 127//127 111//111
f 786//786 1139//1139 329//329
f 480//480 908//908 299//299
f 378//378 1273//1273 1261//1261
f 253//253 796//796 829//829
f 887//887 445//445 984//984
f 798//798 91//91 702//702
f 243//243 752//752 287//287
f 696//696 771//771 496//496
f 940//940 428//428 429//429
f 3//3 1192//1192 5//5
f 448//448 976//976 880//880
f 46//46 182//182 181//181
f 1063//1063 657//657 992//992
f 935//935 242//242 515//515
f 1280//1280 192//192 164//164
f 1290//1290 1187//1187 1289//1289
f 430//430 247//247 319//319
f 72//72 180//180 188//188
f 1237//1237 73//73 1218//1218
f 1143//1143 787//787 1069//1069
f 1137//1137 1125//1125 1014//1014
f 584//584 642//642 554//554
f 455//455 1088//1088 1105//1105
f 509//509 788//788 1014//1014
f 502//502 546//546 734//734
f 21//21 1225//1225 18//18
f 1177//1177 392//392 336//336
f 627//627 1181//1181 742//742
f 293//293 788//788 510//510
f 798//798 1069//1069 92//92
f 819//819 1009//1009 1026//1026
f 1091//1091 903//903 476//476
f 232//232 1096//1096 1099//1099
f 64//64 4//4 63//63
f 243//243 553//553 524//524
f 828//828 1030//1030 295//295
f 100//100 95//95 1286//1286
f 626//626 355//355 1261//1261
f 463//463 476//476 1155//1155
f 1288//1288 154//154 61//61
f 308//308 355//355 492//492
f 1221//1221 1215//1215 1228//1228
f 1007//1007 779//779 203//203
f 671//671 915//915 1105//1105
f 244//244 336//336 38//38
f 1049//1049 275//275 893//893
f 686//686 774//774 757//757
f 1046//1046 1054//1054 873//873
f 1203//1203 169//169 160//160
f 706//706 707//707 659//659
f 306//306 901//901 942//942
f 374//374 600//600 571//571
f 226//226 607//607 963//963
f 1024//1024 695//695 767//767
f 378//378 1261//1261 355//355
f 944//944 576//576 227//227
f 919//919 1110//1110 460//460
f 799//799 550//550 543//543
f 891//891 983//983 892//892
f 342//342 465//465 608//608
f 245//245 615//615 409//409
f 26//26 124//124 120//120
f 1007//1007 1132//1132 533//533
f 1025//1025 728//728 473//473
f 1040//1040 865//865 654//654
f 1120//1120 1113//1113 333//333
f 1120//1120 544//544 545//545
f 1085//1085 412//412 959//959
f 563//563 561//561 1013//1013
f 627//627 356//356 1181//1181
f 975//975 890//890 88//88
f 1188//1188 1284//1284 96//96
f 354//354 356//356 1146//1146
f 997//997 714//714 848//848
f 953//953 226//226 419//419
f 962//962 459//459 1091//1091
f 189//189 21//21 22//22
f 1288//1288 61//61 30//30
f 536//536 1134//1134 1115//1115
f 111//111 1005//1005 108//108
f 375//375 350//350 309//309
f 126//126 129//129 140//140
f 653//653 1076//1076 858//858
f 24//24 22//22 5//5
f 707//707 659//659 705//705
f 1212//1212 1215//1215 1226//1226
f 1106//1106 577//577 966//966
f 799//799 543//543 1126//1126
f 202//202 760//760 1043//1043
f 1181//1181 577//577 1106//1106
f 509//509 775//775 788//788
f 342//342 35//35 465//465
f 327//327 731//731 491//491
f 623//623 409//409 246//246
f 1186//1186 63//63 4//4
f 522//522 955//955 407//407
f 518//518 357//357 359//359
f 927//927 1110//1110 1089//1089
f 292//292 1029//1029 509//509
f 1//1 1191//1191 1295//1295
f 1//1 1301//1301 1193//1193
f 627//627 1146//1146 356//356
f 1273//1273 1007//1007 1023//1023
f 161//161 187//187 180//180
f 536//536 1115//1115 818//818
f 43//43 181//181 40//40
f 328//328 526//526 732//732
f 328//328 751//751 733//733
f 161//161 172//172 167//167
f 225//225 606//606 1090//1090
f 1060//1060 197//197 773//773
f 591//591 967//967 362//362
f 275//275 444//444 1065//1065
f 302//302 372//372 353//353
f 6//6 21//21 23//23
f 867//867 282//282 1045//1045
f 15//15 1290//1290 28//28
f 190//190 39//39 186//186
f 213//213 1153//1153 895//895
f 965//965 945//945 431//431
f 748//748 309//309 350//350
f 798//798 702//702 1114//1114
f 414//414 227//227 576//576
f 623//623 371//371 409//409
f 375//375 743//743 484//484
f 1173//1173 236//236 516//516
f 1216//1216 78//78 79//79
f 381//381 679//679 434//434
f 381//381 434//434 1160//1160
f 13//13 25//25 140//140
f 1270//1270 1264//1264 1257//1257
f 753//753 251//251 558//558
f 126//126 140//140 25//25
f 1134//1134 1266//1266 1115//1115
f 1236//1236 172//172 1209//1209
f 996//996 883//883 850//850
f 1081//1081 458//458 403//403
f 74//74 22//22 19//19
f 462//462 907//907 435//435
f 1063//1063 687//687 802//802
f 674//674 489//489 675//675
f 937//937 426//426 957//957
f 862//862 701//701 646//646
f 801//801 552//552 767//767
f 1206//1206 1238//1238 1247//1247
f 1031//1031 204//204 500//500
f 244//244 300//300 347//347
f 814//814 1125//1125 1137//1137
f 174//174 1208//1208 1242//1242
f 1081//1081 403//403 456//456
f 244//244 630//630 357//357
f 402//402 1106//1106 966//966
f 636//636 348//348 241//241
f 148//148 105//105 1286//1286
f 866//866 992//992 1075//1075
f 193//193 137//137 109//109
f 1211//1211 73//73 1246//1246
f 832//832 440//440 280//280
f 522//522 377//377 350//350
f 1133//1133 824//824 1119//1119
f 664//664 451//451 714//714
f 686//686 685//685 877//877
f 1300//1300 1306//1306 1202//1202
f 882//882 978//978 976//976
f 234//234 1138//1138 614//614
f 260//260 603//603 574//574
f 1236//1236 1209//1209 1196//1196
f 806//806 1026//1026 821//821
f 919//919 460//460 1084//1084
f 508//508 507//507 1144//1144
f 783//783 820//820 807//807
f 1//1 1295//1295 1308//1308
f 1074//1074 561//561 1136//1136
f 835//835 821//821 849//849
f 959//959 428//428 574//574
f 969//969 224//224 419//419
f 529//529 1150//1150 670//670
f 509//509 1029//1029 208//208
f 1061//1061 1055//1055 280//280
f 1230//1230 51//51 43//43
f 541//541 1038//1038 658//658
f 464//464 912//912 612//612
f 953//953 465//465 931//931
f 416//416 383//383 700//700
f 59//59 1189//1189 70//70
f 190//190 44//44 349//349
f 125//125 8//8 1285//1285
f 649//649 1042//1042 847//847
f 953//953 592//592 465//465
f 343//343 416//416 945//945
f 1176//1176 616//616 256//256
f 151//151 60//60 102//102
f 545//545 654//654 1113//1113
f 672//672 931//931 35//35
f 954//954 943//943 472//472
f 95//95 97//97 1286//1286
f 1085//1085 1155//1155 1102//1102
f 32//32 911//911 417//417
f 122//122 65//65 26//26
f 399//399 616//616 525//525
f 103//103 97//97 137//137
f 27//27 65//65 122//122
f 579//579 938//938 934//934
f 954//954 262//262 943//943
f 548//548 1259//1259 813//813
f 454//454 1101//1101 1083//1083
f 1024//1024 684//684 203//203
f 818//818 665//665 826//826
f 1260//1260 1270//1270 1275//1275
f 86//86 587//587 709//709
f 763//763 688//688 783//783
f 141//141 1283//1283 124//124
f 448//448 269//269 976//976
f 971//971 970//970 231//231
f 810//810 713//713 716//716
f 80//80 1231//1231 42//42
f 1305//1305 31//31 54//54
f 414//414 607//607 227//227
f 832//832 715//715 85//85
f 268//268 531//531 298//298
f 819//819 807//807 808//808
f 1162//1162 590//590 948//948
f 927//927 407//407 955//955
f 536//536 1257//1257 809//809
f 667//667 700//700 714//714
f 980//980 871//871 276//276
f 1128//1128 1129//1129 1267//1267
f 753//753 233//233 526//526
f 881//881 984//984 1052//1052
f 292//292 1014//1014 1125//1125
f 379//379 361//361 248//248
f 902//902 1301//1301 20//20
f 130//130 1303//1303 55//55
f 341//341 1127//1127 678//678
f 236//236 950//950 516//516
f 746//746 726//726 745//745
f 875//875 1022//1022 876//876
f 534//534 866//866 1075//1075
f 651//651 985//985 845//845
f 670//670 1150//1150 678//678
f 788//788 775//775 514//514
f 207//207 698//698 695//695
f 24//24 19//19 22//22
f 1147//1147 398//398 511//511
f 716//716 713//713 844//844
f 715//715 582//582 90//90
f 245//245 409//409 599//599
f 1230//1230 182//182 1224//1224
f 728//728 1051//1051 744//744
f 415//415 1169//1169 580//580
f 29//29 117//117 17//17
f 685//685 1129//1129 999//999
f 82//82 173//173 41//41
f 1215//1215 78//78 1226//1226
f 404//404 964//964 263//263
f 455//455 595//595 578//578
f 13//13 10//10 150//150
f 50//50 41//41 173//173
f 962//962 949//949 459//459
f 230//230 430//430 580//580
f 805//805 761//761 781//781
f 597//597 214//214 420//420
f 862//862 998//998 283//283
f 272//272 1057//1057 1172//1172
f 306//306 942//942 316//316
f 470//470 1165//1165 896//896
f 266//266 89//89 933//933
f 113//113 1302//1302 106//106
f 996//996 852//852 838//838
f 613//613 351//351 364//364
f 749//749 307//307 1107//1107
f 838//838 869//869 885//885
f 190//190 186//186 44//44
f 546//546 797//797 531//531
f 829//829 699//699 1071//1071
f 225//225 1090//1090 1106//1106
f 380//380 1269//1269 1127//1127
f 1270//1270 1277//1277 1264//1264
f 1172//1172 951//951 1163//1163
f 975//975 157//157 890//890
f 527//527 1256//1256 317//317
f 1168//1168 1158//1158 1095//1095
f 26//26 120//120 28//28
f 30//30 16//16 144//144
f 80//80 1244//1244 1249//1249
f 522//522 407//407 1180//1180
f 802//802 687//687 513//513
f 56//56 1305//1305 54//54
f 543//543 822//822 496//496
f 790//790 768//768 291//291
f 544//544 285//285 697//697
f 100//100 153//153 102//102
f 1207//1207 1201//1201 163//163
f 1046//1046 864//864 1054//1054
f 724//724 681//681 331//331
f 1294//1294 2//2 1309//1309
f 1221//1221 1228//1228 1214//1214
f 832//832 582//582 715//715
f 320//320 491//491 1097//1097
f 48//48 161//161 167//167
f 369//369 192//192 184//184
f 437//437 854//854 711//711
f 674//674 489//489 673//673
f 858//858 640//640 702//702
f 781//781 1037//1037 199//199
f 24//24 1299//1299 1298//1298
f 48//48 187//187 161//161
f 446//446 447//447 888//888
f 108//108 1005//1005 803//803
f 74//74 1279//1279 189//189
f 932//932 1099//1099 1167//1167
f 196//196 139//139 116//116
f 1273//1273 765//765 811//811
f 1231//1231 82//82 41//41
f 103//103 137//137 114//114
f 415//415 580//580 430//430
f 119//119 25//25 1292//1292
f 546//546 531//531 796//796
f 272//272 910//910 472//472
f 379//379 340//340 625//625
f 57//57 55//55 1303//1303
f 1132//1132 684//684 552//552
f 374//374 571//571 390//390
f 113//113 55//55 1302//1302
f 135//135 108//108 116//116
f 1029//1029 1023//1023 208//208
f 1025//1025 1008//1008 441//441
f 50//50 173//173 1208//1208
f 130//130 1075//1075 62//62
f 202//202 1004//1004 866//866
f 581//581 968//968 615//615
f 597//597 458//458 222//222
f 47//47 171//171 166//166
f 888//888 1018//1018 691//691
f 448//448 880//880 283//283
f 500//500 780//780 773//773
f 24//24 1298//1298 19//19
f 1231//1231 41//41 42//42
f 1174//1174 238//238 385//385
f 1111//1111 1090//1090 458//458
f 378//378 484//484 779//779
f 662//662 1122//1122 840//840
f 991//991 1045//1045 1062//1062
f 1100//1100 454//454 459//459
f 390//390 571//571 321//321
f 592//592 468//468 608//608
f 593//593 419//419 224//224
f 148//148 103//103 147//147
f 50//50 162//162 168//168
f 833//833 703//703 452//452
f 105//105 96//96 1284//1284
f 592//592 224//224 423//423
f 1151//1151 679//679 330//330
f 829//829 796//796 638//638
f 74//74 1224//1224 46//46
f 100//100 1286//1286 153//153
f 872//872 647//647 874//874
f 680//680 387//387 720//720
f 969//969 934//934 224//224
f 122//122 1290//1290 1289//1289
f 527//527 317//317 740//740
f 415//415 1083//1083 1169//1169
f 930//930 494//494 735//735
f 1165//1165 929//929 1104//1104
f 522//522 1179//1179 406//406
f 325//325 164//164 520//520
f 781//781 199//199 512//512
f 415//415 430//430 917//917
f 757//757 1256//1256 499//499
f 848//848 1123//1123 242//242
f 1203//1203 1306//1306 1191//1191
f 861//861 209//209 994//994
f 192//192 520//520 164//164
f 157//157 11//11 890//890
f 923//923 869//869 900//900
f 782//782 807//807 819//819
f 513//513 687//687 1034//1034
f 381//381 520//520 679//679
f 694//694 697//697 756//756
f 1276//1276 1266//1266 1134//1134
f 138//138 137//137 97//97
f 870//870 883//883 979//979
f 106//106 1302//1302 195//195
f 200//200 207//207 747//747
f 801//801 695//695 557//557
f 1024//1024 767//767 684//684
f 646//646 856//856 89//89
f 1128//1128 700//700 566//566
f 784//784 501//501 780//780
f 749//749 1148//1148 736//736
f 629//629 609//609 319//319
f 287//287 483//483 754//754
f 1174//1174 385//385 717//717
f 399//399 525//525 435//435
f 150//150 67//67 1285//1285
f 912//912 966//966 612//612
f 286//286 723//723 617//617
f 107//107 193//193 109//109
f 1229//1229 1200//1200 1213//1213
f 145//145 159//159 141//141
f 405//405 215//215 594//594
f 529//529 546//546 796//796
f 638//638 531//531 268//268
f 360//360 357//357 363//363
f 1199//1199 1232//1232 1213//1213
f 369//369 520//520 192//192
f 997//997 906//906 972//972
f 373//373 389//389 388//388
f 101//101 146//146 69//69
f 141//141 159//159 98//98
f 200//200 698//698 207//207
f 271//271 894//894 94//94
f 1072//1072 85//85 665//665
f 132//132 133//133 53//53
f 1174//1174 315//315 519//519
f 958//958 837//837 884//884
f 989//989 863//863 270//270
f 1132//1132 825//825 533//533
f 631//631 1173//1173 526//526
f 727//727 705//705 659//659
f 1128//1128 566//566 344//344
f 232//232 228//228 1096//1096
f 42//42 1281//1281 51//51
f 536//536 1268//1268 1257//1257
f 504//504 772//772 208//208
f 674//674 659//659 489//489
f 59//59 104//104 147//147
f 42//42 51//51 166//166
f 1283//1283 28//28 124//124
f 202//202 534//534 760//760
f 849//849 870//870 836//836
f 1179//1179 608//608 406//406
f 799//799 812//812 1130//1130
f 333//333 266//266 307//307
f 989//989 270//270 436//436
f 332//332 918//918 1142//1142
f 394//394 397//397 246//246
f 468//468 1084//1084 608//608
f 1261//1261 1125//1125 814//814
f 862//862 646//646 998//998
f 312//312 1142//1142 777//777
f 1292//1292 1289//1289 1304//1304
f 753//753 526//526 251//251
f 923//923 958//958 884//884
f 375//375 624//624 1179//1179
f 1273//1273 811//811 1261//1261
f 709//709 94//94 206//206
f 1147//1147 434//434 1149//1149
f 416//416 700//700 667//667
f 676//676 34//34 1247//1247
f 676//676 1238//1238 490//490
f 325//325 381//381 610//610
f 1182//1182 377//377 1180//1180
f 987//987 879//879 974//974
f 326//326 730//730 742//742
f 1188//1188 121//121 1291//1291
f 253//253 223//223 1183//1183
f 1170//1170 1156//1156 896//896
f 462//462 912//912 464//464
f 110//110 1121//1121 113//113
f 1288//1288 12//12 7//7
f 1206//1206 1200//1200 75//75
f 648//648 358//358 228//228
f 178//178 1191//1191 1307//1307
f 360//360 359//359 357//357
f 418//418 236//236 632//632
f 1204//1204 1243//1243 1220//1220
f 709//709 271//271 94//94
f 672//672 1098//1098 931//931
f 6//6 4//4 3//3
f 479//479 1099//1099 1096//1096
f 878//878 94//94 588//588
f 583//583 1114//1114 702//702
f 1239//1239 1241//1241 1249//1249
f 1204//1204 1197//1197 1243//1243
f 764//764 507//507 540//540
f 1074//1074 1136//1136 857//857
f 536//536 1072//1072 1268//1268
f 504//504 1258//1258 1271//1271
f 982//982 450//450 269//269
f 156//156 9//9 10//10
f 946//946 427//427 942//942
f 650//650 858//858 91//91
f 1169//1169 1083//1083 1158//1158
f 844//844 713//713 1001//1001
f 15//15 1187//1187 1290//1290
f 814//814 1137//1137 1124//1124
f 1241//1241 1251//1251 1210//1210
f 1176//1176 482//482 346//346
f 44//44 186//186 76//76
f 1168//1168 1157//1157 1169//1169
f 463//463 1168//1168 1104//1104
f 1059//1059 978//978 288//288
f 6//6 1194//1194 4//4
f 694//694 1003//1003 697//697
f 85//85 704//704 87//87
f 912//912 1109//1109 966//966
f 1212//1212 1214//1214 1228//1228
f 1094//1094 1102//1102 466//466
f 1260//1260 1274//1274 552//552
f 1086//1086 612//612 221//221
f 696//696 754//754 317//317
f 1250//1250 1196//1196 1208//1208
f 33//33 1079//1079 467//467
f 1288//1288 30//30 71//71
f 1272//1272 212//212 800//800
f 154//154 101//101 61//61
f 143//143 11//11 157//157
f 1145//1145 738//738 1164//1164
f 59//59 66//66 62//62
f 938//938 958//958 900//900
f 271//271 439//439 894//894
f 178//178 163//163 1201//1201
f 1235//1235 1200//1200 1210//1210
f 404//404 405//405 964//964
f 1245//1245 1236//1236 1196//1196
f 715//715 90//90 93//93
f 457//457 472//472 910//910
f 301//301 1234//1234 310//310
f 230//230 604//604 338//338
f 255//255 579//579 970//970
f 568//568 947//947 938//938
f 160//160 170//170 1202//1202
f 1046//1046 873//873 1060//1060
f 449//449 70//70 657//657
f 567//567 967//967 240//240
f 961//961 576//576 263//263
f 764//764 683//683 1144//1144
f 1188//1188 96//96 121//121
f 471//471 300//300 1167//1167
f 1170//1170 947//947 1156//1156
f 156//156 144//144 9//9
f 552//552 684//684 767//767
f 1027//1027 285//285 815//815
f 1072//1072 665//665 1268//1268
f 94//94 894//894 588//588
f 219//219 942//942 261//261
f 1152//1152 254//254 614//614
f 532//532 557//557 1257//1257
f 914//914 751//751 1093//1093
f 1041//1041 895//895 229//229
f 354//354 1146//1146 729//729
f 185//185 179//179 72//72
f 1235//1235 177//177 49//49
f 1235//1235 1195//1195 177//177
f 1203//1203 1202//1202 1306//1306
f 998//998 846//846 865//865
f 928//928 485//485 1148//1148
f 712//712 587//587 86//86
f 991//991 995//995 867//867
f 27//27 145//145 65//65
f 1233//1233 1214//1214 1212//1212
f 296//296 497//497 791//791
f 1206//1206 1247//1247 1199//1199
f 938//938 423//423 934//934
f 1004//1004 278//278 212//212
f 449//449 20//20 128//128
f 185//185 1279//1279 46//46
f 731//731 1149//1149 491//491
f 660//660 675//675 489//489
f 1287//1287 16//16 69//69
f 800//800 87//87 704//704
f 211//211 1257//1257 1031//1031
f 664//664 714//714 700//700
f 1155//1155 476//476 1162//1162
f 995//995 780//780 204//204
f 1049//1049 872//872 1067//1067
f 260//260 574//574 259//259
f 716//716 1253//1253 562//562
f 1120//1120 339//339 524//524
f 170//170 51//51 1300//1300
f 781//781 512//512 1068//1068
f 1100//1100 459//459 1089//1089
f 1091//1091 1089//1089 1108//1108
f 1066//1066 498//498 1052//1052
f 50//50 168//168 1281//1281
f 379//379 248//248 233//233
f 833//833 90//90 582//582
f 832//832 665//665 85//85
f 1135//1135 830//830 652//652
f 430//430 338//338 247//247
f 418//418 950//950 236//236
f 999//999 988//988 877//877
f 1085//1085 1104//1104 929//929
f 234//234 614//614 360//360
f 314//314 1078//1078 739//739
f 33//33 741//741 1079//1079
f 1079//1079 432//432 467//467
f 356//356 570//570 577//577
f 541//541 507//507 508//508
f 626//626 814//814 334//334
f 462//462 435//435 525//525
f 71//71 149//149 102//102
f 1091//1091 1108//1108 903//903
f 981//981 282//282 83//83
f 669//669 752//752 517//517
f 30//30 144//144 149//149
f 629//629 49//49 1193//1193
f 158//158 9//9 1287//1287
f 437//437 143//143 28//28
f 990//990 653//653 861//861
f 1296//1296 154//154 7//7
f 1270//1270 801//801 557//557
f 312//312 720//720 1142//1142
f 799//799 1126//1126 1254//1254
f 1296//1296 7//7 1308//1308
f 297//297 692//692 691//691
f 154//154 2//2 101//101
f 213//213 1167//1167 300//300
f 1239//1239 1195//1195 1251//1251
f 1235//1235 1210//1210 1251//1251
f 20//20 7//7 128//128
f 258//258 569//569 570//570
f 160//160 47//47 165//165
f 416//416 667//667 431//431
f 171//171 169//169 1201//1201
f 662//662 535//535 88//88
f 1248//1248 171//171 1201//1201
f 1270//1270 557//557 1277//1277
f 160//160 165//165 170//170
f 532//532 797//797 557//557
f 1294//1294 146//146 2//2
f 1263//1263 647//647 1117//1117
f 982//982 497//497 296//296
f 1053//1053 452//452 1043//1043
f 800//800 212//212 278//278
f 1094//1094 924//924 1102//1102
f 1094//1094 401//401 402//402
f 882//882 273//273 288//288
f 648//648 83//83 84//84
f 1229//1229 1213//1213 1232//1232
f 205//205 1028//1028 289//289
f 1178//1178 34//34 391//391
f 141//141 98//98 1283//1283
f 1221//1221 1214//1214 1246//1246
f 746//746 727//727 659//659
f 15//15 31//31 1293//1293
f 727//727 661//661 705//705
f 525//525 752//752 316//316
f 424//424 939//939 530//530
f 132//132 113//113 106//106
f 1221//1221 1250//1250 82//82
f 682//682 1096//1096 311//311
f 882//882 288//288 978//978
f 498//498 1059//1059 288//288
f 1186//1186 1283//1283 63//63
f 13//13 140//140 10//10
f 759//759 1127//1127 1257//1257
f 870//870 979//979 836//836
f 314//314 516//516 421//421
f 781//781 1068//1068 198//198
f 983//983 198//198 1068//1068
f 461//461 473//473 744//744
f 875//875 876//876 298//298
f 261//261 941//941 412//412
f 671//671 1105//1105 330//330
f 326//326 677//677 736//736
f 784//784 780//780 1048//1048
f 559//559 1030//1030 828//828
f 503//503 294//294 1013//1013
f 983//983 281//281 770//770
f 629//629 319//319 247//247
f 798//798 777//777 1069//1069
f 1176//1176 256//256 722//722
f 838//838 852//852 851//851
f 907//907 948//948 435//435
f 710//710 890//890 711//711
f 1166//1166 393//393 567//567
f 945//945 930//930 735//735
f 318//318 718//718 481//481
f 550//550 539//539 822//822
f 1260//1260 1259//1259 1274//1274
f 331//331 736//736 1148//1148
f 662//662 710//710 857//857
f 962//962 384//384 422//422
f 891//891 439//439 279//279
f 666//666 893//893 645//645
f 961//961 263//263 964//964
f 1037//1037 198//198 768//768
f 343//343 735//735 344//344
f 778//778 512//512 504//504
f 475//475 1165//1165 900//900
f 199//199 775//775 208//208
f 729//729 1146//1146 1243//1243
f 699//699 652//652 267//267
f 550//550 556//556 539//539
f 1037//1037 775//775 199//199
f 475//475 896//896 1165//1165
f 237//237 242//242 527//527
f 514//514 768//768 790//790
f 946//946 326//326 1184//1184
f 597//597 420//420 611//611
f 1211//1211 1246//1246 1214//1214
f 413//413 963//963 414//414
f 56//56 1187//1187 1305//1305
f 587//587 277//277 709//709
f 1292//1292 25//25 17//17
f 1255//1255 84//84 794//794
f 161//161 175//175 1242//1242
f 631//631 236//236 1173//1173
f 174//174 176//176 162//162
f 525//525 616//616 517//517
f 429//429 573//573 569//569
f 155//155 890//890 11//11
f 940//940 429//429 258//258
f 982//982 269//269 1040//1040
f 273//273 690//690 977//977
f 378//378 750//750 484//484
f 243//243 524//524 316//316
f 179//179 175//175 180//180
f 1185//1185 1285//1285 67//67
f 826//826 1258//1258 548//548
f 845//845 985//985 1032//1032
f 627//627 742//742 301//301
f 229//229 933//933 89//89
f 126//126 152//152 129//129
f 1032//1032 985//985 789//789
f 1297//1297 1309//1309 1306//1306
f 667//667 972//972 431//431
f 95//95 152//152 97//97
f 15//15 123//123 31//31
f 1280//1280 167//167 39//39
f 1165//1165 907//907 924//924
f 476//476 903//903 900//900
f 470//470 466//466 1165//1165
f 860//860 1058//1058 1039//1039
f 492//492 491//491 320//320
f 480//480 256//256 590//590
f 112//112 97//97 152//152
f 150//150 10//10 69//69
f 641//641 648//648 228//228
f 694//694 690//690 273//273
f 476//476 900//900 1095//1095
f 1027//1027 553//553 287//287
f 833//833 973//973 90//90
f 833//833 90//90 973//973
f 261//261 942//942 573//573
f 545//545 1040//1040 654//654
f 841//841 1117//1117 658//658
f 290//290 697//697 285//285
f 405//405 231//231 970//970
f 1184//1184 36//36 392//392
f 558//558 1022//1022 295//295
f 450//450 882//882 976//976
f 698//698 565//565 557//557
f 696//696 317//317 771//771
f 77//77 1231//1231 79//79
f 404//404 263//263 578//578
f 1244//1244 42//42 166//166
f 599//599 351//351 218//218
f 148//148 1286//1286 97//97
f 193//193 114//114 137//137
f 1091//1091 453//453 1162//1162
f 1060//1060 873//873 986//986
f 749//749 736//736 677//677
f 598//598 216//216 400//400
f 43//43 168//168 191//191
f 199//199 772//772 512//512
f 453//453 459//459 909//909
f 909//909 459//459 949//949
f 605//605 217//217 359//359
f 1288//1288 71//71 12//12
f 384//384 469//469 422//422
f 1120//1120 524//524 815//815
f 290//290 690//690 756//756
f 77//77 1222//1222 1231//1231
f 543//543 496//496 1126//1126
f 669//669 740//740 483//483
f 1066//1066 1052//1052 1067//1067
f 556//556 1130//1130 708//708
f 266//266 933//933 1107//1107
f 115//115 131//131 52//52
f 666//666 1130//1130 812//812
f 1128//1128 344//344 1129//1129
f 774//774 988//988 639//639
f 161//161 1242//1242 172//172
f 179//179 191//191 162//162
f 881//881 887//887 984//984
f 602//602 261//261 412//412
f 748//748 350//350 377//377
f 666//666 812//812 639//639
f 1165//1165 924//924 1102//1102
f 941//941 573//573 429//429
f 529//529 734//734 546//546
f 189//189 81//81 21//21
f 584//584 554//554 601//601
f 600//600 303//303 921//921
f 388//388 389//389 372//372
f 384//384 493//493 469//469
f 298//298 1021//1021 792//792
f 1010//1010 886//886 690//690
f 239//239 636//636 241//241
f 532//532 1257//1257 1268//1268
f 1105//1105 915//915 456//456
f 301//301 633//633 1217//1217
f 842//842 1113//1113 654//654
f 348//348 619//619 241//241
f 746//746 659//659 707//707
f 739//739 1078//1078 1093//1093
f 914//914 1093//1093 1080//1080
f 313//313 1093//1093 1078//1078
f 739//739 1093//1093 751//751
f 331//331 681//681 36//36
f 629//629 490//490 75//75
f 891//891 281//281 983//983
f 952//952 286//286 655//655
f 1131//1131 1124//1124 817//817
f 962//962 1091//1091 432//432
f 776//776 817//817 1124//1124
f 670//670 678//678 734//734
f 997//997 935//935 906//906
f 1088//1088 478//478 1151//1151
f 759//759 734//734 678//678
f 635//635 365//365 250//250
f 1074//1074 511//511 561//561
f 930//930 1093//1093 494//494
f 175//175 176//176 1242//1242
f 537//537 503//503 1013//1013
f 784//784 1046//1046 501//501
f 502//502 734//734 759//759
f 279//279 277//277 447//447
f 1092//1092 919//919 468//468
f 908//908 37//37 1159//1159
f 64//64 63//63 159//159
f 341//341 380//380 1127//1127
f 560//560 1031//1031 1127//1127
f 143//143 157//157 127//127
f 1031//1031 1257//1257 1127//1127
f 310//310 1220//1220 1146//1146
f 777//777 1142//1142 918//918
f 765//765 1029//1029 292//292
f 1235//1235 49//49 1200//1200
f 645//645 1050//1050 853//853
f 962//962 678//678 384//384
f 686//686 877//877 774//774
f 533//533 1259//1259 548//548
f 766//766 1121//1121 804//804
f 666//666 639//639 999//999
f 1120//1120 815//815 544//544
f 293//293 1014//1014 788//788
f 743//743 203//203 779//779
f 1019//1019 1267//1267 1129//1129
f 344//344 494//494 385//385
f 370//370 362//362 352//352
f 343//343 344//344 383//383
f 1060//1060 773//773 501//501
f 939//939 258//258 570//570
f 344//344 385//385 683//683
f 1291//1291 12//12 60//60
f 954//954 911//911 1159//1159
f 1022//1022 1002//1002 876//876
f 563//563 1136//1136 561//561
f 1103//1103 463//463 1085//1085
f 651//651 701//701 1056//1056
f 347//347 1138//1138 234//234
f 715//715 589//589 85//85
f 1036//1036 1002//1002 1022//1022
f 251//251 367//367 549//549
f 1190//1190 67//67 146//146
f 760//760 766//766 1053//1053
f 823//823 556//556 708//708
f 810//810 559//559 713//713
f 379//379 233//233 719//719
f 870//870 1009//1009 883//883
f 583//583 1062//1062 655//655
f 27//27 142//142 145//145
f 80//80 1223//1223 79//79
f 417//417 457//457 906//906
f 952//952 723//723 286//286
f 22//22 21//21 5//5
f 651//651 1119//1119 1041//1041
f 481//481 495//495 785//785
f 290//290 285//285 1011//1011
f 1041//1041 617//617 895//895
f 1160//1160 854//854 610//610
f 1170//1170 468//468 423//423
f 237//237 740//740 346//346
f 1185//1185 67//67 1190//1190
f 542//542 785//785 495//495
f 816//816 1253//1253 637//637
f 311//311 1096//1096 228//228
f 669//669 483//483 752//752
f 1255//1255 1269//1269 358//358
f 760//760 534//534 766//766
f 1061//1061 879//879 987//987
f 1049//1049 663//663 1118//1118
f 987//987 974//974 859//859
f 462//462 1109//1109 912//912
f 219//219 525//525 316//316
f 500//500 773//773 197//197
f 832//832 582//582 843//843
f 794//794 84//84 755//755
f 1059//1059 789//789 1039//1039
f 787//787 793//793 92//92
f 1072//1072 704//704 85//85
f 598//598 400//400 467//467
f 479//479 1152//1152 1138//1138
f 211//211 1017//1017 1257//1257
f 926//926 265//265 1157//1157
f 32//32 299//299 911//911
f 1060//1060 986//986 197//197
f 518//518 530//530 1175//1175
f 579//579 934//934 969//969
f 662//662 840//840 535//535
f 332//332 335//335 393//393
f 200//200 802//802 698//698
f 941//941 429//429 428//428
f 1198//1198 1252//1252 1205//1205
f 1143//1143 1166//1166 721//721
f 951//951 830//830 549//549
f 1166//1166 918//918 332//332
f 739//739 751//751 732//732
f 716//716 562//562 793//793
f 562//562 92//92 793//793
f 562//562 91//91 92//92
f 798//798 92//92 91//91
f 1203//1203 160//160 1202//1202
f 379//379 625//625 366//366
f 625//625 240//240 366//366
f 213//213 725//725 1153//1153
f 298//298 797//797 1021//1021
f 1//1 1307//1307 1191//1191
f 732//732 1173//1173 516//516
f 663//663 893//893 999//999
f 721//721 719//719 1139//1139
f 196//196 108//108 803//803
f 257//257 427//427 946//946
f 909//909 908//908 480//480
f 944//944 264//264 576//576
f 680//680 635//635 387//387
f 86//86 535//535 840//840
f 333//333 307//307 339//339
f 378//378 355//355 750//750
f 668//668 993//993 1070//1070
f 638//638 796//796 531//531
f 562//562 1253//1253 650//650
f 311//311 358//358 380//380
f 844//844 1001//1001 668//668
f 1171//1171 1161//1161 946//946
f 218//218 368//368 366//366
f 757//757 774//774 1126//1126
f 327//327 334//334 398//398
f 10//10 1287//1287 69//69
f 592//592 423//423 468//468
f 123//123 143//143 127//127
f 193//193 58//58 114//114
f 239//239 1174//1174 519//519
f 381//381 1160//1160 610//610
f 681//681 392//392 36//36
f 455//455 1105//1105 456//456
f 712//712 888//888 447//447
f 997//997 667//667 714//714
f 239//239 519//519 421//421
f 314//314 739//739 732//732
f 631//631 526//526 233//233
f 718//718 396//396 1140//1140
f 156//156 149//149 144//144
f 631//631 233//233 248//248
f 199//199 208//208 772//772
f 368//368 361//361 366//366
f 1229//1229 1216//1216 79//79
f 57//57 1302//1302 55//55
f 56//56 54//54 133//133
f 313//313 315//315 717//717
f 1122//1122 857//857 1136//1136
f 971//971 255//255 970//970
f 1103//1103 265//265 926//926
f 1065//1065 276//276 1050//1050
f 163//163 1307//1307 177//177
f 827//827 201//201 286//286
f 368//368 632//632 361//361
f 237//237 482//482 515//515
f 156//156 10//10 140//140
f 743//743 1024//1024 203//203
f 83//83 282//282 436//436
f 83//83 436//436 84//84
f 325//325 1225//1225 164//164
f 657//657 70//70 1189//1189
f 755//755 84//84 270//270
f 1064//1064 1048//1048 991//991
f 304//304 305//305 323//323
f 308//308 672//672 35//35
f 605//605 359//359 382//382
f 325//325 610//610 23//23
f 347//347 300//300 1138//1138
f 1152//1152 960//960 254//254
f 974//974 85//85 704//704
f 981//981 655//655 1062//1062
f 641//641 834//834 83//83
f 568//568 938//938 255//255
f 211//211 1020//1020 1035//1035
f 550//550 1130//1130 556//556
f 461//461 1008//1008 473//473
f 1206//1206 75//75 1238//1238
f 944//944 905//905 433//433
f 47//47 51//51 165//165
f 794//794 755//755 693//693
f 374//374 337//337 322//322
f 1255//1255 794//794 1269//1269
f 253//253 1183//1183 628//628
f 63//63 1283//1283 98//98
f 1177//1177 518//518 1175//1175
f 544//544 815//815 285//285
f 244//244 347//347 630//630
f 850//850 836//836 868//868
f 471//471 1138//1138 300//300
f 1075//1075 992//992 656//656
f 32//32 482//482 722//722
f 402//402 966//966 1109//1109
f 682//682 33//33 913//913
f 297//297 691//691 1018//1018
f 257//257 530//530 570//570
f 842//842 654//654 846//846
f 928//928 1148//1148 1107//1107
f 648//648 1255//1255 358//358
f 1230//1230 1298//1298 1300//1300
f 1209//1209 1208//1208 1196//1196
f 119//119 1292//1292 134//134
f 375//375 1179//1179 350//350
f 331//331 1148//1148 485//485
f 862//862 283//283 1056//1056
f 244//244 357//357 1177//1177
f 646//646 701//701 856//856
f 304//304 324//324 305//305
f 290//290 756//756 697//697
f 982//982 694//694 450//450
f 544//544 791//791 545//545
f 937//937 957//957 899//899
f 545//545 791//791 497//497
f 765//765 1023//1023 1029//1029
f 148//148 147//147 104//104
f 314//314 1154//1154 1078//1078
f 697//697 1003//1003 791//791
f 858//858 1076//1076 640//640
f 485//485 1153//1153 725//725
f 244//244 724//724 725//725
f 928//928 1153//1153 485//485
f 737//737 683//683 385//385
f 681//681 336//336 392//392
f 657//657 1189//1189 656//656
f 579//579 964//964 970//970
f 593//593 953//953 419//419
f 630//630 363//363 357//357
f 478//478 578//578 1149//1149
f 1207//1207 177//177 1195//1195
f 394//394 581//581 1164//1164
f 1263//1263 845//845 1032//1032
f 971//971 231//231 611//611
f 757//757 771//771 1256//1256
f 555//555 535//535 816//816
f 43//43 40//40 182//182
f 778//778 1042//1042 512//512
f 1263//1263 1032//1032 874//874
f 1263//1263 874//874 647//647
f 1112//1112 972//972 910//910
f 859//859 197//197 986//986
f 298//298 531//531 797//797
f 246//246 409//409 968//968
f 394//394 738//738 397//397
f 737//737 738//738 1144//1144
f 828//828 1022//1022 582//582
f 1143//1143 1069//1069 918//918
f 614//614 382//382 360//360
f 1056//1056 1058//1058 860//860
f 1001//1001 864//864 993//993
f 124//124 28//28 120//120
f 1086//1086 1103//1103 1102//1102
f 1133//1133 651//651 845//845
f 369//369 190//190 349//349
f 962//962 1079//1079 341//341
f 1056//1056 1039//1039 1058//1058
f 110//110 196//196 804//804
f 868//868 836//836 885//885
f 453//453 590//590 1162//1162
f 379//379 366//366 361//361
f 923//923 884//884 869//869
f 1082//1082 1098//1098 320//320
f 753//753 329//329 233//233
f 685//685 999//999 877//877
f 1117//1117 647//647 1118//1118
f 1170//1170 423//423 947//947
f 1063//1063 1006//1006 687//687
f 959//959 574//574 220//220
f 947//947 423//423 938//938
f 279//279 438//438 277//277
f 284//284 1035//1035 974//974
f 424//424 575//575 259//259
f 32//32 417//417 515//515
f 598//598 260//260 575//575
f 462//462 464//464 924//924
f 1091//1091 476//476 925//925
f 1091//1091 925//925 432//432
f 1178//1178 729//729 34//34
f 689//689 762//762 505//505
f 724//724 485//485 725//725
f 205//205 289//289 1011//1011
f 597//597 403//403 458//458
f 374//374 303//303 600//600
f 721//721 340//340 719//719
f 1028//1028 871//871 980//980
f 1065//1065 444//444 276//276
f 391//391 338//338 604//604
f 1027//1027 1011//1011 285//285
f 532//532 792//792 1021//1021
f 878//878 973//973 1053//1053
f 823//823 539//539 556//556
f 584//584 601//601 621//621
f 296//296 791//791 1003//1003
f 275//275 1065//1065 893//893
f 645//645 853//853 839//839
f 86//86 709//709 816//816
f 598//598 424//424 217//217
f 747//747 207//207 748//748
f 457//457 910//910 906//906
f 475//475 1170//1170 896//896
f 717//717 385//385 494//494
f 1064//1064 861//861 994//994
f 32//32 722//722 299//299
f 1276//1276 547//547 1264//1264
f 371//371 364//364 351//351
f 237//237 346//346 482//482
f 107//107 1303//1303 193//193
f 257//257 946//946 1175//1175
f 1027//1027 205//205 1011//1011
f 518//518 359//359 530//530
f 881//881 1052//1052 498//498
f 1090//1090 1181//1181 1106//1106
f 1028//1028 980//980 289//289
f 502//502 797//797 546//546
f 1074//1074 857//857 710//710
f 443//443 977//977 690//690
f 443//443 887//887 977//977
f 694//694 756//756 690//690
f 982//982 1040//1040 497//497
f 450//450 694//694 273//273
f 256//256 948//948 590//590
f 832//832 85//85 703//703
f 479//479 1096//1096 682//682
f 245//245 599//599 352//352
f 1103//1103 926//926 463//463
f 32//32 515//515 482//482
f 957//957 922//922 899//899
f 545//545 497//497 1040//1040
f 875//875 582//582 1022//1022
f 132//132 106//106 52//52
f 828//828 295//295 1022//1022
f 757//757 1126//1126 771//771
f 243//243 316//316 752//752
f 555//555 975//975 88//88
f 480//480 299//299 722//722
f 624//624 750//750 35//35
f 1049//1049 984//984 274//274
f 1252//1252 729//729 1243//1243
f 527//527 1123//1123 1256//1256
f 110//110 804//804 1121//1121
f 824//824 658//658 785//785
f 686//686 757//757 499//499
f 555//555 803//803 1005//1005
f 370//370 591//591 362//362
f 908//908 1159//1159 299//299
f 462//462 602//602 924//924
f 1091//1091 459//459 453//453
f 76//76 1236//1236 1245//1245
f 1077//1077 816//816 209//209
f 451//451 499//499 1123//1123
f 609//609 521//521 319//319
f 187//187 164//164 1225//1225
f 585//585 489//489 643//643
f 954//954 1159//1159 262//262
f 954//954 457//457 911//911
f 451//451 848//848 714//714
f 257//257 1175//1175 530//530
f 664//664 1044//1044 451//451
f 997//997 972//972 667//667
f 829//829 1071//1071 223//223
f 909//909 480//480 590//590
f 343//343 945//945 735//735
f 1046//1046 993//993 864//864