# https://github.com/mikedh/trimesh
v 0.05276100 0.02917200 -0.02889800
v 0.05079900 0.02423100 -0.02447200
v 0.05192600 0.03122100 -0.03226400
v 0.04840400 0.03126100 -0.03448400
v 0.05042700 0.01772200 -0.01235900
v 0.05046700 0.03898400 0.00617500
v 0.06451300 0.02769100 0.00271100
v 0.04928600 0.03779500 0.00814000
v 0.05136400 0.02143400 -0.01734300
v 0.05760700 0.03336500 0.01335400
v 0.06152300 0.01812700 0.01277100
v 0.05051800 0.04224000 -0.01462700
v 0.06322500 0.03174900 0.00003800
v 0.05711100 0.01585600 0.00505200
v 0.06329100 0.02013300 0.01450600
v 0.06167600 0.03452100 0.00377200
v 0.05087200 0.03959200 -0.00567200
v 0.05737300 0.03104600 -0.02082900
v 0.05042400 0.03963300 0.00340400
v 0.05406600 0.03372900 -0.02951100
v 0.05659300 0.02842800 -0.01741600
v 0.05830700 0.03387200 -0.02142700
v 0.05456600 0.02695500 -0.02116400
v 0.05058400 0.04094500 -0.00998900
v 0.05734800 0.03743800 -0.01997600
v 0.05176500 0.02620700 0.01317200
v 0.04989500 0.00830800 0.03523500
v 0.05913100 0.03542100 0.00952600
v 0.05552100 0.01792300 -0.00126000
v 0.03844600 0.01148000 0.03329500
v -0.02809400 0.01021900 -0.03244600
v 0.04518800 -0.01818900 0.00865100
v -0.04191300 0.03759400 -0.00457400
v -0.03187200 0.03195000 -0.01888200
v 0.03364000 -0.02272900 -0.02212000
v 0.04315300 0.03434600 0.02095700
v 0.04841800 -0.00313400 0.00433700
v 0.04992400 0.00525200 -0.00311600
v -0.00511900 -0.04153200 -0.00753900
v 0.00155700 -0.03924200 -0.01159700
v -0.01318100 0.04353800 0.01302200
v 0.00992900 -0.04200300 0.01615100
v -0.04206600 0.01237700 0.01545400
v -0.02418500 0.04419400 -0.00171200
v -0.03057400 0.04524000 0.00179900
v -0.01447200 -0.03111500 0.01793800
v 0.01460300 -0.03985100 0.01340200
v 0.02433900 0.03691200 0.03650400
v -0.05657100 0.02956900 0.01346400
v -0.04669000 0.02517200 -0.00431900
v 0.03248100 -0.02664100 -0.02035900
v 0.01175900 -0.00056300 -0.02947100
v 0.04037500 0.03713900 0.02051200
v -0.00808700 0.04037300 0.00385600
v -0.01828600 0.04422700 0.00400900
v -0.00638100 -0.04075600 -0.00942700
v -0.00200500 -0.04016500 -0.00814000
v -0.05213000 0.01439300 0.00988300
v 0.01404500 -0.04168900 0.01547300
v -0.01077100 -0.02393200 0.02602900
v -0.00540400 -0.01703700 -0.03184800
v -0.06215300 0.02702400 0.01134500
v -0.01477100 -0.02086500 0.02336700
v -0.05092300 0.01651200 0.00850100
v -0.02357300 0.04393900 -0.01179000
v -0.02649000 0.04249900 -0.00872000
v 0.04122100 0.00863600 0.03638400
v -0.06067300 0.01522100 0.00057800
v 0.02348900 -0.00719600 0.02996600
v 0.03091600 0.00860700 0.03359800
v -0.01673200 -0.04572900 0.01107200
v 0.00601300 0.03805400 0.00907000
v -0.04891000 -0.01476900 0.01049200
v -0.04468400 -0.00900400 0.00689700
v 0.04090300 -0.01816400 0.03133000
v -0.05621000 -0.00175600 0.01118800
v 0.02340900 -0.01912600 0.02341400
v -0.01053400 0.00193800 -0.03007600
v -0.00085700 0.04073000 0.00015100
v 0.00027300 0.04191900 -0.00369200
v -0.00557500 0.04547700 -0.00880400
v -0.00206700 0.01812000 -0.03788200
v 0.01419800 0.03451700 -0.03590600
v -0.03930300 0.03190300 0.02052300
v 0.01861000 0.04083600 0.01143600
v -0.05208300 -0.00450900 0.00984300
v 0.00921000 0.04028900 0.00575600
v -0.04980700 -0.02256100 -0.02715900
v -0.05515600 0.02415800 -0.00688600
v -0.06161700 0.02643000 -0.00159200
v -0.03755200 0.02042800 -0.02287500
v 0.02804700 0.01194000 0.03523900
v -0.04508900 0.02204700 -0.01202700
v -0.05908300 0.02808900 -0.00627700
v -0.01453700 0.04487900 -0.00607300
v 0.03326400 0.01644300 0.03458600
v 0.00759500 -0.03881600 -0.01061600
v -0.02514100 0.01276400 -0.03245700
v -0.02631500 0.04619900 0.00256500
v -0.00533400 -0.04310700 0.01351800
v 0.02596500 0.01527600 0.03568000
v -0.06472800 0.01996500 0.00880400
v -0.04939200 0.02174100 -0.00614600
v -0.06060000 0.03027300 -0.00198900
v -0.03154700 0.02181700 -0.02651000
v -0.00869300 0.01248600 -0.03568700
v 0.03818000 -0.02417600 -0.02111300
v 0.04115100 -0.02674300 -0.01752200
v 0.04432700 -0.01949800 -0.01466700
v 0.03536100 -0.02915300 -0.01322300
v 0.01082200 -0.01786500 -0.03003600
v 0.01037000 -0.01354800 -0.02944500
v 0.00462300 -0.01233700 -0.02931000
v 0.00545800 -0.01731000 -0.03126100
v 0.04699600 0.00571900 0.01634800
v 0.04677000 0.01390900 0.01921400
v 0.04683900 0.00478900 0.01341600
v -0.00117400 0.00201100 -0.03136700
v -0.01974800 0.04180600 -0.00392500
v -0.03769100 0.04461700 0.01629300
v 0.04815600 0.02580200 0.03749600
v 0.04622300 -0.01438600 -0.01085300
v -0.04570200 0.02777500 0.01108300
v -0.05663700 0.02377200 0.01377400
v -0.05434700 0.03002500 -0.00636800
v -0.05373800 0.02427100 0.01277500
v -0.05650900 0.01798100 0.01331400
v -0.04899400 0.02001600 -0.00919800
v 0.03197000 0.01297100 0.03499800
v -0.00717200 -0.00112900 -0.03021400
v 0.04162500 -0.02062500 -0.01854300
v 0.03652100 -0.02789900 -0.02003100
v 0.04658800 -0.01398500 -0.00756400
v 0.03623200 -0.02905100 -0.01680700
v 0.01587900 -0.01068900 -0.02858500
v -0.00484600 -0.00099400 -0.03070700
v 0.04810500 -0.00640500 -0.00295500
v -0.00415300 0.00246300 -0.03107100
v 0.03553200 0.03650000 0.02826700
v 0.03627600 0.03504200 0.03507100
v 0.04953400 0.02730500 0.03576000
v -0.05282300 0.02921200 0.01196100
v -0.05352600 0.01659200 0.01205600
v 0.02385400 0.02723900 0.03678100
v -0.00963700 -0.02871600 0.02291500
v -0.03555100 0.02844200 -0.01634800
v -0.01532500 -0.02355300 0.02604700
v -0.00292100 -0.01445200 -0.03091400
v -0.04381700 0.02025700 0.01407300
v -0.04734600 0.02792500 -0.00384500
v -0.05090900 0.03238000 -0.00428600
v -0.03884700 0.02624000 -0.01526500
v -0.05450400 0.00840600 -0.01169500
v 0.01410000 0.00822400 -0.03281800
v -0.01173000 0.04137900 0.00699500
v 0.04656600 0.03258400 0.02557600
v 0.04503400 0.02849300 0.01790800
v 0.02057600 -0.03269000 -0.01724100
v -0.02383900 0.04414700 0.00798000
v -0.01718100 0.04308200 0.01423700
v -0.02962600 0.03521700 -0.01793400
v -0.03920800 0.04244000 -0.00524900
v -0.01811400 0.03606300 -0.03132600
v -0.05579100 0.03611000 0.01179400
v 0.02095500 -0.03433500 -0.01214400
v -0.00937400 0.03095100 -0.03624200
v -0.04432300 0.01120300 0.00815500
v -0.00439700 -0.00902600 -0.02927400
v -0.02639100 0.00639400 0.02002300
v 0.00850300 0.02906900 0.03574900
v -0.00631900 0.01117400 0.03539600
v -0.04102000 0.02546000 -0.01351800
v 0.03051200 -0.03748900 0.00527100
v 0.02802800 -0.00994100 -0.02544100
v 0.02519200 -0.00000200 -0.02855900
v 0.03094500 -0.00596000 -0.02531400
v -0.00530900 -0.04174700 -0.01816000
v -0.00812400 -0.04125100 -0.01599800
v -0.01517200 0.03883000 -0.03158900
v -0.00723400 0.03574900 0.03268700
v -0.01506300 -0.01212200 0.01786800
v 0.01341800 0.00689300 0.03226700
v -0.05823000 -0.00889900 -0.01579400
v 0.03621100 -0.03624900 0.01874000
v -0.05185300 -0.02576200 0.00751700
v -0.00580800 -0.00407100 0.03081600
v -0.01797200 0.01338700 0.03127500
v 0.04204100 0.03933000 -0.00432600
v 0.00466000 0.03725200 -0.00236800
v 0.01541600 0.03902400 -0.03517700
v 0.02783500 0.04164900 0.00719900
v 0.02646400 0.04005600 0.01102100
v -0.02476900 0.03008700 0.01940000
v -0.02570900 0.03268300 0.02681200
v -0.00155300 0.04728200 -0.02481800
v -0.04374400 -0.00803100 -0.03239100
v 0.00207100 0.03333600 0.03809800
v 0.04504500 -0.03038900 0.00177800
v 0.03796400 -0.03208100 -0.00382700
v -0.04515500 0.01325200 -0.02403800
v 0.03416900 -0.03747000 0.00939100
v -0.02140000 0.00535400 0.02707900
v -0.04044800 0.01718600 -0.02434800
v 0.03830700 -0.01918800 -0.02016200
v 0.00539600 0.01356900 0.03359100
v 0.00175000 0.03725200 0.03458300
v -0.04460800 0.04383700 0.01474700
v -0.03439500 -0.01379500 0.01676000
v 0.00478000 -0.04268100 -0.02664800
v 0.04146500 -0.03267900 -0.00072000
v 0.04606600 -0.02218200 -0.01165100
v -0.01651400 0.04334100 -0.02637500
v -0.04871700 0.04535300 0.00543800
v -0.02079800 0.04371600 -0.02077400
v -0.00852100 -0.02645900 -0.03508200
v -0.00377000 -0.02067200 -0.03368200
v 0.03243700 -0.01711700 -0.02226200
v -0.03535000 0.01008700 0.01654100
v 0.04485900 0.00561300 -0.01674900
v -0.03276100 0.00628800 0.01700800
v 0.01690000 -0.02712600 -0.02560600
v -0.00588100 0.03705800 0.02076000
v 0.02593600 -0.03827300 0.01043700
v 0.02045500 -0.03781700 0.00127400
v 0.04344100 -0.02055900 0.01391200
v -0.01220000 0.00123100 0.03542500
v -0.00751500 0.01783900 0.03760500
v -0.02144300 -0.01427300 0.02086500
v 0.02806500 -0.03136300 -0.01088200
v 0.03125500 -0.03809000 0.01354400
v -0.00297200 0.03578900 0.02261200
v 0.00648300 -0.02882200 -0.03298900
v 0.01068000 0.03593200 0.03834200
v -0.01927400 0.00833000 0.03231800
v -0.03985000 0.04023100 -0.00757900
v 0.00025900 0.03761300 0.02819800
v 0.01281300 0.03055000 0.03679200
v -0.00898100 0.02280500 0.03646000
v -0.05829900 0.03867000 0.00472000
v 0.02931900 -0.01821800 -0.02364400
v -0.03706700 0.00567200 0.01673400
v -0.03046400 -0.00588700 0.01788300
v 0.02187700 -0.02965700 -0.02255000
v 0.00587000 -0.03910400 -0.01418600
v -0.00138900 -0.04223200 -0.01909700
v -0.05356700 0.04392100 0.00287900
v 0.01022400 0.03775500 0.03146100
v -0.01886200 -0.00645900 0.02232400
v 0.04052800 -0.03615400 0.01566200
v 0.04522000 -0.03095500 0.00658300
v -0.01916500 0.00120900 0.02925500
v -0.01835900 0.00589800 0.03318600
v 0.01631300 0.02777100 0.03384600
v -0.00718700 -0.01916300 0.02232000
v 0.00576800 -0.02482200 -0.03247900
v 0.00126500 -0.03330300 -0.03507800
v 0.01298100 0.02239300 0.02927400
v -0.05080600 0.04028900 -0.00167500
v 0.04036400 0.00485100 -0.02482200
v 0.01242600 -0.03174200 -0.02706000
v -0.01684200 -0.01628600 0.01923600
v -0.01789900 -0.01952400 0.02202100
v -0.02476900 -0.00813700 0.02002700
v -0.01526300 0.00251000 0.03475400
v -0.02693100 -0.00069800 0.01989900
v 0.01636800 0.02506200 0.03225600
v -0.01674700 0.00957700 0.03448000
v -0.01972200 -0.00969300 0.02074500
v -0.01074900 -0.01778800 0.01845200
v 0.00218000 0.03724100 0.03044000
v 0.02458600 -0.00623000 -0.02719500
v -0.00282200 0.01683600 0.03440400
v -0.00213700 0.02235700 0.03499100
v -0.01692200 -0.00931100 0.01987400
v 0.03203600 0.00317800 -0.02837700
v 0.02780600 -0.01963300 -0.02453700
v 0.02815600 -0.01731400 -0.02556500
v 0.04099800 -0.00011500 -0.02204000
v -0.03155100 0.00062900 0.01732100
v -0.00063100 -0.04366500 -0.02605400
v -0.00043800 -0.04339500 -0.02271400
v 0.00712800 0.03778400 0.03626300
v 0.01891700 -0.03795500 0.00809600
v -0.01101200 -0.01427700 0.01721900
v -0.04149800 0.03879000 -0.00682800
v -0.02392300 0.04110200 -0.01973900
v -0.00054300 0.01267600 0.03386100
v -0.03853000 0.03154200 -0.01275600
v -0.01512500 -0.00440300 0.02579200
v 0.01760400 0.02071200 0.03432700
v -0.01053400 -0.00500400 0.02733400
v -0.04784200 0.01801800 -0.01380300
v -0.01398000 -0.00242700 0.03114800
v -0.04122800 0.01949100 -0.01954600
v -0.02786100 0.03107100 0.01826900
v -0.01085800 -0.00323200 0.03196100
v 0.01577000 -0.02044600 -0.02790600
v -0.05695800 0.04080300 -0.00268500
v 0.02018500 0.03835300 0.02004100
v -0.02723700 -0.01484900 0.01940700
v 0.01158000 -0.03841800 -0.02188300
v 0.01582800 -0.03628900 -0.01888200
v 0.04457500 -0.02655000 -0.01060900
v -0.01675800 0.04607200 -0.01135600
v -0.02177900 0.03934100 -0.02403400
v 0.01243000 0.03807900 0.01953100
v -0.04353900 0.02239700 -0.01486000
v 0.03823400 -0.03636200 0.00629900
v 0.04078700 -0.01422600 -0.01748500
v 0.00493700 -0.03253000 -0.03346700
v 0.00950900 0.02355300 0.02807000
v 0.00455800 0.01778100 0.03069600
v -0.00238100 0.03580800 0.03510800
v -0.04057100 0.04238900 0.00302100
v 0.03453000 0.03850600 0.02194800
v 0.02981900 -0.00132200 -0.02679400
v -0.03470500 -0.00749100 0.01740500
v -0.05005500 0.01213600 -0.01978300
v 0.04733500 -0.02446100 0.00131800
v 0.04675500 -0.02167500 -0.00335600
v -0.03927000 0.02255700 -0.01782500
v -0.00166600 0.03125700 0.03740500
v -0.04482300 0.01814200 -0.01890000
v -0.02001800 0.04559400 -0.01787600
v 0.01009600 0.01392700 0.03361600
v -0.01663800 -0.00124200 0.03033100
v -0.02138500 -0.00261300 0.02317400
v 0.04390400 -0.00983600 -0.01448500
v 0.02182300 -0.01913000 -0.02558000
v 0.00851000 0.02724300 0.02876300
v -0.04647800 0.04226500 0.00144600
v 0.03766500 -0.00485500 -0.02286000
v 0.01770200 -0.03478300 -0.01438600
v 0.00641700 -0.03435600 -0.03041500
v 0.02886300 -0.03383500 -0.00499700
v -0.04996000 0.04404800 0.01102400
v -0.00426600 -0.03790100 -0.03553400
v 0.00211800 0.02903700 0.03621600
v 0.00729600 0.03929000 0.01742000
v -0.00733300 -0.03358700 -0.03573800
v -0.00347100 0.02585000 0.03644900
v 0.04177100 -0.03487100 0.00598200
v 0.01224000 0.02724300 0.02925500
v 0.04228200 -0.00589400 -0.01773700
v 0.02234000 -0.01658800 -0.02649500
v 0.01330900 -0.02769900 -0.02822700
v 0.00905000 -0.03199000 -0.03038200
v -0.04628500 0.04481400 0.00996700
v -0.04466300 0.04527000 0.00524100
v -0.03280900 -0.01187400 0.01805400
v 0.01258700 -0.03724400 -0.01355800
v -0.00559000 -0.04357800 -0.02853000
v 0.00892200 -0.03997900 -0.02561300
v 0.01068300 -0.03632900 -0.02603200
v 0.01577000 0.03853500 0.02591200
v -0.01583900 0.04647700 -0.01807200
v -0.02222400 0.04544800 -0.01432400
v -0.02320800 0.00885500 0.02284200
v -0.01511000 0.04445700 -0.02334900
v -0.05055500 0.04237800 0.01340500
v 0.02439000 0.02053700 0.03638000
v -0.00420400 -0.04114200 0.00204000
v 0.00379900 -0.03989100 0.00640100
v 0.02672300 0.00823500 0.03407200
v -0.05988500 0.03436000 -0.00388500
v -0.05271000 0.03253300 0.01393800
v -0.05097000 0.02292200 -0.00554000
v -0.01123800 -0.03766700 0.02003100
v -0.05654600 0.03512200 -0.00594500
v -0.06507400 0.01316100 0.00802400
v -0.02005400 0.01709200 -0.03320400
v 0.00837500 -0.00979200 -0.02831100
v 0.04586200 0.01823300 0.01793800
v -0.01319600 0.04052600 0.00277300
v -0.02619400 0.04164500 0.00868000
v -0.03146000 0.04163100 0.00590900
v -0.02483400 -0.02257900 0.02077100
v -0.01232100 -0.03518400 0.01754700
v -0.01458500 0.01638800 -0.03500600
v -0.04932600 0.02107700 0.00815100
v -0.05170000 0.01458300 -0.01065200
v -0.00958200 0.04583500 -0.01077600
v -0.05295000 0.03690900 0.01243900
v 0.01353800 0.03827600 0.01627100
v -0.00873600 0.03397400 0.03529000
v -0.04890300 -0.02955800 0.00726900
v -0.01416200 0.03036000 0.03317900
v 0.03293300 -0.03075400 0.02916400
v -0.03661500 0.02385500 0.02023100
v 0.00087900 0.04574000 -0.01932700
v -0.02906000 -0.03482000 -0.02143800
v 0.03749800 0.02630600 -0.03418900
v 0.00361700 0.03855300 -0.00669600
v -0.04694500 0.04071200 0.01718300
v 0.04292300 0.04033300 -0.00098600
v 0.02980100 -0.03596100 0.02550300
v -0.03834700 -0.02083600 0.00881800
v -0.04780600 -0.01488900 -0.03203800
v -0.00937800 -0.03632200 0.01975700
v 0.03645900 -0.00300600 0.03179700
v -0.05749400 -0.01169900 -0.00029000
v -0.05693600 -0.01207400 -0.00794000
v -0.05358800 -0.02459600 -0.01398500
v -0.05701200 -0.01960000 -0.01433500
v 0.04787800 0.02107700 0.01413800
v -0.01273300 0.00594200 -0.03270500
v -0.00235200 0.04316900 -0.00218200
v 0.00548400 0.03265000 -0.03668600
v -0.04444400 0.02831800 0.01587000
v 0.04086700 0.04267700 -0.02392500
v 0.04731000 0.04186000 -0.02570000
v 0.00794900 -0.03353600 0.02499700
v -0.05557200 0.00433700 0.01181200
v -0.04656600 -0.00576600 0.00761900
v -0.01241900 -0.04250200 0.00332000
v 0.00019700 -0.04673500 0.02278000
v -0.01891700 -0.04364000 0.01589200
v -0.00412400 -0.03738700 0.02308200
v -0.06381200 0.00469100 0.00344700
v -0.01606500 -0.04318000 0.01510800
v -0.04317900 -0.02663700 -0.02759600
v -0.03320200 -0.03744100 -0.00827100
v 0.03590100 -0.00233900 0.02938300
v -0.05448500 -0.02144900 -0.01920300
v 0.01112800 0.03172400 -0.03619400
v -0.01209500 0.00415100 -0.03061900
v -0.00473600 0.04334800 -0.00025000
v -0.00744900 0.04424900 -0.00348000
v 0.00061600 0.01553500 -0.03614300
v 0.00994700 0.03799200 -0.03486700
v -0.03882500 -0.01513700 0.00885500
v 0.01994100 0.04161200 0.00316700
v -0.02810500 0.04372000 0.02151800
v -0.05568500 -0.01879100 -0.00968600
v -0.00925000 0.02475600 -0.03799500
v -0.05825200 0.00769200 0.01256700
v 0.00267600 -0.04681600 0.02013600
v 0.00488200 -0.04658200 0.01981200
v -0.02903500 -0.00799400 -0.03211400
v -0.05171800 -0.01605200 0.01262500
v 0.01172300 0.04182800 0.00712300
v -0.03325000 -0.03903800 -0.00412200
v -0.03678700 -0.02816200 -0.03018200
v -0.03232700 -0.02675000 0.01130500
v -0.03734100 -0.02916400 0.01131600
v -0.04851300 -0.00928100 0.00857800
v -0.03796400 -0.01009500 0.01044800
v 0.04837400 0.00039900 0.02165700
v 0.04376200 0.04397900 -0.02200300
v -0.00068900 0.01066300 -0.03496500
v 0.01526700 0.04210500 0.00795400
v 0.03483200 0.03961400 0.00950000
v 0.04707600 0.00064400 0.01581900
v -0.01649900 -0.04422300 0.00557700
v -0.00097700 -0.04584600 0.01915200
v 0.00209300 -0.04392800 0.01642800
v 0.00482000 -0.03700400 0.02659000
v -0.00840800 -0.04165600 0.02341100
v -0.02520300 -0.04410300 0.01322300
v -0.01827800 0.00086200 -0.03055000
v -0.03536100 -0.01315700 -0.03376600
v 0.03252800 -0.00678000 0.02626200
v 0.03443900 0.01205600 0.03317100
v 0.00496600 -0.04000400 0.01076900
v -0.06019500 0.01456800 0.01279300
v -0.06332400 0.01336500 0.01078700
v 0.00330000 -0.04096700 0.01316100
v -0.04593900 0.02353100 -0.00734500
v -0.01477800 0.00966100 -0.03394800
v -0.03467200 0.02403400 -0.02265900
v 0.04728100 -0.01050700 -0.00657200
v 0.04779800 -0.01093300 0.00065800
v -0.03488700 0.04486900 0.01229700
v 0.03121200 0.03684000 0.03057900
v 0.03722800 0.03695300 0.03113000
v 0.01072000 -0.03979300 -0.01101700
v 0.00506800 -0.03891800 -0.00849800
v -0.00354400 -0.04136500 0.00513900
v -0.04923500 0.02774200 0.00969000
v 0.04630700 -0.00347300 0.02221800
v -0.02136300 -0.00639700 -0.03056100
v -0.01130300 -0.04447100 0.00756400
v -0.03703800 -0.03588400 -0.00939400
v -0.06455300 0.01002200 0.00597800
v -0.05253100 -0.01912300 0.01293900
v 0.02909300 -0.00694100 0.02572600
v 0.01151800 0.04046800 0.01368600
v 0.00906100 0.04110900 0.01134900
v -0.02833100 -0.01687700 -0.03363800
v 0.01915000 -0.01324100 0.02855200
v -0.05704500 -0.01089700 -0.00458500
v -0.00851000 0.00993400 -0.03469900
v 0.00062000 0.04240700 -0.00710500
v 0.00681800 0.00995200 -0.03443700
v 0.01628800 0.03136300 -0.03621600
v 0.02721200 0.04062400 -0.02774200
v -0.04797000 0.03473900 0.01653700
v -0.02739400 -0.02452300 0.01734000
v 0.02903500 -0.01445200 0.02474100
v 0.00668000 -0.02739600 0.02200300
v 0.00624600 0.03609200 -0.03496900
v -0.00241400 0.02325700 -0.03824700
v 0.00002200 -0.04266600 0.02794600
v 0.03590800 -0.01264300 0.03165100
v -0.04213200 -0.01406200 0.00775000
v -0.02032000 -0.04500700 0.01262100
v -0.05520400 0.00950400 0.01255200
v -0.04005700 -0.02476000 -0.03180400
v 0.00659200 0.04295100 -0.02392100
v 0.00402200 0.00396500 0.03339800
v -0.02628600 -0.03698900 -0.01452800
v -0.04092500 -0.02548500 0.01125800
v 0.01224000 -0.01532000 0.02923000
v -0.01522700 -0.03653000 -0.03290500
v 0.03036900 0.02383000 -0.03363800
v 0.02380300 0.03364200 -0.03622700
v 0.01267100 0.04058400 -0.03207800
v 0.00655200 0.04328200 -0.03150500
v -0.00625000 0.04384000 -0.01748900
v -0.02658100 0.02622900 0.01699700
v -0.03076700 -0.03579700 -0.01333200
v 0.02129400 0.00200000 0.03214700
v -0.06057100 0.00258000 0.01065600
v -0.03797500 -0.00555900 -0.03258400
v -0.03268800 -0.04104400 -0.00065400
v -0.06370700 0.00251400 0.00771000
v 0.04166500 -0.00992300 0.03267200
v -0.06454500 0.00818400 0.00934000
v -0.01598900 -0.00307600 -0.03024700
v 0.04929700 0.01053200 0.02232000
v 0.02480900 0.03729500 0.01756600
v 0.03764000 0.04319100 -0.01969100
v 0.00031000 0.03819200 0.00195300
v -0.00190000 0.04469000 -0.00738200
v 0.01382600 0.02855900 -0.03527500
v 0.02577100 0.03904900 -0.03149800
v 0.02835300 0.03772200 0.01325600
v -0.03756000 0.03685800 0.02246600
v -0.02859400 -0.03309100 0.01354800
v -0.02227100 0.00876400 -0.03297100
v -0.01686700 -0.03565100 0.01628200
v 0.01119000 -0.02916400 0.02306400
v -0.00635500 0.01689100 -0.03743800
v -0.00457600 -0.04001500 0.02511300
v -0.02653400 -0.02989000 0.01337600
v 0.01568600 -0.02501500 0.02299500
v -0.02483800 -0.04315500 0.00112100
v 0.00840500 -0.01895900 0.02851500
v 0.00903900 0.00340400 0.03100200
v 0.04690900 0.04003400 -0.00702100
v -0.03785500 -0.03818500 -0.00281300
v -0.03300900 -0.01906100 0.01498800
v 0.01640800 -0.01129100 0.02904800
v -0.04995000 0.00538000 -0.02397200
v -0.05047100 -0.00066500 -0.02559800
v 0.02758400 -0.02108800 0.02795700
v -0.00882400 -0.03866600 -0.03418100
v -0.01217500 -0.03989900 -0.03234700
v 0.03799400 0.04040600 -0.00804200
v 0.03046800 0.03252200 -0.03580000
v 0.03196600 0.04161200 0.00180700
v -0.01791800 0.03849100 0.03072900
v 0.01473100 -0.00722500 0.02855200
v 0.00260300 0.04513100 -0.02683400
v -0.00191800 -0.00580700 0.02725400
v 0.03238600 -0.02768400 0.03061200
v -0.02042200 0.01596900 0.02744700
v -0.04187700 -0.01237300 -0.03387200
v 0.03008100 0.02167500 0.03674100
v -0.05317300 0.03688000 -0.00504100
v 0.01181000 0.03887400 0.02150000
v -0.04732100 0.03075000 0.01461200
v -0.00909000 0.04307100 -0.00062500
v 0.03319200 0.02164200 0.03524300
v -0.05066100 0.03691200 0.01558200
v 0.03069400 0.03771800 0.02463900
v 0.03968900 0.02881100 0.03515100
v 0.04189100 0.02576200 0.03711700
v 0.04258400 0.03225300 0.03554900
v 0.04709800 0.03032400 0.03654100
v 0.04749600 -0.00068000 0.01135300
v -0.01507300 -0.04070500 0.01838200
v -0.01479600 0.02302400 -0.03591300
v 0.01212000 -0.01914800 0.02736300
v 0.01938000 0.00795400 0.03333600
v 0.01602500 -0.01646800 0.02817300
v -0.04309800 -0.02925900 0.01292000
v 0.03610500 0.04308200 -0.01025100
v 0.02996800 0.02889400 -0.03476100
v 0.01804900 0.04040600 -0.03198600
v -0.03269200 0.03348900 0.02252800
v 0.04118800 0.01797800 -0.03079800
v -0.01117200 -0.04249500 -0.02935000
v -0.04345200 -0.01743400 0.00838100
v -0.03100000 -0.03084500 -0.02909900
v -0.03926200 -0.00431200 0.01099900
v -0.02985900 -0.02916800 -0.03313500
v -0.05243300 -0.01425900 -0.02830400
v -0.01273300 0.02680200 0.03441800
v -0.01614500 0.02526600 0.03343800
v -0.04007200 -0.03675200 -0.00517600
v -0.05807700 -0.01219800 -0.01846600
v -0.02055700 0.01149100 0.02643700
v -0.05503600 -0.01738300 -0.02364000
v 0.00914800 0.04238900 -0.02906900
v -0.03341400 -0.02678000 -0.03371800
v 0.02972800 -0.02252800 0.03006100
v 0.03253500 0.03825100 -0.03119900
v 0.02406500 0.02449700 -0.03393000
v 0.04453100 0.04224000 -0.01068900
v 0.02119500 0.03729900 -0.03552000
v 0.04316800 0.01832400 -0.03040800
v -0.04108600 0.04232300 0.01875400
v -0.02698600 0.03207000 0.02341100
v -0.02030600 0.02267800 0.02631300
v -0.01620400 0.03561400 0.03247100
v -0.02602300 0.03544300 0.02795400
v -0.00652700 0.04678600 -0.02516400
v -0.03238600 0.02595200 0.01768600
v -0.03614100 -0.01216900 0.01462700
v 0.02146900 -0.03734300 0.03113700
v 0.02042200 -0.02940100 0.02889100
v -0.03018700 -0.02381500 -0.03487800
v -0.06161000 0.02041700 0.01213300
v -0.05235200 0.00724700 0.00899700
v 0.01455900 -0.03867400 0.00206200
v 0.02044400 0.03957800 0.02372000
v -0.00016000 -0.04114200 0.00896400
v 0.00296800 -0.00213100 -0.02950300
v -0.00576800 0.00691500 -0.03310200
v 0.02052500 0.03802100 0.02582800
v -0.03084300 0.04248800 0.01157100
v 0.02316100 0.03711700 0.02840600
v 0.03667000 0.03195700 0.03562500
v 0.03982400 0.02387000 0.03489600
v 0.03469700 0.03023300 0.03383500
v -0.03014700 -0.01882000 0.01853900
v 0.01641900 -0.03655200 -0.00769900
v 0.00683700 -0.03852000 -0.00190900
v 0.02205600 -0.01305900 -0.02766200
v 0.02992800 0.01690200 0.03572700
v -0.05139000 0.01239900 -0.01390900
v -0.02585900 0.03091100 -0.02593000
v 0.03187500 -0.01307000 0.02733400
v -0.04867700 -0.02089500 -0.02946000
v 0.03284900 0.00698800 0.03149800
v -0.03546700 -0.01833100 0.01109700
v -0.02459400 -0.04067900 -0.00430400
v -0.06294500 -0.00193400 0.00713400
v -0.03059500 -0.02360700 0.01319700
v 0.02772600 0.00120900 0.03215400
v 0.03901800 -0.01575700 0.03245300
v -0.05240300 -0.01798500 -0.00225500
v 0.02412300 -0.00055600 0.03213600
v 0.04867000 0.00510300 0.02069400
v -0.03549600 0.04268100 0.02106200
v 0.04487400 0.04386200 -0.01563000
v -0.00282900 0.01309200 -0.03688300
v 0.00517800 0.01800000 -0.03601900
v 0.00575400 0.02184300 -0.03646000
v 0.04890300 0.04321700 -0.02072300
v 0.04365600 0.04361400 -0.01895500
v -0.04378000 0.03259500 0.01819600
v -0.02948300 0.04166700 0.02532100
v -0.02612200 0.03922800 0.02834400
v -0.02327700 0.04162700 0.02781200
v -0.04608800 -0.01944300 0.01145500
v 0.00088600 0.01897700 -0.03879000
v -0.01345100 -0.04431100 0.01693900
v 0.02658100 0.00351300 0.03336500
v -0.03974700 0.03890700 0.02141200
v 0.01230200 -0.02232000 0.02335200
v -0.00567000 -0.04576600 0.02008500
v -0.00910800 -0.04395700 0.02122300
v -0.04842900 -0.02577000 0.01307000
v -0.04848700 -0.02182400 0.01359900
v -0.02505000 -0.02944100 -0.03370700
v 0.02166600 -0.02352400 0.02478200
v -0.00877600 0.03135900 0.03597500
v 0.00546600 0.03982600 -0.01387200
v -0.00202400 0.04305600 -0.01151700
v 0.00170600 0.04241100 -0.01340900
v 0.00414900 0.04340600 -0.01567300
v -0.02170200 0.01964000 0.02579200
v -0.01796100 -0.03981100 -0.02700600
v -0.01894200 -0.03809400 -0.02997700
v -0.02515200 -0.03493300 -0.02462500
v 0.00933400 -0.00926300 0.02727900
v -0.01147100 0.03689100 0.03165100
v -0.01034800 0.04523700 -0.02420900
v -0.02217300 -0.02403400 -0.03483400
v 0.01820200 -0.01752200 0.02438800
v -0.03162400 0.02979100 0.01843700
v -0.05642900 -0.01107200 -0.02202100
v 0.02321200 -0.02478900 0.02766600
v -0.01618900 0.03309100 0.03214300
v 0.03940100 0.04327900 -0.01427300
v -0.04992400 -0.02685300 0.01113700
v 0.02780600 -0.01872200 0.02544500
v -0.04594200 -0.03114400 0.01073300
v -0.04397300 -0.03489200 0.00571500
v -0.03878100 -0.02153300 -0.03385700
v -0.05817900 -0.01548400 -0.01397400
v -0.01540900 -0.04107300 -0.02893100
v 0.02021500 0.02976200 -0.03548700
v 0.02841100 0.03626000 -0.03409400
v 0.03794600 0.01738300 -0.03145000
v 0.02242800 0.04243700 0.00604000
v 0.02445500 0.04253900 0.00391800
v 0.04769300 0.04009900 -0.00125600
v -0.02222000 -0.03807600 -0.02636800
v -0.02438200 -0.03238000 -0.02998500
v -0.05697600 -0.01758000 -0.01766400
v -0.02307700 -0.03613200 -0.02801200
v 0.00326000 0.04646600 -0.02187500
v -0.03602100 0.02982800 0.02000100
v -0.04339700 -0.02074200 -0.03187700
v -0.05180900 -0.00655000 -0.02659000
v -0.00298300 -0.04545600 0.02500000
v 0.00483500 -0.03076900 0.02171900
v 0.03646200 0.00645900 0.03109700
v 0.02484500 -0.00862500 0.02755300
v 0.03594100 -0.02158700 0.03129400
v -0.06148600 -0.00076400 0.00012200
v -0.02887800 -0.03989900 -0.00499700
v -0.06036300 -0.00230600 0.00967200
v -0.01178800 -0.04469000 0.01278200
v -0.01655400 0.00517200 -0.03177900
v 0.01396100 -0.03089300 0.02606100
v -0.06345900 -0.00135500 0.00328700
v 0.02348500 -0.01409400 0.02437000
v -0.05859100 -0.01349600 -0.01091900
v -0.05648000 -0.01663600 0.00300300
v 0.04692000 0.01315000 0.01580100
v 0.00773400 0.02807000 -0.03640200
v 0.01664100 0.03484900 -0.03660600
v 0.01936900 0.03877600 0.01368600
v 0.04755800 -0.00090600 0.02857400
v -0.03098900 0.03888500 0.02601800
v -0.03308200 0.04428500 0.01812000
v -0.02809800 -0.03805700 -0.01001100
v -0.05582000 -0.01370100 -0.00394300
v -0.04134800 -0.00837700 0.00777600
v 0.01610200 -0.03602300 0.02988600
v 0.00066400 -0.04533500 0.02694700
v -0.05819000 -0.01151700 -0.01257800
v -0.06114700 0.00867600 0.01176800
v -0.01144200 -0.00333800 -0.02987200
v -0.00410900 -0.03566500 0.02104800
v -0.05896300 0.03780200 -0.00329100
v -0.04622700 0.02020200 0.00857800
v 0.01472000 0.03939600 0.02298400
v -0.00639500 -0.04350900 0.00914700
v 0.04714200 -0.01784300 -0.00303900
v -0.06179200 0.03149400 0.00133600
v 0.02225700 0.03786800 0.03141000
v -0.06417000 0.02080700 0.00449000
v -0.06146800 0.01171300 0.00240800
v -0.05625400 0.03098000 -0.00714500
v -0.03374900 0.04182800 0.00687500
v 0.04703600 -0.00508500 0.00951800
v 0.04766300 0.01727000 0.02225500
v 0.01701300 -0.01460500 -0.02858800
v 0.04438500 0.02664100 0.03792600
v 0.00363200 -0.00546400 -0.02861700
v 0.04676300 0.02349800 0.02335600
v 0.04508200 0.02159100 0.02111000
v 0.02403200 0.03794100 0.02263000
v 0.04203400 0.02152500 0.03698500
v 0.04182600 0.03468800 0.03273800
v 0.01546400 -0.03717500 -0.01137800
v 0.01169300 -0.03904600 -0.00884800
v 0.01215300 -0.03757200 -0.00727200
v -0.02743400 0.04353800 0.01795600
v 0.04752800 -0.01579400 -0.00198500
v -0.00121400 -0.04213800 0.01432100
v -0.01971100 0.04460200 -0.00920500
v -0.01665600 0.04236700 -0.00384500
v 0.01101900 -0.03880100 0.00454900
v -0.01135800 0.02145300 -0.03730600
v -0.01215300 0.01856800 -0.03562900
v 0.01464300 -0.03759400 -0.00230300
v 0.00956400 0.03848800 0.02707500
v 0.04584400 -0.02759600 -0.00265300
v 0.00399300 0.03734600 0.03286200
v 0.03734800 -0.03786100 0.01447400
v -0.04883400 0.00880700 -0.02310800
v 0.04085600 -0.02950000 -0.00743600
v 0.04093200 -0.02863200 -0.01165900
v 0.03645500 -0.01236600 -0.02042400
v 0.01433000 0.01866700 0.03280700
v -0.00175700 0.03445900 0.03704400
v 0.00818200 -0.04143000 -0.02191900
v 0.02357600 -0.03644600 -0.00201500
v -0.01034400 0.04540500 -0.01687700
v -0.05232000 0.04243700 0.00964600
v 0.01847200 0.01696400 0.03591300
v 0.04263900 -0.03556300 0.01234400
v 0.01496800 0.01629300 0.03503500
v -0.02913300 0.02367700 0.01680700
v -0.05210100 0.00782300 -0.02069400
v -0.00554600 0.02867600 0.03728800
v -0.06006800 0.03939600 -0.00052000
v 0.04749900 -0.02007400 -0.00660100
v -0.00596900 -0.04154300 -0.03184400
v -0.04845100 0.01541100 -0.01897700
v 0.02153800 -0.00887700 -0.02775300
v 0.03567100 -0.02955800 -0.00942400
v 0.01285700 -0.02482200 -0.02933900
v 0.03993300 -0.00933600 -0.01833100
v -0.04057500 0.04575800 0.01050700
v -0.05733300 0.04217800 0.00018400
v -0.05256800 0.04280100 -0.00110700
v 0.03508000 0.03810500 0.02551100
v 0.03816100 0.00574800 -0.02683100
v 0.01477800 -0.03421400 -0.02409200
v 0.03483200 -0.03196500 -0.00539100
v -0.02366800 0.03940300 -0.02215300
v -0.00204600 -0.04128400 -0.03197600
v -0.01520800 -0.01926800 0.01886000
v -0.04056400 0.03308800 -0.01090000
v -0.06402000 0.02607200 0.00894600
v 0.01955500 0.03640900 0.03798100
v -0.05903200 0.01316100 -0.00533300
v -0.01375700 -0.02744000 0.02550700
v -0.03763600 0.03938500 -0.00857000
v 0.04589100 -0.01244300 0.00730900
v 0.04757200 0.00131800 -0.00745800
v 0.01831900 0.00252500 -0.03012300
v -0.01605400 0.04459100 0.00840300
v 0.04161100 0.01460500 0.03696400
v -0.00609300 -0.04074800 -0.00310500
v 0.00102800 -0.04007400 -0.00510700
v 0.03039100 -0.03000700 -0.01719400
v -0.00782500 0.04007400 0.01906800
v -0.00421900 -0.00561000 -0.02921200
v -0.02251900 0.03335000 -0.02906200
v -0.03358900 0.03941700 -0.01106100
v -0.03555800 0.04280800 -0.00675800
v -0.06024600 0.02490200 0.01293500
v -0.03057700 0.04717300 -0.00246700
v 0.00338700 0.03782800 0.02233900
v -0.03075600 0.04322400 -0.00783800
v 0.02139200 0.02269200 0.03631800
v -0.06414800 0.02815100 0.00588000
v -0.03641800 0.03543600 -0.01227100
v -0.05837200 0.01113400 -0.00151500
v -0.02374400 0.03461500 -0.02491600
v -0.01104400 -0.02041000 0.02173700
v -0.03572200 0.02491300 -0.02051900
v 0.00163700 -0.02362900 -0.03373300
v 0.01303900 -0.00559900 -0.02800800
v 0.01819800 -0.00162100 -0.02847900
v -0.02463000 0.04605400 0.00143100
v 0.02657000 0.03056100 0.03677400
v -0.04004300 0.00192300 0.01565500
v 0.01904800 -0.03261700 -0.02212700
v -0.02647200 0.03775500 -0.01960000
v -0.03462800 0.04633800 -0.00346600
v 0.02921400 -0.03021400 -0.01422600
v -0.01884400 -0.02614500 0.02318400
v -0.03597400 0.03184100 -0.01530100
v -0.03244400 0.03588800 -0.01351800
v -0.05244000 0.02572200 0.01021900
v -0.03066100 0.04602100 -0.00474900
v -0.04453900 0.01944000 0.00999200
v -0.01257600 0.03031600 -0.03611800
v -0.04883000 0.01163700 0.00780100
v -0.05335500 0.02003400 -0.00731600
v -0.01734500 0.02986400 -0.03395900
v -0.04450200 0.02910600 -0.00562800
v -0.03125900 0.01311700 -0.03168700
v 0.00632300 0.03893600 0.02620700
v 0.02810500 0.03511100 0.03579300
v -0.02704800 0.03354000 -0.02220400
v -0.03046800 0.01883100 -0.02935000
v -0.02333200 -0.02816500 0.01632200
v -0.05429600 0.01580100 -0.00851900
v -0.05018700 0.02667000 -0.00489500
v -0.04296300 0.01296000 0.01309500
v 0.01939400 -0.00515800 -0.02838800
v 0.02853200 -0.02151100 -0.02249500
v 0.01041700 0.00258000 -0.03070300
v 0.04371100 0.03494400 0.01656700
v 0.04624500 -0.00841000 0.00704300
v 0.00520700 0.00694100 -0.03305800
v 0.04776200 0.00938700 -0.01145100
v -0.03980600 0.01048500 0.01614400
v -0.00556400 0.03955200 0.01434200
v 0.03226500 0.03583000 0.03540300
v 0.03366900 0.03442200 0.03670500
v 0.04548300 0.00920900 0.03783900
v 0.04708700 0.01510800 0.03865900
v 0.04520600 0.01940700 0.03850600
v -0.00922500 0.04151800 0.01586300
v -0.05213400 0.02099300 0.00973000
v -0.04166200 0.03601600 -0.00870900
v -0.02019300 0.02535000 -0.03304800
v -0.02602300 0.04409200 -0.00396900
v 0.00864200 -0.04051500 0.01311000
v 0.04590200 -0.02744700 0.00791400
v 0.00541500 0.03903800 0.01540700
v 0.00416400 0.02685300 0.03172000
v 0.01480000 0.03773700 0.03573100
v 0.04381700 -0.03266100 0.01470700
v 0.04517300 -0.03306200 0.01111500
v 0.02370400 -0.04010700 0.01548400
v 0.00304500 -0.03700000 -0.03211400
v 0.02032400 0.00900800 -0.03153800
v 0.03608700 0.00002400 -0.02539800
v 0.00457600 -0.03985100 -0.02792100
v 0.02518800 -0.01931600 -0.02559800
v -0.01723200 0.04122600 -0.02916400
v -0.00966200 0.00860000 0.03673700
v -0.00796000 -0.01092600 0.01881300
v 0.02470700 -0.03306200 -0.01074700
v 0.00461200 0.03618000 0.03738300
v -0.00532300 0.03611400 0.02900400
v -0.01361500 -0.00726500 0.02163800
v 0.02256600 -0.03520200 -0.00660900
v 0.01760400 0.03816300 0.03090700
v 0.04396600 -0.02754500 0.01386800
v -0.03906600 0.01260300 -0.02877000
v -0.03579100 -0.00116500 0.01654100
v 0.00154200 -0.02858800 -0.03437100
v -0.00355100 -0.02497100 -0.03465500
v 0.04439300 -0.00145300 -0.01517400
v 0.02690500 -0.01561900 -0.02516800
v 0.01315200 0.03329200 0.03814500
v -0.04621600 0.03803600 -0.00061800
v 0.02673400 0.00806000 -0.03031600
v -0.00789800 -0.04368400 -0.02534300
v 0.00766800 -0.03655500 -0.02761800
v -0.00961500 0.04583500 -0.03004700
v 0.02540000 -0.03717500 0.00552900
v -0.00842600 0.03787500 0.02498900
v -0.01344700 -0.00927100 0.01896600
v 0.04746300 -0.02258700 -0.00133300
v 0.00116300 -0.03638700 -0.03375100
v 0.00411300 0.02261200 0.03014500
v 0.00880900 0.01686600 0.03156300
v -0.03866500 0.04461300 0.00704600
v -0.03582800 0.04240000 0.00268900
v 0.03272800 -0.00369500 -0.02607200
v 0.00401800 -0.03856100 -0.03015200
v 0.00461200 -0.04148500 -0.01857200
v 0.01226200 -0.03768500 -0.01694200
v -0.02483100 0.00239700 0.02186500
v -0.01290800 0.04652400 -0.01399200
v 0.03372400 -0.03616900 0.00162400
v -0.05141900 0.03806100 0.01412000
v 0.04616100 -0.02462100 -0.00644800
v -0.01591200 -0.02883600 0.02167900
v 0.02354700 0.03461500 0.03793700
v -0.05978700 0.03265000 0.01054300
v -0.06153700 0.03420700 0.00285700
v -0.02225300 -0.01979700 0.02160200
v 0.00282200 -0.03931200 0.00022800
v -0.03496400 0.01696000 -0.02800500
v -0.02212900 -0.02681200 0.02061800
v 0.02078700 0.03868800 0.03469200
v -0.02685100 0.01819300 -0.03087100
v -0.05930900 0.02935800 0.01255900
v 0.04557000 -0.00476400 -0.01178600
v 0.04498300 0.02947400 0.02235700
v 0.04242400 0.03546100 0.02711900
v -0.02082000 0.04545200 0.00577000
v -0.01815800 0.04505800 0.01106100
v 0.03069000 0.02590100 0.03580400
v 0.03471900 0.02652100 0.03367100
v 0.02748900 0.03721500 0.03351100
v 0.03979800 0.01722700 0.03448400
v 0.04376200 0.01336500 0.03865200
v 0.02557800 -0.02119400 -0.02441700
v -0.01952600 0.04186000 0.01301500
v -0.02944300 0.03911100 -0.01336200
v -0.03586800 0.04509100 -0.00565000
v -0.01274700 0.03753600 -0.03399900
v -0.04483800 0.02478900 -0.01066000
v 0.01997800 0.03335400 0.03831600
v -0.02521000 0.04261900 -0.00555100
v -0.00773000 0.01437500 0.03644200
v 0.00646500 0.03136700 0.03758000
v -0.00991800 0.00514300 0.03739700
v -0.04109700 0.02895600 -0.01335400
v 0.00782500 0.03362700 0.03879000
v -0.00149500 -0.03271900 -0.03565100
v 0.01749500 0.03099500 0.03690900
v 0.00944400 0.02853300 0.03144300
v -0.00383200 -0.02972200 -0.03570900
v 0.01015500 0.01901700 0.02931000
v 0.03340300 -0.00251400 -0.02665200
v -0.02916600 0.00817700 0.01878700
v -0.01023500 -0.04151400 -0.01969500
v -0.00417100 -0.04013200 -0.01317200
v 0.00014200 -0.04036900 -0.01454300
v 0.03521900 -0.00885800 -0.02251700
v -0.04281400 0.02934700 -0.01209600
v -0.01313000 0.04382200 -0.03054600
v -0.02399900 0.04390200 -0.01673800
v -0.02672700 0.04034000 -0.01517700
v -0.01422000 0.04124800 -0.03219800
v 0.03552500 -0.03414100 -0.00112900
v -0.03517900 -0.03282900 -0.01937800
v 0.03905500 -0.03316400 0.01887500
v -0.04726200 -0.03042600 -0.00878200
v 0.01958400 -0.04295400 0.02367700
v -0.05258600 -0.02198100 0.00147900
v -0.04613200 -0.02955400 -0.00338900
v -0.04038200 -0.03703300 0.00902300
v -0.05376300 0.00018000 -0.01958900
v 0.04638000 0.01245400 -0.01608500
v 0.02336100 0.04490900 -0.01307400
v 0.04685800 0.02381500 -0.03083100
v 0.04178200 0.02678000 -0.03374400
v 0.04309100 0.03610300 -0.03366000
v 0.03553600 0.04061300 -0.00076000
v 0.00437900 0.00870200 0.03404700
v 0.01612700 0.04398600 -0.01419700
v -0.02437900 0.01812400 0.02420500
v 0.03837600 0.04114900 0.00385600
v 0.04383800 0.04015400 0.00618900
v -0.01646300 -0.03967600 -0.01408400
v -0.01340000 0.03831600 0.02375000
v 0.02367500 -0.03977800 0.02563500
v -0.04332100 0.00232800 -0.02988300
v 0.00094400 -0.01672700 0.02700900
v -0.00705500 0.00137600 0.03634000
v 0.03271800 -0.03843300 0.01649700
v -0.04366300 -0.03437100 -0.00209100
v 0.03819400 -0.02591900 0.02727900
v 0.02436400 -0.02789200 0.03006900
v -0.01946400 -0.01990300 -0.03329900
v 0.04388200 0.02311200 -0.03260300
v 0.04391100 0.03067400 -0.03467400
v 0.03856600 0.03968700 -0.02792800
v 0.01315900 0.03977800 -0.02393600
v 0.02938900 0.03887100 -0.00258700
v 0.03685600 0.01226400 -0.03020000
v 0.03325700 0.00807500 -0.02952200
v 0.04307600 0.00610600 -0.02138000
v -0.01969300 -0.03912900 -0.01166600
v -0.02060800 -0.02897800 -0.03536600
v -0.00532300 0.04561200 -0.03225600
v 0.00951300 0.03979300 -0.02256500
v -0.01643400 0.02177700 0.03193500
v -0.02243200 0.02797200 0.02042100
v 0.00146600 0.04294000 -0.03338700
v -0.01661200 0.01727000 0.03261700
v -0.00585600 -0.00820900 0.02249200
v -0.04267500 -0.03391900 -0.00837000
v 0.03637800 -0.02905100 0.02729000
v -0.01304600 -0.03162200 -0.03400300
v 0.00516300 0.04453300 -0.01983400
v 0.03512800 0.03413000 -0.03445100
v 0.01951100 0.04373100 -0.01983700
v 0.01001600 0.03848800 -0.00965000
v 0.02732500 0.01468900 -0.03206300
v -0.01771300 0.02960900 0.02980200
v -0.02139200 0.02996600 0.02653200
v -0.00725600 -0.04284500 -0.02164600
v -0.01353800 -0.04069400 -0.01849900
v -0.01062500 0.01483100 0.03695300
v -0.00392000 -0.01914800 0.02637100
v 0.02305100 -0.04200300 0.01848500
v 0.03871600 -0.02638600 0.02368000
v -0.00296400 0.00557300 0.03643800
v -0.00394500 0.00840300 0.03449100
v -0.04774000 -0.02976600 0.00188300
v -0.04160000 0.00860700 -0.02949600
v 0.04082700 -0.02748000 0.01841200
v 0.00297900 -0.00922700 0.02632400
v 0.02712800 -0.04002600 0.01990700
v 0.04189500 -0.02067200 0.02194500
v -0.02801000 -0.03265700 -0.02658300
v 0.02959600 0.04287000 -0.00868700
v 0.03851500 0.03177500 -0.03534100
v 0.04061900 0.03828700 -0.03131600
v 0.02922800 0.04434000 -0.01088600
v 0.01722800 0.04136100 -0.02511300
v -0.03770200 -0.00356800 0.01591400
v 0.04472500 0.01522800 -0.02557600
v 0.04220900 0.01265400 -0.02720300
v -0.02583000 0.01144700 0.01995800
v -0.02643500 0.01507900 0.02157300
v -0.02274100 -0.03796600 -0.02166000
v -0.01707500 -0.04027800 -0.02367300
v -0.02125400 -0.03400600 -0.03038900
v -0.01202200 -0.04220000 -0.02454500
v -0.01042500 0.03785300 0.02814300
v -0.01482900 0.01339400 0.03541800
v -0.03257900 0.02166000 0.01969100
v 0.02883100 -0.02976200 0.03149100
v -0.00091900 -0.00006000 0.03475000
v -0.01029000 0.04207600 -0.03333600
v -0.01379700 0.00876000 0.03688300
v 0.00600200 0.04195900 -0.01853200
v 0.03281200 0.01868500 -0.03280300
v -0.03585300 -0.03337900 -0.01363100
v 0.00309200 0.03660300 0.00961000
v -0.00185200 0.04583800 -0.03048400
v -0.05126900 -0.02598500 -0.01011600
v 0.00588900 -0.01356600 0.02791700
v -0.03981300 -0.03449900 0.01146900
v -0.05081400 -0.02599200 0.00199600
v -0.04035600 -0.03795900 0.00099400
v -0.04258800 -0.00195300 -0.03030900
v -0.05685900 -0.00406400 -0.01274500
v -0.02847300 0.01964800 0.02050500
v 0.04681000 0.02841700 -0.03374400
v 0.02856800 0.03854200 -0.00433700
v 0.02341200 0.04403700 -0.00876700
v 0.01315200 0.04055500 -0.01269800
v 0.01395000 0.04007000 -0.01977900
v 0.01567100 0.04239600 -0.01796300
v 0.02833100 0.04084700 0.00041000
v -0.03018300 0.01849500 0.02134700
v -0.02221600 0.03352900 0.02943400
v -0.00553900 0.04723500 -0.02868700
v -0.00383900 -0.01549100 0.02254300
v 0.01832600 -0.04384800 0.02014000
v 0.02876100 -0.03886000 0.02232800
v 0.03920800 -0.02214900 0.02953600
v -0.03589300 -0.03064100 -0.02591900
v 0.02392600 -0.04226900 0.02183500
v -0.00565900 -0.00210900 0.03391900
v -0.02393000 0.02267000 0.02089500
v -0.00561500 0.00663100 0.03634000
v -0.00161900 0.03609600 0.01607100
v -0.05325700 -0.02186100 0.01117700
v -0.02016400 -0.03107100 -0.03261000
v 0.03449000 -0.03209200 0.02463600
v -0.01204000 -0.02655700 -0.03430900
v -0.00950900 -0.03557800 -0.03569800
v 0.02890000 0.03929000 -0.00613500
v 0.01330500 0.03954100 -0.00226200
v 0.04616100 0.04076700 0.00238300
v 0.04330600 0.01035000 -0.02449300
v -0.05361000 -0.02196300 -0.00931100
v -0.00263300 0.04182800 -0.03397700
v -0.00231200 -0.00936900 0.02273600
v -0.01629900 -0.02864300 -0.03552300
v 0.02517300 -0.03642800 0.02968200
v -0.01097100 -0.04041300 -0.01330000
v 0.00899500 -0.00496100 0.02812900
v 0.00179800 -0.00350900 0.03047300
v -0.05335900 0.00678700 -0.01642400
v -0.01224400 0.01925000 0.03550900
v -0.05617000 -0.00414800 -0.01818200
v -0.05431400 -0.00592300 -0.02319500
v 0.02694900 -0.03304400 0.03134100
v -0.01843200 -0.02575100 -0.03564400
v -0.04505300 0.00875300 -0.02676900
v 0.02330700 0.01307000 -0.03259900
v 0.03729000 0.03920200 -0.00612000
v 0.01960600 0.03891100 -0.00428200
v 0.02017100 0.03923900 -0.00025000
v 0.02182600 0.04164900 -0.02245500
v 0.04176000 0.03416300 -0.03539200
v -0.01798700 0.02586800 0.03053900
v 0.03117200 0.04411400 -0.01394500
v 0.01637200 0.04142700 -0.02150400
v 0.00961900 0.03858200 -0.01464500
v -0.02072900 0.02593700 0.02441300
v -0.03383700 0.01821500 0.02078900
v -0.02387200 0.01381000 0.02364800
v -0.01849400 -0.03904200 -0.01841900
v -0.04818100 -0.00643400 -0.02978000
v -0.05141500 -0.02162000 -0.00657600
v -0.00673500 -0.01330700 0.01983400
v -0.04845100 -0.02488700 -0.00483700
v 0.02180800 -0.04020100 0.02849700
v -0.04907100 -0.02480700 -0.00142400
v -0.02649000 0.02184600 0.01950200
v 0.02202300 -0.03342700 0.03129700
v -0.01951500 0.00866500 0.02983900
v -0.01659000 -0.03117700 -0.03290500
v 0.04700000 0.01628900 -0.01844100
v 0.04713800 0.02129900 -0.02619600
v 0.04596800 0.01565900 -0.02284200
v 0.03737700 0.03530800 -0.03247500
v 0.02235500 0.01925800 -0.03350000
v 0.00828100 0.03807900 0.00022800
v -0.00015300 0.03673000 0.00881100
v 0.04837100 0.03431600 -0.03364900
v -0.03145200 0.01214400 0.01844800
v -0.03146000 0.01481300 0.02015400
v -0.00337600 0.03806100 0.01110100
v 0.01564600 -0.00081100 0.03017100
v -0.05500700 -0.02062100 0.00653600
v -0.00791600 -0.00641200 0.02483600
v 0.03785900 -0.02517200 0.03041500
v -0.00300400 -0.02970800 0.02142300
v -0.03820500 0.01560000 0.01789700
v 0.04530400 -0.00194500 0.03294200
v -0.04024700 -0.02940500 -0.02314400
v 0.04450200 -0.01078400 0.02352700
v -0.04162500 0.00635000 0.01468100
v -0.01835100 -0.03962500 -0.00860000
v 0.01834400 -0.04221800 0.01722300
v -0.00046700 -0.02182800 0.02867900
v -0.00916300 -0.01189600 -0.03014900
v -0.03552100 -0.04165600 0.00244100
v 0.02119500 0.04128100 -0.00613500
v 0.01809300 0.04429600 -0.00927100
v -0.01310800 0.03867400 0.02087600
v -0.02498800 0.04244400 0.02544500
v 0.00386500 -0.02352000 0.02667400
v 0.03878800 0.00214900 0.03289400
v -0.01837700 -0.04258600 -0.00324300
v -0.00209700 -0.02533600 0.02758500
v 0.00558200 -0.04469000 0.02850800
v -0.04910700 -0.02826700 -0.01433500
v -0.06073500 -0.00757500 0.00442800
v -0.04985100 0.00507400 0.00682400
v -0.05958700 -0.00631300 -0.00098600
v -0.01817300 -0.04189700 -0.00579200
v -0.02220900 -0.04043800 -0.00761100
v 0.00248700 -0.02641500 0.02345800
v -0.03354500 -0.03433800 0.01362800
v -0.04195000 0.01712800 0.01688000
v -0.05737000 -0.01316500 0.01029100
v 0.04344800 -0.00465400 0.03400300
v -0.02913300 0.00346200 -0.03212900
v -0.04244600 0.00092400 0.00787000
v -0.01615300 -0.01373700 -0.03106400
v 0.00992900 -0.03866300 0.02926600
v 0.02704400 0.04065000 -0.02533200
v 0.04725100 0.03561400 0.01229000
v 0.04703300 0.03115500 0.01446600
v -0.02645700 -0.03661700 0.01536700
v -0.02212500 -0.04129900 0.01601200
v -0.01485500 0.04089400 0.01635100
v -0.00848800 0.04180900 0.01141400
v 0.04215400 0.00129600 0.03532600
v 0.01901100 0.04494100 -0.01458300
v -0.01040300 0.03918800 0.02191600
v -0.00109800 0.03505300 -0.03554900
v -0.02449500 -0.04416100 0.00394000
v -0.04562100 -0.00016200 0.00628400
v 0.00307700 -0.02031900 0.02776000
v 0.00998300 -0.04303400 0.02962700
v -0.04811900 -0.02772800 -0.01739400
v -0.05891200 -0.00825700 0.00823100
v -0.02264700 -0.01521400 -0.03178200
v -0.01864700 -0.03161100 0.01563000
v 0.04503800 -0.01040400 0.02818000
v 0.01727200 0.04317700 -0.00653200
v 0.01391000 0.04240700 -0.00815800
v 0.03404500 0.03952700 -0.02912800
v 0.00111900 0.02824900 -0.03728800
v 0.04159200 0.03756200 0.00993400
v -0.01488400 -0.04172600 -0.00321800
v -0.01128900 0.04096700 0.01908600
v -0.01985400 0.04260800 0.02504000
v -0.05077000 -0.02376100 -0.02376100
v 0.01353100 -0.04298700 0.01808700
v -0.00710300 -0.02873000 0.02247700
v -0.00478000 0.03779900 -0.03434600
v 0.02090000 -0.00479700 0.03042200
v 0.01284600 -0.03991300 0.03029800
v -0.04725900 0.00778700 0.00631700
v -0.02777700 -0.04268400 0.00058900
v -0.02075800 -0.03663200 0.01607400
v -0.03085800 -0.04338100 0.00441000
v -0.05848200 0.00904800 -0.00405600
v -0.05675700 -0.00632100 0.01029100
v -0.03561300 0.00783000 -0.03147600
v -0.01297300 -0.00760100 -0.02940100
v 0.04922400 0.01262100 -0.00953300
v 0.03219600 0.04043500 -0.02528800
v 0.04251100 0.03750700 0.01414600
v -0.02306200 0.04313700 0.02338500
v 0.00166300 -0.03372200 0.02193400
v -0.03811000 -0.03963600 0.00735600
v -0.00915200 0.03454200 -0.03555200
v -0.00308500 -0.03293100 0.02026000
v -0.04609500 -0.02617400 -0.02399800
v -0.05409500 -0.01124700 0.01090000
v -0.04163600 0.00522300 0.01202300
v -0.02599800 -0.04430700 0.00627000
v 0.04436700 -0.00961000 0.03088200
v 0.00714300 -0.04353800 0.01659200
v 0.03267700 -0.00064400 0.02805200
v -0.03066100 -0.04362900 0.00887700
v -0.05856600 -0.01212200 0.00594500
v 0.01690000 0.01315400 -0.03338300
v 0.02775100 0.04410300 -0.01992500
v 0.01518700 0.02443100 -0.03508600
v -0.01538000 0.04054000 0.02801900
v -0.04020300 -0.00071600 0.01239200
v 0.04742300 0.03802800 -0.03120300
v 0.04792200 0.00263100 0.03275200
v -0.01091300 -0.04160200 -0.00026100
v -0.02061900 0.03988100 0.01508300
v -0.01831100 0.03951200 0.02033300
v -0.04201500 0.02177000 0.01637700
v 0.02029100 -0.04025600 0.01633300
v -0.01146400 -0.04012800 -0.01010900
v -0.01137600 -0.04025200 -0.00650300
v 0.04671200 0.00509200 0.03599400
v 0.00981600 -0.04548800 0.01948000
v -0.01339600 -0.03508200 0.01587400
v -0.03583900 -0.03845100 0.01236600
v 0.01988300 0.03832000 -0.00229200
v -0.05974000 0.00775000 -0.00025300
v -0.05909400 0.00242700 -0.00316300
v -0.05634900 -0.01693900 0.01047000
v -0.05710000 -0.00390700 -0.00508500
v -0.03239700 -0.04168900 0.01133800
v -0.01185000 -0.01973200 -0.03295600
v 0.01679100 0.01658100 -0.03369300
v 0.01351300 0.01957500 -0.03423600
v 0.02352500 0.04397900 -0.02029700
v 0.03032200 0.04225400 -0.02252800
v -0.00374100 0.04031100 0.00531800
v -0.00599100 0.03940300 0.00815100
v 0.01041700 0.01544400 -0.03456400
v 0.00845200 0.01292400 -0.03464500
v 0.02161800 0.04061300 -0.02593400
v -0.00080200 0.03110000 -0.03735000
v 0.03815400 0.03819200 0.01720100
v 0.01395400 0.04046800 0.00260200
v 0.04534100 -0.00693000 0.01538500
v -0.02019300 -0.04561200 0.00773900
v 0.04258100 -0.01746000 0.02892400
v -0.00325200 -0.02115700 0.02853700
v -0.00282900 -0.02782600 0.02393600
v -0.05654600 0.00171600 -0.01119600
v -0.05423400 -0.00819900 0.00965700
v 0.00515600 -0.04728200 0.02364400
v -0.03651000 0.00101500 -0.03162900
v -0.03866100 0.02076300 0.01947300
v -0.04737200 -0.00235400 0.00712300
v -0.00682900 -0.02168200 0.02731900
v 0.03457700 -0.00785600 0.03025800
v 0.01560900 -0.04293600 0.02830000
v -0.05506500 -0.01381000 0.01189200
v -0.05233100 0.00169000 0.00951100
v 0.03924400 -0.00512800 0.03396600
v 0.01150700 0.01103200 -0.03467700
v 0.02011300 0.01599800 -0.03402800
v 0.03110200 0.03745900 0.01957100
v 0.03734100 0.03736100 0.01286600
v -0.02500200 -0.04531700 0.00905900
v -0.01924800 -0.04233100 0.00087000
v -0.00857200 -0.02665600 0.02411800
v -0.01002300 -0.03079800 0.01870300
v 0.04383100 -0.01344200 0.01617600
v -0.02979300 -0.00181000 -0.03219400
v -0.02964000 -0.03913700 0.01437500
v 0.01037000 -0.04609700 0.02597700
v -0.03886500 -0.03316800 -0.01240300
v -0.04398800 -0.03168700 -0.01193600
v -0.04195000 -0.03018900 -0.01692000
v -0.00863100 -0.03264600 0.01943300
v -0.05702000 0.00418000 -0.00792500
v 0.01127000 0.03999400 -0.00486600
v 0.02179000 0.04058100 -0.02950700
v 0.04500200 0.04027100 -0.02855500
v -0.02332500 0.04148100 0.01815300
v -0.02543600 0.04031100 0.01306600
v -0.01749500 0.04103300 0.02403400
v -0.00704800 -0.02541200 0.02743600
v -0.00618000 0.02913100 -0.03768200
v -0.02341600 0.00160600 -0.03124300
v 0.01226200 -0.04601300 0.02307900
v -0.04432700 0.00629500 0.00682000
v -0.04061200 0.02523700 0.01895500
v -0.04257700 0.00929200 0.00927100
v -0.02322300 -0.01038600 -0.03140300
v 0.02863700 -0.00104500 0.02967100
v -0.05786900 0.01939600 -0.00743300
v -0.04321500 0.03096200 -0.00858100
v -0.05731100 0.01089700 -0.00861100
v -0.00910500 -0.02096000 0.02551800
v -0.06037400 0.01962200 -0.00275800
v -0.04071400 0.04024900 -0.00148900
v -0.01126700 -0.02562700 0.02735200
v 0.01867200 -0.03908600 0.01269100
v -0.04813700 0.02352400 -0.00349100
v -0.03099700 0.02798300 -0.02240100
v 0.01318500 -0.03877600 0.00998500
v 0.02666100 -0.02626600 -0.02160200
v 0.04538800 0.02460700 0.01699300
v 0.04686100 -0.00506300 -0.00800200
v -0.01865800 0.04191100 0.00078600
v 0.03011400 0.02991200 0.03472800
v 0.03658300 0.01740900 0.03326600
v 0.04753200 0.03226000 0.03111100
v 0.02387500 -0.03105700 -0.01489300
v 0.02443300 -0.03060800 -0.02002000
v -0.00965900 0.03840700 0.02530300
v 0.04662100 -0.01775900 0.00272900
v 0.02070300 -0.02441300 -0.02428600
v -0.03552900 0.04424500 -0.00026800
v -0.03485800 0.02660500 -0.01769300
v -0.04587700 0.03310200 -0.00374300
v -0.02580100 0.02547100 -0.02892400
v 0.04805000 0.01105000 0.03790100
v 0.04952300 0.03979300 -0.02722400
v 0.05592200 0.02478500 0.01468500
v 0.05413500 0.03740500 0.00753900
v 0.06304700 0.03209900 0.00897900
v 0.05611900 0.02271800 -0.00715900
v 0.05137200 0.01915200 0.01230400
v 0.05871900 0.03734300 -0.00779000
v 0.06507400 0.02846400 0.00620400
v 0.06023200 0.01976100 0.00594200
v 0.05300500 0.00784100 0.02897500
v 0.06299200 0.02914200 -0.00335300
v 0.05350500 0.04123300 -0.01935200
v 0.06332400 0.02420500 0.00350200
v 0.05326800 0.01104600 0.00619300
v 0.06139100 0.02705700 -0.00515000
v 0.05480300 0.03873200 -0.01161900
v 0.05182400 0.04029300 -0.02465800
v 0.05885400 0.02200300 0.00037000
v 0.05450700 0.01400000 0.00210600
v 0.05178700 0.00701400 0.02469800
v 0.04976700 0.00367700 0.02652400
v 0.04985500 0.01122100 0.01218700
v 0.05877000 0.02609400 -0.00946400
v 0.06110700 0.02990400 -0.01144700
v 0.05508000 0.03857900 -0.00844600
v 0.06233900 0.02063600 0.00949300
v 0.06072800 0.01809100 0.01792700
v 0.05955400 0.03622300 -0.00290100
v 0.05884300 0.01685100 0.01282600
v 0.05847800 0.01950900 0.01507900
v 0.06182900 0.03270500 -0.01170600
v 0.05560500 0.03738300 -0.02380400
v 0.05421200 0.03914400 0.00241900
v 0.05714000 0.03853500 -0.01430600
v 0.05062800 0.04050400 -0.00186500
v 0.05629000 0.02521500 -0.01297500
v 0.05422300 0.01322700 0.01006500
v 0.05910200 0.02479600 -0.00259100
v 0.06123800 0.03539900 -0.00823100
v 0.05750800 0.01532300 0.00877800
v 0.05643600 0.01815600 0.01216900
v 0.05312500 0.03158200 0.01392300
v 0.06500100 0.02623600 0.01309900
v 0.06420600 0.02653900 0.01869200
v 0.05763200 0.03733900 0.00301700
v 0.05367600 0.01431700 -0.00270700
v 0.06464000 0.02466800 0.01045200
v 0.06424300 0.02094200 0.01842300
v 0.05203900 0.03563600 0.01104600
v 0.05657100 0.03620900 0.00865800
v 0.05220700 0.01443000 -0.00605800
v 0.05032100 0.01031300 -0.00622200
v 0.05579400 0.02259000 0.03249300
v 0.05847800 0.01749600 0.02237100
v 0.05181600 0.02842000 0.03139600
v 0.06019500 0.01562200 0.02908000
v 0.05801100 0.02182400 0.01876900
v 0.04965800 0.02831800 0.02478500
v 0.04879700 -0.00068400 -0.00054100
v 0.06069100 0.02776400 0.02221800
v 0.05593700 0.01859400 0.03296400
v 0.04951600 0.02086900 0.03779100
v 0.05597300 0.02763300 0.01934100
v 0.05705200 0.03135200 0.01671200
v 0.05524400 0.02587900 0.02217100
v 0.05864900 0.02986800 0.01879800
v 0.05093000 0.02121200 0.02440600
v 0.06064400 0.01645400 0.02384100
v 0.05783300 0.01263600 0.02777500
v 0.05518900 0.01265100 0.03168000
v 0.04937300 0.00445400 0.01087500
v 0.05102900 0.01319400 0.02405200
v 0.05513100 0.02808100 0.02365800
v 0.06079300 0.02489800 0.02649900
v 0.05121500 0.01467100 0.03625300
v 0.05621000 0.02875200 0.02140500
v 0.05696100 0.02789500 0.02589000
v 0.05700500 0.02533200 0.02960900
v 0.06195300 0.03015200 0.01569200
v 0.05056200 0.03121300 0.02725700
v 0.05411000 0.01010900 0.02482500
v 0.05010600 0.00368800 0.00680200
v 0.05198400 0.00884800 0.00139100
v 0.06298100 0.01936700 0.02495700
v 0.05413900 0.02112400 0.02321700
v 0.05458000 0.01479800 0.02444600
v 0.06372100 0.02247700 0.02162800
v 0.06193800 0.02093100 0.02752000
v 0.05202400 0.03669000 -0.02836600
v 0.05535000 0.03890000 -0.00403100
v 0.06054900 0.03549400 -0.01417500
vn 0.77236926 -0.47682409 -0.41962425
vn 0.69976188 -0.62816490 -0.34020901
vn 0.69123322 -0.14971114 -0.70695347
vn 0.31601950 -0.06665243 -0.94640854
vn 0.80394612 -0.48408771 -0.34544135
vn 0.20851641 0.90104169 0.38032193
vn 0.96658111 -0.12223483 -0.22534329
vn 0.12722621 0.82814704 0.54588091
vn 0.75194976 -0.59330763 -0.28732841
vn 0.17588756 0.81726166 0.54876858
vn 0.66874187 -0.74030532 -0.06879204
vn 0.35091480 0.91780147 0.18573977
vn 0.91884589 0.38337058 -0.09353726
vn 0.74607381 -0.61018880 -0.26653985
vn 0.81574615 -0.57247422 -0.08265285
vn 0.72928213 0.68330109 0.03531563
vn 0.12539706 0.99176878 0.02588939
vn 0.82166120 -0.44623682 -0.35460621
vn 0.18392638 0.96428182 0.19060864
vn 0.78928075 0.18626635 -0.58509891
vn 0.76660094 -0.56382337 -0.30728847
vn 0.90950471 0.00536328 -0.41565902
vn 0.76819058 -0.56560604 -0.29995507
vn 0.29119579 0.91963024 0.26360050
vn 0.76833275 0.57625716 -0.27855424
vn -0.02118192 -0.11517125 0.99311979
vn 0.67706536 -0.39766800 0.61922747
vn 0.42107313 0.82111672 0.38531125
vn 0.82541849 -0.45625859 -0.33243408
vn -0.48764887 -0.10689391 0.86647116
vn -0.11207219 0.04925467 -0.99247862
vn 0.96651293 -0.02465281 0.25543102
vn -0.85714946 0.47848692 -0.19064385
vn -0.63008115 0.45270723 -0.63091513
vn 0.13167334 -0.17386587 -0.97592663
vn 0.82633155 0.56221528 -0.03301750
vn 0.96149495 -0.25904582 0.09177543
vn 0.93186679 -0.29789979 -0.20707489
vn 0.14972079 -0.98336552 -0.10283938
vn 0.14096686 -0.98662078 0.08190100
vn 0.21217108 0.92442987 0.31687985
vn 0.18981518 -0.78603271 -0.58832200
vn -0.75111905 -0.18009200 0.63512758
vn 0.46220248 0.77390068 -0.43295104
vn -0.31223346 0.81778901 0.48345776
vn -0.23228271 -0.70679505 0.66819571
vn 0.09481531 -0.87132609 -0.48145706
vn 0.28936444 0.69367915 0.65960402
vn -0.10080472 0.11551946 0.98817694
vn -0.71490862 0.23565262 -0.65831111
vn 0.05578319 -0.57382809 -0.81707378
vn 0.07089283 -0.30832676 -0.94863524
vn 0.46333512 0.87709294 0.12660387
vn -0.09611830 0.92540953 0.36657670
vn 0.44192811 0.81136279 -0.38260942
vn -0.00936771 -0.98480105 -0.17343341
vn 0.18910261 -0.97865011 -0.08052433
vn 0.70479285 -0.02587132 0.70894127
vn 0.04228364 -0.81970703 -0.57122017
vn -0.16693844 0.48688638 0.85736411
vn -0.02613821 0.38363520 -0.92311474
vn -0.70935279 0.22046133 0.66948892
vn 0.01968898 0.83007096 0.55731010
vn 0.52884707 0.01314742 0.84861530
vn -0.48370031 0.86211122 0.15099095
vn -0.11947186 0.98229029 -0.14433387
vn -0.56841586 -0.12732275 0.81282983
vn -0.88240665 -0.19007692 -0.43038270
vn 0.32026886 -0.41295366 0.85258263
vn 0.34411503 -0.34736571 0.87230838
vn 0.10100373 -0.98690409 0.12577186
vn -0.55286142 0.81985051 -0.14896106
vn 0.41143051 0.36256516 0.83622452
vn 0.09670490 0.09842605 0.99043449
vn 0.58092792 -0.35683766 0.73156656
vn 0.02662019 -0.11926500 0.99250553
vn -0.19251366 0.10007310 0.97617819
vn -0.04011940 -0.16607101 -0.98529734
vn 0.64299079 0.66302921 0.38334725
vn 0.67820546 0.67780228 0.28393912
vn 0.18603207 0.98250680 -0.00851229
vn -0.02178169 -0.34545527 -0.93818240
vn -0.13932729 0.13066767 -0.98158742
vn -0.32064929 -0.20061194 0.92570993
vn 0.10021208 0.87759943 0.46880356
vn 0.30356497 -0.02465302 0.95249175
vn -0.49997124 0.83286088 -0.23742685
vn -0.61348654 -0.58475607 -0.53074909
vn 0.14071263 0.10276367 -0.98470279
vn -0.90456128 0.05389934 -0.42292287
vn -0.56189105 0.60485631 -0.56429362
vn 0.02880662 -0.23528617 0.97149915
vn -0.67677305 0.53211960 -0.50875040
vn -0.63705930 0.04680950 -0.76939218
vn -0.17943021 0.90147242 0.39389373
vn 0.38532063 -0.10685420 0.91657525
vn 0.02497728 -0.99693324 -0.07416373
vn -0.14949392 0.12065275 -0.98137377
vn -0.07925980 0.95873725 0.27302157
vn 0.28001212 -0.94198198 -0.18510310
vn -0.01803856 -0.15959049 0.98701848
vn -0.94680190 0.05674604 0.31677444
vn -0.20786878 0.77786196 -0.59306100
vn -0.92331225 0.09845545 -0.37121559
vn -0.50219949 0.48875172 -0.71338449
vn -0.18605152 -0.27031964 -0.94462274
vn 0.39566220 -0.16419267 -0.90359957
vn 0.64586022 -0.56424917 -0.51428343
vn 0.82280916 0.00484627 -0.56829711
vn 0.14559056 -0.98774687 -0.05620947
vn 0.28788309 0.07334924 -0.95485246
vn 0.09749698 0.23036505 -0.96820777
vn 0.07904451 0.31712983 -0.94508234
vn 0.15783756 0.29495186 -0.94238565
vn 0.97581489 0.01374679 -0.21816581
vn 0.95248486 0.17834944 -0.24690902
vn 0.93087080 -0.07844372 0.35682788
vn 0.00239127 -0.33879005 -0.94085896
vn -0.02008449 0.98131630 0.19135027
vn -0.09042507 0.94827866 0.30428752
vn 0.40240124 0.20550723 0.89209866
vn 0.93913751 0.02821020 -0.34238125
vn -0.64747892 -0.48657308 0.58653021
vn 0.04293143 -0.02416632 0.99878570
vn 0.41001398 0.07615421 -0.90889442
vn 0.63590082 -0.01344927 0.77165359
vn 0.08580480 -0.04284128 0.99539046
vn -0.57480828 0.62404729 -0.52930183
vn 0.33889426 -0.20324672 0.91860843
vn -0.09867059 -0.15218329 -0.98341464
vn 0.70061956 0.03988782 -0.71241925
vn 0.12635039 -0.72249418 -0.67973358
vn 0.99121551 -0.04369413 -0.12483044
vn 0.18066266 -0.95167568 -0.24834333
vn 0.09194870 0.10483172 -0.99023015
vn -0.08402242 -0.21830463 -0.97225682
vn 0.99398253 -0.06965699 -0.08453779
vn -0.14598693 -0.28335240 -0.94783925
vn 0.08261524 0.98763176 0.13325998
vn 0.23152572 0.68844626 0.68734096
vn 0.66316359 0.42888605 0.61340917
vn 0.27205759 -0.42861943 0.86155095
vn 0.65052273 -0.04435621 0.75819041
vn -0.05368138 -0.10904448 0.99258632
vn 0.09869458 -0.78787742 0.60787215
vn -0.58855981 0.25512053 -0.76714462
vn -0.26177733 0.25298580 0.93138113
vn 0.05195078 0.34779923 -0.93612863
vn -0.90951740 -0.11869650 0.39835818
vn -0.13929097 0.04134805 -0.98938787
vn 0.35604019 0.18276972 -0.91642273
vn -0.55201526 0.38341793 -0.74045246
vn -0.76929684 0.31468803 -0.55601602
vn 0.17445694 -0.34628525 -0.92176532
vn 0.41581035 0.83529410 -0.35970197
vn 0.60060808 0.71387740 -0.36006803
vn 0.95772724 0.13736016 0.25276615
vn 0.52292492 -0.82778820 -0.20326393
vn -0.35260728 0.77576630 0.52331134
vn -0.29808350 0.62185340 0.72418546
vn -0.62622328 0.57082979 -0.53103461
vn -0.63944685 0.72661390 -0.25127668
vn -0.53309742 0.34380645 -0.77304869
vn -0.51035917 0.44647157 0.73498072
vn 0.40336557 -0.86814883 -0.28916056
vn -0.11491527 0.35986344 -0.92590107
vn -0.44563163 -0.20988070 0.87026579
vn 0.06120638 0.14164178 -0.98802398
vn -0.55301765 0.04841178 0.83176185
vn 0.05466415 -0.82793548 0.55815291
vn 0.36741093 -0.05431400 0.92847143
vn -0.62859643 0.31955959 -0.70904738
vn 0.07383918 -0.98422346 -0.16078541
vn 0.37635214 -0.15659113 -0.91314746
vn 0.16592604 -0.25450247 -0.95273136
vn 0.29920409 -0.30041799 -0.90566326
vn -0.04541989 -0.95499928 0.29310988
vn -0.04543832 -0.97392827 0.22225905
vn -0.58686038 0.28468309 -0.75799105
vn 0.01158951 0.93553531 0.35304302
vn 0.25921322 -0.14518099 0.95484605
vn -0.10697621 -0.26784014 0.95750601
vn -0.98104100 0.17074632 -0.09167468
vn 0.46778894 -0.72967003 0.49875360
vn -0.82120720 -0.56705109 0.06381059
vn -0.00468804 -0.88428115 0.46693134
vn -0.83683226 0.10168256 0.53793348
vn -0.03384459 0.99567970 -0.08646662
vn 0.07989508 0.99067520 0.11036046
vn -0.02019409 0.63870474 -0.76918688
vn 0.11984334 0.95468513 0.27242224
vn 0.12493589 0.82664731 0.54867590
vn -0.54009485 -0.62585707 0.56267263
vn -0.47516417 -0.63245045 0.61173968
vn 0.10000855 0.99480514 0.01900051
vn -0.29835378 0.27378952 -0.91434366
vn -0.11145567 -0.00362887 0.99376278
vn 0.80553069 -0.56551581 -0.17695247
vn 0.22017723 -0.86507758 -0.45073581
vn -0.56827578 0.50093790 -0.65278163
vn 0.11489104 -0.98568991 -0.12335095
vn -0.86349200 0.01613857 0.50410427
vn -0.48600872 0.63390208 -0.60163418
vn 0.43646209 0.13539370 -0.88947703
vn -0.02238890 0.34267130 0.93918854
vn -0.18819368 0.94613506 0.26346080
vn -0.25074325 0.86141839 0.44168561
vn -0.72074003 -0.23601573 0.65179013
vn 0.40594623 -0.81177244 -0.41980133
vn 0.45948939 -0.81088837 -0.36239419
vn 0.91170003 -0.18198322 -0.36835466
vn -0.47890196 0.82340388 -0.30439935
vn -0.16331279 0.98546285 -0.04681775
vn -0.48707690 0.73331712 -0.47434385
vn -0.12281869 0.15231478 -0.98067109
vn 0.03615633 0.32282732 -0.94576701
vn 0.37797132 -0.06222182 -0.92372405
vn -0.19819981 -0.14201697 0.96981855
vn 0.90769710 -0.17884117 -0.37960745
vn -0.27003202 -0.04335684 0.96187468
vn 0.50767377 -0.31495619 -0.80191642
vn 0.54331475 0.81594730 0.19758309
vn 0.06215061 -0.97391221 -0.21824829
vn 0.16131674 -0.97727525 -0.13751365
vn 0.95473788 -0.06812050 0.28954304
vn -0.28710052 -0.49107949 0.82244406
vn 0.14187422 -0.03626922 0.98922002
vn 0.03894484 0.03983217 0.99844714
vn 0.30668357 -0.88453757 -0.35148040
vn 0.11640060 -0.98219128 -0.14748287
vn 0.00985778 0.99994986 -0.00176158
vn 0.44559814 0.01598287 -0.89509041
vn 0.02176619 0.45576839 0.88983223
vn -0.90290269 0.25993775 0.34234353
vn -0.40585997 0.60781419 -0.68252443
vn -0.21457687 0.97621401 0.03103167
vn 0.04896153 -0.58125666 0.81224594
vn -0.21767802 0.08133118 0.97262609
vn -0.73618570 0.57407900 0.35841863
vn 0.60206054 -0.23571074 -0.76286536
vn -0.16289604 -0.01135673 0.98657788
vn -0.28014851 0.03217349 0.95941736
vn 0.42459289 -0.51439531 -0.74506264
vn 0.21932136 -0.95250711 0.21125423
vn 0.02621922 -0.94454376 0.32733719
vn -0.39927807 0.91671176 0.01471643
vn -0.03849826 0.99667900 0.07175557
vn -0.17281478 -0.54100060 0.82307557
vn 0.54512329 -0.71183474 0.44286782
vn 0.89304933 -0.44171754 -0.08572341
vn -0.75684126 -0.35476226 0.54893993
vn -0.74703112 -0.14664368 0.64841356
vn -0.37508857 -0.60363213 0.70351746
vn -0.47359192 0.69636458 0.53924675
vn 0.34212396 0.12393499 -0.93144582
vn 0.27842220 -0.17676546 -0.94405246
vn -0.51057403 0.17697070 0.84142470
vn 0.42210814 0.40249481 -0.81229468
vn 0.65451072 -0.31856702 -0.68566083
vn 0.59820260 -0.37679985 -0.70723088
vn 0.38878251 0.17191880 0.90514755
vn 0.08231300 0.72769524 0.68094362
vn -0.32299714 -0.09316527 0.94180310
vn -0.51016998 -0.37363278 0.77467744
vn -0.51522560 -0.06399908 0.85466175
vn -0.68382472 -0.14772760 0.71453503
vn -0.70816050 0.11468534 0.69667494
vn 0.11099533 -0.23318893 0.96607606
vn -0.30803677 0.50230554 0.80796194
vn 0.01586679 0.99403911 0.10786331
vn 0.25736247 -0.17725845 -0.94991789
vn 0.46407467 -0.06317699 0.88354025
vn 0.45088481 -0.21426654 0.86648297
vn 0.22099143 -0.54109067 0.81140845
vn 0.26117447 -0.32619386 -0.90850727
vn 0.49802749 -0.46325714 -0.73304941
vn 0.57863830 0.18306153 -0.79477431
vn 0.72965034 -0.26613344 -0.62990744
vn -0.34130039 0.00688241 0.93992908
vn 0.11294094 -0.98478110 -0.13210045
vn 0.08261453 -0.97841175 0.18943415
vn -0.08466167 0.91996467 0.38274980
vn 0.08304353 -0.98966947 -0.11686791
vn -0.16491793 0.03258579 0.98576886
vn -0.86999214 0.42120376 -0.25632218
vn -0.70546288 0.54039291 -0.45858220
vn 0.18757413 0.12388546 0.97440666
vn -0.50139748 0.42509163 -0.75358986
vn -0.28764258 -0.82154824 0.49226033
vn -0.55334003 0.28050085 0.78430484
vn -0.18655708 -0.91923749 0.34669712
vn -0.71859200 0.59697025 -0.35672407
vn -0.38532345 -0.75014743 0.53740550
vn -0.47037468 0.71412915 -0.51842763
vn -0.03490708 -0.75539828 0.65433549
vn -0.21310923 -0.80612477 0.55203923
vn 0.42118151 -0.12783397 -0.89792238
vn -0.31589053 0.66284438 -0.67885971
vn 0.07731990 0.94361234 -0.32189654
vn -0.27833204 0.04477495 0.95944071
vn 0.65169262 -0.73043057 -0.20437202
vn 0.53233581 -0.83841886 -0.11692905
vn 0.75339259 -0.60481937 -0.25805645
vn -0.13770206 0.97220348 0.18936347
vn -0.67595596 0.50570377 -0.53604779
vn 0.04344404 0.99357665 -0.10448946
vn -0.61429138 0.64551842 -0.45381943
vn 0.27446648 -0.93545732 -0.22268307
vn 0.63821955 0.07425765 -0.76626471
vn 0.52971176 -0.27768138 -0.80143527
vn 0.01619037 0.03495295 0.99925781
vn 0.21124170 0.35955471 0.90889898
vn -0.22679833 0.88496540 0.40669247
vn 0.08821025 0.84658013 -0.52490097
vn -0.01766145 0.99982521 -0.00613436
vn 0.20857406 -0.29017800 -0.93396659
vn -0.42635497 -0.03825101 0.90374681
vn -0.77729383 0.45517692 -0.43431356
vn 0.98958270 -0.13508943 0.04976876
vn 0.98623546 -0.06480692 -0.15211733
vn -0.56680102 0.61318298 -0.55022108
vn -0.02025478 -0.08783580 0.99592902
vn -0.51900390 0.69990194 -0.49068546
vn -0.29775101 0.90451382 -0.30528525
vn -0.12791511 0.13978131 0.98188539
vn -0.56127610 -0.62551548 0.54194051
vn -0.55201460 -0.39717560 0.73316535
vn 0.79835396 -0.03450847 -0.60119890
vn 0.19296800 -0.32053310 -0.92737365
vn 0.20385388 -0.58074228 0.78815100
vn 0.29833124 0.56453387 -0.76961028
vn 0.55437270 -0.36074748 -0.75002145
vn 0.44034790 -0.87684147 -0.19298383
vn 0.58905265 -0.50619109 -0.62991075
vn 0.25589723 -0.87510498 -0.41074066
vn -0.42043802 0.86560738 0.27194803
vn 0.10647634 -0.41606099 -0.90308141
vn 0.19700632 -0.52898933 0.82544460
vn -0.05576324 0.97551160 0.21276179
vn -0.08782096 0.04128030 -0.99528057
vn 0.16217334 -0.26222275 0.95128284
vn 0.54710540 -0.80981367 -0.21184308
vn -0.35951670 -0.56595883 0.74191532
vn 0.76894931 -0.23560073 -0.59431410
vn 0.22509125 -0.27833392 -0.93373666
vn 0.60278995 -0.25905372 -0.75467572
vn 0.60014063 -0.38425598 -0.70155439
vn -0.13162033 0.97577197 0.17477173
vn 0.09988542 0.93838552 -0.33084062
vn -0.36642436 -0.02624893 0.93007751
vn 0.32136293 -0.92181758 -0.21674461
vn -0.00498430 -0.95314189 -0.30248255
vn 0.62446056 -0.57289861 -0.53088247
vn 0.57641221 -0.44486811 -0.68544973
vn 0.01675877 0.97566057 0.21864490
vn -0.02660995 0.97516899 -0.21985757
vn -0.42500809 0.90273441 0.06662366
vn -0.79122309 0.01728814 0.61128320
vn -0.13177193 0.96422656 -0.23000716
vn -0.63178812 0.54430422 0.55188467
vn -0.07649911 -0.13171278 0.98833174
vn 0.16014442 -0.98219922 -0.09817567
vn 0.18120471 -0.97836939 -0.09979074
vn 0.00063060 -0.23467585 0.97207348
vn -0.81618546 0.21503566 -0.53628440
vn -0.31773876 -0.14705455 0.93670542
vn 0.32596350 0.33674767 -0.88337353
vn -0.48230028 0.45063692 0.75120756
vn -0.23252788 0.33844147 -0.91180489
vn -0.98968378 -0.00392252 0.14321536
vn -0.32426493 0.02510247 -0.94563318
vn 0.04148570 0.15795287 -0.98657480
vn 0.97935590 0.15899908 0.12482511
vn 0.16259926 0.98666729 -0.00701001
vn -0.31332059 0.80575887 0.50257622
vn -0.10692278 0.92839947 0.35586787
vn -0.51874483 -0.19358768 0.83272301
vn -0.67298385 0.34548760 0.65401151
vn -0.24828663 -0.12957696 -0.95998102
vn 0.15476266 -0.15284026 0.97605757
vn -0.65644386 0.44564622 -0.60867142
vn 0.08205896 0.99379622 0.07506925
vn -0.57292724 0.33119969 0.74970737
vn 0.14586096 0.93071148 0.33541127
vn -0.25511460 0.51345877 0.81931473
vn -0.74942037 -0.65802824 0.07326626
vn -0.53104564 0.06629519 0.84474580
vn 0.50114015 -0.56053319 0.65928832
vn 0.01122096 0.04726889 0.99881917
vn 0.03393322 0.91528503 0.40137494
vn -0.36566113 -0.88576661 -0.28584865
vn 0.07644249 -0.24276728 -0.96706804
vn 0.51191258 0.82618382 0.23529940
vn -0.47129660 0.39066125 0.79073592
vn 0.03435743 0.97402498 -0.22381892
vn 0.52585326 -0.68901822 0.49873063
vn -0.18456680 0.13550862 0.97343336
vn -0.48392028 -0.05074343 -0.87363967
vn -0.36837636 0.44457586 0.81648708
vn -0.79145185 0.18062931 0.58393238
vn -0.87577753 -0.43161975 -0.21614372
vn -0.97397373 -0.08649459 0.20950862
vn -0.74798480 -0.66350844 -0.01659184
vn -0.90122993 -0.43154194 0.03944820
vn 0.64242712 -0.00611450 0.76632240
vn -0.03518203 -0.57996194 -0.81388351
vn 0.45136494 0.81959116 0.35290228
vn 0.08541396 0.24735371 -0.96515315
vn -0.76751649 -0.32096866 0.55488518
vn -0.12136790 0.89416711 -0.43096985
vn 0.21187831 0.85307565 -0.47683280
vn -0.33512607 0.56149220 0.75658246
vn 0.28776649 -0.13573142 0.94803346
vn 0.43399633 0.11147592 0.89399122
vn 0.13618480 -0.93956432 -0.31412195
vn -0.16227852 -0.98256963 0.09067858
vn -0.03180300 -0.75951388 0.64971319
vn -0.29714689 0.67165275 0.67866509
vn -0.92728624 0.02668818 -0.37340055
vn -0.07075287 -0.88534801 0.45951379
vn -0.45430967 -0.75497418 -0.47288128
vn -0.25825333 -0.88088492 -0.39666986
vn -0.76157675 0.06751727 0.64454812
vn -0.77285569 -0.56880502 -0.28134487
vn 0.04910239 0.03374627 -0.99822349
vn 0.02633332 -0.47822582 -0.87784202
vn 0.15350314 0.90049398 0.40687515
vn -0.01464548 0.96039442 0.27825899
vn 0.18624270 -0.27255412 -0.94394275
vn -0.07524773 0.42887550 -0.90022419
vn -0.49761705 -0.06772620 0.86474877
vn -0.12128288 0.91221745 -0.39134356
vn -0.01241669 0.97805284 0.20798669
vn -0.82639680 -0.43661385 0.35557935
vn -0.19377353 0.04725446 -0.97990756
vn -0.12000912 -0.16822374 0.97841637
vn -0.05698487 -0.93590651 -0.34760860
vn 0.09547024 -0.89714253 -0.43130120
vn 0.13545258 0.09495870 -0.98622282
vn 0.16259370 0.30737666 0.93759420
vn -0.21971883 0.96133644 -0.16599964
vn -0.26451584 -0.87829975 -0.39827242
vn -0.36576364 -0.76908799 -0.52413799
vn -0.31997207 0.03839457 0.94664868
vn 0.01078552 0.20735132 0.97820709
vn 0.34246778 0.14834497 0.92774436
vn -0.81405143 -0.20519736 0.54333629
vn 0.93486685 -0.32697800 -0.13823661
vn 0.00167437 0.98053677 -0.19632839
vn 0.08146458 -0.39712906 -0.91414005
vn -0.03253965 0.99856725 0.04248074
vn 0.13226624 0.88296116 0.45042783
vn 0.99173642 -0.11575097 -0.05532252
vn 0.13280914 -0.92747868 -0.34949253
vn -0.10027028 -0.88949000 -0.44581769
vn 0.01580863 -0.77059544 -0.63712852
vn -0.29549855 0.55579820 0.77702572
vn -0.56556521 -0.08940542 0.81984307
vn -0.28244260 -0.77303024 0.56802326
vn 0.09911669 -0.15867357 -0.98234341
vn 0.04646530 0.12227632 -0.99140783
vn -0.53636883 -0.02766333 0.84353021
vn 0.25019758 -0.25122730 0.93503263
vn 0.16601101 -0.96668815 -0.19481878
vn -0.31645283 -0.03632446 0.94791252
vn -0.69244238 -0.02132635 0.72115791
vn 0.13823618 -0.89357048 -0.42710955
vn -0.78679086 0.56248791 -0.25410134
vn -0.15001049 -0.25372222 -0.95557411
vn -0.57343903 0.53269063 -0.62242138
vn 0.97673763 -0.04638793 -0.20936036
vn 0.98860466 -0.02841209 0.14782956
vn 0.26447284 0.95456901 -0.13730300
vn 0.09614560 0.98827429 0.11861686
vn 0.13533779 0.97745609 0.16205950
vn -0.02013533 -0.97070554 -0.23942706
vn 0.13699374 -0.99054053 0.00788521
vn 0.23750874 -0.95198654 -0.19316116
vn -0.00573585 -0.51983733 0.85424601
vn 0.94371663 -0.32529242 -0.05986454
vn 0.11857250 0.04650639 -0.99185569
vn 0.13170457 -0.96505364 -0.22655104
vn -0.27174107 -0.84353255 -0.46325979
vn -0.94343309 -0.03056896 -0.33015079
vn -0.38372355 -0.09891221 0.91813540
vn 0.16591455 -0.34170333 0.92504659
vn 0.05105640 0.91277334 0.40526297
vn -0.34246399 0.93527723 0.08930242
vn 0.12601647 0.19615541 -0.97244172
vn 0.33171606 -0.44035572 0.83429688
vn -0.96110345 -0.24917010 -0.11914033
vn -0.05305363 -0.42204800 -0.90501978
vn 0.66797191 0.73829838 0.09342927
vn 0.06469490 -0.31707106 -0.94619264
vn 0.01629551 -0.18050822 -0.98343848
vn 0.05713699 0.97836395 -0.19884502
vn -0.42492513 -0.22394971 0.87708903
vn -0.62972658 -0.59726583 0.49670712
vn -0.44608001 0.09878007 0.88952522
vn -0.01961225 -0.22146930 0.97497011
vn 0.01476543 0.35737640 -0.93384372
vn 0.03987743 0.04498027 -0.99819165
vn -0.33523337 -0.01033429 0.94207844
vn -0.46359667 0.03276203 0.88544044
vn -0.13955271 0.09991614 0.98516080
vn -0.05020690 -0.94757171 0.31557427
vn 0.42819829 -0.11670062 0.89611784
vn -0.44594256 -0.52357237 -0.72595262
vn 0.64968293 0.75455191 0.09253924
vn 0.40360146 -0.26164366 0.87672599
vn -0.29204539 -0.93793088 -0.18706993
vn 0.32305527 0.29432142 0.89944994
vn -0.00395474 -0.10066109 0.99491291
vn -0.40295782 -0.29405564 -0.86669273
vn 0.01099222 -0.18117124 -0.98339013
vn 0.10904828 0.06249443 -0.99207002
vn 0.12898966 0.94306172 -0.30658810
vn 0.29083255 0.81805198 -0.49619289
vn 0.08895521 0.98949957 0.11391917
vn -0.34352436 0.01234294 0.93906265
vn -0.33467048 -0.89390016 -0.29822505
vn -0.18058433 -0.22115758 0.95837290
vn -0.44405763 -0.20788858 0.87154756
vn -0.07716626 0.19918126 -0.97691975
vn -0.23962725 -0.88147058 -0.40692555
vn -0.91109209 -0.18930178 0.36616395
vn 0.28052308 -0.27392981 0.91992894
vn -0.88270376 -0.15042057 0.44520526
vn 0.09370680 -0.02391191 -0.99531264
vn 0.70270942 0.09090920 -0.70564508
vn 0.05948253 0.99789496 0.02583550
vn -0.02389544 0.99308581 -0.11493292
vn 0.56422063 0.77419097 0.28685087
vn 0.45248624 0.89171804 -0.00975377
vn 0.07455018 -0.13184803 -0.98846263
vn 0.15272276 0.84101714 -0.51900475
vn 0.08377699 0.92347372 0.37440313
vn -0.40610011 -0.18487327 0.89493272
vn -0.14984067 0.30589124 0.94020121
vn -0.05998554 -0.11586107 -0.99145244
vn -0.02112515 0.26582156 0.96379076
vn -0.31308535 0.40250226 0.86021479
vn -0.14144476 -0.20660499 -0.96814656
vn -0.39365584 0.39707817 0.82907419
vn -0.36287443 -0.07896824 0.92848595
vn -0.21383684 0.20974398 0.95408661
vn 0.00318034 -0.92562966 -0.37841724
vn 0.03677497 -0.28376531 0.95818832
vn 0.15323757 -0.30867068 0.93874419
vn 0.02691823 0.93362726 0.35723318
vn -0.34452766 -0.88311822 -0.31843824
vn -0.75143210 -0.45127078 0.48135692
vn -0.07712180 -0.03968426 0.99623159
vn -0.69565474 0.24987621 -0.67351790
vn -0.70452893 0.28333809 -0.65066006
vn -0.56143773 0.49472061 0.66335451
vn -0.19408678 -0.57471862 -0.79500241
vn -0.28606796 -0.62940062 -0.72250950
vn 0.04716432 0.77182166 0.63408742
vn 0.06217831 0.09943450 -0.99309951
vn 0.03115727 0.98055709 -0.19374470
vn -0.13653009 0.51191727 0.84811570
vn -0.21907466 -0.10224814 0.97033583
vn 0.38519917 0.90651054 -0.17280118
vn -0.16061739 -0.79871232 0.57987989
vn 0.16655645 -0.15572335 0.97365763
vn -0.76952587 -0.03770127 0.63750180
vn -0.16239119 0.08992119 -0.98262062
vn 0.22434750 -0.04470011 0.97348349
vn 0.34418140 0.35006162 -0.87120378
vn -0.08823487 0.95205562 -0.29292441
vn -0.42670910 -0.58982523 0.68558409
vn -0.17257141 0.86419428 0.47263871
vn 0.46727881 0.01374793 0.88400312
vn -0.61133623 0.11295392 0.78326843
vn -0.03068983 0.99432216 0.10189003
vn -0.31468645 -0.02877733 0.94875935
vn -0.51611354 0.07836451 0.85292779
vn 0.12563726 0.55950569 0.81924884
vn 0.41818234 0.59712439 0.68451881
vn 0.95171181 -0.19381169 0.23807911
vn -0.45771694 -0.12347805 0.88048190
vn -0.39191191 -0.01716768 -0.91984256
vn 0.31854192 -0.61401541 0.72216073
vn -0.11416291 -0.25819871 0.95932281
vn 0.35846990 -0.56007978 0.74686677
vn 0.01453356 -0.16271008 0.98656688
vn 0.13133329 0.88557436 0.44554419
vn 0.01080762 -0.24763018 -0.96879435
vn 0.07672075 0.94607841 -0.31472141
vn -0.25684532 -0.56550840 0.78372873
vn 0.22466013 -0.43061627 -0.87412668
vn -0.25228519 -0.90732489 -0.33632384
vn 0.29145814 0.31170981 0.90437224
vn -0.25394340 -0.87899657 -0.40358120
vn -0.85460967 -0.23652340 0.46227589
vn -0.20926456 -0.65295026 -0.72791778
vn -0.73289211 -0.03061032 -0.67965591
vn -0.40788958 0.04089668 0.91211488
vn -0.55016542 -0.07175136 0.83196740
vn -0.43917152 -0.85302147 -0.28192686
vn -0.96534808 -0.00735502 -0.26086202
vn -0.83033912 0.00207346 0.55725457
vn -0.84159814 -0.29382186 -0.45319012
vn 0.50133612 0.86017705 0.09358167
vn -0.25825067 -0.47111716 -0.84341876
vn -0.33614827 0.23433821 0.91218964
vn 0.11053969 0.74041684 -0.66299614
vn 0.07503230 -0.17344581 -0.98198101
vn 0.08078402 0.91228685 0.40150548
vn 0.16371323 0.56034020 -0.81192170
vn 0.51741156 -0.47458183 -0.71207960
vn -0.30856165 0.68312587 0.66191295
vn -0.30592624 -0.90405030 0.29849990
vn -0.83241581 0.17838026 0.52465647
vn -0.30182176 0.25397425 0.91891278
vn -0.46984857 -0.24377033 0.84842109
vn -0.23398733 0.95315790 0.19167666
vn 0.34041423 0.02024462 0.94005761
vn -0.86608478 -0.23676608 0.44027149
vn 0.11848494 -0.34040017 0.93278563
vn -0.43122814 0.45435495 0.77948950
vn -0.05023746 -0.07481289 -0.99593134
vn -0.52946228 0.00746535 0.84830063
vn 0.63811794 -0.08402738 0.76533973
vn 0.08893283 -0.99230437 -0.08615674
vn 0.23238345 0.96067317 0.15200324
vn 0.26257349 -0.95530137 -0.13584719
vn 0.07306986 -0.30290096 -0.95021672
vn -0.04711997 -0.45992337 -0.88670751
vn 0.18489485 0.93613726 0.29910020
vn 0.43121021 0.82212366 -0.37171284
vn 0.09832208 0.99451583 0.03565167
vn 0.00161041 -0.21012235 0.97767377
vn -0.51558930 -0.06463831 0.85439426
vn -0.00469906 -0.42818224 0.90368019
vn -0.54537551 -0.24176620 0.80256754
vn 0.26194707 -0.96177699 -0.07980451
vn 0.15711541 -0.98605268 -0.05490774
vn 0.27891231 -0.11662173 -0.95320895
vn 0.16608948 -0.12723536 0.97786781
vn -0.83395723 0.46153046 -0.30249789
vn -0.70454089 0.42682728 -0.56695732
vn -0.73591524 0.23753262 0.63404023
vn -0.53122947 -0.42140443 -0.73499221
vn 0.30453364 -0.39699563 0.86582546
vn -0.70992518 -0.24993192 0.65843775
vn -0.13035678 -0.95194215 -0.27715203
vn -0.87344113 -0.30135264 0.38247507
vn -0.63178877 -0.42017672 0.65137890
vn 0.41739853 -0.41511899 0.80836544
vn 0.01729136 -0.11743620 0.99292988
vn -0.83685898 -0.54115657 -0.08256277
vn -0.03177702 -0.27680081 0.96040176
vn 0.93218843 -0.07102432 -0.35493701
vn -0.28195274 0.75676794 0.58974989
vn 0.06971423 0.98913766 0.12940868
vn 0.12497073 -0.30767269 -0.94324961
vn 0.26704791 -0.24453267 -0.93214226
vn 0.25197260 -0.05434538 -0.96620722
vn 0.29878640 0.94399976 -0.13996831
vn -0.01696555 0.99955922 0.02436279
vn -0.52384957 -0.22518387 0.82150706
vn -0.30350304 0.69401129 0.65286617
vn -0.35617014 0.22844014 0.90606729
vn -0.10945186 0.75377532 0.64795298
vn 0.45108606 0.40294732 0.79633839
vn 0.14818906 -0.34779585 -0.92578510
vn -0.46235775 -0.82740389 0.31879164
vn 0.06783070 -0.24595866 0.96690400
vn -0.45810352 0.19313189 0.86766424
vn 0.19327742 -0.47830885 0.85665891
vn -0.16036058 -0.98623989 -0.04019169
vn -0.48237743 -0.68089682 0.55108215
vn -0.34183080 -0.32937225 0.88015091
vn 0.10184128 0.11685605 0.98791347
vn -0.14587764 -0.54398265 -0.82631870
vn -0.45727228 0.50804743 0.72992457
vn -0.36764725 0.15604105 0.91678061
vn 0.50858075 0.79769272 0.32408632
vn 0.31374561 0.94080368 -0.12826588
vn 0.32573582 0.87759860 0.35173409
vn 0.50246878 0.71550047 0.48537017
vn -0.72271652 0.24119158 0.64769395
vn -0.45678918 -0.87808550 -0.14251142
vn -0.49657465 -0.60684271 -0.62060900
vn -0.55717398 -0.74437170 -0.36805968
vn -0.16052605 0.02389848 0.98674224
vn 0.11421050 0.82410180 0.55480824
vn -0.24916449 0.95529528 0.15914769
vn -0.05340066 0.13506841 -0.98939623
vn 0.31856335 -0.52544159 0.78894140
vn 0.17307465 -0.52947577 0.83048213
vn -0.87428633 0.10593045 -0.47371104
vn -0.52851012 0.52398419 0.66792037
vn -0.52432740 -0.18082098 0.83209648
vn 0.03640701 0.99563932 0.08588868
vn -0.67616035 -0.55311597 0.48669283
vn -0.62491968 0.43618248 0.64747219
vn -0.53961837 -0.62208622 0.56729248
vn -0.70207997 -0.70787590 0.07743013
vn -0.25630962 -0.19354600 -0.94701918
vn -0.97668122 -0.21468864 0.00160631
vn -0.41518858 -0.85773023 -0.30317864
vn 0.05913807 -0.20416699 -0.97714816
vn 0.15995113 0.60778320 -0.77782724
vn 0.25267254 -0.31858455 -0.91359755
vn -0.01734657 0.99491533 0.09920975
vn -0.00780013 0.98294688 -0.18372423
vn -0.00603172 0.99448482 -0.10470706
vn -0.58163532 -0.77990939 -0.23117462
vn -0.34990313 -0.73130157 -0.58546205
vn -0.91291492 -0.32108373 -0.25197537
vn -0.66702224 -0.54422916 -0.50881820
vn 0.39807181 0.91289157 0.09037597
vn 0.18059637 -0.28312025 0.94192774
vn -0.42141995 -0.41049918 -0.80863815
vn -0.71099499 0.23377318 -0.66320149
vn -0.38496038 -0.72993146 0.56480579
vn -0.27882434 0.26238810 0.92380164
vn -0.35347130 -0.23938593 0.90429664
vn 0.53933783 -0.51088862 0.66940833
vn 0.04991944 -0.13551635 0.98951674
vn -0.81616883 -0.08210170 -0.57195083
vn -0.19764528 -0.90462772 -0.37760434
vn -0.53990411 -0.24017631 0.80673347
vn 0.04237289 -0.99910167 -0.00062346
vn 0.02495310 -0.38845042 -0.92113170
vn -0.40024800 0.51304192 0.75933493
vn -0.94935240 -0.21377061 -0.23028708
vn 0.22757395 -0.37992101 0.89658804
vn -0.96814922 -0.03540877 0.24785743
vn -0.86579941 -0.42550686 -0.26331596
vn 0.94925970 0.05253357 0.31007459
vn 0.13911918 -0.03238188 -0.98974606
vn -0.08764221 0.09536437 -0.99157676
vn 0.12170540 0.86269313 0.49086491
vn 0.91704322 -0.36090841 0.16963740
vn -0.46980517 0.06252733 0.88055292
vn -0.00241233 0.97677724 0.21424378
vn -0.23451123 -0.90223325 -0.36191110
vn -0.87970278 -0.46641189 0.09264431
vn -0.49140804 -0.06046434 0.86882806
vn -0.27618990 0.32423622 0.90475964
vn -0.23879216 -0.70334144 0.66954397
vn -0.98564872 0.13502402 0.10131686
vn -0.44390884 -0.14279075 0.88462181
vn 0.03500235 -0.09205767 -0.99513829
vn -0.24555459 0.54073172 0.80455711
vn -0.69788304 0.35943519 -0.61948818
vn -0.41899062 -0.15850841 0.89404807
vn -0.01598948 0.99846697 -0.05299095
vn 0.28526050 -0.95059510 -0.12245575
vn 0.99949719 -0.03082332 -0.00743590
vn -0.93216408 0.18703990 -0.30997776
vn 0.11471123 0.97649991 -0.18245345
vn -0.94773480 -0.02603574 -0.31799512
vn -0.77366945 0.00031962 -0.63358937
vn -0.03728180 0.13028123 -0.99077589
vn 0.27488521 0.94574797 -0.17320188
vn 0.94947059 -0.26022703 0.17546363
vn 0.72138351 0.18991239 -0.66598732
vn 0.23245730 -0.07488492 -0.96971947
vn -0.12124336 0.19869155 0.97253366
vn 0.07078520 -0.11912244 -0.99035312
vn 0.53803358 0.12840589 -0.83308571
vn 0.93283147 0.18992889 -0.30619024
vn 0.14017633 0.98932905 -0.03973192
vn -0.58294983 -0.08619367 0.80792336
vn 0.37818557 0.84046379 0.38806739
vn 0.41299460 -0.89633151 -0.16132355
vn 0.27803039 -0.86879694 0.40974503
vn 0.25483249 -0.94820323 0.18966033
vn 0.30148689 0.93325815 -0.19528154
vn 0.99063644 -0.13525882 -0.01856083
vn 0.13959068 -0.91293933 -0.38347909
vn -0.32687343 0.87625016 0.35403309
vn -0.23768346 0.85680909 0.45758579
vn 0.09114654 -0.99487944 -0.04367157
vn -0.33877643 -0.18436724 -0.92262628
vn -0.27680303 -0.22281812 -0.93473642
vn 0.12930992 -0.97612395 -0.17453073
vn 0.01420608 0.96986051 0.24324634
vn 0.83363696 -0.51199365 -0.20715192
vn -0.06715024 0.99746303 -0.02362937
vn 0.25977053 -0.96030366 0.10166688
vn -0.63457918 0.39423132 -0.66474877
vn 0.36590820 -0.87752772 -0.30992950
vn 0.35599361 -0.91495665 -0.19006020
vn 0.52647416 -0.09065564 -0.84534402
vn -0.52317728 0.49980837 0.69027323
vn -0.22393242 0.47778689 0.84945510
vn 0.46374564 -0.88278117 0.07508249
vn 0.18481743 -0.94744043 -0.26114967
vn 0.28190997 0.93114054 -0.23130946
vn -0.66720513 0.65728934 0.35043977
vn -0.19144482 -0.03754464 0.98078503
vn 0.61431974 -0.78672528 0.06061833
vn -0.35033943 0.13281461 0.92715833
vn 0.00823885 0.32786478 0.94468873
vn -0.83244712 0.32513800 -0.44868371
vn -0.12021828 -0.02447803 0.99244566
vn -0.87045674 0.46744092 -0.15428563
vn 0.99513912 -0.08186669 -0.05473545
vn -0.04976799 -0.78200515 -0.62128182
vn -0.68825760 0.59814306 -0.41051962
vn 0.19915770 -0.03121119 -0.97947030
vn 0.18941805 -0.93647317 -0.29519284
vn 0.50518626 -0.08841086 -0.85846978
vn 0.63245901 -0.18911205 -0.75115394
vn 0.01268038 0.99952854 0.02796264
vn -0.54403060 0.83649361 -0.06564401
vn 0.07824582 0.77009400 -0.63311360
vn 0.05133591 0.94894734 0.31122912
vn 0.46005046 -0.35256612 -0.81489306
vn 0.56642125 -0.54426229 -0.61882593
vn 0.21908337 -0.85660482 -0.46715165
vn -0.66210930 0.49403947 -0.56350358
vn 0.24508422 -0.73760224 -0.62918730
vn 0.27720526 0.60411158 0.74713215
vn -0.56125156 0.43044804 -0.70690252
vn -0.89894038 0.20152493 0.38896515
vn 0.05058292 0.52445095 0.84993680
vn -0.94636371 -0.13805429 -0.29212453
vn -0.20032018 -0.68799909 0.69751637
vn -0.35740600 0.55007944 -0.75476723
vn 0.96929489 -0.07176547 0.23519595
vn 0.93999200 -0.15702921 -0.30291395
vn 0.11294751 -0.32368536 -0.93939909
vn 0.35141579 0.92399218 -0.15081577
vn -0.67150825 0.09397198 0.73501424
vn 0.05716286 -0.99732679 -0.04551566
vn 0.18254492 -0.98227429 -0.04259784
vn 0.18789070 -0.91772484 -0.34996886
vn 0.48455581 0.81431725 0.31952007
vn 0.06421661 -0.11494699 -0.99129381
vn -0.69448233 0.36736996 -0.61865467
vn -0.35312231 0.59858338 -0.71902891
vn -0.31944374 0.52435244 -0.78930996
vn -0.41099308 0.04042888 0.91074156
vn 0.02350184 0.99664552 -0.07839242
vn -0.24083253 0.96887718 -0.05724240
vn -0.00361811 0.77232091 -0.63522226
vn -0.28636817 0.00774402 0.95808836
vn -0.96039118 0.27865283 -0.00117664
vn -0.44513984 0.50222239 -0.74136577
vn -0.95897271 -0.07860030 -0.27238453
vn -0.73324242 0.45455004 -0.50570724
vn -0.17849296 0.90087927 0.39567259
vn -0.64880409 0.65009623 -0.39550998
vn 0.20834946 0.18061440 -0.96123303
vn 0.03550503 -0.08026410 -0.99614109
vn 0.03659521 -0.21248137 -0.97647963
vn 0.28560358 0.93909838 -0.19111471
vn 0.31826197 -0.01777292 0.94783619
vn -0.69889112 -0.19280939 0.68874941
vn 0.56826280 -0.62830070 -0.53133382
vn -0.71023293 0.51315034 -0.48191899
vn -0.38050068 0.92451373 -0.02221694
vn 0.18472393 -0.97468624 -0.12595157
vn -0.45217613 -0.49286080 0.74338750
vn -0.59058861 0.41102728 -0.69445063
vn -0.47024964 0.58069653 -0.66457266
vn 0.62341541 -0.14448720 0.76842480
vn 0.16694775 0.82150390 -0.54521537
vn -0.86079686 -0.17836189 0.47667158
vn -0.30864418 0.21184036 -0.92728768
vn 0.22507410 -0.14840128 0.96297389
vn -0.05977685 0.35886461 -0.93147352
vn -0.47987928 0.20562508 -0.85289754
vn -0.83713936 0.15659651 -0.52409468
vn -0.24593434 0.26302524 -0.93291694
vn -0.08582555 0.98991016 0.11274681
vn 0.21811517 0.38842518 0.89529417
vn -0.65213031 0.47308881 -0.59237913
vn -0.32076449 0.51787189 -0.79304404
vn -0.45765703 -0.67869736 0.57438657
vn -0.31597049 0.28752304 -0.90415328
vn 0.39643636 0.03921915 -0.91722411
vn -0.96598542 -0.16260480 0.20107671
vn 0.02791154 -0.11750994 -0.99267938
vn 0.33875975 -0.33934445 -0.87754611
vn 0.07495820 -0.36935767 -0.92625924
vn 0.76361644 0.50550550 0.40168909
vn 0.96566763 -0.18599715 0.18135902
vn 0.06228442 -0.40589190 -0.91179626
vn 0.90378827 -0.18703465 -0.38494780
vn -0.30065628 -0.14542518 0.94258014
vn 0.66222648 0.73384691 0.15140937
vn 0.10426818 0.86158081 0.49679638
vn 0.11255561 0.22805466 0.96712063
vn -0.00434912 -0.27557692 0.96126919
vn 0.23331596 -0.03969888 0.97159027
vn -0.18758799 0.05414474 0.98075435
vn 0.30044880 0.92431741 0.23530373
vn 0.69859987 -0.07190502 0.71189036
vn -0.73753474 0.36662708 -0.56712176
vn -0.53513155 0.09834342 -0.83902491
vn 0.44031288 0.78017980 -0.44434676
vn 0.12666301 -0.88077716 -0.45627632
vn 0.97946247 -0.05055815 0.19518491
vn -0.45744156 0.88923095 0.00394038
vn 0.47581577 -0.63192882 0.61177228
vn -0.03980250 0.94729272 0.31788719
vn 0.81867065 -0.25892168 0.51257968
vn 0.89257837 -0.44847279 0.04664778
vn 0.12619844 -0.93048405 -0.34390897
vn 0.53725167 -0.48877386 -0.68735781
vn 0.16316979 -0.28536384 -0.94442739
vn 0.45649083 -0.27022696 -0.84769895
vn 0.53386893 -0.45473182 -0.71288354
vn 0.12996080 -0.33477189 -0.93329415
vn -0.64064622 0.54491253 -0.54096466
vn 0.17501501 0.10360178 0.97909980
vn -0.36125406 -0.37273940 0.85472852
vn 0.38322742 -0.83961122 -0.38495422
vn -0.18184938 0.59917740 0.77969048
vn 0.05359315 0.99313410 0.10398284
vn -0.08748617 -0.79734904 0.59714377
vn 0.28016123 -0.91592819 -0.28737646
vn 0.00740676 0.99997123 -0.00163722
vn 0.89663566 0.06023664 0.43865252
vn -0.41132726 0.43377992 -0.80165134
vn -0.22484382 0.00426726 0.97438547
vn 0.23098877 0.14145187 -0.96261911
vn 0.08717067 0.20096563 -0.97571209
vn 0.89942613 -0.13228500 -0.41657331
vn 0.37128265 -0.01538545 -0.92839242
vn 0.02825902 -0.27214264 0.96184188
vn 0.04843899 0.51004042 -0.85878544
vn 0.13901310 -0.26314820 -0.95468758
vn -0.17031080 -0.98282617 0.07104197
vn 0.54212030 -0.42548876 -0.72461362
vn -0.33191242 0.87606345 -0.34978133
vn 0.01877981 -0.99078871 -0.13410833
vn 0.40044448 0.89682024 0.18803636
vn -0.00425823 -0.61912513 0.78528080
vn 0.99432226 -0.05254143 -0.09253457
vn 0.40469084 -0.43157782 -0.80620463
vn 0.48459929 -0.07370778 0.87162532
vn -0.15378631 0.63080072 0.76055258
vn 0.30346224 0.86366619 -0.40248152
vn -0.23911940 0.93797494 0.25104763
vn 0.17121224 -0.47076311 -0.86548741
vn 0.57024373 -0.56571898 -0.59563759
vn 0.21926769 -0.91852395 0.32899154
vn 0.39338322 -0.90938323 0.13517316
vn -0.72871307 -0.06144337 0.68205716
vn 0.11022194 0.99390329 0.00271695
vn 0.22981174 -0.91150969 -0.34108159
vn -0.76551433 0.26853184 0.58470373
vn 0.94629682 -0.28921160 -0.14449562
vn -0.26695999 -0.84297080 0.46704668
vn 0.24558702 0.15885725 0.95626952
vn -0.68173438 0.45797051 0.57052717
vn -0.92871305 0.36971943 0.02827747
vn -0.24660784 0.24765360 0.93693771
vn 0.20262989 -0.97847807 -0.03901013
vn -0.42601847 0.51674184 -0.74262113
vn -0.48724516 -0.64824380 0.58512574
vn 0.06461654 0.97548856 0.21034916
vn -0.29161928 0.31431255 -0.90341896
vn -0.43133157 0.30914347 0.84757501
vn 0.91797037 -0.04676461 -0.39388256
vn 0.85500943 0.22677306 -0.46640417
vn 0.44143361 0.89510074 0.06269801
vn 0.09171561 0.99500046 0.03952623
vn -0.11898276 0.92441685 0.36234871
vn 0.34941271 0.18306282 0.91891173
vn 0.08923946 0.03395319 0.99543131
vn 0.19853535 0.94335590 0.26582581
vn -0.55021896 -0.00976543 0.83496331
vn -0.30035851 -0.05976892 0.95195191
vn 0.26775654 -0.44188646 -0.85617919
vn -0.43475786 0.65162666 0.62158532
vn -0.49166340 0.68986355 -0.53137123
vn -0.43977448 0.72986252 -0.52335372
vn -0.32857764 0.27322777 -0.90409254
vn -0.79901367 0.37298764 -0.47165387
vn 0.01285519 -0.13233093 0.99112223
vn 0.30047668 0.90795665 -0.29211041
vn 0.32170251 -0.17415867 0.93068590
vn -0.00639304 -0.50464123 0.86330548
vn -0.06395142 -0.09503199 0.99341791
vn -0.45118508 0.29577109 -0.84199257
vn -0.03817554 -0.08394784 0.99573861
vn 0.17110605 -0.03089831 -0.98476800
vn -0.10841623 -0.53062412 0.84064497
vn 0.04993860 -0.96307089 0.26457628
vn 0.09369971 0.12729255 -0.98742948
vn -0.19131100 0.52831590 0.82721364
vn 0.24015017 -0.17281179 -0.95522981
vn -0.37587857 -0.04284278 0.92567802
vn -0.18110452 -0.95970736 0.21485562
vn 0.07676293 -0.98790698 0.13471176
vn 0.10075799 -0.93208839 0.34793544
vn 0.47762115 -0.32580170 -0.81592358
vn -0.72030048 0.33656352 -0.60654120
vn -0.44169756 0.73374697 -0.51625445
vn -0.68573613 0.68158973 -0.25534567
vn -0.67312066 0.66750346 -0.31835155
vn -0.53801223 0.37990901 -0.75247059
vn 0.25324073 -0.86458316 -0.43401048
vn -0.39465936 -0.89670319 -0.20041799
vn 0.65543397 -0.39679631 0.64261886
vn -0.69198460 -0.71519880 0.09822422
vn 0.34873722 -0.89856438 0.26639146
vn -0.80187125 -0.43684061 -0.40764297
vn -0.85894984 -0.50767723 -0.06685059
vn -0.60220707 -0.66805347 0.43709406
vn -0.88142276 0.25854883 -0.39528018
vn 0.90366980 -0.27880875 -0.32503320
vn 0.03337952 0.99861794 0.04059581
vn 0.63294440 -0.52745669 -0.56671936
vn 0.09374860 -0.24656059 -0.96458233
vn 0.01649980 0.66340412 -0.74807936
vn -0.03154684 0.90959894 -0.41428803
vn 0.21240914 -0.03711421 0.97647575
vn -0.54176481 0.83341078 -0.10916666
vn -0.61557246 0.16869672 0.76981294
vn 0.08021416 0.99117301 0.10555448
vn 0.12555163 0.90257213 0.41182562
vn -0.18777006 -0.98171295 0.03133839
vn 0.22668838 0.97284796 -0.04668217
vn 0.50340885 -0.76024444 0.41061896
vn -0.40660511 0.16175266 -0.89917093
vn -0.32205337 0.30278857 0.89699538
vn 0.02032766 -0.40009318 0.91624900
vn 0.24304833 -0.96888014 0.04689113
vn -0.75269461 -0.64020435 -0.15358780
vn 0.88432571 -0.42654932 0.18979915
vn -0.32459098 0.35611812 0.87625372
vn 0.08492175 0.32138211 -0.94313405
vn 0.29515704 -0.37864058 -0.87721926
vn 0.11619928 -0.15606302 -0.98088840
vn -0.05752153 0.89495319 -0.44243651
vn -0.17319276 0.98455204 0.02572069
vn -0.07468485 0.92740413 -0.36652933
vn 0.31148420 -0.31543448 -0.89636972
vn 0.20834533 -0.30328034 -0.92984583
vn 0.86916035 -0.28128564 -0.40674154
vn -0.14120629 -0.97817178 -0.15244918
vn -0.14847611 -0.43196387 -0.88958533
vn -0.03879652 0.71981216 -0.69308390
vn 0.39086793 0.89816226 0.20131272
vn -0.69087024 0.01723821 0.72277324
vn -0.81004484 -0.18319796 0.55701514
vn 0.15264525 0.53883333 -0.82846730
vn -0.72405624 0.13100497 0.67718554
vn -0.16097027 -0.77346568 0.61305744
vn -0.54152800 -0.79724176 -0.26674519
vn 0.72495772 -0.61600022 0.30818830
vn -0.22424283 -0.10901776 -0.96841638
vn 0.68353034 0.68595324 0.24950837
vn 0.09243923 0.59305850 -0.79983536
vn -0.22447395 0.86638878 -0.44607391
vn -0.40561375 0.91360198 -0.02844122
vn 0.14058968 -0.24440181 -0.95942811
vn -0.69097397 -0.16867063 0.70292616
vn -0.61304986 -0.60033213 0.51358660
vn -0.14372981 -0.94763696 0.28517701
vn -0.23503080 -0.96330715 0.12961424
vn -0.16129886 0.03387950 0.98632391
vn -0.45710514 0.65528934 0.60137407
vn 0.31403561 -0.86555855 -0.39011541
vn 0.84617981 -0.42148360 0.32608481
vn 0.20663474 0.16288642 0.96476427
vn 0.20841294 0.29526839 0.93240583
vn -0.78961732 -0.57446793 -0.21561790
vn -0.44155786 0.29940858 -0.84580208
vn 0.86173370 -0.16420336 0.48005447
vn -0.29210333 -0.21818902 0.93116551
vn 0.42551417 -0.90257208 -0.06558458
vn 0.94065688 -0.30436347 0.15009170
vn -0.29858602 -0.86150153 -0.41068418
vn 0.12581869 0.71036581 0.69249554
vn 0.01073686 -0.03731494 -0.99924587
vn -0.07453986 0.75293683 -0.65385774
vn 0.12038595 0.95708023 0.26363737
vn -0.17060996 0.97674696 -0.12983686
vn -0.68485677 -0.16430281 0.70991252
vn 0.81915329 -0.37016878 -0.43813578
vn 0.60625882 -0.39066332 -0.69269937
vn -0.54988462 -0.19080181 0.81315532
vn -0.47650508 -0.36162766 0.80135407
vn -0.43183794 -0.89916622 -0.07082444
vn -0.35769307 -0.93159609 0.06468686
vn -0.40072268 -0.42146702 -0.81350285
vn -0.30710815 -0.94554538 0.10783563
vn 0.30243651 0.93317432 0.19421084
vn -0.59398129 0.18475638 0.78297593
vn 0.21409761 0.41233553 0.88551772
vn 0.13161933 -0.01648113 0.99116332
vn 0.31475700 -0.44441873 0.83870139
vn -0.21080793 0.41948185 -0.88294677
vn -0.36634738 -0.01089048 0.93041442
vn 0.80474397 0.51692365 0.29185114
vn 0.09381410 -0.24128061 -0.96591023
vn -0.33951084 -0.87803289 -0.33732866
vn -0.24168349 0.96972961 -0.03483644
vn 0.23634612 0.89081474 -0.38805878
vn -0.74160283 -0.59896535 0.30210222
vn -0.19030689 0.15231549 0.96983673
vn -0.34173435 -0.31087905 0.88688886
vn -0.78032883 -0.52368620 -0.34181819
vn -0.60620516 -0.78645286 -0.11835206
vn -0.23079096 0.17562714 -0.95702176
vn -0.98202910 0.17335403 -0.07461385
vn -0.15700233 0.67824468 0.71786797
vn 0.30303738 -0.38071574 -0.87362685
vn -0.01609345 0.99192675 0.12578680
vn 0.08415150 0.85940137 0.50432906
vn -0.70380454 0.69904866 -0.12645211
vn -0.50844354 0.85702518 -0.08362421
vn -0.60840567 0.75407164 -0.24742371
vn -0.06600368 0.85431838 -0.51554207
vn -0.18444144 0.17911696 0.96638423
vn -0.43539871 -0.30862365 0.84568280
vn -0.07030555 0.98050690 -0.18347572
vn -0.59191509 0.35636542 0.72293860
vn 0.23661519 -0.94396057 -0.23011237
vn 0.47189979 -0.80433010 0.36105910
vn 0.70974125 -0.41834446 0.56679385
vn -0.35243132 -0.87157505 -0.34080654
vn 0.42387200 -0.88877311 0.17439865
vn 0.02262308 -0.71090104 0.70292809
vn -0.66990525 0.37995309 0.63785783
vn 0.20586760 0.43674753 0.87571121
vn 0.10528901 0.99184339 0.07183953
vn -0.74662245 -0.43640193 0.50210385
vn -0.11515126 -0.69554617 -0.70919370
vn 0.65010299 -0.59411547 0.47370130
vn -0.01472197 0.10693839 -0.99415665
vn -0.23759071 -0.14757437 -0.96008982
vn 0.07623095 0.77190691 0.63114860
vn -0.11906444 0.97642147 0.18006880
vn 0.14082478 0.98920767 0.04045455
vn 0.78225116 -0.35948545 -0.50877632
vn -0.75012951 -0.47504078 0.46004562
vn -0.02053469 0.29153668 -0.95633921
vn -0.48976831 -0.36684923 0.79091634
vn 0.07647560 -0.29748127 -0.95165980
vn 0.48227410 -0.64671111 0.59091153
vn -0.10216029 -0.98906541 0.10636205
vn -0.01457451 -0.30594510 0.95193759
vn 0.17373456 -0.60416972 0.77768583
vn -0.90983376 0.30781783 -0.27829967
vn -0.49726219 0.19816061 0.84466721
vn -0.89806501 0.34829819 -0.26864028
vn -0.81193116 0.26652594 -0.51935701
vn 0.26479421 -0.32351703 0.90841662
vn 0.04324984 0.18979834 -0.98087004
vn -0.59119414 0.33672402 -0.73287545
vn 0.17460989 -0.28541014 -0.94236534
vn -0.03203241 0.94687563 0.32000073
vn 0.24521886 0.81267129 0.52861430
vn 0.01245714 0.90861721 -0.41744411
vn -0.04208547 0.87365599 -0.48472056
vn 0.02018892 0.35665005 -0.93401989
vn -0.84532472 0.07306776 0.52923267
vn 0.11657271 0.99316944 -0.00502655
vn -0.37845610 0.89765609 -0.22579753
vn 0.00376515 0.99422985 0.10720466
vn -0.88492122 0.00756264 0.46567933
vn -0.20900166 -0.10497261 0.97226491
vn -0.71026734 -0.21125064 0.67148602
vn -0.29252737 -0.95535437 0.04154237
vn -0.52490206 0.25503826 -0.81205499
vn -0.73179382 -0.52581266 0.43358834
vn -0.57034706 0.14906601 0.80776454
vn -0.85896025 -0.48037814 0.17726851
vn 0.45255014 -0.74107796 0.49598571
vn -0.82496326 -0.45944645 -0.32915736
vn -0.44274208 0.53502331 0.71953423
vn -0.20381689 0.15488167 0.96668006
vn -0.90295110 0.17349742 0.39316404
vn -0.25726099 -0.46576991 -0.84668482
vn 0.85788590 -0.46475352 -0.21917103
vn 0.76296303 -0.52127228 -0.38231220
vn 0.87695326 -0.38302328 -0.29025187
vn -0.02377022 0.67791367 -0.73475712
vn 0.11249819 -0.08741414 -0.98979944
vn -0.32559180 0.94350247 -0.06158790
vn 0.27567394 0.94985349 0.14758803
vn 0.36770683 0.40331724 -0.83793012
vn -0.30350282 -0.32573033 0.89542492
vn -0.25371958 -0.41329189 0.87453770
vn 0.49310962 0.85571558 0.15682394
vn -0.16384807 -0.25303936 0.95348041
vn -0.87517077 -0.48296338 -0.02867936
vn -0.13468809 -0.86513207 0.48312070
vn 0.62510057 -0.33613581 0.70445866
vn 0.02897437 -0.58070830 0.81359594
vn -0.34497468 -0.27004173 0.89892710
vn 0.71823135 -0.30506705 0.62536216
vn -0.42616888 -0.87091627 -0.24471398
vn 0.96407879 -0.26317402 -0.03593766
vn -0.86142452 -0.16307541 0.48099294
vn 0.02496808 -0.93411402 -0.35610054
vn 0.17922503 -0.81421080 -0.55221297
vn 0.11188191 -0.06757435 0.99142128
vn 0.03807158 0.27561144 -0.96051491
vn -0.41759925 -0.89100101 -0.17812374
vn 0.18553237 0.57094632 0.79974874
vn -0.17191811 0.96051851 0.21874266
vn -0.15028528 0.93145706 0.33136397
vn -0.08469314 0.92398655 0.37292886
vn 0.26904912 -0.59809603 0.75491305
vn -0.67755636 -0.02628764 0.73500091
vn -0.00294522 -0.99606251 -0.08860478
vn 0.11142221 -0.59936530 0.79268299
vn -0.07975851 -0.54178775 0.83672255
vn -0.58548841 -0.78889119 -0.18669229
vn -0.90142578 -0.43286138 0.00791133
vn 0.45474114 0.01378507 0.89051697
vn -0.87119347 -0.25894154 -0.41709858
vn 0.02453283 -0.91127110 -0.41107558
vn -0.14156719 -0.92493781 -0.35277297
vn 0.22830751 -0.71274187 0.66323050
vn -0.22365650 0.13619372 0.96510572
vn -0.59551964 -0.05109598 0.80171414
vn -0.77506137 -0.06394455 0.62864216
vn 0.45013312 -0.25918985 0.85451788
vn -0.01368694 -0.04087444 -0.99907054
vn -0.72053714 -0.10980360 0.68466737
vn 0.07387504 0.23105092 -0.97013296
vn -0.27555598 0.31261191 0.90903394
vn -0.00366488 0.97241560 -0.23322623
vn 0.30031756 0.73359362 0.60963084
vn 0.50906046 0.19832082 0.83757167
vn -0.17046417 0.15866838 0.97250517
vn -0.28142161 -0.25078566 0.92623346
vn -0.19024229 0.80870482 0.55660073
vn 0.47992467 0.87258037 -0.09097154
vn -0.16608172 -0.21671305 0.96200432
vn -0.16358660 0.98353197 -0.07683935
vn -0.07765016 0.91892884 0.38670432
vn -0.03148633 0.33389862 -0.94208297
vn -0.06189801 -0.95509341 -0.28976753
vn -0.06684553 0.05334207 0.99633644
vn 0.04240565 -0.05927806 0.99734040
vn -0.03539941 -0.38207873 0.92345153
vn -0.47873606 -0.82082572 -0.31153961
vn -0.80647885 -0.23813367 0.54118779
vn 0.15749124 0.23607538 -0.95888734
vn -0.27041893 -0.27436335 0.92282087
vn 0.95481549 -0.27130878 0.12132161
vn -0.06838464 0.83610799 0.54428574
vn -0.56730408 0.81665015 0.10605944
vn 0.04717304 0.92643923 -0.37347698
vn 0.14790360 0.03644630 -0.98833000
vn 0.16598692 0.90736159 0.38619074
vn 0.17417275 -0.97198469 -0.15782781
vn -0.09753273 0.90917219 0.40483737
vn 0.26555031 0.96266790 0.05247419
vn -0.62917940 -0.69699620 -0.34399068
vn 0.11620935 -0.79432111 -0.59627961
vn -0.05811542 -0.73979310 0.67031990
vn -0.08527987 0.25092022 -0.96424395
vn -0.14746948 -0.21896021 0.96452536
vn -0.07981059 -0.07480943 0.99399890
vn 0.03948848 -0.19085316 0.98082401
vn -0.14018867 -0.92068753 -0.36425487
vn -0.18563142 0.16112514 0.96931918
vn -0.22821073 -0.95835834 -0.17166584
vn -0.97474274 -0.00241434 -0.22331763
vn -0.20623447 -0.12071313 0.97102816
vn -0.22202272 0.12995484 -0.96634241
vn 0.14849120 0.04528731 -0.98787622
vn 0.85200472 -0.30687874 -0.42416199
vn -0.00279816 0.91624127 -0.40061715
vn 0.33962565 0.93090517 0.13442462
vn 0.16556672 0.98600482 0.01954902
vn -0.31540337 0.50548385 0.80312315
vn -0.57537153 -0.79249267 0.20224482
vn -0.10868829 0.27371328 -0.95565051
vn -0.16551201 0.04978448 0.98495039
vn -0.44751342 -0.84027011 -0.30606843
vn 0.06514352 0.31059335 0.94830802
vn -0.96445331 -0.17682910 0.19637026
vn -0.22114820 -0.95706220 -0.18741777
vn 0.83743051 -0.19884413 0.50908855
vn 0.15965092 -0.74817107 -0.64401214
vn -0.04996290 -0.34515100 0.93721636
vn -0.35991835 -0.92017196 0.15408552
vn -0.93937455 -0.33960323 0.04738250
vn 0.14666797 -0.18784379 -0.97118650
vn 0.05180254 0.94680727 -0.31760429
vn 0.11433395 -0.12732982 -0.98524863
vn 0.33630180 0.90201585 0.27068157
vn -0.89723763 -0.30617519 0.31815310
vn 0.30068490 0.69650247 -0.65151585
vn 0.78672803 -0.45879067 0.41300136
vn 0.13103333 -0.97406708 -0.18445486
vn -0.11143687 0.94329464 0.31269322
vn 0.34086056 0.91425461 -0.21898079
vn -0.69554685 -0.14727605 0.70322425
vn 0.19703479 -0.81801754 -0.54039301
vn -0.11686331 -0.99309585 0.01017862
vn -0.00674082 -0.98925524 -0.14604326
vn 0.42320989 -0.41950746 0.80306095
vn 0.19506512 -0.84432174 -0.49906954
vn -0.41748531 0.12454235 0.90010845
vn -0.46246301 -0.46105131 0.75733722
vn 0.62184450 0.77020827 -0.14173440
vn -0.83795280 0.15977765 -0.52182968
vn -0.86189184 -0.00185718 -0.50708876
vn -0.82946366 -0.30636352 0.46704543
vn -0.94257456 -0.05265003 -0.32981991
vn -0.43364490 -0.72321564 0.53750464
vn -0.00435709 0.28609000 -0.95819284
vn 0.04760799 -0.05237851 -0.99749184
vn 0.15329616 -0.13910184 -0.97834092
vn -0.04760565 0.89055438 -0.45237882
vn 0.00331879 0.85582112 -0.51726125
vn 0.29494225 0.88546612 0.35910838
vn 0.25347650 0.96464578 0.07216770
vn 0.16006504 -0.04982198 -0.98584834
vn 0.07098540 -0.06559443 -0.99531826
vn 0.07803001 0.98788607 -0.13413588
vn 0.01301890 0.25220595 -0.96758600
vn 0.06135564 0.99748453 -0.03549788
vn -0.14546423 0.94556422 -0.29111589
vn 0.97001758 -0.22991644 0.07876758
vn 0.02371178 -0.98331244 -0.18037295
vn 0.88865942 -0.34977304 0.29655229
vn -0.21002086 0.23355385 0.94939130
vn 0.11760188 -0.81739158 0.56395106
vn -0.96341529 0.09700220 -0.24984305
vn 0.29046826 0.15198491 0.94473741
vn 0.02110218 -0.99013972 0.13848478
vn -0.15436118 0.09030187 -0.98387916
vn -0.49970605 -0.18060482 0.84715746
vn 0.35249916 0.17377494 0.91953608
vn -0.38709983 0.44026793 0.81013447
vn -0.77002768 0.12264706 0.62611107
vn 0.26376493 -0.74267166 0.61552162
vn -0.34387637 0.19657302 0.91820918
vn 0.53713105 0.06123536 0.84127312
vn -0.31750848 -0.10645317 0.94226116
vn 0.13371845 -0.21208601 -0.96805935
vn 0.06046414 -0.06315408 -0.99617049
vn -0.06728052 0.99577905 -0.06242924
vn 0.05340597 0.98831960 0.14273110
vn -0.19446677 -0.98077813 0.01602899
vn 0.04740789 -0.96440334 -0.26015128
vn -0.05378980 -0.78777110 0.61361499
vn -0.35324979 -0.53796752 0.76537934
vn 0.97744466 -0.17622439 0.11639114
vn 0.05991253 0.02344383 -0.99792829
vn -0.31084178 -0.29508646 0.90349398
vn 0.20037264 -0.90136256 0.38392230
vn -0.28651697 -0.84071926 -0.45945528
vn -0.40315348 -0.85378899 -0.32941102
vn -0.35616021 -0.88439443 -0.30165610
vn -0.40361445 -0.07547109 0.91181111
vn -0.97075087 -0.04922537 -0.23498855
vn -0.48200763 0.86773507 0.12126209
vn 0.10705577 0.97363121 -0.20144806
vn 0.04985132 0.83598026 -0.54649048
vn 0.44445891 0.82355060 -0.35244954
vn 0.20836735 0.97688969 -0.04764015
vn 0.48740896 0.82219136 -0.29399637
vn -0.16747171 -0.47220818 0.86543207
vn -0.09071900 0.26121084 -0.96100934
vn 0.11378312 -0.13672445 -0.98405276
vn 0.27949861 -0.96013443 -0.00473411
vn -0.47325292 -0.12238181 0.87238430
vn -0.55106542 -0.17027919 0.81690385
vn -0.88918645 -0.17368140 0.42329922
vn 0.16342113 0.13557699 -0.97719620
vn 0.50511168 -0.46492091 0.72712498
vn -0.52736958 0.08442881 -0.84543072
vn -0.86386669 0.32265365 -0.38681904
vn -0.78578354 0.08508636 -0.61262105
vn -0.29125989 0.73673891 0.61023230
vn -0.90079285 -0.09825609 -0.42298697
vn -0.59786681 0.77045307 -0.22126306
vn -0.00267897 -0.21237506 0.97718456
vn 0.08401729 -0.92928867 -0.35967159
vn -0.12334015 0.45010810 -0.88441501
vn -0.63669838 0.47514359 -0.60733330
vn 0.11755353 -0.97343317 -0.19649181
vn 0.31956481 -0.42106520 -0.84887127
vn 0.92817503 0.05378281 0.36823705
vn 0.95506793 -0.04448305 -0.29302987
vn 0.40894703 0.85034762 -0.33116650
vn 0.30943324 -0.01475448 0.95080670
vn 0.01599843 -0.08800778 0.99599131
vn 0.51720749 0.81964366 0.24633449
vn 0.37701520 -0.89640113 -0.23307630
vn 0.34856986 -0.80803962 -0.47494318
vn 0.20212772 0.95809002 0.20299727
vn 0.98207294 -0.02262584 0.18713849
vn 0.37570639 -0.26766359 -0.88724343
vn -0.50103029 0.77129049 0.39252979
vn -0.67825962 0.48262853 -0.55410612
vn -0.39676085 0.37827359 -0.83635514
vn -0.57867103 0.28567114 -0.76389256
vn 0.39725438 -0.22117177 0.89065819
vn 0.40954219 0.72304748 -0.55630706
vn -0.74679611 -0.34210057 0.57031814
vn 0.24057982 0.88432492 0.40011347
vn 0.77072159 0.60209135 0.20850475
vn 0.75311876 -0.59411187 -0.28256544
vn 0.24703401 -0.15647765 0.95628915
vn 0.50667327 0.86187231 0.02140836
vn 0.98852915 0.14666277 -0.03605760
vn 0.73529708 -0.58315917 -0.34534560
vn 0.77625917 -0.61150681 0.15323551
vn 0.95889989 -0.17279486 -0.22506208
vn 0.54063759 0.83294261 -0.11797290
vn 0.79814229 -0.52469468 -0.29608170
vn 0.85482030 -0.51890157 -0.00483881
vn 0.73215200 -0.62442527 -0.27211492
vn 0.39445028 0.90543504 0.15683232
vn 0.50957759 0.74166431 -0.43619346
vn 0.72940900 -0.54957657 -0.40734274
vn 0.84258736 -0.49509427 -0.21196272
vn 0.78143180 -0.44269396 -0.43975720
vn 0.87208233 -0.48846256 -0.02960958
vn 0.60621444 -0.14497645 0.78197562
vn 0.69252951 -0.66265935 -0.28510604
vn 0.83607570 -0.43907600 -0.32892201
vn 0.33904709 0.94072831 0.00879307
vn 0.80531855 -0.54802729 -0.22611529
vn -0.01839487 -0.99756882 -0.06721661
vn 0.63331287 0.77194418 0.05492718
vn 0.01547539 -0.87222526 0.48885949
vn -0.76720777 -0.46872239 0.43782594
vn 0.97110433 0.02280077 -0.23756371
vn 0.71957571 0.54683056 -0.42800368
vn 0.32592822 0.92824595 0.17924911
vn 0.56005200 0.82759405 0.03781342
vn 0.05247137 0.99735681 -0.05026084
vn 0.72708005 -0.61542016 -0.30432322
vn 0.55898380 -0.54261192 0.62698438
vn 0.65504320 -0.67452451 -0.34049243
vn 0.80306506 0.59525995 -0.02742450
vn 0.67060389 -0.74109623 -0.03266194
vn -0.34591232 -0.34451397 0.87272836
vn -0.22520395 0.36941555 0.90156272
vn 0.98417337 0.15432610 0.08709901
vn 0.87384715 0.37378948 0.31092215
vn 0.47723087 0.86960973 0.12660807
vn 0.88748094 -0.35345131 -0.29571904
vn 0.94768690 -0.30213745 -0.10296844
vn 0.92030229 -0.39039037 0.02527957
vn 0.12459045 0.76529696 0.63150438
vn 0.20212307 0.90264899 0.37996192
vn 0.84282978 -0.34111386 -0.41626830
vn 0.86290108 -0.28734823 -0.41573155
vn 0.62404446 0.29113352 0.72512743
vn -0.33563586 -0.68710044 -0.64439239
vn 0.59091496 0.66313460 0.45942574
vn 0.78964668 -0.40804785 0.45820855
vn -0.87868677 -0.43262069 -0.20186356
vn 0.23334630 0.38558255 -0.89267889
vn 0.98167349 -0.16584176 -0.09388113
vn 0.51062200 0.74967707 0.42101005
vn 0.63467558 -0.03849471 0.77181932
vn 0.41710119 0.09351528 0.90403622
vn -0.97923694 0.18195422 0.08937384
vn -0.11463023 0.79265660 0.59879498
vn -0.73901326 0.08805643 -0.66791127
vn 0.00897023 0.88898841 0.45784183
vn 0.01606837 0.01494182 -0.99975925
vn 0.54849137 -0.78038736 -0.30025453
vn 0.70922505 -0.69903813 0.09135383
vn 0.67794822 -0.42401474 0.60049788
vn 0.82026482 -0.28575772 0.49548778
vn 0.38623518 0.09349508 -0.91764975
vn -0.19748763 0.94319927 -0.26715871
vn 0.69914072 0.51968985 0.49104452
vn 0.60485100 -0.14444674 0.78312860
vn -0.52530205 0.84761046 0.07492845
vn 0.36679017 0.89857958 0.24087280
vn 0.56318788 0.56651854 0.60156144
vn 0.58766658 0.73959482 0.32809679
vn 0.49071365 0.84270110 -0.22148357
vn 0.58048798 -0.45131694 -0.67775122
vn 0.93799563 -0.33001784 0.10607740
vn 0.90974971 -0.40428708 -0.09437919
vn 0.93650329 -0.28247619 0.20777102
vn -0.47496019 -0.20187857 -0.85653830
vn -0.05157677 -0.12928980 -0.99026460
vn 0.94501922 0.15261958 0.28921607
vn 0.82099183 0.13703225 0.55425137
vn 0.54661167 0.60466455 -0.57930688
vn 0.36827045 0.92934871 -0.02622683
vn 0.85502194 0.48083537 -0.19425456
f 1436//1436 1423//1423 1405//1405
f 1304//1304 1104//1104 1010//1010
f 485//485 440//440 1338//1338
f 385//385 792//792 313//313
f 616//616 385//385 689//689
f 1237//1237 1206//1206 1393//1393
f 1160//1160 600//600 387//387
f 1160//1160 615//615 1046//1046
f 1046//1046 684//684 1049//1049
f 567//567 603//603 187//187
f 1176//1176 187//187 603//603
f 454//454 1239//1239 547//547
f 797//797 844//844 290//290
f 1201//1201 1027//1027 1327//1327
f 452//452 537//537 1344//1344
f 322//322 792//792 802//802
f 1148//1148 1091//1091 1063//1063
f 1063//1063 227//227 238//238
f 1059//1059 1118//1118 1060//1060
f 1091//1091 1049//1049 187//187
f 1091//1091 187//187 267//267
f 429//429 658//658 543//543
f 248//248 274//274 919//919
f 330//330 343//343 989//989
f 1251//1251 408//408 735//735
f 170//170 338//338 903//903
f 341//341 338//338 322//322
f 338//338 197//197 322//322
f 170//170 983//983 338//338
f 486//486 1372//1372 722//722
f 792//792 322//322 197//197
f 1372//1372 651//651 69//69
f 529//529 78//78 748//748
f 513//513 1103//1103 548//548
f 718//718 1168//1168 598//598
f 699//699 644//644 499//499
f 1046//1046 600//600 1160//1160
f 1477//1477 1460//1460 1473//1473
f 877//877 960//960 498//498
f 485//485 1338//1338 1308//1308
f 377//377 960//960 861//861
f 837//837 163//163 870//870
f 1446//1446 29//29 1419//1419
f 284//284 820//820 269//269
f 269//269 1170//1170 284//284
f 1120//1120 1170//1170 269//269
f 262//262 147//147 63//63
f 915//915 284//284 1170//1170
f 570//570 298//298 813//813
f 1141//1141 1072//1072 565//565
f 601//601 551//551 1106//1106
f 688//688 1072//1072 1103//1103
f 919//919 1191//1191 289//289
f 864//864 142//142 126//126
f 1191//1191 291//291 289//289
f 689//689 562//562 616//616
f 296//296 1126//1126 226//226
f 264//264 251//251 326//326
f 226//226 1028//1028 984//984
f 1063//1063 982//982 227//227
f 85//85 487//487 384//384
f 1419//1419 1440//1440 1414//1414
f 1145//1145 549//549 1146//1146
f 427//427 407//407 534//534
f 1146//1146 549//549 510//510
f 264//264 296//296 226//226
f 510//510 1067//1067 1094//1094
f 1450//1450 1449//1449 10//10
f 954//954 48//48 823//823
f 1018//1018 205//205 287//287
f 476//476 97//97 351//351
f 756//756 921//921 961//961
f 171//171 982//982 914//914
f 234//234 252//252 267//267
f 252//252 1176//1176 202//202
f 978//978 1002//1002 1095//1095
f 228//228 300//300 957//957
f 637//637 377//377 300//300
f 1356//1356 749//749 1277//1277
f 183//183 602//602 746//746
f 1277//1277 500//500 1193//1193
f 778//778 54//54 573//573
f 582//582 378//378 1303//1303
f 1125//1125 1122//1122 1025//1025
f 83//83 501//501 430//430
f 825//825 147//147 861//861
f 544//544 418//418 368//368
f 399//399 368//368 418//418
f 49//49 126//126 142//142
f 1100//1100 902//902 72//72
f 362//362 832//832 833//833
f 720//720 1277//1277 1274//1274
f 1356//1356 1277//1277 1193//1193
f 1328//1328 1258//1258 1193//1193
f 296//296 291//291 186//186
f 513//513 553//553 688//688
f 264//264 267//267 252//252
f 348//348 213//213 349//349
f 348//348 349//349 213//213
f 720//720 542//542 500//500
f 152//152 288//288 862//862
f 556//556 607//607 644//644
f 1241//1241 1201//1201 1208//1208
f 1347//1347 1364//1364 1379//1379
f 1347//1347 825//825 145//145
f 226//226 984//984 1096//1096
f 914//914 1068//1068 171//171
f 623//623 691//691 677//677
f 508//508 606//606 443//443
f 325//325 1018//1018 549//549
f 325//325 549//549 182//182
f 991//991 791//791 257//257
f 325//325 791//791 941//941
f 325//325 941//941 205//205
f 1241//1241 548//548 1103//1103
f 585//585 182//182 1189//1189
f 1335//1335 1364//1364 1327//1327
f 1058//1058 1182//1182 1098//1098
f 1376//1376 60//60 1335//1335
f 482//482 478//478 753//753
f 100//100 753//753 628//628
f 628//628 753//753 478//478
f 1231//1231 1220//1220 1351//1351
f 432//432 708//708 709//709
f 437//437 456//456 438//438
f 437//437 438//438 1331//1331
f 454//454 71//71 1325//1325
f 673//673 455//455 416//416
f 669//669 727//727 673//673
f 959//959 872//872 923//923
f 64//64 868//868 380//380
f 1242//1242 1261//1261 1227//1227
f 975//975 1295//1295 1233//1233
f 482//482 415//415 478//478
f 458//458 503//503 544//544
f 1331//1331 438//438 1367//1367
f 745//745 1212//1212 503//503
f 230//230 201//201 786//786
f 1367//1367 1007//1007 1337//1337
f 1101//1101 564//564 518//518
f 1200//1200 59//59 47//47
f 638//638 165//165 920//920
f 920//920 165//165 916//916
f 333//333 158//158 165//165
f 1242//1242 1212//1212 1352//1352
f 335//335 808//808 817//817
f 1350//1350 1332//1332 1224//1224
f 773//773 638//638 782//782
f 639//639 773//773 782//782
f 1254//1254 1237//1237 835//835
f 638//638 794//794 782//782
f 977//977 839//839 162//162
f 444//444 397//397 445//445
f 952//952 938//938 784//784
f 319//319 784//784 938//938
f 1333//1333 1165//1165 389//389
f 754//754 320//320 804//804
f 319//319 901//901 250//250
f 1391//1391 165//165 158//158
f 1117//1117 1092//1092 1165//1165
f 1429//1429 1427//1427 1430//1430
f 614//614 693//693 295//295
f 457//457 503//503 1227//1227
f 283//283 1380//1380 1383//1383
f 1258//1258 1347//1347 145//145
f 283//283 224//224 935//935
f 792//792 679//679 802//802
f 935//935 224//224 794//794
f 784//784 198//198 210//210
f 913//913 999//999 1002//1002
f 1003//1003 308//308 950//950
f 316//316 275//275 910//910
f 1069//1069 386//386 1105//1105
f 1012//1012 1180//1180 1178//1178
f 301//301 816//816 302//302
f 198//198 250//250 342//342
f 579//579 634//634 577//577
f 1195//1195 738//738 1293//1293
f 690//690 359//359 519//519
f 1247//1247 480//480 738//738
f 283//283 779//779 626//626
f 1349//1349 225//225 32//32
f 827//827 32//32 1394//1394
f 1349//1349 32//32 827//827
f 1284//1284 721//721 646//646
f 1380//1380 223//223 907//907
f 387//387 599//599 679//679
f 673//673 416//416 719//719
f 47//47 59//59 42//42
f 874//874 855//855 1388//1388
f 875//875 818//818 848//848
f 42//42 59//59 1257//1257
f 897//897 826//826 821//821
f 1200//1200 1065//1065 1121//1121
f 655//655 1420//1420 1421//1421
f 1125//1125 1121//1121 1065//1065
f 1125//1125 1025//1025 1007//1007
f 230//230 786//786 1029//1029
f 798//798 249//249 786//786
f 1271//1271 1250//1250 496//496
f 1029//1029 786//786 184//184
f 922//922 906//906 901//901
f 637//637 208//208 552//552
f 798//798 906//906 905//905
f 207//207 336//336 360//360
f 1283//1283 1302//1302 438//438
f 1073//1073 230//230 1029//1029
f 1073//1073 907//907 230//230
f 184//184 249//249 1005//1005
f 108//108 131//131 109//109
f 916//916 229//229 335//335
f 720//720 1274//1274 412//412
f 1073//1073 1065//1065 907//907
f 437//437 1331//1331 416//416
f 225//225 1074//1074 1071//1071
f 318//318 806//806 200//200
f 1071//1071 1074//1074 1066//1066
f 1183//1183 1100//1100 72//72
f 369//369 365//365 750//750
f 745//745 1331//1331 1212//1212
f 907//907 1065//1065 1298//1298
f 594//594 73//73 667//667
f 586//586 490//490 513//513
f 187//187 1176//1176 267//267
f 791//791 799//799 290//290
f 791//791 325//325 799//799
f 490//490 586//586 692//692
f 692//692 77//77 731//731
f 1422//1422 117//117 1471//1471
f 1183//1183 72//72 87//87
f 488//488 441//441 87//87
f 87//87 441//441 1323//1323
f 225//225 922//922 901//901
f 451//451 441//441 488//488
f 487//487 339//339 384//384
f 842//842 306//306 339//339
f 235//235 826//826 897//897
f 233//233 917//917 986//986
f 711//711 685//685 1087//1087
f 304//304 95//95 382//382
f 253//253 266//266 844//844
f 1030//1030 601//601 1106//1106
f 1383//1383 900//900 464//464
f 308//308 1003//1003 210//210
f 390//390 715//715 195//195
f 563//563 553//553 1260//1260
f 586//586 584//584 692//692
f 399//399 418//418 749//749
f 1122//1122 1029//1029 184//184
f 897//897 1374//1374 33//33
f 1122//1122 184//184 396//396
f 147//147 1379//1379 60//60
f 166//166 1276//1276 1238//1238
f 396//396 1132//1132 388//388
f 631//631 576//576 768//768
f 566//566 1093//1093 388//388
f 607//607 723//723 504//504
f 1052//1052 1192//1192 388//388
f 1192//1192 1031//1031 1123//1123
f 1117//1117 1020//1020 1109//1109
f 29//29 5//5 1405//1405
f 313//313 206//206 236//236
f 1369//1369 663//663 409//409
f 423//423 1284//1284 462//462
f 423//423 1209//1209 721//721
f 1418//1418 29//29 1405//1405
f 1235//1235 1301//1301 892//892
f 1071//1071 905//905 922//922
f 1192//1192 1123//1123 723//723
f 926//926 925//925 987//987
f 1035//1035 1159//1159 1185//1185
f 1123//1123 75//75 723//723
f 81//81 681//681 795//795
f 486//486 722//722 731//731
f 1143//1143 621//621 1172//1172
f 10//10 28//28 1450//1450
f 522//522 1260//1260 654//654
f 546//546 542//542 729//729
f 729//729 412//412 1227//1227
f 1393//1393 1090//1090 936//936
f 729//729 1227//1227 744//744
f 1327//1327 1027//1027 1064//1064
f 1261//1261 1242//1242 1337//1337
f 201//201 223//223 173//173
f 437//437 455//455 456//456
f 1020//1020 1166//1166 567//567
f 654//654 670//670 522//522
f 487//487 488//488 902//902
f 486//486 499//499 462//462
f 1403//1403 1450//1450 1445//1445
f 678//678 556//556 699//699
f 1384//1384 974//974 882//882
f 243//243 158//158 857//857
f 851//851 114//114 111//111
f 1475//1475 27//27 1470//1470
f 744//744 622//622 729//729
f 1175//1175 622//622 744//744
f 1007//1007 1025//1025 1172//1172
f 299//299 306//306 752//752
f 12//12 1416//1416 1434//1434
f 424//424 604//604 1256//1256
f 631//631 355//355 921//921
f 756//756 633//633 921//921
f 247//247 921//921 355//355
f 677//677 1131//1131 712//712
f 1030//1030 1106//1106 701//701
f 688//688 1145//1145 1072//1072
f 233//233 823//823 904//904
f 337//337 557//557 1134//1134
f 1431//1431 22//22 1491//1491
f 1071//1071 1066//1066 1005//1005
f 874//874 971//971 48//48
f 700//700 1104//1104 587//587
f 855//855 954//954 980//980
f 969//969 144//144 569//569
f 1009//1009 1069//1069 1173//1173
f 191//191 561//561 709//709
f 903//903 989//989 170//170
f 969//969 569//569 574//574
f 100//100 727//727 753//753
f 556//556 644//644 699//699
f 695//695 678//678 622//622
f 1482//1482 1483//1483 1414//1414
f 1335//1335 1327//1327 1064//1064
f 1219//1219 1193//1193 500//500
f 827//827 1394//1394 472//472
f 644//644 504//504 1336//1336
f 1022//1022 8//8 6//6
f 1032//1032 622//622 1175//1175
f 181//181 937//937 274//274
f 607//607 1032//1032 1093//1093
f 646//646 463//463 70//70
f 556//556 695//695 607//607
f 247//247 282//282 904//904
f 1458//1458 156//156 1480//1480
f 1390//1390 1455//1455 1480//1480
f 1458//1458 1477//1477 1473//1473
f 639//639 779//779 958//958
f 986//986 237//237 929//929
f 248//248 919//919 289//289
f 46//46 1303//1303 1348//1348
f 8//8 1403//1403 6//6
f 1121//1121 1302//1302 1257//1257
f 1191//1191 915//915 1050//1050
f 1414//1414 1437//1437 1471//1471
f 26//26 1441//1441 1402//1402
f 222//222 936//936 918//918
f 1194//1194 1333//1333 1297//1297
f 141//141 1453//1453 1455//1455
f 1094//1094 1126//1126 1146//1146
f 1200//1200 1298//1298 1065//1065
f 1405//1405 5//5 9//9
f 1178//1178 9//9 5//5
f 615//615 684//684 1046//1046
f 1185//1185 1159//1159 1016//1016
f 225//225 1349//1349 1074//1074
f 765//765 852//852 372//372
f 109//109 328//328 309//309
f 109//109 309//309 328//328
f 25//25 1432//1432 1412//1412
f 620//620 447//447 647//647
f 70//70 651//651 646//646
f 250//250 798//798 342//342
f 497//497 663//663 671//671
f 101//101 641//641 361//361
f 1340//1340 1235//1235 400//400
f 1301//1301 27//27 1400//1400
f 27//27 1475//1475 1400//1400
f 181//181 915//915 937//937
f 1301//1301 1400//1400 892//892
f 721//721 1209//1209 30//30
f 185//185 1105//1105 386//386
f 463//463 721//721 30//30
f 463//463 96//96 129//129
f 96//96 463//463 1389//1389
f 67//67 30//30 1209//1209
f 972//972 1389//1389 30//30
f 350//350 317//317 208//208
f 338//338 983//983 197//197
f 206//206 917//917 282//282
f 343//343 257//257 266//266
f 385//385 679//679 792//792
f 1352//1352 1367//1367 1337//1337
f 1158//1158 1314//1314 1315//1315
f 1314//1314 1013//1013 1288//1288
f 1112//1112 1205//1205 1248//1248
f 955//955 239//239 956//956
f 247//247 904//904 921//921
f 87//87 1323//1323 1183//1183
f 1156//1156 1204//1204 1136//1136
f 11//11 1426//1426 15//15
f 451//451 488//488 487//487
f 247//247 783//783 270//270
f 457//457 412//412 1274//1274
f 985//985 172//172 998//998
f 1182//1182 609//609 1098//1098
f 1291//1291 1225//1225 596//596
f 971//971 890//890 474//474
f 139//139 475//475 966//966
f 1458//1458 1480//1480 1477//1477
f 1008//1008 733//733 653//653
f 578//578 764//764 577//577
f 580//580 121//121 141//141
f 465//465 436//436 127//127
f 38//38 1459//1459 828//828
f 1462//1462 121//121 764//764
f 525//525 1263//1263 1265//1265
f 1265//1265 1281//1281 1285//1285
f 459//459 1285//1285 1345//1345
f 545//545 877//877 650//650
f 498//498 650//650 877//877
f 1325//1325 1345//1345 1239//1239
f 473//473 740//740 774//774
f 442//442 483//483 422//422
f 402//402 491//491 1309//1309
f 1030//1030 1051//1051 601//601
f 147//147 825//825 1379//1379
f 47//47 42//42 900//900
f 1367//1367 1121//1121 1007//1007
f 118//118 886//886 629//629
f 422//422 741//741 725//725
f 96//96 574//574 641//641
f 747//747 436//436 465//465
f 245//245 177//177 1061//1061
f 238//238 273//273 341//341
f 1141//1141 1050//1050 915//915
f 1299//1299 1144//1144 56//56
f 712//712 597//597 677//677
f 676//676 440//440 485//485
f 73//73 594//594 446//446
f 554//554 1011//1011 801//801
f 254//254 1064//1064 1120//1120
f 726//726 649//649 1244//1244
f 1329//1329 1375//1375 153//153
f 1266//1266 1375//1375 1357//1357
f 1128//1128 1068//1068 914//914
f 366//366 142//142 572//572
f 84//84 663//663 1369//1369
f 366//366 497//497 575//575
f 257//257 343//343 311//311
f 130//130 138//138 136//136
f 227//227 982//982 272//272
f 306//306 384//384 339//339
f 100//100 628//628 776//776
f 837//837 848//848 305//305
f 1251//1251 660//660 502//502
f 435//435 583//583 870//870
f 978//978 1276//1276 166//166
f 359//359 795//795 519//519
f 719//719 503//503 458//458
f 1110//1110 4//4 1014//1014
f 838//838 826//826 839//839
f 1385//1385 373//373 405//405
f 859//859 841//841 865//865
f 838//838 839//839 843//843
f 286//286 214//214 818//818
f 779//779 363//363 958//958
f 1376//1376 1335//1335 254//254
f 250//250 901//901 906//906
f 1200//1200 1121//1121 1257//1257
f 1398//1398 871//871 150//150
f 1381//1381 879//879 150//150
f 91//91 294//294 321//321
f 686//686 711//711 714//714
f 151//151 125//125 570//570
f 236//236 206//206 270//270
f 676//676 667//667 73//73
f 1323//1323 451//451 432//432
f 795//795 681//681 519//519
f 13//13 1404//1404 1408//1408
f 227//227 273//273 238//238
f 310//310 908//908 939//939
f 605//605 517//517 518//518
f 741//741 1042//1042 1218//1218
f 1208//1208 1219//1219 672//672
f 625//625 413//413 1339//1339
f 1207//1207 1273//1273 433//433
f 975//975 160//160 968//968
f 1012//1012 5//5 1270//1270
f 1167//1167 511//511 1086//1086
f 1084//1084 1166//1166 1085//1085
f 264//264 293//293 296//296
f 220//220 241//241 924//924
f 388//388 1132//1132 1052//1052
f 2//2 1179//1179 1014//1014
f 611//611 516//516 736//736
f 520//520 619//619 800//800
f 619//619 520//520 693//693
f 618//618 934//934 690//690
f 905//905 1005//1005 249//249
f 554//554 787//787 1153//1153
f 1070//1070 923//923 1268//1268
f 147//147 957//957 377//377
f 987//987 925//925 256//256
f 598//598 604//604 694//694
f 524//524 196//196 1107//1107
f 1149//1149 1150//1150 694//694
f 1376//1376 254//254 849//849
f 461//461 568//568 524//524
f 181//181 284//284 915//915
f 1075//1075 595//595 597//597
f 1319//1319 1318//1318 1341//1341
f 413//413 523//523 76//76
f 926//926 851//851 925//925
f 717//717 398//398 702//702
f 1035//1035 1110//1110 1034//1034
f 1074//1074 1326//1326 1066//1066
f 291//291 1191//1191 186//186
f 723//723 75//75 652//652
f 216//216 61//61 148//148
f 347//347 232//232 346//346
f 1202//1202 168//168 148//148
f 1031//1031 1192//1192 1052//1052
f 697//697 1161//1161 588//588
f 266//266 253//253 343//343
f 400//400 423//423 1336//1336
f 1245//1245 1033//1033 489//489
f 1134//1134 1053//1053 340//340
f 22//22 25//25 1491//1491
f 711//711 687//687 714//714
f 1112//1112 1013//1013 1205//1205
f 1130//1130 185//185 698//698
f 303//303 952//952 784//784
f 1458//1458 1467//1467 766//766
f 1481//1481 1410//1410 1420//1420
f 1481//1481 1469//1469 1410//1410
f 1096//1096 267//267 264//264
f 530//530 1481//1481 1420//1420
f 739//739 665//665 664//664
f 761//761 581//581 1324//1324
f 705//705 589//589 609//609
f 327//327 263//263 248//248
f 1035//1035 1185//1185 4//4
f 948//948 265//265 327//327
f 332//332 997//997 176//176
f 824//824 1377//1377 1373//1373
f 1311//1311 1133//1133 1033//1033
f 1184//1184 189//189 533//533
f 12//12 24//24 1416//1416
f 357//357 304//304 356//356
f 625//625 1339//1339 1215//1215
f 1289//1289 535//535 705//705
f 214//214 286//286 1000//1000
f 1150//1150 555//555 718//718
f 173//173 308//308 201//201
f 723//723 652//652 504//504
f 370//370 757//757 484//484
f 370//370 466//466 102//102
f 1179//1179 1082//1082 612//612
f 755//755 365//365 104//104
f 1209//1209 400//400 1235//1235
f 750//750 956//956 803//803
f 641//641 569//569 361//361
f 699//699 77//77 678//678
f 1043//1043 691//691 1152//1152
f 1344//1344 1252//1252 452//452
f 1378//1378 33//33 1398//1398
f 712//712 1075//1075 597//597
f 263//263 228//228 268//268
f 522//522 585//585 1189//1189
f 391//391 1075//1075 687//687
f 181//181 261//261 284//284
f 521//521 422//422 1099//1099
f 435//435 502//502 82//82
f 69//69 654//654 1260//1260
f 1177//1177 514//514 1088//1088
f 1332//1332 1026//1026 1268//1268
f 845//845 757//757 102//102
f 126//126 896//896 864//864
f 804//804 211//211 122//122
f 619//619 693//693 716//716
f 1395//1395 297//297 329//329
f 582//582 368//368 378//378
f 88//88 1256//1256 604//604
f 664//664 666//666 1207//1207
f 412//412 457//457 1227//1227
f 421//421 1196//1196 1278//1278
f 527//527 1282//1282 1223//1223
f 1284//1284 646//646 1372//1372
f 875//875 161//161 858//858
f 641//641 129//129 96//96
f 726//726 1267//1267 76//76
f 817//817 199//199 1003//1003
f 35//35 217//217 204//204
f 228//228 957//957 261//261
f 1173//1173 1105//1105 1008//1008
f 670//670 70//70 364//364
f 1214//1214 730//730 1216//1216
f 417//417 582//582 1232//1232
f 724//724 419//419 1307//1307
f 721//721 1284//1284 423//423
f 597//597 443//443 606//606
f 907//907 1298//1298 1380//1380
f 1364//1364 1335//1335 60//60
f 1197//1197 1349//1349 1324//1324
f 112//112 135//135 763//763
f 858//858 818//818 875//875
f 105//105 91//91 470//470
f 949//949 795//795 356//356
f 632//632 1361//1361 1362//1362
f 568//568 461//461 702//702
f 542//542 546//546 500//500
f 1410//1410 1470//1470 27//27
f 1354//1354 1006//1006 1213//1213
f 1278//1278 1355//1355 1243//1243
f 1101//1101 195//195 564//564
f 1117//1117 1085//1085 1020//1020
f 1259//1259 1238//1238 1276//1276
f 1245//1245 1226//1226 1033//1033
f 1353//1353 1355//1355 1099//1099
f 1124//1124 421//421 443//443
f 1149//1149 183//183 1108//1108
f 419//419 1306//1306 1307//1307
f 962//962 1399//1399 371//371
f 335//335 794//794 920//920
f 1004//1004 521//521 1099//1099
f 1073//1073 1029//1029 1122//1122
f 1175//1175 621//621 1151//1151
f 981//981 899//899 44//44
f 245//245 281//281 946//946
f 439//439 1366//1366 481//481
f 555//555 1011//1011 554//554
f 1008//1008 653//653 1173//1173
f 814//814 315//315 576//576
f 68//68 847//847 758//758
f 36//36 157//157 884//884
f 656//656 613//613 671//671
f 454//454 727//727 71//71
f 633//633 631//631 921//921
f 138//138 78//78 426//426
f 935//935 794//794 173//173
f 692//692 672//672 77//77
f 792//792 197//197 917//917
f 84//84 538//538 663//663
f 1142//1142 1133//1133 1053//1053
f 519//519 682//682 390//390
f 260//260 816//816 354//354
f 1455//1455 1390//1390 141//141
f 1323//1323 441//441 451//451
f 226//226 1096//1096 264//264
f 821//821 998//998 1374//1374
f 1356//1356 1193//1193 1258//1258
f 1166//1166 358//358 603//603
f 421//421 645//645 717//717
f 956//956 755//755 845//845
f 1284//1284 486//486 462//462
f 74//74 743//743 1240//1240
f 727//727 420//420 71//71
f 421//421 717//717 508//508
f 1403//1403 1445//1445 1433//1433
f 1373//1373 1377//1377 94//94
f 94//94 759//759 89//89
f 223//223 283//283 935//935
f 572//572 142//142 479//479
f 1475//1475 1470//1470 1461//1461
f 956//956 239//239 803//803
f 507//507 127//127 436//436
f 701//701 386//386 1069//1069
f 86//86 1334//1334 1339//1339
f 125//125 879//879 89//89
f 444//444 539//539 545//545
f 1058//1058 1039//1039 1040//1040
f 381//381 292//292 642//642
f 1246//1246 1264//1264 541//541
f 225//225 1071//1071 922//922
f 1449//1449 1442//1442 10//10
f 1483//1483 1482//1482 38//38
f 1109//1109 800//800 1092//1092
f 57//57 40//40 477//477
f 464//464 628//628 363//363
f 253//253 170//170 989//989
f 388//388 1143//1143 396//396
f 1229//1229 1442//1442 1449//1449
f 914//914 1063//1063 1096//1096
f 1205//1205 1019//1019 1249//1249
f 1262//1262 1215//1215 1240//1240
f 810//810 309//309 790//790
f 134//134 132//132 108//108
f 983//983 170//170 237//237
f 1422//1422 1471//1471 1437//1437
f 1076//1076 1079//1079 1112//1112
f 454//454 415//415 482//482
f 1487//1487 1448//1448 1443//1443
f 988//988 929//929 237//237
f 1000//1000 1001//1001 65//65
f 514//514 686//686 1088//1088
f 288//288 821//821 846//846
f 1245//1245 489//489 1371//1371
f 16//16 1404//1404 13//13
f 258//258 570//570 813//813
f 233//233 282//282 917//917
f 843//843 981//981 66//66
f 873//873 236//236 270//270
f 728//728 540//540 469//469
f 553//553 490//490 69//69
f 1047//1047 1164//1164 1060//1060
f 1433//1433 1435//1435 19//19
f 526//526 649//649 726//726
f 265//265 242//242 263//263
f 1063//1063 914//914 982//982
f 1214//1214 1286//1286 1244//1244
f 1129//1129 222//222 231//231
f 1119//1119 618//618 195//195
f 856//856 1198//1198 1280//1280
f 665//665 1118//1118 562//562
f 164//164 955//955 49//49
f 346//346 260//260 347//347
f 1223//1223 1340//1340 527//527
f 1228//1228 496//496 1320//1320
f 1184//1184 1100//1100 189//189
f 1133//1133 1142//1142 1152//1152
f 1227//1227 503//503 1212//1212
f 1080//1080 1037//1037 1162//1162
f 662//662 697//697 657//657
f 208//208 637//637 350//350
f 263//263 268//268 248//248
f 340//340 337//337 1134//1134
f 1222//1222 1338//1338 1279//1279
f 1455//1455 1477//1477 1480//1480
f 955//955 164//164 239//239
f 802//802 679//679 599//599
f 1270//1270 1451//1451 1452//1452
f 509//509 564//564 715//715
f 1125//1125 1007//1007 1121//1121
f 367//367 879//879 1381//1381
f 805//805 352//352 593//593
f 70//70 92//92 364//364
f 1000//1000 65//65 357//357
f 82//82 502//502 668//668
f 79//79 393//393 80//80
f 68//68 757//757 1377//1377
f 60//60 63//63 147//147
f 793//793 946//946 281//281
f 1135//1135 1111//1111 1155//1155
f 167//167 751//751 868//868
f 1262//1262 1240//1240 1368//1368
f 1132//1132 1005//1005 1066//1066
f 916//916 165//165 1391//1391
f 61//61 216//216 1311//1311
f 1176//1176 603//603 202//202
f 840//840 124//124 49//49
f 208//208 317//317 620//620
f 690//690 934//934 212//212
f 984//984 1067//1067 1128//1128
f 810//810 328//328 309//309
f 468//468 1374//1374 979//979
f 336//336 213//213 796//796
f 981//981 44//44 1387//1387
f 349//349 813//813 213//213
f 1430//1430 1457//1457 1402//1402
f 17//17 550//550 188//188
f 1289//1289 735//735 535//535
f 1360//1360 410//410 411//411
f 1132//1132 396//396 184//184
f 570//570 759//759 369//369
f 20//20 1432//1432 22//22
f 1027//1027 1103//1103 1072//1072
f 565//565 186//186 1191//1191
f 385//385 313//313 180//180
f 1321//1321 1251//1251 502//502
f 610//610 550//550 24//24
f 850//850 1397//1397 1382//1382
f 911//911 353//353 209//209
f 410//410 449//449 411//411
f 839//839 977//977 843//843
f 1370//1370 1225//1225 1280//1280
f 1097//1097 1054//1054 683//683
f 1488//1488 1456//1456 1484//1484
f 897//897 33//33 285//285
f 1048//1048 1101//1101 518//518
f 408//408 425//425 735//735
f 490//490 692//692 731//731
f 740//740 656//656 433//433
f 52//52 853//853 852//852
f 996//996 946//946 244//244
f 1340//1340 527//527 504//504
f 1340//1340 504//504 527//527
f 1132//1132 184//184 1005//1005
f 1045//1045 1097//1097 680//680
f 624//624 465//465 127//127
f 796//796 951//951 360//360
f 658//658 450//450 492//492
f 781//781 583//583 780//780
f 453//453 448//448 480//480
f 799//799 182//182 585//585
f 909//909 154//154 1287//1287
f 626//626 224//224 283//283
f 264//264 326//326 293//293
f 425//425 535//535 735//735
f 1135//1135 1076//1076 1204//1204
f 115//115 453//453 117//117
f 1366//1366 439//439 1350//1350
f 1055//1055 1077//1077 560//560
f 420//420 669//669 582//582
f 98//98 872//872 962//962
f 67//67 1235//1235 892//892
f 531//531 306//306 299//299
f 468//468 871//871 1374//1374
f 752//752 873//873 783//783
f 991//991 941//941 791//791
f 65//65 777//777 304//304
f 280//280 281//281 932//932
f 643//643 1382//1382 875//875
f 1432//1432 25//25 22//22
f 1226//1226 1371//1371 481//481
f 851//851 216//216 114//114
f 759//759 125//125 89//89
f 918//918 236//236 231//231
f 379//379 371//371 583//583
f 362//362 833//833 958//958
f 284//284 261//261 820//820
f 414//414 446//446 74//74
f 879//879 367//367 89//89
f 1196//1196 1004//1004 1355//1355
f 1075//1075 712//712 687//687
f 293//293 289//289 291//291
f 328//328 964//964 122//122
f 1170//1170 1120//1120 1141//1141
f 1053//1053 215//215 340//340
f 960//960 953//953 861//861
f 310//310 334//334 908//908
f 1278//1278 1243//1243 1256//1256
f 279//279 265//265 993//993
f 1399//1399 898//898 371//371
f 837//837 643//643 848//848
f 144//144 844//844 361//361
f 694//694 604//604 602//602
f 206//206 785//785 270//270
f 455//455 673//673 776//776
f 553//553 513//513 490//490
f 600//600 1046//1046 599//599
f 1360//1360 1078//1078 1036//1036
f 1479//1479 10//10 1464//1464
f 297//297 1395//1395 809//809
f 1417//1417 1432//1432 1489//1489
f 370//370 484//484 528//528
f 541//541 582//582 1303//1303
f 349//349 942//942 314//314
f 672//672 500//500 546//546
f 36//36 156//156 965//965
f 778//778 119//119 374//374
f 20//20 1//1 3//3
f 563//563 688//688 553//553
f 1422//1422 1437//1437 1406//1406
f 95//95 777//777 778//778
f 13//13 1411//1411 1431//1431
f 814//814 139//139 966//966
f 918//918 1090//1090 180//180
f 1487//1487 1444//1444 1460//1460
f 720//720 500//500 1277//1277
f 572//572 123//123 409//409
f 1054//1054 715//715 390//390
f 1012//1012 1041//1041 1180//1180
f 1113//1113 1019//1019 1115//1115
f 611//611 536//536 706//706
f 758//758 847//847 1306//1306
f 211//211 952//952 303//303
f 1035//1035 1077//1077 1159//1159
f 927//927 828//828 964//964
f 1350//1350 524//524 1332//1332
f 471//471 964//964 1386//1386
f 1224//1224 1332//1332 1268//1268
f 858//858 286//286 818//818
f 1057//1057 1183//1183 1358//1358
f 345//345 928//928 912//912
f 391//391 511//511 521//521
f 1120//1120 1027//1027 1072//1072
f 521//521 1004//1004 391//391
f 363//363 628//628 478//478
f 376//376 760//760 1362//1362
f 1341//1341 1287//1287 154//154
f 366//366 164//164 49//49
f 931//931 829//829 909//909
f 936//936 835//835 1237//1237
f 1439//1439 1407//1407 1428//1428
f 1241//1241 1027//1027 1201//1201
f 350//350 242//242 317//317
f 952//952 211//211 804//804
f 775//775 137//137 472//472
f 835//835 895//895 1254//1254
f 1141//1141 915//915 1170//1170
f 525//525 725//725 1263//1263
f 607//607 566//566 723//723
f 1290//1290 562//562 689//689
f 83//83 736//736 495//495
f 1028//1028 1094//1094 1067//1067
f 1429//1429 1430//1430 1441//1441
f 1255//1255 666//666 1290//1290
f 1317//1317 1188//1188 1316//1316
f 1363//1363 1024//1024 1296//1296
f 1363//1363 1290//1290 1024//1024
f 834//834 51//51 134//134
f 190//190 430//430 517//517
f 520//520 1127//1127 1047//1047
f 641//641 101//101 92//92
f 1479//1479 1464//1464 1466//1466
f 789//789 303//303 788//788
f 272//272 287//287 312//312
f 1365//1365 502//502 435//435
f 1233//1233 895//895 41//41
f 719//719 745//745 503//503
f 222//222 1188//1188 889//889
f 1190//1190 1130//1130 1308//1308
f 445//445 1104//1104 1220//1220
f 133//133 775//775 754//754
f 1271//1271 410//410 1036//1036
f 691//691 623//623 489//489
f 1316//1316 533//533 79//79
f 1233//1233 1254//1254 895//895
f 788//788 817//817 808//808
f 77//77 672//672 546//546
f 975//975 1233//1233 160//160
f 1233//1233 41//41 160//160
f 1423//1423 1438//1438 1405//1405
f 968//968 160//160 41//41
f 1295//1295 1206//1206 1233//1233
f 520//520 1174//1174 1127//1127
f 174//174 997//997 790//790
f 1297//1297 1333//1333 1369//1369
f 1339//1339 76//76 86//86
f 1295//1295 975//975 375//375
f 1361//1361 1296//1296 1362//1362
f 781//781 106//106 379//379
f 664//664 665//665 666//666
f 301//301 793//793 353//353
f 104//104 90//90 755//755
f 797//797 290//290 799//799
f 632//632 473//473 774//774
f 627//627 752//752 355//355
f 838//838 846//846 826//826
f 1445//1445 16//16 1428//1428
f 1314//1314 1236//1236 1013//1013
f 921//921 904//904 961//961
f 1013//1013 1079//1079 1161//1161
f 1087//1087 704//704 1089//1089
f 910//910 278//278 332//332
f 983//983 237//237 986//986
f 696//696 1059//1059 387//387
f 938//938 320//320 754//754
f 1259//1259 1095//1095 1140//1140
f 1086//1086 687//687 711//711
f 1049//1049 684//684 567//567
f 319//319 198//198 784//784
f 740//740 433//433 774//774
f 212//212 305//305 214//214
f 268//268 181//181 274//274
f 1016//1016 1078//1078 1292//1292
f 315//315 1343//1343 576//576
f 458//458 582//582 674//674
f 931//931 275//275 175//175
f 244//244 946//946 793//793
f 1268//1268 1026//1026 1070//1070
f 747//747 523//523 436//436
f 1163//1163 1057//1057 1114//1114
f 1238//1238 1259//1259 1140//1140
f 840//840 624//624 124//124
f 158//158 1392//1392 1391//1391
f 243//243 1392//1392 158//158
f 732//732 703//703 434//434
f 309//309 328//328 109//109
f 115//115 117//117 734//734
f 41//41 895//895 1234//1234
f 927//927 344//344 278//278
f 371//371 98//98 962//962
f 58//58 64//64 896//896
f 1266//1266 824//824 1375//1375
f 1487//1487 1443//1443 1444//1444
f 705//705 495//495 736//736
f 555//555 1168//1168 718//718
f 1279//1279 440//440 73//73
f 1199//1199 1217//1217 1218//1218
f 1390//1390 580//580 141//141
f 641//641 92//92 129//129
f 1167//1167 1042//1042 511//511
f 1042//1042 1167//1167 1023//1023
f 442//442 525//525 551//551
f 268//268 261//261 181//181
f 1306//1306 847//847 1266//1266
f 866//866 167//167 1370//1370
f 178//178 1062//1062 994//994
f 994//994 177//177 178//178
f 178//178 177//177 995//995
f 145//145 953//953 46//46
f 76//76 1267//1267 86//86
f 1089//1089 932//932 1061//1061
f 260//260 346//346 221//221
f 229//229 1391//1391 860//860
f 973//973 893//893 894//894
f 161//161 862//862 863//863
f 1131//1131 1088//1088 712//712
f 686//686 714//714 1088//1088
f 1476//1476 1460//1460 1466//1466
f 1259//1259 978//978 1095//1095
f 1251//1251 735//735 660//660
f 1089//1089 593//593 932//932
f 1163//1163 1045//1045 680//680
f 859//859 1396//1396 45//45
f 1446//1446 1451//1451 29//29
f 686//686 514//514 558//558
f 928//928 240//240 277//277
f 832//832 57//57 833//833
f 1059//1059 1160//1160 387//387
f 739//739 671//671 538//538
f 629//629 836//836 136//136
f 265//265 279//279 242//242
f 1111//1111 1156//1156 1305//1305
f 1301//1301 1235//1235 1195//1195
f 825//825 953//953 145//145
f 421//421 508//508 443//443
f 1381//1381 468//468 103//103
f 1146//1146 510//510 1094//1094
f 243//243 1384//1384 1392//1392
f 332//332 944//944 992//992
f 398//398 717//717 645//645
f 1166//1166 1020//1020 1085//1085
f 318//318 200//200 787//787
f 614//614 1060//1060 194//194
f 271//271 316//316 176//176
f 483//483 1099//1099 422//422
f 632//632 942//942 473//473
f 797//797 101//101 844//844
f 1248//1248 1136//1136 1204//1204
f 1234//1234 895//895 889//889
f 56//56 57//57 39//39
f 158//158 302//302 857//857
f 57//57 995//995 40//40
f 771//771 476//476 351//351
f 351//351 302//302 333//333
f 409//409 1297//1297 1369//1369
f 1232//1232 1231//1231 1351//1351
f 354//354 301//301 353//353
f 421//421 1278//1278 88//88
f 1368//1368 1225//1225 1370//1370
f 109//109 122//122 211//211
f 242//242 924//924 317//317
f 1319//1319 494//494 429//429
f 1179//1179 2//2 9//9
f 83//83 425//425 501//501
f 1028//1028 1126//1126 1094//1094
f 279//279 924//924 242//242
f 1160//1160 1059//1059 1164//1164
f 1376//1376 63//63 60//60
f 1300//1300 832//832 1294//1294
f 746//746 703//703 732//732
f 488//488 72//72 902//902
f 790//790 204//204 217//217
f 276//276 912//912 277//277
f 559//559 1076//1076 1135//1135
f 326//326 289//289 293//293
f 866//866 1370//1370 880//880
f 531//531 299//299 768//768
f 1186//1186 1187//1187 1194//1194
f 1174//1174 1020//1020 1127//1127
f 204//204 131//131 107//107
f 1360//1360 1292//1292 1078//1078
f 446//446 86//86 1330//1330
f 1235//1235 67//67 1209//1209
f 174//174 807//807 271//271
f 15//15 1447//1447 1448//1448
f 997//997 810//810 790//790
f 1388//1388 855//855 969//969
f 354//354 816//816 301//301
f 997//997 344//344 810//810
f 725//725 648//648 1263//1263
f 1041//1041 219//219 278//278
f 376//376 943//943 760//760
f 1054//1054 509//509 715//715
f 828//828 219//219 887//887
f 345//345 640//640 928//928
f 506//506 459//459 1345//1345
f 1302//1302 1121//1121 1367//1367
f 477//477 772//772 773//773
f 48//48 961//961 823//823
f 1224//1224 540//540 1366//1366
f 333//333 302//302 158//158
f 815//815 1083//1083 1138//1138
f 1083//1083 815//815 1039//1039
f 1039//1039 815//815 1040//1040
f 992//992 910//910 332//332
f 1086//1086 1087//1087 1167//1167
f 452//452 1021//1021 191//191
f 426//426 406//406 630//630
f 1462//1462 1453//1453 141//141
f 131//131 309//309 109//109
f 1136//1136 1323//1323 1157//1157
f 404//404 434//434 703//703
f 417//417 420//420 582//582
f 175//175 316//316 271//271
f 66//66 119//119 65//65
f 881//881 271//271 807//807
f 490//490 722//722 69//69
f 852//852 881//881 807//807
f 1429//1429 11//11 1427//1427
f 119//119 66//66 981//981
f 232//232 256//256 925//925
f 640//640 135//135 807//807
f 547//547 1346//1346 454//454
f 770//770 475//475 140//140
f 344//344 927//927 964//964
f 1228//1228 1315//1315 1271//1271
f 536//536 496//496 1250//1250
f 882//882 276//276 240//240
f 1044//1044 1101//1101 1048//1048
f 132//132 107//107 108//108
f 953//953 877//877 46//46
f 1213//1213 424//424 1243//1243
f 323//323 203//203 200//200
f 770//770 140//140 579//579
f 103//103 128//128 869//869
f 128//128 878//878 869//869
f 131//131 108//108 107//107
f 1115//1115 1056//1056 1162//1162
f 204//204 107//107 35//35
f 107//107 132//132 51//51
f 1374//1374 998//998 979//979
f 51//51 1384//1384 882//882
f 882//882 35//35 51//51
f 928//928 217//217 240//240
f 1356//1356 1258//1258 1348//1348
f 882//882 217//217 35//35
f 855//855 980//980 144//144
f 754//754 804//804 133//133
f 161//161 34//34 862//862
f 828//828 887//887 1452//1452
f 394//394 575//575 497//497
f 1468//1468 1469//1469 1481//1481
f 1397//1397 152//152 146//146
f 555//555 1150//1150 1011//1011
f 29//29 14//14 1419//1419
f 207//207 394//394 613//613
f 1113//1113 1249//1249 1019//1019
f 1057//1057 189//189 1183//1183
f 970//970 969//969 574//574
f 140//140 891//891 634//634
f 848//848 818//818 305//305
f 1335//1335 1064//1064 254//254
f 898//898 583//583 371//371
f 113//113 112//112 114//114
f 1264//1264 545//545 539//539
f 626//626 782//782 224//224
f 590//590 1359//1359 536//536
f 347//347 933//933 334//334
f 591//591 739//739 538//538
f 1218//1218 1210//1210 648//648
f 1014//1014 1179//1179 612//612
f 592//592 612//612 1083//1083
f 618//618 390//390 195//195
f 1045//1045 605//605 509//509
f 675//675 698//698 700//700
f 472//472 137//137 885//885
f 1083//1083 612//612 1082//1082
f 878//878 1373//1373 869//869
f 669//669 673//673 674//674
f 301//301 302//302 947//947
f 257//257 791//791 290//290
f 243//243 221//221 1395//1395
f 448//448 1421//1421 738//738
f 1019//1019 1236//1236 1056//1056
f 128//128 381//381 878//878
f 1291//1291 1081//1081 856//856
f 1114//1114 1037//1037 1163//1163
f 1429//1429 1441//1441 1437//1437
f 1143//1143 388//388 1151//1151
f 378//378 399//399 1356//1356
f 1295//1295 1296//1296 1206//1206
f 58//58 507//507 625//625
f 647//647 650//650 552//552
f 159//159 975//975 968//968
f 155//155 55//55 830//830
f 1387//1387 374//374 119//119
f 356//356 214//214 324//324
f 253//253 988//988 237//237
f 309//309 204//204 790//790
f 971//971 874//874 890//890
f 1414//1414 1440//1440 1437//1437
f 554//554 801//801 787//787
f 1045//1045 1163//1163 1037//1037
f 185//185 1190//1190 1105//1105
f 885//885 761//761 1324//1324
f 372//372 852//852 135//135
f 973//973 831//831 67//67
f 497//497 671//671 394//394
f 615//615 1164//1164 1127//1127
f 238//238 802//802 599//599
f 593//593 704//704 558//558
f 332//332 176//176 944//944
f 1347//1347 1379//1379 825//825
f 1413//1413 1415//1415 7//7
f 1185//1185 1292//1292 1489//1489
f 78//78 529//529 460//460
f 385//385 387//387 679//679
f 1015//1015 1035//1035 1034//1034
f 175//175 275//275 316//316
f 260//260 933//933 347//347
f 994//994 1062//1062 1089//1089
f 749//749 457//457 1274//1274
f 167//167 1262//1262 1368//1368
f 1231//1231 539//539 1220//1220
f 393//393 79//79 533//533
f 658//658 106//106 543//543
f 1482//1482 1471//1471 581//581
f 28//28 1445//1445 1450//1450
f 1103//1103 1027//1027 1241//1241
f 1411//1411 13//13 7//7
f 394//394 360//360 951//951
f 421//421 88//88 645//645
f 393//393 189//189 680//680
f 8//8 1449//1449 1403//1403
f 516//516 589//589 705//705
f 1401//1401 1489//1489 1292//1292
f 1018//1018 510//510 549//549
f 973//973 67//67 892//892
f 501//501 425//425 408//408
f 910//910 259//259 278//278
f 1490//1490 1433//1433 1445//1445
f 591//591 617//617 739//739
f 135//135 852//852 807//807
f 1176//1176 252//252 234//234
f 857//857 221//221 243//243
f 36//36 884//884 53//53
f 295//295 693//693 520//520
f 683//683 1054//1054 390//390
f 16//16 1445//1445 28//28
f 1395//1395 1384//1384 243//243
f 1440//1440 1419//1419 14//14
f 1292//1292 1185//1185 1016//1016
f 1245//1245 1371//1371 1226//1226
f 1042//1042 1199//1199 1218//1218
f 671//671 613//613 394//394
f 972//972 831//831 894//894
f 501//501 518//518 430//430
f 429//429 543//543 82//82
f 511//511 391//391 1086//1086
f 120//120 740//740 473//473
f 144//144 253//253 844//844
f 199//199 817//817 788//788
f 968//968 967//967 159//159
f 278//278 219//219 927//927
f 1469//1469 1456//1456 1470//1470
f 1474//1474 1478//1478 1453//1453
f 583//583 898//898 870//870
f 778//778 573//573 95//95
f 913//913 1002//1002 179//179
f 1136//1136 1157//1157 1156//1156
f 435//435 82//82 543//543
f 718//718 598//598 694//694
f 812//812 298//298 803//803
f 837//837 305//305 913//913
f 1460//1460 1477//1477 1474//1474
f 1234//1234 155//155 830//830
f 1473//1473 1460//1460 1476//1476
f 621//621 1261//1261 1337//1337
f 973//973 894//894 831//831
f 1444//1444 1479//1479 1460//1460
f 265//265 169//169 993//993
f 1271//1271 1315//1315 410//410
f 1017//1017 561//561 395//395
f 1184//1184 1129//1129 1100//1100
f 351//351 333//333 771//771
f 676//676 587//587 512//512
f 424//424 403//403 404//404
f 769//769 972//972 894//894
f 634//634 579//579 140//140
f 806//806 642//642 292//292
f 1388//1388 634//634 891//891
f 1360//1360 1036//1036 410//410
f 856//856 888//888 1198//1198
f 574//574 1389//1389 970//970
f 617//617 665//665 739//739
f 1389//1389 635//635 970//970
f 364//364 92//92 585//585
f 1025//1025 1143//1143 1172//1172
f 1090//1090 918//918 936//936
f 180//180 689//689 385//385
f 287//287 205//205 312//312
f 893//893 1475//1475 1462//1462
f 1290//1290 689//689 1090//1090
f 943//943 45//45 1396//1396
f 252//252 202//202 251//251
f 18//18 1//1 20//20
f 1316//1316 54//54 1317//1317
f 179//179 1002//1002 978//978
f 1462//1462 141//141 121//121
f 901//901 319//319 32//32
f 587//587 1104//1104 445//445
f 359//359 356//356 795//795
f 561//561 1116//1116 709//709
f 1198//1198 880//880 1280//1280
f 1419//1419 1483//1483 1446//1446
f 936//936 1237//1237 1393//1393
f 456//456 1283//1283 438//438
f 392//392 707//707 1098//1098
f 957//957 147//147 262//262
f 1442//1442 1464//1464 10//10
f 614//614 591//591 693//693
f 1229//1229 1230//1230 1442//1442
f 1229//1229 8//8 1252//1252
f 1301//1301 1293//1293 27//27
f 135//135 112//112 372//372
f 636//636 634//634 1388//1388
f 265//265 263//263 327//327
f 804//804 122//122 133//133
f 197//197 983//983 986//986
f 163//163 179//179 978//978
f 39//39 57//57 832//832
f 299//299 752//752 627//627
f 355//355 783//783 247//247
f 8//8 1022//1022 1252//1252
f 251//251 202//202 948//948
f 1272//1272 53//53 884//884
f 676//676 512//512 667//667
f 999//999 212//212 934//934
f 1185//1185 20//20 3//3
f 315//315 814//814 53//53
f 1366//1366 540//540 728//728
f 268//268 228//228 261//261
f 1205//1205 1236//1236 1019//1019
f 753//753 727//727 482//482
f 788//788 210//210 199//199
f 13//13 1439//1439 1428//1428
f 108//108 789//789 134//134
f 387//387 600//600 599//599
f 435//435 780//780 583//583
f 52//52 883//883 829//829
f 1131//1131 1043//1043 1142//1142
f 660//660 735//735 1289//1289
f 83//83 430//430 190//190
f 829//829 154//154 909//909
f 381//381 153//153 1375//1375
f 1194//1194 1297//1297 1221//1221
f 972//972 635//635 1389//1389
f 31//31 872//872 98//98
f 345//345 763//763 640//640
f 1438//1438 1418//1418 1405//1405
f 522//522 364//364 585//585
f 257//257 311//311 991//991
f 44//44 841//841 854//854
f 717//717 702//702 508//508
f 965//965 766//766 767//767
f 1320//1320 496//496 1359//1359
f 6//6 1403//1403 19//19
f 1229//1229 1449//1449 8//8
f 1113//1113 1057//1057 1358//1358
f 12//12 1434//1434 1412//1412
f 842//842 339//339 902//902
f 1120//1120 1064//1064 1027//1027
f 169//169 265//265 948//948
f 829//829 175//175 853//853
f 531//531 384//384 306//306
f 26//26 1406//1406 1441//1441
f 605//605 1045//1045 517//517
f 886//886 494//494 154//154
f 1205//1205 1249//1249 1248//1248
f 1290//1290 1090//1090 1024//1024
f 706//706 608//608 1055//1055
f 1415//1415 1424//1424 1411//1411
f 736//736 83//83 190//190
f 651//651 670//670 654//654
f 16//16 13//13 1428//1428
f 1157//1157 1116//1116 1038//1038
f 331//331 813//813 349//349
f 345//345 912//912 329//329
f 1218//1218 648//648 725//725
f 1393//1393 1206//1206 1024//1024
f 737//737 384//384 531//531
f 1154//1154 931//931 909//909
f 1414//1414 1471//1471 1482//1482
f 324//324 214//214 1000//1000
f 1205//1205 1013//1013 1236//1236
f 1280//1280 1291//1291 856//856
f 17//17 24//24 550//550
f 582//582 1264//1264 1232//1232
f 952//952 320//320 938//938
f 823//823 961//961 904//904
f 495//495 705//705 535//535
f 631//631 768//768 627//627
f 1198//1198 888//888 43//43
f 684//684 1127//1127 1020//1020
f 316//316 910//910 992//992
f 874//874 891//891 890//890
f 678//678 695//695 556//556
f 968//968 41//41 830//830
f 582//582 458//458 368//368
f 36//36 53//53 966//966
f 120//120 811//811 207//207
f 928//928 640//640 174//174
f 1314//1314 1056//1056 1236//1236
f 12//12 1412//1412 661//661
f 1474//1474 1488//1488 1487//1487
f 409//409 663//663 572//572
f 1117//1117 1109//1109 1092//1092
f 803//803 239//239 812//812
f 357//357 324//324 1000//1000
f 559//559 1135//1135 1155//1155
f 874//874 1388//1388 891//891
f 424//424 404//404 713//713
f 1321//1321 408//408 1251//1251
f 208//208 620//620 552//552
f 263//263 300//300 228//228
f 900//900 467//467 464//464
f 247//247 785//785 282//282
f 572//572 663//663 497//497
f 1051//1051 1353//1353 483//483
f 134//134 789//789 110//110
f 253//253 989//989 343//343
f 1344//1344 1272//1272 1252//1252
f 151//151 258//258 930//930
f 473//473 811//811 120//120
f 62//62 624//624 840//840
f 1410//1410 1421//1421 1420//1420
f 788//788 303//303 784//784
f 1084//1084 358//358 1166//1166
f 195//195 715//715 564//564
f 1299//1299 56//56 1300//1300
f 522//522 1189//1189 1260//1260
f 331//331 314//314 930//930
f 570//570 258//258 151//151
f 1461//1461 1453//1453 1462//1462
f 191//191 709//709 708//708
f 714//714 687//687 712//712
f 1430//1430 1427//1427 1457//1457
f 64//64 58//58 868//868
f 66//66 976//976 843//843
f 124//124 864//864 126//126
f 124//124 126//126 864//864
f 1479//1479 1443//1443 1404//1404
f 144//144 969//969 855//855
f 218//218 888//888 241//241
f 50//50 468//468 1381//1381
f 999//999 934//934 1095//1095
f 1100//1100 1129//1129 842//842
f 450//450 494//494 886//886
f 1240//1240 1225//1225 1368//1368
f 530//530 116//116 762//762
f 1426//1426 11//11 1440//1440
f 1283//1283 467//467 900//900
f 389//389 1092//1092 619//619
f 1024//1024 1090//1090 1393//1393
f 811//811 349//349 348//348
f 1463//1463 1465//1465 1476//1476
f 366//366 383//383 164//164
f 23//23 1436//1436 9//9
f 461//461 489//489 623//623
f 467//467 456//456 776//776
f 1107//1107 1026//1026 1332//1332
f 1468//1468 1484//1484 1456//1456
f 805//805 819//819 352//352
f 716//716 693//693 591//591
f 1426//1426 1440//1440 14//14
f 128//128 468//468 979//979
f 198//198 319//319 250//250
f 27//27 1293//1293 1410//1410
f 281//281 245//245 1061//1061
f 584//584 672//672 692//692
f 537//537 737//737 531//531
f 327//327 326//326 251//251
f 942//942 632//632 760//760
f 627//627 768//768 299//299
f 222//222 918//918 231//231
f 132//132 134//134 51//51
f 1467//1467 1465//1465 1485//1485
f 936//936 222//222 835//835
f 1081//1081 1291//1291 596//596
f 1339//1339 413//413 76//76
f 969//969 970//970 1388//1388
f 970//970 577//577 636//636
f 677//677 1043//1043 1131//1131
f 1135//1135 1156//1156 1111//1111
f 1163//1163 680//680 189//189
f 113//113 372//372 112//112
f 1425//1425 1416//1416 24//24
f 593//593 558//558 805//805
f 333//333 165//165 771//771
f 1308//1308 1286//1286 1190//1190
f 1197//1197 1324//1324 480//480
f 748//748 130//130 836//836
f 1229//1229 1272//1272 884//884
f 658//658 492//492 106//106
f 523//523 526//526 726//726
f 352//352 280//280 932//932
f 668//668 659//659 82//82
f 260//260 221//221 816//816
f 577//577 970//970 635//635
f 1359//1359 590//590 1080//1080
f 1390//1390 1480//1480 156//156
f 661//661 449//449 662//662
f 699//699 499//499 77//77
f 1321//1321 1238//1238 408//408
f 671//671 739//739 664//664
f 124//124 127//127 126//126
f 451//451 85//85 708//708
f 534//534 407//407 493//493
f 943//943 376//376 45//45
f 933//933 354//354 353//353
f 431//431 505//505 397//397
f 881//881 852//852 853//853
f 640//640 763//763 135//135
f 532//532 1288//1288 1161//1161
f 1187//1187 1085//1085 1117//1117
f 1274//1274 1277//1277 749//749
f 816//816 857//857 302//302
f 1401//1401 1360//1360 411//411
f 947//947 302//302 351//351
f 920//920 916//916 335//335
f 1068//1068 287//287 171//171
f 559//559 1155//1155 550//550
f 1010//1010 1104//1104 700//700
f 1197//1197 1247//1247 1326//1326
f 67//67 831//831 30//30
f 258//258 331//331 930//930
f 629//629 52//52 852//852
f 633//633 474//474 576//576
f 1154//1154 1058//1058 931//931
f 1447//1447 15//15 1426//1426
f 828//828 1452//1452 38//38
f 1045//1045 509//509 1097//1097
f 626//626 639//639 782//782
f 120//120 656//656 740//740
f 1407//1407 1416//1416 1425//1425
f 1341//1341 154//154 494//494
f 1154//1154 909//909 1287//1287
f 349//349 314//314 331//331
f 263//263 248//248 327//327
f 263//263 327//327 248//248
f 828//828 927//927 219//219
f 474//474 890//890 140//140
f 1378//1378 930//930 314//314
f 1102//1102 1171//1171 1169//1169
f 1453//1453 1461//1461 1488//1488
f 894//894 893//893 1462//1462
f 1154//1154 1287//1287 1342//1342
f 1119//1119 1101//1101 1044//1044
f 283//283 1383//1383 779//779
f 1146//1146 565//565 1072//1072
f 83//83 495//495 425//425
f 620//620 317//317 1081//1081
f 1413//1413 1438//1438 1415//1415
f 1093//1093 1151//1151 388//388
f 453//453 115//115 655//655
f 1426//1426 1409//1409 1413//1413
f 629//629 883//883 52//52
f 1116//1116 1157//1157 432//432
f 1130//1130 698//698 675//675
f 362//362 1294//1294 832//832
f 562//562 1290//1290 666//666
f 660//660 668//668 502//502
f 1390//1390 156//156 966//966
f 1310//1310 1285//1285 459//459
f 215//215 1311//1311 216//216
f 1253//1253 1300//1300 1294//1294
f 543//543 781//781 780//780
f 1394//1394 319//319 938//938
f 1337//1337 1242//1242 1352//1352
f 255//255 111//111 297//297
f 763//763 111//111 112//112
f 499//499 731//731 77//77
f 13//13 1431//1431 1439//1439
f 817//817 1003//1003 335//335
f 1025//1025 1122//1122 396//396
f 566//566 607//607 1093//1093
f 1084//1084 1186//1186 993//993
f 172//172 321//321 307//307
f 1344//1344 537//537 1343//1343
f 1017//1017 1038//1038 1116//1116
f 29//29 1451//1451 5//5
f 1037//1037 590//590 517//517
f 1204//1204 1076//1076 1112//1112
f 1009//1009 1030//1030 1069//1069
f 1053//1053 1133//1133 215//215
f 1062//1062 1023//1023 1167//1167
f 639//639 958//958 833//833
f 664//664 1207//1207 433//433
f 560//560 589//589 516//516
f 1343//1343 315//315 1322//1322
f 1416//1416 1407//1407 1434//1434
f 796//796 360//360 336//336
f 1095//1095 934//934 1044//1044
f 391//391 1124//1124 1075//1075
f 1118//1118 194//194 1060//1060
f 1485//1485 1457//1457 1454//1454
f 666//666 665//665 562//562
f 1059//1059 1060//1060 1164//1164
f 422//422 521//521 741//741
f 129//129 70//70 463//463
f 287//287 1068//1068 1018//1018
f 1427//1427 1454//1454 1457//1457
f 74//74 505//505 743//743
f 405//405 734//734 1422//1422
f 923//923 203//203 959//959
f 560//560 706//706 1055//1055
f 1282//1282 1247//1247 1223//1223
f 1358//1358 1136//1136 1249//1249
f 551//551 1203//1203 1106//1106
f 917//917 197//197 986//986
f 1137//1137 19//19 710//710
f 1111//1111 1038//1038 188//188
f 1340//1340 504//504 527//527
f 1162//1162 1114//1114 1115//1115
f 1408//1408 1404//1404 1443//1443
f 241//241 856//856 924//924
f 266//266 257//257 290//290
f 483//483 1353//1353 1099//1099
f 866//866 149//149 123//123
f 1162//1162 1056//1056 1158//1158
f 741//741 1218//1218 725//725
f 452//452 191//191 192//192
f 974//974 276//276 882//882
f 472//472 1394//1394 775//775
f 1463//1463 1442//1442 1402//1402
f 948//948 202//202 358//358
f 591//591 538//538 84//84
f 176//176 174//174 271//271
f 311//311 940//940 312//312
f 574//574 96//96 1389//1389
f 37//37 581//581 761//761
f 1328//1328 1193//1193 1219//1219
f 1309//1309 491//491 1216//1216
f 222//222 1129//1129 1188//1188
f 854//854 55//55 44//44
f 19//19 1403//1403 1433//1433
f 1463//1463 1476//1476 1466//1466
f 110//110 834//834 134//134
f 764//764 579//579 577//577
f 114//114 148//148 113//113
f 344//344 964//964 328//328
f 454//454 482//482 727//727
f 1106//1106 1275//1275 701//701
f 1320//1320 1158//1158 1228//1228
f 397//397 444//444 647//647
f 1092//1092 800//800 619//619
f 459//459 506//506 417//417
f 1155//1155 1111//1111 188//188
f 555//555 554//554 1026//1026
f 269//269 820//820 849//849
f 1401//1401 1292//1292 1360//1360
f 769//769 635//635 972//972
f 1479//1479 1466//1466 1460//1460
f 545//545 1246//1246 877//877
f 168//168 113//113 148//148
f 1028//1028 1067//1067 984//984
f 865//865 841//841 899//899
f 108//108 211//211 303//303
f 1048//1048 1238//1238 1140//1140
f 625//625 507//507 413//413
f 1435//1435 710//710 19//19
f 525//525 1265//1265 1203//1203
f 4//4 1110//1110 1035//1035
f 1118//1118 617//617 194//194
f 4//4 3//3 1014//1014
f 545//545 650//650 444//444
f 683//683 680//680 1097//1097
f 1077//1077 1015//1015 392//392
f 798//798 905//905 249//249
f 491//491 401//401 1216//1216
f 476//476 771//771 772//772
f 531//531 768//768 1343//1343
f 782//782 794//794 224//224
f 409//409 149//149 1297//1297
f 577//577 635//635 578//578
f 792//792 917//917 313//313
f 425//425 495//495 535//535
f 631//631 633//633 576//576
f 528//528 466//466 370//370
f 940//940 903//903 273//273
f 682//682 681//681 493//493
f 1039//1039 707//707 1083//1083
f 304//304 777//777 95//95
f 1468//1468 1454//1454 1427//1427
f 1096//1096 984//984 914//914
f 47//47 900//900 1383//1383
f 858//858 1001//1001 286//286
f 337//337 819//819 805//805
f 313//313 917//917 206//206
f 1470//1470 1410//1410 1469//1469
f 940//940 330//330 903//903
f 942//942 349//349 811//811
f 1312//1312 1342//1342 1287//1287
f 1296//1296 1295//1295 1362//1362
f 421//421 1124//1124 1196//1196
f 1458//1458 766//766 965//965
f 1462//1462 1475//1475 1461//1461
f 1215//1215 1262//1262 868//868
f 449//449 661//661 411//411
f 1016//1016 1181//1181 1078//1078
f 929//929 988//988 980//980
f 1146//1146 186//186 565//565
f 1328//1328 1364//1364 1258//1258
f 690//690 519//519 618//618
f 966//966 770//770 1390//1390
f 1180//1180 1041//1041 1138//1138
f 1418//1418 1409//1409 14//14
f 659//659 429//429 82//82
f 819//819 280//280 352//352
f 659//659 668//668 660//660
f 450//450 658//658 429//429
f 246//246 213//213 813//813
f 746//746 1108//1108 183//183
f 1318//1318 1319//1319 429//429
f 1061//1061 932//932 281//281
f 1398//1398 150//150 151//151
f 1187//1187 1186//1186 1085//1085
f 415//415 1253//1253 1294//1294
f 25//25 1412//1412 1434//1434
f 1109//1109 1174//1174 800//800
f 70//70 129//129 92//92
f 212//212 999//999 913//913
f 1040//1040 931//931 1058//1058
f 116//116 734//734 373//373
f 1124//1124 595//595 1075//1075
f 188//188 1038//1038 1017//1017
f 1354//1354 1355//1355 1353//1353
f 1057//1057 1163//1163 189//189
f 605//605 518//518 564//564
f 835//835 889//889 895//895
f 1428//1428 1407//1407 1490//1490
f 1076//1076 588//588 1079//1079
f 1164//1164 1047//1047 1127//1127
f 854//854 967//967 55//55
f 313//313 236//236 918//918
f 779//779 1383//1383 363//363
f 1486//1486 1485//1485 1454//1454
f 1465//1465 1463//1463 1457//1457
f 55//55 155//155 1387//1387
f 1062//1062 1087//1087 1089//1089
f 967//967 99//99 159//159
f 57//57 56//56 995//995
f 382//382 81//81 795//795
f 1204//1204 1112//1112 1248//1248
f 1137//1137 710//710 395//395
f 69//69 722//722 1372//1372
f 681//681 682//682 519//519
f 1318//1318 1287//1287 1341//1341
f 719//719 458//458 674//674
f 842//842 571//571 306//306
f 65//65 304//304 357//357
f 1478//1478 1455//1455 1453//1453
f 584//584 586//586 513//513
f 374//374 1317//1317 54//54
f 1421//1421 1410//1410 1293//1293
f 981//981 1387//1387 119//119
f 374//374 155//155 1317//1317
f 766//766 762//762 767//767
f 1365//1365 166//166 1238//1238
f 57//57 477//477 833//833
f 1123//1123 1066//1066 1326//1326
f 1269//1269 168//168 1202//1202
f 393//393 680//680 682//682
f 993//993 169//169 1084//1084
f 1271//1271 1036//1036 1250//1250
f 641//641 574//574 569//569
f 427//427 1316//1316 79//79
f 888//888 856//856 241//241
f 1463//1463 1464//1464 1442//1442
f 457//457 418//418 544//544
f 162//162 839//839 826//826
f 37//37 1482//1482 581//581
f 533//533 1316//1316 1188//1188
f 1089//1089 1061//1061 994//994
f 1361//1361 774//774 1273//1273
f 20//20 22//22 18//18
f 479//479 142//142 864//864
f 310//310 939//939 256//256
f 995//995 245//245 996//996
f 587//587 676//676 675//675
f 886//886 883//883 629//629
f 380//380 896//896 64//64
f 1472//1472 530//530 762//762
f 242//242 300//300 263//263
f 275//275 1040//1040 910//910
f 1183//1183 1136//1136 1358//1358
f 568//568 398//398 196//196
f 796//796 246//246 239//239
f 840//840 963//963 62//62
f 1309//1309 1216//1216 724//724
f 797//797 799//799 585//585
f 976//976 838//838 843//843
f 1382//1382 643//643 1399//1399
f 638//638 773//773 771//771
f 1448//1448 1468//1468 1427//1427
f 906//906 798//798 250//250
f 1315//1315 1314//1314 1288//1288
f 65//65 119//119 777//777
f 1161//1161 1288//1288 1013//1013
f 829//829 883//883 154//154
f 1042//1042 1299//1299 1199//1199
f 1136//1136 1183//1183 1323//1323
f 431//431 447//447 743//743
f 1318//1318 1313//1313 1312//1312
f 18//18 21//21 23//23
f 1026//1026 1107//1107 1168//1168
f 207//207 811//811 348//348
f 336//336 348//348 213//213
f 396//396 1143//1143 1025//1025
f 395//395 1021//1021 1137//1137
f 1010//1010 1310//1310 1304//1304
f 819//819 911//911 209//209
f 1382//1382 1399//1399 105//105
f 1182//1182 1312//1312 1313//1313
f 1111//1111 1305//1305 1038//1038
f 1346//1346 1210//1210 1253//1253
f 716//716 591//591 84//84
f 1079//1079 588//588 1161//1161
f 1487//1487 1488//1488 1484//1484
f 962//962 876//876 105//105
f 1//1 2//2 1014//1014
f 1182//1182 1289//1289 609//609
f 1183//1183 189//189 1100//1100
f 277//277 912//912 928//928
f 532//532 1161//1161 697//697
f 486//486 1284//1284 1372//1372
f 1315//1315 1288//1288 532//532
f 812//812 813//813 298//298
f 75//75 1123//1123 1326//1326
f 503//503 457//457 544//544
f 1463//1463 1466//1466 1464//1464
f 1428//1428 1490//1490 1445//1445
f 146//146 862//862 34//34
f 1082//1082 1180//1180 1138//1138
f 1472//1472 1486//1486 1481//1481
f 409//409 123//123 149//149
f 398//398 568//568 702//702
f 853//853 52//52 829//829
f 565//565 1050//1050 1141//1141
f 550//550 1155//1155 188//188
f 1017//1017 395//395 188//188
f 656//656 664//664 433//433
f 588//588 610//610 697//697
f 1074//1074 1197//1197 1326//1326
f 449//449 532//532 662//662
f 573//573 427//427 428//428
f 763//763 297//297 111//111
f 449//449 410//410 532//532
f 1200//1200 47//47 1380//1380
f 1313//1313 1318//1318 659//659
f 1136//1136 1248//1248 1249//1249
f 924//924 856//856 1081//1081
f 1412//1412 1432//1432 1417//1417
f 1426//1426 14//14 1409//1409
f 124//124 624//624 127//127
f 630//630 450//450 118//118
f 214//214 305//305 818//818
f 1012//1012 219//219 1041//1041
f 1034//1034 592//592 392//392
f 1182//1182 1313//1313 1289//1289
f 939//939 908//908 819//819
f 758//758 419//419 484//484
f 1087//1087 685//685 704//704
f 3//3 1//1 1014//1014
f 1043//1043 1152//1152 1142//1142
f 18//18 23//23 1//1
f 517//517 590//590 190//190
f 1318//1318 429//429 659//659
f 1//1 23//23 2//2
f 757//757 90//90 1377//1377
f 534//534 681//681 81//81
f 1488//1488 1474//1474 1453//1453
f 778//778 374//374 54//54
f 1299//1299 1300//1300 1199//1199
f 18//18 22//22 1431//1431
f 192//192 191//191 85//85
f 1451//1451 1446//1446 1452//1452
f 1098//1098 609//609 515//515
f 1356//1356 399//399 749//749
f 1127//1127 684//684 615//615
f 608//608 1250//1250 1078//1078
f 1491//1491 25//25 1434//1434
f 1425//1425 1490//1490 1407//1407
f 1491//1491 1439//1439 1431//1431
f 1102//1102 1213//1213 1006//1006
f 411//411 661//661 1417//1417
f 945//945 933//933 911//911
f 21//21 1436//1436 23//23
f 882//882 240//240 217//217
f 637//637 498//498 377//377
f 1418//1418 1413//1413 1409//1409
f 886//886 154//154 883//883
f 9//9 2//2 23//23
f 465//465 624//624 466//466
f 1228//1228 1158//1158 1315//1315
f 1436//1436 21//21 1423//1423
f 193//193 1060//1060 614//614
f 1423//1423 1424//1424 1415//1415
f 587//587 675//675 700//700
f 473//473 942//942 811//811
f 1338//1338 1222//1222 1308//1308
f 175//175 881//881 853//853
f 608//608 1078//1078 1181//1181
f 420//420 417//417 506//506
f 117//117 1422//1422 734//734
f 967//967 968//968 830//830
f 1413//1413 1418//1418 1438//1438
f 958//958 363//363 478//478
f 906//906 922//922 905//905
f 1458//1458 965//965 156//156
f 1395//1395 974//974 1384//1384
f 55//55 967//967 830//830
f 1114//1114 1057//1057 1113//1113
f 155//155 1234//1234 1317//1317
f 1383//1383 1380//1380 47//47
f 1229//1229 1252//1252 1272//1272
f 887//887 219//219 1012//1012
f 130//130 78//78 138//138
f 1107//1107 196//196 1168//1168
f 589//589 392//392 515//515
f 711//711 1087//1087 1086//1086
f 809//809 346//346 232//232
f 1233//1233 1206//1206 1254//1254
f 1033//1033 691//691 489//489
f 749//749 418//418 457//457
f 997//997 332//332 344//344
f 9//9 1180//1180 1179//1179
f 184//184 786//786 249//249
f 1082//1082 1179//1179 1180//1180
f 1229//1229 884//884 1230//1230
f 821//821 288//288 985//985
f 1270//1270 1452//1452 887//887
f 923//923 1153//1153 200//200
f 710//710 188//188 395//395
f 405//405 1422//1422 1406//1406
f 798//798 308//308 342//342
f 862//862 846//846 288//288
f 862//862 288//288 846//846
f 472//472 885//885 827//827
f 1387//1387 155//155 374//374
f 438//438 1302//1302 1367//1367
f 655//655 734//734 116//116
f 1341//1341 494//494 1319//1319
f 1394//1394 754//754 775//775
f 201//201 308//308 786//786
f 1318//1318 1312//1312 1287//1287
f 434//434 1169//1169 653//653
f 1182//1182 1342//1342 1312//1312
f 1182//1182 1058//1058 1342//1342
f 551//551 483//483 442//442
f 130//130 748//748 78//78
f 308//308 798//798 786//786
f 406//406 492//492 630//630
f 406//406 426//426 728//728
f 966//966 156//156 36//36
f 392//392 592//592 707//707
f 610//610 559//559 550//550
f 474//474 140//140 475//475
f 1283//1283 900//900 42//42
f 1119//1119 195//195 1101//1101
f 1207//1207 1255//1255 1273//1273
f 38//38 1482//1482 1459//1459
f 1073//1073 1125//1125 1065//1065
f 1415//1415 1411//1411 7//7
f 26//26 405//405 1406//1406
f 526//526 730//730 649//649
f 296//296 186//186 1126//1126
f 988//988 253//253 144//144
f 174//174 176//176 997//997
f 973//973 892//892 893//893
f 548//548 584//584 513//513
f 1226//1226 1269//1269 1202//1202
f 395//395 561//561 1021//1021
f 928//928 174//174 217//217
f 81//81 428//428 427//427
f 776//776 628//628 467//467
f 770//770 966//966 475//475
f 40//40 995//995 996//996
f 437//437 416//416 455//455
f 474//474 139//139 576//576
f 209//209 281//281 280//280
f 369//369 94//94 365//365
f 1203//1203 1275//1275 1106//1106
f 357//357 356//356 324//324
f 1419//1419 1414//1414 1483//1483
f 581//581 117//117 453//453
f 1012//1012 1178//1178 5//5
f 1363//1363 1296//1296 1361//1361
f 329//329 763//763 345//345
f 1096//1096 1063//1063 1091//1091
f 1323//1323 432//432 1157//1157
f 471//471 137//137 775//775
f 34//34 161//161 875//875
f 353//353 793//793 209//209
f 1352//1352 1212//1212 1331//1331
f 1021//1021 1022//1022 1137//1137
f 143//143 507//507 58//58
f 120//120 613//613 656//656
f 885//885 37//37 761//761
f 434//434 402//402 732//732
f 1033//1033 1152//1152 691//691
f 943//943 1396//1396 1378//1378
f 389//389 84//84 1369//1369
f 1459//1459 1482//1482 37//37
f 516//516 706//706 560//560
f 1369//1369 1333//1333 389//389
f 1177//1177 1088//1088 1131//1131
f 551//551 525//525 1203//1203
f 260//260 354//354 933//933
f 524//524 1107//1107 1332//1332
f 1450//1450 1403//1403 1449//1449
f 662//662 532//532 697//697
f 779//779 639//639 626//626
f 947//947 793//793 301//301
f 657//657 661//661 662//662
f 1114//1114 1113//1113 1115//1115
f 946//946 996//996 245//245
f 95//95 573//573 428//428
f 307//307 294//294 323//323
f 504//504 652//652 527//527
f 527//527 75//75 1326//1326
f 157//157 1230//1230 884//884
f 637//637 552//552 498//498
f 801//801 318//318 787//787
f 446//446 594//594 74//74
f 1138//1138 1041//1041 259//259
f 1266//1266 847//847 824//824
f 429//429 494//494 450//450
f 663//663 538//538 671//671
f 555//555 1026//1026 1168//1168
f 157//157 965//965 1385//1385
f 1385//1385 965//965 767//767
f 539//539 445//445 1220//1220
f 1007//1007 1172//1172 1337//1337
f 919//919 274//274 937//937
f 346//346 809//809 221//221
f 655//655 116//116 530//530
f 452//452 1022//1022 1021//1021
f 805//805 558//558 557//557
f 1485//1485 1465//1465 1457//1457
f 762//762 373//373 767//767
f 943//943 314//314 760//760
f 864//864 896//896 479//479
f 1467//1467 1458//1458 1465//1465
f 1459//1459 137//137 828//828
f 1190//1190 1008//1008 1105//1105
f 1364//1364 1211//1211 1327//1327
f 323//323 93//93 307//307
f 514//514 557//557 558//558
f 629//629 765//765 836//836
f 1067//1067 510//510 1018//1018
f 1162//1162 1158//1158 1080//1080
f 97//97 244//244 351//351
f 147//147 377//377 861//861
f 828//828 137//137 1386//1386
f 612//612 592//592 1034//1034
f 80//80 393//393 493//493
f 476//476 772//772 97//97
f 43//43 880//880 1198//1198
f 700//700 698//698 386//386
f 32//32 319//319 1394//1394
f 578//578 635//635 769//769
f 1185//1185 3//3 4//4
f 1034//1034 1110//1110 1014//1014
f 175//175 271//271 881//881
f 273//273 338//338 341//341
f 110//110 860//860 834//834
f 557//557 514//514 1134//1134
f 461//461 439//439 489//489
f 232//232 310//310 256//256
f 681//681 534//534 493//493
f 310//310 347//347 334//334
f 1423//1423 1415//1415 1438//1438
f 6//6 19//19 1022//1022
f 1490//1490 17//17 1435//1435
f 312//312 941//941 991//991
f 1429//1429 1437//1437 1440//1440
f 1083//1083 707//707 592//592
f 255//255 297//297 809//809
f 311//311 312//312 991//991
f 415//415 1346//1346 1253//1253
f 370//370 102//102 757//757
f 762//762 116//116 373//373
f 297//297 763//763 329//329
f 956//956 845//845 955//955
f 462//462 644//644 1336//1336
f 427//427 54//54 1316//1316
f 450//450 630//630 492//492
f 590//590 1037//1037 1080//1080
f 520//520 800//800 1174//1174
f 110//110 789//789 808//808
f 1441//1441 1430//1430 1402//1402
f 90//90 845//845 755//755
f 516//516 611//611 706//706
f 424//424 713//713 604//604
f 1137//1137 1022//1022 19//19
f 220//220 1186//1186 218//218
f 335//335 950//950 794//794
f 435//435 870//870 867//867
f 869//869 89//89 367//367
f 1486//1486 1467//1467 1485//1485
f 576//576 1343//1343 768//768
f 1472//1472 1467//1467 1486//1486
f 562//562 1118//1118 616//616
f 580//580 579//579 764//764
f 17//17 710//710 1435//1435
f 631//631 627//627 355//355
f 340//340 987//987 337//337
f 891//891 140//140 890//890
f 741//741 511//511 1042//1042
f 392//392 560//560 1077//1077
f 589//589 560//560 392//392
f 1230//1230 405//405 26//26
f 1442//1442 1230//1230 26//26
f 106//106 469//469 379//379
f 478//478 415//415 362//362
f 262//262 63//63 820//820
f 827//827 885//885 1349//1349
f 469//469 406//406 728//728
f 730//730 526//526 419//419
f 169//169 948//948 358//358
f 1444//1444 1443//1443 1479//1479
f 977//977 1378//1378 859//859
f 1097//1097 509//509 1054//1054
f 98//98 371//371 540//540
f 956//956 365//365 755//755
f 1211//1211 1328//1328 1219//1219
f 21//21 18//18 1424//1424
f 594//594 397//397 505//505
f 192//192 737//737 537//537
f 1268//1268 872//872 31//31
f 866//866 751//751 167//167
f 899//899 981//981 865//865
f 128//128 93//93 292//292
f 828//828 1386//1386 964//964
f 748//748 836//836 168//168
f 598//598 1168//1168 398//398
f 81//81 427//427 534//534
f 1302//1302 42//42 1257//1257
f 1162//1162 1037//1037 1114//1114
f 682//682 493//493 393//393
f 528//528 747//747 466//466
f 745//745 719//719 416//416
f 138//138 426//426 630//630
f 733//733 1190//1190 1286//1286
f 655//655 530//530 1420//1420
f 837//837 898//898 1399//1399
f 55//55 1387//1387 44//44
f 806//806 323//323 200//200
f 1452//1452 1446//1446 38//38
f 1049//1049 1148//1148 1046//1046
f 356//356 304//304 949//949
f 961//961 48//48 971//971
f 808//808 860//860 110//110
f 1363//1363 1361//1361 1255//1255
f 1186//1186 220//220 993//993
f 963//963 955//955 62//62
f 289//289 327//327 248//248
f 1417//1417 1489//1489 1401//1401
f 198//198 342//342 210//210
f 445//445 512//512 587//587
f 366//366 49//49 142//142
f 298//298 369//369 750//750
f 523//523 747//747 528//528
f 1098//1098 1039//1039 1058//1058
f 1254//1254 1206//1206 1237//1237
f 678//678 77//77 546//546
f 748//748 168//168 1269//1269
f 1461//1461 1470//1470 1456//1456
f 1226//1226 529//529 1269//1269
f 216//216 851//851 926//926
f 614//614 194//194 591//591
f 926//926 987//987 990//990
f 255//255 925//925 851//851
f 824//824 68//68 1377//1377
f 1275//1275 1285//1285 1310//1310
f 484//484 419//419 526//526
f 1011//1011 1150//1150 1149//1149
f 953//953 960//960 877//877
f 852//852 765//765 629//629
f 578//578 894//894 764//764
f 398//398 645//645 598//598
f 118//118 629//629 136//136
f 101//101 361//361 844//844
f 403//403 1213//1213 1102//1102
f 62//62 822//822 624//624
f 401//401 491//491 742//742
f 705//705 736//736 516//516
f 1068//1068 1067//1067 1018//1018
f 1226//1226 1311//1311 1033//1033
f 427//427 573//573 54//54
f 939//939 337//337 987//987
f 1147//1147 642//642 318//318
f 607//607 504//504 644//644
f 489//489 439//439 1371//1371
f 337//337 805//805 557//557
f 571//571 873//873 752//752
f 375//375 1362//1362 1295//1295
f 671//671 664//664 656//656
f 931//931 175//175 829//829
f 464//464 467//467 628//628
f 1336//1336 1340//1340 400//400
f 1128//1128 1067//1067 1068//1068
f 60//60 1379//1379 1364//1364
f 378//378 1348//1348 1303//1303
f 1177//1177 1131//1131 1142//1142
f 902//902 1100//1100 842//842
f 212//212 913//913 305//305
f 642//642 1147//1147 153//153
f 1119//1119 1044//1044 934//934
f 11//11 15//15 1427//1427
f 1172//1172 621//621 1337//1337
f 993//993 220//220 279//279
f 959//959 91//91 105//105
f 1352//1352 1331//1331 1367//1367
f 683//683 682//682 680//680
f 1370//1370 1280//1280 880//880
f 1138//1138 259//259 815//815
f 221//221 809//809 1395//1395
f 594//594 512//512 397//397
f 1425//1425 24//24 17//17
f 646//646 721//721 463//463
f 517//517 1045//1045 1037//1037
f 765//765 372//372 168//168
f 655//655 1421//1421 448//448
f 402//402 742//742 491//491
f 362//362 958//958 478//478
f 304//304 382//382 949//949
f 566//566 388//388 1192//1192
f 758//758 484//484 757//757
f 847//847 68//68 824//824
f 542//542 412//412 729//729
f 1447//1447 1426//1426 1413//1413
f 152//152 321//321 172//172
f 1011//1011 1108//1108 1329//1329
f 474//474 633//633 756//756
f 957//957 300//300 377//377
f 1102//1102 1139//1139 403//403
f 403//403 1139//1139 434//434
f 461//461 623//623 702//702
f 854//854 841//841 99//99
f 719//719 674//674 673//673
f 980//980 823//823 233//233
f 84//84 389//389 716//716
f 960//960 377//377 498//498
f 1081//1081 317//317 924//924
f 1390//1390 579//579 580//580
f 743//743 447//447 596//596
f 694//694 602//602 183//183
f 46//46 877//877 1246//1246
f 205//205 941//941 312//312
f 461//461 524//524 439//439
f 342//342 308//308 210//210
f 1200//1200 1257//1257 59//59
f 841//841 45//45 99//99
f 340//340 215//215 990//990
f 541//541 1264//1264 582//582
f 648//648 1346//1346 547//547
f 825//825 861//861 953//953
f 718//718 694//694 1150//1150
f 687//687 1086//1086 391//391
f 1408//1408 1447//1447 7//7
f 1185//1185 1489//1489 20//20
f 588//588 559//559 610//610
f 1231//1231 1232//1232 1264//1264
f 1271//1271 496//496 1228//1228
f 617//617 1118//1118 665//665
f 413//413 507//507 436//436
f 704//704 686//686 558//558
f 1224//1224 1366//1366 1350//1350
f 1481//1481 530//530 1472//1472
f 978//978 166//166 867//867
f 193//193 1047//1047 1060//1060
f 1268//1268 923//923 872//872
f 832//832 1300//1300 39//39
f 760//760 632//632 1362//1362
f 1226//1226 61//61 1311//1311
f 1301//1301 1195//1195 1293//1293
f 1362//1362 375//375 376//376
f 532//532 410//410 1315//1315
f 341//341 802//802 238//238
f 788//788 784//784 210//210
f 1181//1181 1159//1159 1055//1055
f 439//439 481//481 1371//1371
f 625//625 868//868 58//58
f 632//632 774//774 1361//1361
f 1191//1191 919//919 937//937
f 426//426 460//460 728//728
f 1255//1255 1361//1361 1273//1273
f 554//554 1153//1153 1026//1026
f 340//340 990//990 987//987
f 1293//1293 738//738 1421//1421
f 1223//1223 1235//1235 1340//1340
f 1408//1408 7//7 13//13
f 653//653 733//733 401//401
f 513//513 688//688 1103//1103
f 40//40 996//996 244//244
f 622//622 1032//1032 695//695
f 834//834 860//860 1392//1392
f 1261//1261 621//621 744//744
f 268//268 274//274 248//248
f 94//94 104//104 365//365
f 28//28 10//10 1404//1404
f 612//612 1034//1034 1014//1014
f 743//743 596//596 1225//1225
f 1329//1329 1108//1108 1309//1309
f 729//729 678//678 546//546
f 1310//1310 1351//1351 1304//1304
f 992//992 944//944 316//316
f 939//939 819//819 337//337
f 1329//1329 1309//1309 1357//1357
f 869//869 1373//1373 89//89
f 634//634 636//636 577//577
f 230//230 223//223 201//201
f 801//801 1011//1011 1147//1147
f 282//282 785//785 206//206
f 414//414 74//74 1240//1240
f 161//161 863//863 976//976
f 920//920 794//794 638//638
f 871//871 1398//1398 1374//1374
f 1222//1222 1244//1244 1286//1286
f 56//56 1144//1144 995//995
f 1276//1276 978//978 1259//1259
f 1146//1146 1072//1072 1145//1145
f 149//149 43//43 1221//1221
f 1226//1226 481//481 529//529
f 1265//1265 1239//1239 1281//1281
f 300//300 350//350 637//637
f 604//604 645//645 88//88
f 488//488 87//87 72//72
f 1357//1357 1375//1375 1329//1329
f 192//192 537//537 452//452
f 330//330 311//311 343//343
f 650//650 647//647 444//444
f 163//163 913//913 179//179
f 596//596 620//620 1081//1081
f 294//294 91//91 203//203
f 1334//1334 1240//1240 1215//1215
f 1124//1124 443//443 595//595
f 859//859 865//865 977//977
f 486//486 731//731 499//499
f 453//453 480//480 1324//1324
f 229//229 860//860 808//808
f 878//878 1375//1375 1373//1373
f 1286//1286 1214//1214 401//401
f 1399//1399 643//643 837//837
f 1048//1048 518//518 501//501
f 602//602 604//604 713//713
f 1279//1279 446//446 1330//1330
f 251//251 948//948 327//327
f 467//467 1283//1283 456//456
f 790//790 217//217 174//174
f 1491//1491 1407//1407 1439//1439
f 278//278 344//344 332//332
f 451//451 708//708 432//432
f 1177//1177 1053//1053 514//514
f 371//371 379//379 469//469
f 1308//1308 1222//1222 1286//1286
f 1246//1246 541//541 1303//1303
f 618//618 519//519 390//390
f 1265//1265 1263//1263 1239//1239
f 729//729 622//622 678//678
f 434//434 742//742 402//402
f 215//215 216//216 926//926
f 90//90 104//104 94//94
f 705//705 609//609 1289//1289
f 1478//1478 1477//1477 1455//1455
f 40//40 97//97 477//477
f 1083//1083 1082//1082 1138//1138
f 837//837 870//870 898//898
f 1095//1095 1044//1044 1140//1140
f 1206//1206 1296//1296 1024//1024
f 810//810 344//344 328//328
f 1031//1031 1052//1052 1066//1066
f 1001//1001 858//858 976//976
f 962//962 105//105 1399//1399
f 1053//1053 1134//1134 514//514
f 806//806 292//292 323//323
f 390//390 682//682 683//683
f 944//944 176//176 316//316
f 908//908 334//334 945//945
f 1349//1349 1197//1197 1074//1074
f 182//182 799//799 325//325
f 995//995 177//177 245//245
f 1188//1188 1317//1317 889//889
f 822//822 845//845 102//102
f 851//851 111//111 255//255
f 1278//1278 1256//1256 88//88
f 1486//1486 1454//1454 1468//1468
f 254//254 269//269 849//849
f 821//821 826//826 846//846
f 446//446 414//414 86//86
f 1412//1412 1417//1417 661//661
f 223//223 1380//1380 283//283
f 1309//1309 1307//1307 1357//1357
f 1329//1329 153//153 1147//1147
f 1458//1458 1473//1473 1465//1465
f 210//210 1003//1003 199//199
f 734//734 405//405 373//373
f 1218//1218 1217//1217 1210//1210
f 387//387 616//616 696//696
f 588//588 1076//1076 559//559
f 610//610 657//657 697//697
f 1011//1011 1329//1329 1147//1147
f 307//307 321//321 294//294
f 53//53 1322//1322 315//315
f 159//159 99//99 45//45
f 416//416 1331//1331 745//745
f 520//520 1047//1047 193//193
f 527//527 652//652 75//75
f 1357//1357 1307//1307 1266//1266
f 150//150 871//871 50//50
f 1330//1330 1267//1267 1279//1279
f 259//259 1041//1041 278//278
f 1385//1385 405//405 1230//1230
f 730//730 724//724 1216//1216
f 480//480 1247//1247 1197//1197
f 44//44 899//899 841//841
f 862//862 288//288 846//846
f 128//128 979//979 93//93
f 485//485 675//675 676//676
f 1219//1219 1208//1208 1211//1211
f 1089//1089 704//704 593//593
f 1147//1147 318//318 801//801
f 161//161 976//976 858//858
f 667//667 512//512 594//594
f 422//422 725//725 442//442
f 1299//1299 1042//1042 1023//1023
f 474//474 756//756 971//971
f 764//764 121//121 580//580
f 378//378 368//368 399//399
f 1351//1351 1310//1310 459//459
f 611//611 736//736 190//190
f 752//752 306//306 571//571
f 1051//1051 1354//1354 1353//1353
f 677//677 597//597 623//623
f 1187//1187 1117//1117 1165//1165
f 863//863 838//838 976//976
f 86//86 414//414 1334//1334
f 1171//1171 1173//1173 653//653
f 1141//1141 1120//1120 1072//1072
f 911//911 933//933 353//353
f 1418//1418 14//14 29//29
f 833//833 477//477 639//639
f 174//174 640//640 807//807
f 703//703 746//746 602//602
f 375//375 159//159 45//45
f 233//233 904//904 282//282
f 9//9 1178//1178 1180//1180
f 1263//1263 547//547 1239//1239
f 1471//1471 117//117 581//581
f 100//100 776//776 673//673
f 757//757 845//845 90//90
f 359//359 214//214 356//356
f 454//454 1346//1346 415//415
f 1080//1080 1158//1158 1320//1320
f 90//90 94//94 1377//1377
f 1298//1298 1200//1200 1380//1380
f 485//485 1130//1130 675//675
f 1046//1046 1148//1148 238//238
f 1473//1473 1476//1476 1465//1465
f 258//258 813//813 331//331
f 994//994 1061//1061 177//177
f 144//144 980//980 988//988
f 330//330 989//989 903//903
f 85//85 191//191 708//708
f 1030//1030 701//701 1069//1069
f 136//136 836//836 130//130
f 138//138 630//630 118//118
f 293//293 291//291 296//296
f 670//670 651//651 70//70
f 32//32 225//225 901//901
f 15//15 1448//1448 1427//1427
f 686//686 704//704 685//685
f 700//700 701//701 1010//1010
f 1385//1385 1230//1230 157//157
f 568//568 196//196 524//524
f 366//366 951//951 383//383
f 1158//1158 1056//1056 1314//1314
f 321//321 850//850 91//91
f 803//803 298//298 750//750
f 375//375 45//45 376//376
f 738//738 480//480 448//448
f 1073//1073 1122//1122 1125//1125
f 563//563 1260//1260 1189//1189
f 1275//1275 1010//1010 701//701
f 1199//1199 1300//1300 1217//1217
f 458//458 544//544 368//368
f 232//232 347//347 310//310
f 822//822 955//955 845//845
f 137//137 471//471 1386//1386
f 1146//1146 1126//1126 186//186
f 31//31 540//540 1224//1224
f 1033//1033 1133//1133 1152//1152
f 205//205 1018//1018 325//325
f 358//358 202//202 603//603
f 272//272 940//940 273//273
f 452//452 1252//1252 1022//1022
f 1124//1124 391//391 1004//1004
f 655//655 115//115 734//734
f 203//203 323//323 294//294
f 870//870 163//163 867//867
f 1175//1175 744//744 621//621
f 1102//1102 1006//1006 1171//1171
f 769//769 894//894 578//578
f 330//330 940//940 311//311
f 670//670 364//364 522//522
f 1171//1171 1009//1009 1173//1173
f 1232//1232 459//459 417//417
f 775//775 133//133 471//471
f 235//235 285//285 162//162
f 1087//1087 1062//1062 1167//1167
f 931//931 1040//1040 275//275
f 822//822 102//102 624//624
f 539//539 1231//1231 1264//1264
f 12//12 661//661 657//657
f 80//80 407//407 79//79
f 885//885 1324//1324 1349//1349
f 655//655 448//448 453//453
f 820//820 261//261 262//262
f 1088//1088 714//714 712//712
f 1432//1432 20//20 1489//1489
f 1334//1334 1215//1215 1339//1339
f 750//750 365//365 956//956
f 916//916 1391//1391 229//229
f 98//98 540//540 31//31
f 239//239 164//164 796//796
f 738//738 1195//1195 1247//1247
f 350//350 300//300 242//242
f 1376//1376 849//849 63//63
f 737//737 192//192 85//85
f 819//819 209//209 280//280
f 382//382 95//95 428//428
f 963//963 49//49 955//955
f 101//101 585//585 92//92
f 1055//1055 608//608 1181//1181
f 1441//1441 1406//1406 1437//1437
f 149//149 880//880 43//43
f 309//309 131//131 204//204
f 1000//1000 286//286 1001//1001
f 1113//1113 1358//1358 1249//1249
f 1243//1243 424//424 1256//1256
f 185//185 386//386 698//698
f 267//267 1096//1096 1091//1091
f 171//171 287//287 272//272
f 980//980 954//954 823//823
f 212//212 214//214 359//359
f 334//334 933//933 945//945
f 50//50 871//871 468//468
f 163//163 978//978 867//867
f 207//207 348//348 336//336
f 1344//1344 1322//1322 1272//1272
f 1044//1044 1048//1048 1140//1140
f 1373//1373 1375//1375 824//824
f 1381//1381 150//150 50//50
f 359//359 690//690 212//212
f 501//501 1238//1238 1048//1048
f 834//834 1392//1392 1384//1384
f 1222//1222 1279//1279 1267//1267
f 40//40 244//244 97//97
f 483//483 601//601 1051//1051
f 1227//1227 1212//1212 1242//1242
f 1424//1424 18//18 1431//1431
f 196//196 398//398 1168//1168
f 830//830 41//41 1234//1234
f 172//172 93//93 979//979
f 1238//1238 1321//1321 1365//1365
f 74//74 594//594 505//505
f 821//821 985//985 998//998
f 1255//1255 1290//1290 1363//1363
f 1336//1336 504//504 1340//1340
f 695//695 1032//1032 607//607
f 1425//1425 17//17 1490//1490
f 860//860 1391//1391 1392//1392
f 233//233 986//986 929//929
f 272//272 982//982 171//171
f 1196//1196 1124//1124 1004//1004
f 367//367 879//879 1381//1381
f 947//947 244//244 793//793
f 880//880 149//149 866//866
f 984//984 1128//1128 914//914
f 976//976 65//65 1001//1001
f 1448//1448 1484//1484 1468//1468
f 1195//1195 1223//1223 1247//1247
f 1354//1354 1243//1243 1355//1355
f 68//68 758//758 757//757
f 748//748 1269//1269 529//529
f 896//896 126//126 143//143
f 253//253 237//237 170//170
f 868//868 625//625 1215//1215
f 1487//1487 1460//1460 1474//1474
f 1310//1310 1010//1010 1275//1275
f 216//216 148//148 114//114
f 696//696 616//616 1118//1118
f 1267//1267 726//726 1244//1244
f 173//173 950//950 308//308
f 1404//1404 16//16 28//28
f 700//700 386//386 701//701
f 603//603 567//567 1166//1166
f 246//246 813//813 812//812
f 462//462 1336//1336 423//423
f 1108//1108 1011//1011 1149//1149
f 868//868 751//751 380//380
f 61//61 1202//1202 148//148
f 378//378 1356//1356 1348//1348
f 1145//1145 182//182 549//549
f 959//959 105//105 876//876
f 230//230 907//907 223//223
f 1299//1299 1023//1023 1144//1144
f 596//596 447//447 620//620
f 685//685 711//711 686//686
f 859//859 45//45 841//841
f 321//321 152//152 1397//1397
f 741//741 521//521 511//511
f 1207//1207 666//666 1255//1255
f 1049//1049 1091//1091 1148//1148
f 785//785 247//247 270//270
f 945//945 819//819 908//908
f 1326//1326 1247//1247 1282//1282
f 539//539 444//444 445//445
f 1253//1253 1217//1217 1300//1300
f 1043//1043 677//677 691//691
f 43//43 888//888 1221//1221
f 172//172 985//985 152//152
f 328//328 122//122 109//109
f 413//413 436//436 523//523
f 108//108 303//303 789//789
f 34//34 875//875 1382//1382
f 1260//1260 553//553 69//69
f 930//930 1398//1398 151//151
f 1479//1479 1404//1404 10//10
f 194//194 617//617 591//591
f 118//118 450//450 886//886
f 1338//1338 440//440 1279//1279
f 1385//1385 767//767 373//373
f 1004//1004 1099//1099 1355//1355
f 497//497 366//366 572//572
f 372//372 113//113 168//168
f 1232//1232 1351//1351 459//459
f 423//423 400//400 1209//1209
f 460//460 481//481 1366//1366
f 1177//1177 1142//1142 1053//1053
f 1291//1291 1280//1280 1225//1225
f 727//727 669//669 420//420
f 1151//1151 1093//1093 1175//1175
f 1008//1008 1190//1190 733//733
f 1221//1221 1297//1297 149//149
f 985//985 288//288 152//152
f 1108//1108 402//402 1309//1309
f 939//939 987//987 256//256
f 49//49 124//124 126//126
f 893//893 892//892 1400//1400
f 1491//1491 1434//1434 1407//1407
f 1328//1328 1211//1211 1364//1364
f 382//382 428//428 81//81
f 1145//1145 1189//1189 182//182
f 789//789 788//788 808//808
f 604//604 598//598 645//645
f 138//138 118//118 136//136
f 133//133 122//122 471//471
f 945//945 911//911 819//819
f 1307//1307 1306//1306 1266//1266
f 276//276 277//277 240//240
f 780//780 435//435 543//543
f 570//570 125//125 759//759
f 1268//1268 31//31 1224//1224
f 37//37 137//137 1459//1459
f 1411//1411 1424//1424 1431//1431
f 1322//1322 53//53 1272//1272
f 320//320 952//952 804//804
f 485//485 1308//1308 1130//1130
f 246//246 812//812 239//239
f 145//145 46//46 1348//1348
f 601//601 483//483 551//551
f 1098//1098 707//707 1039//1039
f 1239//1239 1345//1345 1281//1281
f 1084//1084 1085//1085 1186//1186
f 507//507 143//143 127//127
f 947//947 351//351 244//244
f 404//404 403//403 434//434
f 112//112 111//111 114//114
f 1279//1279 73//73 446//446
f 394//394 207//207 360//360
f 172//172 307//307 93//93
f 144//144 361//361 569//569
f 930//930 1378//1378 1398//1398
f 1325//1325 71//71 506//506
f 127//127 143//143 126//126
f 193//193 614//614 295//295
f 746//746 732//732 402//402
f 672//672 584//584 1208//1208
f 672//672 1219//1219 500//500
f 1009//1009 1171//1171 1006//1006
f 1326//1326 1282//1282 527//527
f 849//849 820//820 63//63
f 842//842 1129//1129 231//231
f 1226//1226 1202//1202 61//61
f 1238//1238 501//501 408//408
f 1261//1261 744//744 1227//1227
f 1006//1006 1354//1354 1051//1051
f 689//689 180//180 1090//1090
f 1378//1378 1396//1396 859//859
f 869//869 367//367 103//103
f 1201//1201 1327//1327 1211//1211
f 623//623 606//606 702//702
f 387//387 385//385 616//616
f 1294//1294 362//362 415//415
f 1446//1446 1483//1483 38//38
f 1173//1173 1069//1069 1105//1105
f 162//162 285//285 33//33
f 1059//1059 696//696 1118//1118
f 998//998 172//172 979//979
f 806//806 318//318 642//642
f 1165//1165 1194//1194 1187//1187
f 1383//1383 464//464 363//363
f 959//959 203//203 91//91
f 950//950 335//335 1003//1003
f 1321//1321 502//502 1365//1365
f 1365//1365 435//435 867//867
f 1032//1032 1175//1175 1093//1093
f 1015//1015 1077//1077 1035//1035
f 99//99 967//967 854//854
f 1330//1330 86//86 1267//1267
f 128//128 292//292 381//381
f 1436//1436 1405//1405 9//9
f 1250//1250 1036//1036 1078//1078
f 109//109 211//211 108//108
f 17//17 188//188 710//710
f 905//905 1071//1071 1005//1005
f 469//469 106//106 492//492
f 1119//1119 934//934 618//618
f 433//433 1273//1273 774//774
f 1258//1258 1364//1364 1347//1347
f 475//475 139//139 474//474
f 867//867 166//166 1365//1365
f 487//487 902//902 339//339
f 651//651 1372//1372 646//646
f 1447//1447 1413//1413 7//7
f 427//427 79//79 407//407
f 411//411 1417//1417 1401//1401
f 1176//1176 234//234 267//267
f 537//537 531//531 1343//1343
f 726//726 76//76 523//523
f 676//676 73//73 440//440
f 146//146 152//152 862//862
f 295//295 520//520 193//193
f 1240//1240 1334//1334 414//414
f 1456//1456 1488//1488 1461//1461
f 348//348 349//349 213//213
f 567//567 187//187 1049//1049
f 1381//1381 103//103 367//367
f 1382//1382 146//146 34//34
f 404//404 703//703 713//713
f 796//796 164//164 383//383
f 815//815 910//910 1040//1040
f 272//272 312//312 940//940
f 487//487 85//85 451//451
f 1220//1220 1304//1304 1351//1351
f 929//929 980//980 233//233
f 576//576 139//139 814//814
f 1157//1157 1305//1305 1156//1156
f 1030//1030 1009//1009 1051//1051
f 1144//1144 1023//1023 178//178
f 913//913 163//163 837//837
f 876//876 962//962 872//872
f 566//566 1192//1192 723//723
f 1325//1325 1239//1239 454//454
f 1165//1165 1333//1333 1194//1194
f 329//329 974//974 1395//1395
f 533//533 1188//1188 1184//1184
f 589//589 515//515 609//609
f 1463//1463 1402//1402 1457//1457
f 1222//1222 1267//1267 1244//1244
f 896//896 143//143 58//58
f 1468//1468 1456//1456 1469//1469
f 1388//1388 970//970 636//636
f 1487//1487 1484//1484 1448//1448
f 766//766 1467//1467 762//762
f 1462//1462 764//764 894//894
f 781//781 379//379 583//583
f 674//674 582//582 669//669
f 1019//1019 1056//1056 1115//1115
f 1374//1374 897//897 821//821
f 585//585 101//101 797//797
f 1309//1309 724//724 1307//1307
f 1302//1302 1283//1283 42//42
f 865//865 981//981 843//843
f 151//151 150//150 879//879
f 21//21 1424//1424 1423//1423
f 1055//1055 1159//1159 1077//1077
f 842//842 231//231 236//236
f 462//462 499//499 644//644
f 1026//1026 1153//1153 1070//1070
f 796//796 383//383 951//951
f 1028//1028 226//226 1126//1126
f 873//873 842//842 236//236
f 865//865 843//843 977//977
f 570//570 369//369 298//298
f 964//964 471//471 122//122
f 62//62 955//955 822//822
f 517//517 430//430 518//518
f 97//97 772//772 477//477
f 1398//1398 33//33 1374//1374
f 1174//1174 1109//1109 1020//1020
f 167//167 1368//1368 1370//1370
f 1116//1116 432//432 709//709
f 227//227 272//272 273//273
f 241//241 220//220 218//218
f 1359//1359 1080//1080 1320//1320
f 1156//1156 1135//1135 1204//1204
f 477//477 773//773 639//639
f 1313//1313 659//659 660//660
f 1429//1429 1440//1440 11//11
f 1151//1151 621//621 1143//1143
f 329//329 912//912 974//974
f 888//888 218//218 1194//1194
f 725//725 525//525 442//442
f 611//611 590//590 536//536
f 53//53 814//814 966//966
f 999//999 1095//1095 1002//1002
f 246//246 796//796 213//213
f 1098//1098 515//515 392//392
f 190//190 590//590 611//611
f 866//866 123//123 751//751
f 1149//1149 694//694 183//183
f 12//12 657//657 610//610
f 1052//1052 1132//1132 1066//1066
f 35//35 107//107 51//51
f 1285//1285 1275//1275 1203//1203
f 1154//1154 1342//1342 1058//1058
f 765//765 168//168 836//836
f 397//397 647//647 431//431
f 506//506 1345//1345 1325//1325
f 747//747 465//465 466//466
f 1240//1240 743//743 1225//1225
f 613//613 120//120 207//207
f 1112//1112 1079//1079 1013//1013
f 593//593 352//352 932//932
f 384//384 737//737 85//85
f 1346//1346 648//648 1210//1210
f 375//375 975//975 159//159
f 536//536 1250//1250 608//608
f 445//445 397//397 512//512
f 1477//1477 1478//1478 1474//1474
f 1221//1221 888//888 1194//1194
f 505//505 431//431 743//743
f 848//848 643//643 875//875
f 1153//1153 787//787 200//200
f 314//314 942//942 760//760
f 751//751 123//123 479//479
f 123//123 572//572 479//479
f 1050//1050 565//565 1191//1191
f 290//290 844//844 266//266
f 1304//1304 1220//1220 1104//1104
f 191//191 1021//1021 561//561
f 918//918 180//180 313//313
f 842//842 873//873 571//571
f 1443//1443 1447//1447 1408//1408
f 1148//1148 1063//1063 238//238
f 30//30 831//831 972//972
f 269//269 254//254 1120//1120
f 855//855 874//874 954//954
f 561//561 1017//1017 1116//1116
f 1264//1264 1246//1246 545//545
f 469//469 540//540 371//371
f 1169//1169 1139//1139 1102//1102
f 1144//1144 178//178 995//995
f 793//793 281//281 209//209
f 1291//1291 1081//1081 596//596
f 1291//1291 596//596 1081//1081
f 1165//1165 1092//1092 389//389
f 781//781 543//543 106//106
f 1447//1447 1443//1443 1448//1448
f 37//37 885//885 137//137
f 1286//1286 401//401 733//733
f 943//943 1378//1378 314//314
f 910//910 815//815 259//259
f 926//926 990//990 215//215
f 974//974 912//912 276//276
f 1084//1084 169//169 358//358
f 1235//1235 1223//1223 1195//1195
f 220//220 924//924 279//279
f 481//481 460//460 529//529
f 624//624 102//102 466//466
f 722//722 490//490 731//731
f 716//716 389//389 619//619
f 327//327 289//289 326//326
f 977//977 162//162 1378//1378
f 771//771 165//165 638//638
f 33//33 1378//1378 162//162
f 119//119 778//778 777//777
f 650//650 498//498 552//552
f 453//453 1324//1324 581//581
f 46//46 1246//1246 1303//1303
f 479//479 896//896 380//380
f 702//702 606//606 508//508
f 496//496 536//536 1359//1359
f 802//802 341//341 322//322
f 959//959 876//876 872//872
f 857//857 816//816 221//221
f 653//653 401//401 742//742
f 393//393 533//533 189//189
f 838//838 863//863 846//846
f 727//727 100//100 673//673
f 783//783 873//873 270//270
f 1145//1145 563//563 1189//1189
f 976//976 66//66 65//65
f 862//862 846//846 863//863
f 94//94 89//89 1373//1373
f 579//579 1390//1390 770//770
f 771//771 773//773 772//772
f 874//874 48//48 954//954
f 620//620 647//647 552//552
f 431//431 647//647 447//447
f 1354//1354 1213//1213 1243//1243
f 1244//1244 649//649 1214//1214
f 752//752 783//783 355//355
f 887//887 1012//1012 1270//1270
f 706//706 536//536 608//608
f 146//146 1382//1382 1397//1397
f 30//30 1389//1389 463//463
f 1382//1382 470//470 850//850
f 1397//1397 850//850 321//321
f 889//889 835//835 222//222
f 840//840 49//49 963//963
f 285//285 235//235 897//897
f 1009//1009 1006//1006 1051//1051
f 1490//1490 1435//1435 1433//1433
f 105//105 470//470 1382//1382
f 728//728 460//460 1366//1366
f 1139//1139 1169//1169 434//434
f 1270//1270 5//5 1451//1451
f 1217//1217 1253//1253 1210//1210
f 251//251 264//264 252//252
f 526//526 523//523 528//528
f 407//407 80//80 493//493
f 1186//1186 1194//1194 218//218
f 1313//1313 660//660 1289//1289
f 1015//1015 1034//1034 392//392
f 923//923 1070//1070 1153//1153
f 12//12 610//610 24//24
f 71//71 420//420 506//506
f 153//153 381//381 642//642
f 834//834 1384//1384 51//51
f 1486//1486 1468//1468 1481//1481
f 367//367 1381//1381 879//879
f 893//893 1400//1400 1475//1475
f 338//338 273//273 903//903
f 366//366 575//575 951//951
f 759//759 94//94 369//369
f 1345//1345 1285//1285 1281//1281
f 1123//1123 1031//1031 1066//1066
f 125//125 151//151 879//879
f 468//468 128//128 103//103
f 1188//1188 1129//1129 1184//1184
f 1145//1145 688//688 563//563
f 762//762 1467//1467 1472//1472
f 91//91 850//850 470//470
f 651//651 654//654 69//69
f 292//292 93//93 323//323
f 1285//1285 1203//1203 1265//1265
f 1016//1016 1159//1159 1181//1181
f 406//406 469//469 492//492
f 878//878 381//381 1375//1375
f 380//380 751//751 479//479
f 455//455 776//776 456//456
f 1263//1263 648//648 547//547
f 526//526 528//528 484//484
f 1157//1157 1038//1038 1305//1305
f 605//605 564//564 509//509
f 419//419 724//724 730//730
f 1473//1473 1476//1476 1460//1460
f 1473//1473 1460//1460 1476//1476
f 426//426 78//78 460//460
f 889//889 1317//1317 1234//1234
f 950//950 173//173 794//794
f 597//597 606//606 623//623
f 1355//1355 1278//1278 1196//1196
f 1208//1208 1201//1201 1211//1211
f 1311//1311 215//215 1133//1133
f 1171//1171 653//653 1169//1169
f 235//235 162//162 826//826
f 742//742 434//434 653//653
f 599//599 1046//1046 238//238
f 1191//1191 937//937 915//915
f 419//419 758//758 1306//1306
f 26//26 1402//1402 1442//1442
f 1108//1108 746//746 402//402
f 1213//1213 403//403 424//424
f 232//232 255//255 809//809
f 602//602 713//713 703//703
f 961//961 971//971 756//756
f 394//394 951//951 575//575
f 401//401 1214//1214 1216//1216
f 1214//1214 649//649 730//730
f 335//335 229//229 808//808
f 200//200 203//203 923//923
f 1062//1062 178//178 1023//1023
f 1262//1262 167//167 868//868
f 1020//1020 567//567 684//684
f 1164//1164 615//615 1160//1160
f 1394//1394 938//938 754//754
f 56//56 39//39 1300//1300
f 595//595 443//443 597//597
f 584//584 548//548 1208//1208
f 223//223 935//935 173//173
f 1208//1208 548//548 1241//1241
f 542//542 720//720 412//412
f 957//957 262//262 261//261
f 1130//1130 1190//1190 185//185
f 1348//1348 1258//1258 145//145
f 1322//1322 1344//1344 1343//1343
f 439//439 524//524 1350//1350
f 36//36 965//965 157//157
f 232//232 925//925 255//255
f 795//795 949//949 382//382