# https://github.com/mikedh/trimesh
v 0.07964300 0.00916000 0.03280700
v 0.10474600 0.00344700 0.05052500
v 0.06651600 0.00916000 0.03280700
v 0.10356200 -0.00253600 0.04884100
v 0.10484700 -0.00022500 0.04838800
v -0.03413500 -0.00403100 0.06274700
v -0.02283500 0.02381200 -0.00164600
v -0.02280800 0.02617100 0.00000000
v -0.06724000 0.01427300 0.02698200
v -0.06628800 0.01383200 0.02825500
v 0.01582100 -0.00234400 0.01068500
v -0.02213400 0.02195400 -0.00784700
v 0.00305700 0.02277100 0.00959600
v -0.02283500 0.02269200 -0.00652000
v -0.05746000 0.00916000 0.03280700
v -0.05858900 0.01425000 0.02693000
v -0.06912300 0.00916000 0.03280700
v -0.08649600 -0.00223000 0.02411000
v -0.04613300 -0.00220400 0.06274700
v -0.04546100 -0.00403100 0.06274700
v -0.06717400 0.01548500 0.02471200
v -0.00970800 0.02195400 -0.00784700
v -0.05957200 0.01494800 0.02666900
v 0.00305700 0.02381200 0.00164600
v -0.02281900 0.01570600 -0.02121700
v 0.09248200 0.02634200 0.00000000
v 0.06651600 0.02381200 0.00164600
v 0.09240800 0.02381200 -0.00164600
v 0.09240800 0.02269200 -0.00652000
v 0.07964300 0.00689600 -0.04241500
v 0.10307800 0.02655300 -0.00000600
v 0.09240800 -0.00250700 -0.01992000
v 0.10517200 0.02195400 -0.00784700
v 0.10307600 0.02531800 -0.00281900
v 0.09392600 0.00127400 0.04884100
v 0.09432300 0.00342800 0.05046500
v 0.10302100 0.00426300 0.04957100
v 0.09275800 -0.00249300 0.04851700
v 0.07964300 -0.00250700 0.06067200
v 0.09452000 0.00090900 -0.05099000
v 0.09266300 -0.00241700 -0.05068500
v 0.10517200 -0.00267700 0.00451000
v 0.10517200 0.00524100 -0.04431700
v 0.07964300 0.02191500 0.00795300
v 0.07964300 -0.00225300 -0.06274700
v 0.06724200 0.02658000 0.00164600
v 0.09240800 0.00396600 -0.04408800
v 0.09240800 -0.00062500 -0.04884600
v 0.09435600 0.00212600 -0.05335900
v 0.10517200 -0.00403100 0.06274700
v 0.07964300 -0.00277400 0.04962000
v 0.07964300 0.00904000 0.03480300
v 0.09326800 0.01425500 0.02648900
v 0.09240800 -0.00250700 0.06067200
v 0.10517200 -0.00220400 0.06274700
v 0.07964300 -0.00234400 0.04780400
v 0.06653300 -0.00250700 0.06067200
v 0.10517200 0.00904000 0.03480300
v 0.06722500 -0.00250700 0.06067200
v 0.07964300 0.01004800 0.03335000
v 0.06654300 -0.00220400 0.06274700
v 0.07964300 0.00997300 0.03391900
v 0.07964300 0.00824800 0.03686000
v 0.06654300 -0.00403100 0.06274700
v 0.09455400 0.01445900 0.02640600
v 0.09438100 0.02674800 0.00000000
v 0.10517200 -0.00250700 -0.01992000
v 0.09240800 0.02195400 -0.00784700
v 0.06653800 0.02191500 0.00795300
v 0.06654300 -0.00225300 -0.06274700
v 0.06724200 0.02277100 0.00959600
v 0.06722300 -0.00250700 -0.01992000
v 0.10517200 0.02277100 0.00959600
v 0.10468800 0.00265500 -0.05099900
v 0.10502600 0.02639800 0.00002500
v 0.06721500 -0.00403100 0.00416500
v 0.06722600 -0.00231800 0.00922000
v 0.06654000 -0.00234400 0.01068500
v 0.10464100 0.02455200 -0.00223300
v 0.10517200 0.02269200 -0.00652000
v 0.09240800 0.00557700 -0.04251500
v 0.07964300 -0.00213200 -0.02131300
v 0.06654300 -0.00403100 0.00416500
v 0.06653100 -0.00231800 0.00922000
v 0.06721800 -0.00234400 0.01068500
v 0.09435600 0.01538800 -0.02491900
v 0.06721500 0.02474000 -0.00013200
v 0.06653400 -0.00255100 -0.05002200
v 0.06651600 0.00396600 -0.04408800
v 0.06724200 0.02658000 -0.00164600
v 0.10517200 0.00689600 -0.04241500
v 0.10306000 0.01494800 -0.02666900
v 0.07964300 0.02195400 -0.00784700
v 0.06651600 -0.00062500 -0.04884600
v 0.06654300 0.02474000 -0.00013200
v 0.06722400 -0.00255100 -0.05002200
v 0.06724200 0.00396600 -0.04408800
v 0.06724200 -0.00062500 -0.04884600
v 0.06651600 0.02658000 -0.00164600
v 0.09240800 0.02658000 0.00164600
v 0.10300800 0.01422700 -0.02719600
v 0.07964300 0.02617100 0.00000000
v 0.06722500 -0.00233000 -0.06067200
v 0.06722000 0.02354800 0.00816200
v 0.06721500 -0.00403100 -0.06274700
v 0.06653400 -0.00242300 -0.04828000
v 0.07964300 0.02381200 -0.00164600
v 0.07964300 0.02269200 -0.00652000
v 0.10404300 0.01495900 -0.02669700
v 0.06724200 0.02269200 0.00652000
v 0.09240800 -0.00241900 -0.02316400
v 0.09240800 0.02350500 -0.00828000
v 0.06653300 -0.00233000 -0.06067200
v 0.06653800 0.02354800 0.00816200
v 0.06654300 -0.00403100 -0.06274700
v 0.06722400 -0.00242300 -0.04828000
v 0.10517200 -0.00213200 -0.02131300
v 0.09240800 0.02277100 -0.00959600
v 0.09423900 0.02671800 0.00144400
v 0.06651600 0.02269200 0.00652000
v 0.10404300 0.01425000 -0.02693000
v 0.10517200 0.01004800 0.03335000
v 0.06653800 -0.00234400 0.04780400
v 0.10306000 0.01539100 0.02491200
v 0.10404300 0.01527900 0.02601100
v 0.09240800 -0.00241900 0.03454000
v 0.10517200 0.00997300 0.03391900
v 0.06653400 -0.00277400 0.04962000
v 0.10517200 0.00824800 0.03686000
v 0.09412800 0.00274500 0.04897200
v 0.09240800 -0.00277400 0.04962000
v 0.06653200 -0.00241900 0.03454000
v 0.09274400 -0.00403100 0.04884100
v 0.10313900 0.00465500 0.04803100
v 0.06654300 0.00904000 0.03480300
v 0.10472800 0.00285800 0.04882600
v -0.05746000 0.01004800 0.03335000
v -0.02435300 0.03627800 0.01827300
v -0.02569700 0.03627800 0.01693000
v 0.02858600 0.00524100 -0.04431700
v 0.02858600 -0.00267700 0.00451000
v 0.04135000 0.00557700 -0.04251500
v 0.05445300 -0.00213200 -0.02131300
v 0.05377000 -0.00250700 -0.01992000
v -0.02281100 0.02195400 -0.00784700
v -0.02213600 0.02617100 0.00000000
v -0.02210900 0.02269200 -0.00652000
v -0.05962400 0.01422700 0.02719600
v -0.05858900 0.01495900 0.02669700
v -0.02210900 0.02381200 -0.00164600
v -0.04543500 0.02658000 0.00164600
v 0.01582100 -0.00241900 0.03454000
v -0.09549100 -0.00239800 -0.01413200
v -0.04613300 0.02617100 0.00000000
v -0.05746000 0.02354800 0.00816200
v -0.05746000 -0.00403100 -0.06274700
v -0.06850300 -0.00244900 -0.05076700
v 0.02186700 -0.03627800 0.04716100
v -0.02945900 0.03627800 0.00866600
v 0.04135000 -0.00250700 0.06067200
v 0.05377000 -0.00277400 0.04962000
v 0.05445600 -0.00234400 0.04780400
v -0.05746000 -0.00233000 -0.06067200
v -0.04616000 0.02269200 -0.00652000
v -0.06912300 0.00396600 -0.04408800
v -0.06912300 -0.00062500 -0.04884600
v -0.05746000 0.02269200 0.00652000
v -0.04616000 0.02381200 -0.00164600
v -0.05955500 0.00221100 -0.05317600
v 0.09275400 0.00257800 0.04884100
v 0.06620700 -0.03627800 0.05119200
v 0.06217600 -0.03627800 0.04716100
v 0.10438600 0.00460000 0.04891300
v 0.06620700 -0.03627800 0.04716100
v 0.06217600 -0.03627800 0.05119200
v 0.09453800 -0.00227900 0.04884100
v 0.09274400 0.00339100 0.05064700
v 0.09265600 0.00013500 0.04850100
v 0.09240800 0.01004800 0.03335000
v 0.10248500 -0.03627800 0.04716100
v 0.09451600 0.01563300 0.02439300
v 0.09326800 0.01491300 0.02679600
v 0.06721500 -0.00403100 0.06274700
v 0.10651600 -0.03627800 0.04716100
v 0.09467000 0.01520500 0.02611400
v 0.09326800 0.01574800 0.02414600
v 0.09240800 0.00916000 0.03280700
v 0.09240800 0.00904000 0.03480300
v 0.06721500 -0.00220400 0.06274700
v 0.10651600 -0.03627800 0.05119200
v 0.09240800 0.00824800 0.03686000
v 0.09240800 0.00997300 0.03391900
v 0.10517200 -0.00241900 0.03454000
v 0.10248500 -0.03627800 0.05119200
v 0.00305700 -0.00100400 0.04816200
v -0.09549800 0.00837200 0.00000000
v -0.04614000 -0.00267700 0.00451000
v -0.04546100 -0.00403100 0.00416500
v -0.04545000 -0.00231800 0.00922000
v -0.04614100 0.00524100 -0.04431700
v -0.01844100 -0.03627800 0.05334200
v 0.04135000 0.00916000 0.03280700
v -0.09617000 0.01046200 0.00000000
v -0.08649600 0.00735200 -0.00266400
v -0.06628800 0.01383200 -0.02825500
v 0.10517200 0.00557700 -0.04251500
v 0.10329100 -0.03627800 0.00712100
v 0.07964300 0.02350500 -0.00828000
v 0.06724200 0.02381200 0.00164600
v 0.07964300 -0.00241900 -0.02316400
v 0.07964300 0.02277100 -0.00959600
v -0.05746000 -0.00234400 0.04780400
v -0.01844100 -0.00739000 0.00712100
v 0.05377900 -0.00225300 -0.06274700
v 0.05445000 -0.00403100 -0.06274700
v 0.05445500 0.02354800 0.00816200
v 0.05377400 0.02191500 0.00795300
v 0.05446000 -0.00233000 -0.06067200
v 0.05447700 0.02269200 0.00652000
v -0.02213300 -0.00234400 0.01068500
v 0.01582100 0.02195400 -0.00784700
v 0.00305700 0.00557700 -0.04251500
v -0.05779600 -0.00403100 0.05099000
v -0.10517200 -0.00223000 0.02411000
v -0.04613300 0.01004800 0.03335000
v -0.04545000 0.00824800 0.03686000
v -0.04545700 0.00997300 0.03391900
v -0.02177400 0.02368400 0.00788500
v 0.05445400 -0.00234400 0.01068500
v -0.02212600 -0.00233000 -0.06067200
v -0.00970800 -0.00255100 -0.05002200
v -0.02280800 0.02474000 -0.00013200
v -0.00970800 -0.00062500 -0.04884600
v -0.00970800 0.00396600 -0.04408800
v -0.02283500 0.02658000 -0.00164600
v -0.02210900 0.02269200 0.00652000
v -0.02213600 -0.00403100 -0.06274700
v 0.07964300 -0.00250700 -0.01992000
v 0.06653600 -0.00267700 0.00451000
v 0.06653500 0.00524100 -0.04431700
v 0.10920300 0.02737800 0.00000000
v 0.09240800 0.00689600 -0.04241500
v 0.09459000 0.01497100 -0.02661200
v 0.06722100 -0.00267700 0.00451000
v 0.06722200 0.00524100 -0.04431700
v 0.10685200 0.02737800 0.00000000
v 0.10477900 0.02632100 0.00183800
v 0.09326800 0.01383200 -0.02825500
v 0.09460900 0.01424400 -0.02710500
v 0.10295600 -0.00228400 -0.05099000
v 0.10480900 0.00095400 -0.05099000
v 0.10517200 -0.00242300 -0.04828000
v 0.07964300 -0.00234400 0.01068500
v 0.10685200 0.00360100 -0.05099000
v 0.10685200 0.02239700 0.01068200
v 0.06721700 -0.00213200 -0.02131300
v 0.10459400 0.00193900 -0.05376000
v 0.10517200 -0.00225300 -0.06274700
v 0.10517200 0.02191500 0.00795300
v 0.07964300 -0.00267700 0.00451000
v 0.07964300 0.00524100 -0.04431700
v 0.06653500 -0.00250700 -0.01992000
v 0.10920300 0.00250500 -0.05334200
v 0.10920300 0.02130100 0.01303300
v 0.10322400 0.02536600 0.00272600
v 0.10329100 -0.03627800 -0.04743000
v 0.09326800 0.01532500 -0.02591200
v 0.10299300 0.02641800 0.00192100
v 0.09240800 -0.00213200 -0.02131300
v 0.10517200 0.02350500 -0.00828000
v 0.10920300 -0.03627800 -0.05334200
v 0.10517200 -0.00241900 -0.02316400
v 0.07964300 0.00557700 -0.04251500
v 0.09455200 0.01355300 -0.02885500
v 0.09326800 0.01466800 -0.02560500
v 0.10517200 0.02277100 -0.00959600
v 0.00305700 -0.00225300 -0.06274700
v 0.01582100 -0.00403100 0.00416500
v 0.01582100 -0.00231800 0.00922000
v -0.02435300 0.03627800 0.00866600
v -0.08481600 -0.03627800 0.05334200
v -0.07890400 -0.03627800 0.04743000
v 0.04135000 -0.00250700 -0.01992000
v 0.05377600 0.00557700 -0.04251500
v -0.00970800 0.02617100 0.00000000
v -0.02212500 0.01570600 -0.02121700
v 0.00305700 0.02191500 0.00795300
v -0.06733600 0.01501500 0.02652500
v -0.00970800 0.02269200 -0.00652000
v -0.00970800 0.02381200 -0.00164600
v -0.08649600 -0.00232300 0.02633400
v 0.05447700 0.00689600 -0.04241500
v -0.06912300 0.01004800 0.03335000
v -0.04545500 -0.00267700 0.00451000
v -0.04613300 -0.00403100 0.00416500
v -0.04614500 -0.00231800 0.00922000
v -0.04545400 0.00524100 -0.04431700
v -0.08481600 -0.03627800 -0.05334200
v 0.04135000 0.00904000 0.03480300
v -0.00970800 -0.00241900 0.03454000
v -0.09548900 0.00738300 0.00240600
v -0.09619700 0.00945500 0.00137700
v -0.05962400 0.01422700 -0.02719600
v -0.05858900 0.01495900 -0.02669700
v -0.06732200 0.01342500 -0.02912700
v -0.04546100 0.02617100 0.00000000
v -0.05746000 0.02191500 0.00795300
v -0.08481600 -0.00403100 0.01840800
v 0.02186700 -0.03627800 0.05119200
v -0.08481600 -0.03627800 -0.01383900
v 0.05445900 -0.00277400 0.04962000
v 0.05377300 -0.00234400 0.04780400
v -0.05746000 -0.00225300 -0.06274700
v -0.05970400 0.00326800 -0.05091100
v -0.06878700 -0.00403100 -0.05099000
v -0.08649600 -0.00240200 0.01413500
v -0.09548500 -0.00243900 -0.01573500
v -0.04543500 0.02269200 -0.00652000
v -0.04616000 0.02658000 0.00164600
v -0.04543500 0.02381200 -0.00164600
v -0.00970800 -0.00403100 0.06274700
v -0.09618300 -0.00243900 -0.01573500
v -0.04545900 0.02195400 -0.00784700
v -0.04613600 0.02350500 -0.00828000
v -0.04613300 -0.00241900 -0.02316400
v -0.10920300 -0.00739000 -0.01975100
v -0.06625600 0.00087400 -0.05099000
v -0.04616000 0.02277100 -0.00959600
v -0.06912300 0.02277100 0.00959600
v -0.05781400 0.02430600 0.00203700
v -0.08649600 -0.00242600 0.01562200
v -0.06860400 0.00257500 -0.05099000
v -0.08078500 -0.00234400 0.01068500
v 0.05375200 -0.00100400 0.04816200
v -0.03413500 -0.00403100 -0.06274700
v -0.03413500 -0.00233000 -0.06067200
v -0.04545300 -0.00255100 -0.05002200
v -0.10920300 0.00125200 0.01975100
v -0.10685200 0.00234800 0.01740000
v -0.10920300 -0.03627800 -0.01975100
v -0.00970800 0.00997300 0.03391900
v -0.10517200 -0.00242600 0.01562200
v -0.06635500 0.02672100 0.00000000
v -0.06786600 0.02667700 0.00150400
v -0.03413500 0.02354800 0.00816200
v -0.04543500 0.00396600 -0.04408800
v -0.00970800 0.00824800 0.03686000
v 0.02858600 -0.00100400 0.04816200
v -0.03413500 0.02269200 0.00652000
v -0.04543500 -0.00062500 -0.04884600
v 0.00305700 0.00904000 0.03480300
v -0.03413500 -0.00241900 -0.02316400
v -0.05746000 -0.00242300 -0.04828000
v -0.06912300 0.02474000 -0.00013200
v 0.02589800 -0.03627800 0.05119200
v -0.10685200 0.00234800 -0.01740000
v -0.10920300 0.00125200 -0.01975100
v -0.10920300 -0.03627800 0.01975100
v -0.02811500 0.03627800 0.01001000
v -0.05803800 0.00193900 -0.05376000
v -0.06811800 0.02665800 -0.00153200
v -0.05820100 0.00094600 -0.05099000
v -0.03413500 0.02350500 -0.00828000
v -0.02213600 -0.00220400 0.06274700
v -0.03413500 0.02277100 -0.00959600
v -0.03413500 0.01004800 0.03335000
v 0.00305700 0.02381200 -0.00164600
v -0.09617000 -0.00403100 0.02646900
v -0.08246500 -0.00739000 0.05099000
v 0.04135000 -0.00234400 0.01068500
v -0.00970800 0.02191500 0.00795300
v -0.00970800 -0.00225300 -0.06274700
v 0.00305700 0.02617100 0.00000000
v 0.00305700 0.02269200 -0.00652000
v -0.02283500 0.02277100 0.00959600
v -0.08078500 -0.00250700 0.06067200
v 0.00305700 -0.00241900 -0.02316400
v -0.09618000 -0.00223000 0.02411000
v 0.00305700 0.02350500 -0.00828000
v -0.02212700 -0.00242300 -0.04828000
v -0.05746000 -0.00220400 0.06274700
v -0.08481600 0.00250500 0.05334200
v 0.02858600 -0.00250700 -0.01992000
v 0.05377100 0.00524100 -0.04431700
v 0.05446200 -0.00231800 0.00922000
v 0.05377200 -0.00267700 0.00451000
v 0.05445000 -0.00403100 0.00416500
v -0.00970800 0.02474000 -0.00013200
v -0.02281700 -0.00255100 -0.05002200
v 0.01582100 0.00689600 -0.04241500
v -0.03413500 0.00904000 0.03480300
v -0.00970800 0.02658000 -0.00164600
v 0.00305700 0.02277100 -0.00959600
v -0.09549400 -0.00232300 0.02633400
v -0.02283500 -0.00062500 -0.04884600
v -0.02283500 0.00396600 -0.04408800
v -0.04546100 0.01004800 0.03335000
v -0.04614500 0.00824800 0.03686000
v -0.04613800 0.00997300 0.03391900
v -0.01844100 0.02405800 0.00712100
v -0.08246500 0.00360100 0.05099000
v 0.05377500 -0.00234400 0.01068500
v -0.02213100 0.02191500 0.00795300
v -0.02213600 -0.00225300 -0.06274700
v -0.02283500 0.02381200 0.00164600
v -0.08078500 -0.00100400 0.04816200
v -0.03413500 -0.00403100 0.00416500
v -0.08649600 -0.00403100 -0.02646900
v -0.08649600 -0.00239000 -0.02403600
v -0.02435300 -0.03627800 0.04743000
v -0.10685200 0.01046200 0.00000000
v -0.08089700 0.02625200 0.00000000
v 0.05445000 0.00904000 0.03480300
v -0.10517200 0.00837200 0.00000000
v -0.06717400 0.01548500 -0.02471200
v -0.06656200 0.01500900 -0.02653700
v -0.08078500 0.02269200 -0.00652000
v -0.08078500 0.02381200 -0.00164600
v 0.05375200 0.00916000 0.03280700
v -0.03413500 -0.00231800 0.00922000
v -0.03413500 -0.00267700 0.00451000
v 0.05447700 0.00916000 0.03280700
v -0.08649600 -0.00229900 -0.02635500
v -0.10920300 0.01046200 0.00000000
v -0.07890400 -0.03627800 -0.04743000
v -0.08481600 0.02737800 0.00000000
v 0.05377900 0.00904000 0.03480300
v -0.10517200 0.00738300 0.00240600
v -0.06733600 0.01501500 -0.02652500
v -0.08078500 0.02658000 0.00164600
v -0.02212500 -0.00241900 0.03454000
v -0.03413500 0.00524100 -0.04431700
v 0.06722000 0.02191500 0.00795300
v 0.06721500 -0.00225300 -0.06274700
v 0.10920300 -0.03627800 0.01303300
v 0.06651600 0.02277100 0.00959600
v 0.07964300 0.02658000 0.00164600
v 0.00305700 -0.00403100 0.06274700
v -0.08649600 -0.00239800 -0.01413200
v -0.08078500 -0.00250700 -0.01992000
v -0.04613300 0.02474000 -0.00013200
v -0.05746000 0.02195400 -0.00784700
v -0.08481600 -0.03627800 0.01383900
v -0.08481600 -0.00403100 -0.01840800
v 0.02858600 -0.00250700 0.06067200
v 0.05446100 -0.00241900 0.03454000
v -0.02210900 0.00916000 0.03280700
v -0.02280800 0.01004800 0.03335000
v 0.01582100 -0.00234400 0.04780400
v -0.03413500 0.02277100 0.00959600
v -0.04616000 0.02658000 -0.00164600
v -0.04543500 0.02381200 0.00164600
v -0.03413500 -0.00225300 -0.06274700
v -0.06912300 0.02269200 -0.00652000
v -0.04614200 -0.00255100 -0.05002200
v -0.06828000 0.02652200 0.00000000
v -0.10329100 -0.03627800 -0.01383900
v -0.08481600 -0.00739000 -0.01915400
v -0.00970800 0.01004800 0.03335000
v -0.06635500 0.02677100 0.00136700
v -0.09618000 -0.00241900 0.00006700
v -0.04616000 -0.00062500 -0.04884600
v -0.03413500 0.02191500 0.00795300
v -0.04616000 0.00396600 -0.04408800
v -0.06912300 0.02381200 -0.00164600
v -0.10517200 -0.00240200 0.01413500
v -0.06912300 0.02277100 -0.00959600
v -0.04545300 -0.00242300 -0.04828000
v -0.06912300 0.02350500 -0.00828000
v -0.08481600 -0.00739000 -0.01383900
v -0.10785900 -0.00403100 0.01840800
v -0.10329100 -0.00403100 0.01383900
v 0.02186700 -0.00764400 0.05119200
v -0.00970800 0.00904000 0.03480300
v -0.06912300 -0.00241900 -0.02316400
v -0.04616000 0.02277100 0.00959600
v 0.02858600 -0.00234400 0.04780400
v -0.05956400 0.02643100 0.00203500
v -0.03413500 0.02658000 -0.00164600
v -0.03413500 0.02474000 -0.00013200
v 0.04135000 -0.00241900 0.03454000
v 0.01582100 -0.00250700 0.06067200
v -0.08078500 0.00689600 -0.04241500
v -0.04543500 0.02269200 0.00652000
v -0.04545700 0.02354800 0.00816200
v -0.04613800 0.02191500 0.00795300
v -0.04613300 -0.00225300 -0.06274700
v -0.04546100 -0.00403100 -0.06274700
v 0.02589800 -0.00767400 0.04716100
v -0.08481600 -0.03627800 0.01975100
v -0.08481600 -0.00403100 -0.01383900
v -0.10329100 -0.00739000 0.01383900
v -0.10749900 -0.00739000 0.01804800
v -0.02213200 0.00997300 0.03391900
v -0.02212500 0.00824800 0.03686000
v -0.09548600 -0.00242600 0.01562200
v -0.02280800 0.00904000 0.03480300
v -0.04545100 -0.00233000 -0.06067200
v -0.05799100 0.02626500 0.00238600
v -0.03413500 -0.00062500 -0.04884600
v -0.03413500 -0.00255100 -0.05002200
v -0.03413500 0.00396600 -0.04408800
v -0.09617500 -0.00240200 0.01413500
v -0.05746000 -0.00250700 0.06067200
v -0.06826600 -0.00247300 0.05062800
v 0.04135000 -0.00233000 -0.06067200
v -0.02435300 -0.00403100 0.00712100
v 0.02858600 0.02195400 -0.00784700
v 0.04135000 -0.00403100 -0.06274700
v 0.04135000 0.02354800 0.00816200
v 0.05377000 -0.00255100 -0.05002200
v 0.04135000 0.02269200 0.00652000
v 0.05375200 0.00396600 -0.04408800
v 0.05375200 -0.00062500 -0.04884600
v -0.08078500 -0.00220400 0.06274700
v -0.06032700 0.00087400 0.05099000
v 0.00305700 -0.00213200 -0.02131300
v -0.02281500 -0.00267700 0.00451000
v -0.02281600 0.00524100 -0.04431700
v 0.09240800 -0.00403100 0.06274700
v 0.10248500 -0.00764400 0.05119200
v 0.06724200 0.00916000 0.03280700
v -0.02283500 -0.00100400 0.04816200
v -0.04545300 -0.00250700 -0.01992000
v -0.04613600 -0.00213200 -0.02131300
v -0.05746000 -0.00234400 0.01068500
v -0.08246500 -0.00739000 -0.05099000
v -0.08481600 -0.00739000 -0.05334200
v -0.01971800 -0.00411700 0.04823600
v -0.01978500 -0.00403100 0.05199800
v -0.09549300 -0.00229900 -0.02635500
v -0.08078500 0.02381200 0.00164600
v -0.02213100 -0.00234400 0.04780400
v 0.01582100 0.00916000 0.03280700
v -0.03413500 0.00557700 -0.04251500
v 0.09401800 -0.00253600 -0.05099000
v 0.09240800 -0.00242300 -0.04828000
v 0.06721700 0.02350500 -0.00828000
v 0.06721500 -0.00241900 -0.02316400
v 0.10329100 -0.00403100 0.00712100
v 0.06724200 0.02277100 -0.00959600
v 0.07964300 0.02381200 0.00164600
v 0.09281400 0.00100700 -0.05099000
v 0.09274400 0.00188700 -0.05387200
v -0.00970800 -0.00100400 0.04816200
v -0.05746000 -0.00403100 0.00416500
v -0.05746000 -0.00231800 0.00922000
v -0.01971800 -0.00725600 0.04823600
v -0.02009500 -0.00739000 0.05168800
v 0.02858600 0.00997300 0.03391900
v 0.02858600 0.00824800 0.03686000
v 0.05377900 -0.00403100 0.06274700
v 0.05445000 -0.00220400 0.06274700
v -0.08649600 0.00945500 0.00137700
v 0.00305700 -0.00241900 0.03454000
v -0.05746000 -0.00267700 0.00451000
v -0.05746000 0.00524100 -0.04431700
v -0.01971800 -0.00725600 0.05011700
v -0.08347300 -0.00403100 -0.05199800
v -0.02811500 -0.03627800 0.01001000
v 0.02858600 0.01004800 0.03335000
v 0.05377900 -0.00220400 0.06274700
v 0.05445000 -0.00403100 0.06274700
v -0.02281800 -0.00250700 0.06067200
v -0.08078500 -0.00255100 -0.05002200
v -0.09617400 0.00735200 -0.00266400
v -0.09547100 0.00945500 -0.00137700
v -0.08078500 -0.00062500 -0.04884600
v -0.08078500 0.00396600 -0.04408800
v -0.08649600 0.01046200 0.00000000
v -0.08078500 0.00916000 0.03280700
v -0.04545600 -0.00234400 0.04780400
v -0.04614200 -0.00277400 0.04962000
v -0.02435300 -0.03627800 0.01827300
v -0.01844100 -0.03627800 0.01303300
v -0.02569700 -0.03627800 0.01693000
v 0.02858600 -0.00242300 -0.04828000
v 0.05377900 0.02617100 0.00000000
v 0.05447700 0.02658000 0.00164600
v 0.05375200 0.02381200 -0.00164600
v 0.05375200 0.02269200 -0.00652000
v -0.02212800 -0.00250700 -0.01992000
v -0.00970800 0.00557700 -0.04251500
v 0.01582100 0.02381200 0.00164600
v 0.09479300 0.00225300 -0.05099000
v 0.10517200 -0.00403100 0.00416500
v 0.10517200 -0.00231800 0.00922000
v 0.07964300 0.02354800 0.00816200
v 0.07964300 -0.00403100 -0.06274700
v 0.06721500 0.02617100 0.00000000
v 0.10754900 -0.00739000 0.01137900
v 0.07964300 -0.00233000 -0.06067200
v 0.06724200 0.02381200 -0.00164600
v 0.06724200 0.02269200 -0.00652000
v 0.09274400 -0.00403100 -0.05099000
v 0.07964300 0.02269200 0.00652000
v -0.04614100 -0.00250700 -0.01992000
v -0.04545900 -0.00213200 -0.02131300
v -0.01844100 -0.00739000 0.05334200
v -0.01971800 -0.00411700 0.05011700
v -0.08347300 -0.00739000 -0.05199800
v -0.02945900 -0.03627800 0.00866600
v -0.00970800 -0.00250700 0.06067200
v -0.10517200 0.00735200 -0.00266400
v -0.09548800 -0.00239000 -0.02403600
v 0.01582100 0.00904000 0.03480300
v -0.08078500 0.02658000 -0.00164600
v -0.08078500 0.02474000 -0.00013200
v -0.02212700 -0.00277400 0.04962000
v -0.03413500 0.00689600 -0.04241500
v -0.09549800 -0.00403100 -0.02646900
v -0.03413500 0.02658000 0.00164600
v -0.08078500 -0.00267700 0.00451000
v -0.05956400 0.02643100 -0.00203500
v -0.04614400 0.01570600 -0.02121700
v -0.06912300 -0.00233000 -0.06067200
v -0.06912300 0.02354800 0.00816200
v -0.06912300 -0.00403100 -0.06274700
v -0.02945900 0.03627800 0.01827300
v -0.10785900 -0.00403100 -0.01840800
v -0.10329100 -0.00403100 -0.01383900
v -0.08481600 -0.00739000 0.01383900
v 0.04135000 -0.00277400 0.04962000
v 0.05376800 -0.00250700 0.06067200
v -0.05839900 -0.00240000 -0.05080300
v -0.10517200 -0.00239800 -0.01413200
v -0.06912300 0.02269200 0.00652000
v -0.08078500 0.00524100 -0.04431700
v -0.05746000 -0.00062500 -0.04884600
v -0.02280800 -0.00220400 0.06274700
v -0.05746000 0.00396600 -0.04408800
v 0.00305700 0.00997300 0.03391900
v 0.00305700 0.00824800 0.03686000
v 0.06722600 0.00824800 0.03686000
v 0.06721900 0.00997300 0.03391900
v 0.10651600 -0.00767400 0.04716100
v 0.10920300 -0.00412400 0.05011700
v -0.10517200 -0.00229900 -0.02635500
v -0.03413500 -0.00250700 -0.01992000
v -0.04545900 0.00557700 -0.04251500
v -0.06912300 -0.00234400 0.01068500
v -0.08246500 0.00360100 -0.05099000
v -0.08481600 0.00250500 -0.05334200
v -0.07890400 -0.00739000 -0.04743000
v -0.02811500 -0.03627800 0.01693000
v 0.02858600 0.00904000 0.03480300
v -0.08649600 0.00738300 0.00240600
v -0.08078500 0.02277100 0.00959600
v -0.00970800 -0.00234400 0.04780400
v -0.04616000 0.00689600 -0.04241500
v 0.02589800 -0.03627800 0.04716100
v -0.10329100 -0.03627800 0.01383900
v -0.08481600 -0.00739000 0.01900500
v -0.05820200 0.00246900 -0.05099700
v -0.06635500 0.02677100 -0.00136700
v -0.03413500 0.02195400 -0.00784700
v 0.00305700 0.00916000 0.03280700
v -0.06912300 0.02381200 0.00164600
v -0.02213600 -0.00403100 0.06274700
v 0.04135000 -0.00100400 0.04816200
v -0.05746000 0.02277100 0.00959600
v 0.10309700 0.00343800 0.05054600
v 0.09445800 0.00424700 0.04963000
v 0.07964300 -0.00220400 0.06274700
v 0.06654300 0.01004800 0.03335000
v 0.10920300 -0.00725600 0.04823600
v 0.10490300 -0.00235200 0.04855300
v 0.10278700 0.00133400 0.04884100
v 0.04135000 0.02381200 -0.00164600
v -0.04614300 -0.00250700 0.06067200
v 0.04135000 0.02617100 0.00000000
v -0.02435300 -0.03627800 0.00789400
v 0.02858600 0.02474000 -0.00013200
v 0.05376800 0.01570600 -0.02121700
v -0.00970800 -0.00250700 -0.01992000
v 0.00305700 -0.00234400 0.01068500
v 0.04135000 0.02269200 -0.00652000
v -0.02213400 0.00557700 -0.04251500
v 0.02858600 0.02658000 -0.00164600
v -0.03413500 -0.00234400 0.04780400
v 0.01582100 0.02277100 0.00959600
v 0.09240800 -0.00233000 -0.06067200
v 0.09240800 0.02354800 0.00816200
v 0.09240800 -0.00403100 -0.06274700
v 0.06654000 0.02350500 -0.00828000
v 0.06654300 -0.00241900 -0.02316400
v 0.10329100 -0.00739000 0.00712100
v 0.06651600 0.02277100 -0.00959600
v 0.09240800 0.02269200 0.00652000
v 0.09423900 0.02671800 -0.00144400
v -0.08078500 -0.00225300 -0.06274700
v 0.01582100 0.01004800 0.03335000
v -0.02210900 -0.00100400 0.04816200
v -0.06912300 -0.00403100 0.00416500
v -0.06912300 -0.00231800 0.00922000
v -0.02079300 0.00360100 0.05099000
v -0.07890400 -0.00403100 -0.04743000
v 0.04135000 -0.00403100 0.06274700
v -0.08078500 0.02191500 0.00795300
v -0.09617500 -0.00229900 -0.02635500
v -0.02281300 -0.00234400 0.04780400
v -0.04545900 0.02350500 -0.00828000
v -0.04613600 0.02195400 -0.00784700
v -0.04546100 -0.00241900 -0.02316400
v -0.05746000 0.02474000 -0.00013200
v -0.06912300 -0.00242300 -0.04828000
v -0.08481600 -0.00403100 0.01383900
v -0.10754900 -0.00739000 -0.01809800
v -0.10329100 -0.00739000 -0.01383900
v -0.00970800 -0.00220400 0.06274700
v -0.06031800 -0.00238300 -0.05099000
v -0.06794100 0.00095600 -0.05099000
v -0.05781400 0.02637000 -0.00213900
v -0.08481600 -0.03627800 -0.01975100
v -0.09617700 -0.00239800 -0.01413200
v -0.06673800 0.00225300 -0.05099000
v -0.04543500 0.02277100 -0.00959600
v 0.05447700 -0.00100400 0.04816200
v 0.06721500 0.01004800 0.03335000
v 0.10920300 -0.00412400 0.04823600
v 0.10651600 -0.00767400 0.05119200
v -0.04545100 -0.00241900 0.03454000
v -0.02435300 -0.00739000 0.00712100
v 0.04135000 -0.00242300 -0.04828000
v 0.05377900 0.02474000 -0.00013200
v 0.05447700 0.02381200 0.00164600
v 0.05375200 0.02658000 -0.00164600
v -0.00970800 0.00524100 -0.04431700
v -0.00970800 -0.00267700 0.00451000
v -0.05864200 0.00095600 0.05099000
v 0.01582100 0.02658000 0.00164600
v 0.10483600 -0.00403100 0.04884100
v 0.10310200 0.00248000 0.04895000
v 0.07964300 -0.00403100 0.06274700
v 0.06653100 0.00824800 0.03686000
v 0.06653800 0.00997300 0.03391900
v 0.10920300 -0.00725600 0.05011700
v 0.10517200 -0.00277400 0.04962000
v 0.09240800 -0.00220400 0.06274700
v 0.10248500 -0.00764400 0.04716100
v 0.06721500 0.00904000 0.03480300
v 0.10517200 -0.00250700 0.06067200
v -0.02212900 0.00524100 -0.04431700
v -0.01978500 -0.00739000 0.01169000
v -0.01844100 -0.00739000 0.01303300
v 0.02858600 0.02617100 0.00000000
v 0.04135000 0.02474000 -0.00013200
v 0.05377000 -0.00242300 -0.04828000
v 0.02858600 0.02269200 -0.00652000
v 0.05447700 0.02277100 0.00959600
v -0.02212900 -0.00267700 0.00451000
v -0.03413500 -0.00241900 0.03454000
v 0.04135000 0.02658000 -0.00164600
v 0.02858600 0.02381200 -0.00164600
v -0.06838200 0.00094600 0.05099000
v -0.02212700 -0.00255100 -0.05002200
v -0.08347300 -0.00739000 0.05199800
v -0.07890400 -0.00403100 0.04743000
v -0.00970800 0.02354800 0.00816200
v -0.00970800 -0.00233000 -0.06067200
v -0.02281700 -0.00242300 -0.04828000
v -0.03413500 0.00824800 0.03686000
v -0.03413500 0.00997300 0.03391900
v -0.02210900 0.00396600 -0.04408800
v -0.00970800 0.02269200 0.00652000
v -0.02210900 -0.00062500 -0.04884600
v -0.09548800 -0.00223000 0.02411000
v -0.09617400 -0.00232300 0.02633400
v 0.00305700 0.02658000 0.00164600
v -0.00970800 -0.00403100 -0.06274700
v 0.01582100 -0.00213200 -0.02131300
v -0.02280800 -0.00403100 -0.06274700
v -0.02281300 0.02354800 0.00816200
v -0.04546100 0.00904000 0.03480300
v -0.06912300 -0.00220400 0.06274700
v -0.08481600 -0.00739000 0.05334200
v -0.08347300 -0.00403100 0.05199800
v -0.07890400 -0.00739000 0.04743000
v 0.02858600 0.00557700 -0.04251500
v 0.04135000 0.00524100 -0.04431700
v 0.04135000 -0.00267700 0.00451000
v -0.02281800 -0.00233000 -0.06067200
v -0.02213600 0.02474000 -0.00013200
v -0.00970800 -0.00242300 -0.04828000
v -0.04616000 0.00916000 0.03280700
v -0.02210900 0.02658000 -0.00164600
v -0.08078500 -0.00277400 0.04962000
v -0.02283500 0.02269200 0.00652000
v -0.10517200 -0.00232300 0.02633400
v 0.10517200 0.02474000 -0.00013200
v 0.10749900 -0.00739000 -0.05163800
v 0.10481800 0.02637000 -0.00213900
v 0.06724200 0.00689600 -0.04241500
v 0.09240800 -0.00234400 0.01068500
v 0.06721700 0.00557700 -0.04251500
v 0.10329100 -0.00739000 -0.04743000
v 0.10517200 0.02381200 0.00164600
v 0.10483600 -0.00403100 -0.05099000
v 0.09240800 -0.00403100 0.00416500
v 0.09240800 -0.00231800 0.00922000
v 0.06654000 0.00557700 -0.04251500
v 0.10920300 -0.00739000 -0.05334200
v 0.10329100 -0.00403100 -0.04743000
v 0.10311000 0.00288000 -0.05103400
v 0.10352500 0.00092700 -0.05099000
v 0.10517200 0.00396600 -0.04408800
v 0.09240800 -0.00267700 0.00451000
v 0.09240800 0.00524100 -0.04431700
v 0.10484200 -0.00255700 -0.05064900
v 0.10785900 -0.00403100 -0.05199800
v 0.06651600 0.00689600 -0.04241500
v 0.10517200 -0.00062500 -0.04884600
v 0.10307600 0.00221100 -0.05317600
v 0.10517200 -0.00234400 0.01068500
v 0.07964300 -0.00242300 -0.04828000
v 0.06654300 0.02617100 0.00000000
v 0.10785900 -0.00403100 0.01169000
v 0.06651600 0.02381200 -0.00164600
v 0.06651600 0.02269200 -0.00652000
v 0.09240800 0.02381200 0.00164600
v 0.01582100 -0.00241900 -0.02316400
v -0.05801600 -0.00252900 0.05056500
v -0.06912300 -0.00250700 0.06067200
v -0.02079300 -0.00739000 0.00712100
v -0.01978500 -0.00403100 0.01169000
v 0.04135000 -0.00255100 -0.05002200
v 0.05445000 -0.00225300 -0.06274700
v 0.05377900 -0.00403100 -0.06274700
v 0.05377400 0.02354800 0.00816200
v 0.05445500 0.02191500 0.00795300
v 0.05376800 -0.00233000 -0.06067200
v 0.05375200 0.02269200 0.00652000
v 0.04135000 -0.00062500 -0.04884600
v 0.01582100 0.02277100 -0.00959600
v 0.00305700 0.00689600 -0.04241500
v 0.01582100 0.02350500 -0.00828000
v 0.04135000 0.00396600 -0.04408800
v -0.03413500 -0.00213200 -0.02131300
v -0.09549400 0.00735200 -0.00266400
v -0.04613600 0.00557700 -0.04251500
v -0.01844100 0.00250500 0.05334200
v -0.02435300 -0.00739000 0.04743000
v -0.02945900 -0.03627800 0.01827300
v -0.08078500 -0.00242300 -0.04828000
v -0.04543500 0.00689600 -0.04241500
v -0.09619700 0.00945500 -0.00137700
v 0.02858600 0.00916000 0.03280700
v -0.08649600 0.00837200 0.00000000
v -0.02212600 -0.00250700 0.06067200
v -0.10517200 -0.00239000 -0.02403600
v -0.00970800 -0.00277400 0.04962000
v -0.10517200 -0.00403100 -0.02646900
v -0.08078500 -0.00403100 -0.06274700
v -0.08078500 -0.00233000 -0.06067200
v -0.06912300 -0.00267700 0.00451000
v -0.06912300 0.00524100 -0.04431700
v -0.02435300 -0.00403100 0.04743000
v 0.04135000 -0.00220400 0.06274700
v -0.10517200 0.00945500 -0.00137700
v -0.02281700 -0.00277400 0.04962000
v -0.08078500 0.02354800 0.00816200
v -0.09618000 -0.00239000 -0.02403600
v -0.08078500 0.02269200 0.00652000
v 0.01582100 0.00824800 0.03686000
v 0.01582100 0.00997300 0.03391900
v -0.09617000 -0.00403100 -0.02646900
v 0.06651600 0.02658000 0.00164600
v 0.09240800 0.02474000 -0.00013200
v 0.10920300 -0.00739000 0.01303300
v 0.07964300 0.02277100 0.00959600
v 0.09240800 0.02658000 -0.00164600
v 0.06722400 -0.00277400 0.04962000
v 0.06620700 -0.00767400 0.04716100
v 0.06217600 -0.00764400 0.05119200
v 0.10404300 0.01462200 0.02570400
v 0.06722000 -0.00234400 0.04780400
v 0.06217600 -0.00764400 0.04716100
v 0.06620700 -0.00767400 0.05119200
v -0.05957800 0.02656400 0.00000000
v -0.04614200 -0.00242300 -0.04828000
v -0.06912300 0.02195400 -0.00784700
v 0.02186700 -0.00764400 0.04716100
v 0.02858600 -0.00277400 0.04962000
v -0.09548800 -0.00241900 0.00006700
v -0.00970800 0.00916000 0.03280700
v -0.05955600 0.02523700 -0.00299100
v -0.03413500 0.02381200 0.00164600
v -0.08078500 0.00557700 -0.04251500
v -0.04543500 0.02277100 0.00959600
v -0.04614300 -0.00233000 -0.06067200
v -0.04616000 0.02269200 0.00652000
v -0.04613800 0.02354800 0.00816200
v -0.04545700 0.02191500 0.00795300
v -0.04546100 -0.00225300 -0.06274700
v -0.04613300 -0.00403100 -0.06274700
v -0.05759700 0.02639500 0.00000000
v -0.10920300 -0.00739000 0.01975100
v 0.02589800 -0.00767400 0.05119200
v -0.02213600 0.01004800 0.03335000
v -0.05799100 0.02455200 -0.00223300
v 0.01582100 -0.00100400 0.04816200
v -0.05746000 0.02269200 -0.00652000
v -0.02283500 0.00916000 0.03280700
v -0.08078500 0.00997300 0.03391900
v 0.01582100 -0.00233000 -0.06067200
v 0.00305700 -0.00267700 0.00451000
v -0.05746000 -0.00241900 0.03454000
v -0.02569700 -0.03627800 0.01001000
v 0.05377900 -0.00241900 -0.02316400
v 0.05377600 0.02350500 -0.00828000
v 0.05445300 0.02195400 -0.00784700
v -0.02281100 -0.00213200 -0.02131300
v 0.05375200 0.02277100 -0.00959600
v 0.01582100 0.02354800 0.00816200
v 0.00305700 0.00524100 -0.04431700
v 0.01582100 -0.00403100 -0.06274700
v 0.01582100 0.02269200 0.00652000
v -0.04616000 -0.00100400 0.04816200
v -0.08078500 0.00824800 0.03686000
v -0.04545100 0.01570600 -0.02121700
v -0.06912300 -0.00225300 -0.06274700
v -0.06912300 0.02191500 0.00795300
v -0.02811500 0.03627800 0.01693000
v 0.02858600 -0.00241900 0.03454000
v 0.04135000 -0.00234400 0.04780400
v 0.05446000 -0.00250700 0.06067200
v -0.05955600 0.02523700 0.00299100
v -0.05779600 -0.00403100 -0.05099000
v -0.10517200 -0.00243900 -0.01573500
v -0.02280800 -0.00403100 0.06274700
v -0.03413500 0.02617100 0.00000000
v -0.08078500 -0.00231800 0.00922000
v -0.03413500 0.02381200 -0.00164600
v -0.08078500 -0.00403100 0.00416500
v 0.00305700 0.01004800 0.03335000
v -0.03413500 0.02269200 -0.00652000
v -0.05746000 0.00904000 0.03480300
v -0.02569700 0.03627800 0.01001000
v -0.06732200 0.01342500 0.02912700
v -0.02213400 0.02350500 -0.00828000
v -0.02213600 -0.00241900 -0.02316400
v -0.06660000 0.01424900 0.02712000
v -0.02210900 0.02277100 -0.00959600
v 0.00305700 -0.00242300 -0.04828000
v -0.03413500 -0.00220400 0.06274700
v -0.02283500 0.02658000 0.00164600
v -0.08078500 0.01004800 0.03335000
v 0.00305700 -0.00403100 0.00416500
v 0.02858600 -0.00255100 -0.05002200
v 0.05445000 -0.00241900 -0.02316400
v 0.05445300 0.02350500 -0.00828000
v 0.05377600 0.02195400 -0.00784700
v 0.02858600 0.00396600 -0.04408800
v 0.02858600 -0.00062500 -0.04884600
v 0.05447700 0.02277100 -0.00959600
v -0.02281600 -0.00250700 -0.01992000
v 0.01582100 0.02191500 0.00795300
v 0.01582100 -0.00225300 -0.06274700
v 0.00305700 -0.00231800 0.00922000
v -0.04543500 -0.00100400 0.04816200
v -0.04546100 -0.00220400 0.06274700
v -0.04613300 -0.00403100 0.06274700
v -0.06912300 0.00904000 0.03480300
v 0.02858600 -0.00234400 0.01068500
v -0.00970800 0.02350500 -0.00828000
v 0.00305700 0.02474000 -0.00013200
v -0.00970800 -0.00241900 -0.02316400
v -0.00970800 0.02277100 -0.00959600
v 0.00305700 0.02658000 -0.00164600
v -0.06912300 -0.00234400 0.04780400
v 0.02858600 -0.00241900 -0.02316400
v 0.02858600 0.02350500 -0.00828000
v 0.04135000 0.02191500 0.00795300
v 0.05445900 -0.00255100 -0.05002200
v 0.04135000 -0.00225300 -0.06274700
v -0.00970800 -0.00234400 0.01068500
v 0.02858600 0.02277100 -0.00959600
v 0.05447700 0.00396600 -0.04408800
v -0.02280800 -0.00403100 0.00416500
v -0.05972400 0.00312300 0.05092200
v -0.05803800 0.00193900 0.05376000
v 0.05447700 -0.00062500 -0.04884600
v 0.00305700 -0.00250700 -0.01992000
v -0.02282000 -0.00231800 0.00922000
v -0.08078500 -0.00403100 0.06274700
v -0.06878700 -0.00403100 0.05099000
v -0.06626500 -0.00238300 0.05099000
v -0.09549800 -0.00403100 0.02646900
v 0.00305700 0.02195400 -0.00784700
v 0.05376700 -0.00231800 0.00922000
v 0.02858600 -0.00213200 -0.02131300
v 0.05445800 0.00524100 -0.04431700
v 0.05445700 -0.00267700 0.00451000
v 0.05377900 -0.00403100 0.00416500
v 0.01582100 0.00557700 -0.04251500
v -0.03413500 0.00916000 0.03280700
v -0.00970800 0.02381200 0.00164600
v -0.02210900 0.02277100 0.00959600
v -0.05746000 -0.00403100 0.06274700
v -0.08078500 -0.00241900 0.03454000
v -0.05746000 0.00824800 0.03686000
v -0.05746000 0.00997300 0.03391900
v 0.02858600 -0.00231800 0.00922000
v 0.02858600 -0.00403100 0.00416500
v 0.05377600 -0.00213200 -0.02131300
v 0.05445800 -0.00250700 -0.01992000
v -0.02281000 0.02350500 -0.00828000
v -0.02280800 -0.00241900 -0.02316400
v 0.00305700 -0.00255100 -0.05002200
v -0.02210900 0.02658000 0.00164600
v 0.04135000 0.00689600 -0.04241500
v 0.00305700 0.00396600 -0.04408800
v -0.02283500 0.02277100 -0.00959600
v 0.00305700 -0.00062500 -0.04884600
v -0.04545800 -0.00234400 0.01068500
v -0.05746000 -0.00250700 -0.01992000
v 0.02858600 -0.00220400 0.06274700
v 0.05445500 0.00997300 0.03391900
v 0.05446200 0.00824800 0.03686000
v 0.05377900 0.01004800 0.03335000
v -0.06912300 0.00557700 -0.04251500
v -0.08078500 0.02195400 -0.00784700
v -0.10517200 0.01046200 0.00000000
v -0.08078500 -0.00241900 -0.02316400
v -0.04613700 -0.00234400 0.01068500
v -0.05746000 -0.00213200 -0.02131300
v 0.02858600 -0.00403100 0.06274700
v 0.05377400 0.00997300 0.03391900
v 0.05376700 0.00824800 0.03686000
v 0.05445000 0.01004800 0.03335000
v 0.00305700 -0.00250700 0.06067200
v -0.05858900 0.01425000 -0.02693000
v -0.05957200 0.01494800 -0.02666900
v -0.02281900 -0.00241900 0.03454000
v -0.10517200 0.00945500 0.00137700
v -0.08078500 0.02350500 -0.00828000
v -0.08078500 0.02277100 -0.00959600
v -0.06912300 0.00689600 -0.04241500
v -0.06912300 -0.00241900 0.03454000
v 0.04135000 0.02350500 -0.00828000
v 0.02858600 0.02191500 0.00795300
v 0.04135000 -0.00241900 -0.02316400
v 0.04135000 0.02277100 -0.00959600
v 0.02858600 -0.00225300 -0.06274700
v 0.01582100 -0.00062500 -0.04884600
v 0.01582100 -0.00255100 -0.05002200
v 0.01582100 0.00396600 -0.04408800
v -0.02283500 0.00689600 -0.04241500
v 0.04135000 0.02195400 -0.00784700
v 0.02858600 0.02354800 0.00816200
v 0.02858600 -0.00233000 -0.06067200
v 0.02858600 0.02269200 0.00652000
v 0.02858600 -0.00403100 -0.06274700
v -0.02281100 0.00557700 -0.04251500
v -0.03413500 -0.00100400 0.04816200
v -0.05746000 0.00689600 -0.04241500
v 0.00305700 -0.00277400 0.04962000
v -0.06912300 -0.00213200 -0.02131300
v 0.04135000 0.00824800 0.03686000
v 0.04135000 0.00997300 0.03391900
v -0.06724000 0.01427300 -0.02698200
v -0.09617900 0.00738300 0.00240600
v 0.01582100 -0.00220400 0.06274700
v -0.09547100 0.00945500 0.00137700
v 0.01582100 -0.00403100 0.06274700
v 0.00305700 -0.00234400 0.04780400
v -0.05746000 0.00557700 -0.04251500
v -0.06912300 -0.00250700 -0.01992000
v 0.04135000 0.01004800 0.03335000
v -0.09549800 0.01046200 0.00000000
v -0.09617000 0.00837200 0.00000000
v -0.06660000 0.01424900 -0.02712000
v -0.08649600 0.00945500 -0.00137700
v -0.03413500 -0.00234400 0.01068500
v -0.06912300 0.00824800 0.03686000
v -0.08649600 -0.00403100 0.02646900
v 0.05375200 0.00689600 -0.04241500
v 0.00305700 -0.00403100 -0.06274700
v 0.00305700 -0.00233000 -0.06067200
v -0.06912300 0.00997300 0.03391900
v 0.04135000 -0.00213200 -0.02131300
v 0.05445300 0.00557700 -0.04251500
v 0.01582100 0.00524100 -0.04431700
v -0.06656200 0.01500900 0.02653700
v 0.00305700 0.02354800 0.00816200
v -0.00970800 0.02658000 0.00164600
v 0.01582100 -0.00267700 0.00451000
v 0.00305700 0.02269200 0.00652000
v -0.04613300 0.00904000 0.03480300
v -0.06912300 -0.00403100 0.06274700
v 0.04135000 -0.00231800 0.00922000
v 0.04135000 -0.00403100 0.00416500
v -0.02280800 -0.00225300 -0.06274700
v -0.02281300 0.02191500 0.00795300
v 0.02858600 0.00689600 -0.04241500
v -0.00970800 0.02277100 0.00959600
v -0.02210900 0.02381200 0.00164600
v -0.08078500 -0.00234400 0.04780400
v -0.04543500 0.00916000 0.03280700
v 0.01582100 -0.00250700 -0.01992000
v -0.10517200 -0.00403100 0.02646900
v -0.04545100 -0.00250700 0.06067200
v 0.05446100 0.01570600 -0.02121700
v -0.00970800 -0.00213200 -0.02131300
v 0.01582100 -0.00242300 -0.04828000
v -0.02210900 0.00689600 -0.04241500
v 0.02858600 0.02381200 0.00164600
v -0.03413500 -0.00277400 0.04962000
v 0.04135000 0.02658000 0.00164600
v -0.05746000 -0.00241900 -0.02316400
v -0.08649600 -0.00243900 -0.01573500
v -0.08078500 -0.00213200 -0.02131300
v -0.04546100 0.02474000 -0.00013200
v -0.05746000 0.02350500 -0.00828000
v 0.05376800 -0.00241900 0.03454000
v -0.09618200 -0.00242600 0.01562200
v -0.09549300 -0.00240200 0.01413500
v -0.02282000 0.00824800 0.03686000
v -0.02281200 0.00997300 0.03391900
v -0.02213600 0.00904000 0.03480300
v 0.00305700 -0.00220400 0.06274700
v 0.01582100 -0.00277400 0.04962000
v -0.05746000 0.02277100 -0.00959600
v -0.03413500 -0.00242300 -0.04828000
v -0.04616000 0.02381200 0.00164600
v -0.04543500 0.02658000 -0.00164600
v 0.05445900 -0.00242300 -0.04828000
v 0.05375200 0.02277100 0.00959600
v -0.02212500 -0.00231800 0.00922000
v -0.02213600 -0.00403100 0.00416500
v -0.06912300 -0.00100400 0.04816200
v 0.02858600 0.02658000 0.00164600
v 0.04135000 0.02381200 0.00164600
v -0.06842600 0.00236400 0.05099000
v -0.04614400 -0.00241900 0.03454000
v 0.05445000 0.02474000 -0.00013200
v 0.01582100 0.02617100 0.00000000
v -0.00970800 -0.00231800 0.00922000
v 0.05447700 0.02658000 -0.00164600
v 0.05375200 0.02381200 0.00164600
v -0.00970800 -0.00403100 0.00416500
v 0.04135000 0.02277100 0.00959600
v 0.01582100 0.02269200 -0.00652000
v -0.05804600 0.00265400 0.05099700
v 0.01582100 0.02381200 -0.00164600
v -0.02281100 -0.00234400 0.01068500
v -0.05746000 -0.00100400 0.04816200
v -0.05955500 0.00221100 0.05317600
v -0.04613900 -0.00234400 0.04780400
v -0.04545300 -0.00277400 0.04962000
v 0.05445000 0.02617100 0.00000000
v 0.01582100 0.02474000 -0.00013200
v 0.02858600 0.02277100 0.00959600
v -0.02213400 -0.00213200 -0.02131300
v 0.05375200 0.02658000 0.00164600
v 0.05447700 0.02269200 -0.00652000
v -0.00970800 0.00689600 -0.04241500
v 0.01582100 0.02658000 -0.00164600
v 0.05447700 0.02381200 -0.00164600
v -0.08078500 0.00904000 0.03480300
v -0.03413500 -0.00250700 0.06067200
v 0.09240800 0.02191500 0.00795300
v 0.09240800 -0.00225300 -0.06274700
v 0.07964300 -0.00255100 -0.05002200
v 0.06654000 0.02195400 -0.00784700
v 0.06722500 0.01570600 -0.02121700
v 0.07964300 0.00396600 -0.04408800
v 0.07964300 -0.00062500 -0.04884600
v 0.07964300 0.02474000 -0.00013200
v 0.06721700 0.02195400 -0.00784700
v 0.06653200 0.01570600 -0.02121700
v 0.07964300 0.02658000 -0.00164600
v 0.09240800 0.02277100 0.00959600
v 0.09292600 0.00257500 -0.05099000
v 0.10517200 -0.00233000 -0.06067200
v 0.10517200 0.02354800 0.00816200
v 0.10517200 -0.00403100 -0.06274700
v 0.07964300 -0.00403100 0.00416500
v 0.07964300 -0.00231800 0.00922000
v 0.06654000 -0.00213200 -0.02131300
v 0.10306700 0.02645500 -0.00198300
v 0.10517200 0.02269200 0.00652000
v 0.06722500 -0.00241900 0.03454000
v 0.07964300 -0.00100400 0.04816200
v 0.06724200 -0.00100400 0.04816200
v 0.10299000 0.01463100 0.02572900
v 0.07964300 -0.00241900 0.03454000
v 0.06651600 -0.00100400 0.04816200
v 0.10517200 0.00916000 0.03280700
v 0.10299000 0.01525400 0.02602000
v 0.10404300 0.01538200 0.02493200
vn -0.00000000 0.00000000 0.00000000
vn 0.01369047 -0.24845782 0.96854596
vn -0.99983055 0.01681824 0.00748475
vn -0.00000000 0.00000000 0.00000000
vn -0.00000000 0.00000000 -0.00000000
vn -0.00000000 0.00000000 0.00000000
vn -1.00000000 0.00000000 0.00000000
vn -0.85317565 0.52144034 -0.01383020
vn -0.25277662 -0.96651714 0.04414284
vn 0.60043965 -0.15267175 0.78496087
vn -0.00000000 0.00000000 0.00000000
vn 0.85475166 -0.46696505 0.22659047
vn 0.00000000 0.00000000 0.00000000
vn -0.99999376 -0.00353164 -0.00009070
vn -0.00000000 0.00000000 0.00000000
vn 0.23081497 0.30377485 0.92436210
vn 0.00000000 0.00000000 0.00000000
vn 0.00000000 0.00000000 0.00000000
vn -0.60234564 0.40285690 0.68911977
vn 0.57735027 -0.57735027 0.57735027
vn -0.95914458 0.01143010 -0.28268538
vn -0.00000000 0.00000000 0.00000000
vn -0.02957315 0.59123200 0.80595915
vn -0.00000000 0.00000000 0.00000000
vn 0.00000000 0.00000000 -0.00000000
vn -0.00000000 0.00000000 0.00000000
vn -1.00000000 0.00000000 0.00000000
vn 0.00000000 0.00000000 0.00000000
vn -0.00000000 0.00000000 0.00000000
vn 0.00000000 0.00000000 0.00000000
vn -0.26593993 0.43129575 0.86212524
vn 0.00000000 0.00000000 0.00000000
vn 0.00000000 0.00000000 -0.00000000
vn 0.55872657 -0.81658331 0.14497007
vn 0.00000000 0.00000000 -0.00000000
vn -0.56080550 -0.11809986 0.81948131
vn 0.52960229 0.84416004 0.08315788
vn -0.00000000 0.00000000 0.00000000
vn -0.00000000 0.00000000 0.00000000
vn -0.00000000 0.00000000 -0.00000000
vn -0.00000000 0.00000000 0.00000000
vn -0.00000000 0.00000000 0.00000000
vn 0.00000000 0.00000000 0.00000000
vn 0.00000000 0.00000000 0.00000000
vn -0.00000000 0.00000000 0.00000000
vn 1.00000000 0.00000000 0.00000000
vn 0.00000000 0.00000000 0.00000000
vn 0.00000000 0.00000000 0.00000000
vn -0.00000000 -0.00000000 0.00000000
vn 0.00000000 0.00000000 0.00000000
vn 0.00000000 0.00000000 0.00000000
vn -0.00000000 0.00000000 0.00000000
vn 0.09861280 -0.83922475 -0.53476848
vn 0.00000000 0.00000000 0.00000000
vn 0.00000000 0.00000000 0.00000000
vn 0.00000000 0.00000000 0.00000000
vn -0.65145315 -0.75097091 -0.10794200
vn -0.00000000 0.00000000 0.00000000
vn 0.65145315 -0.75097091 -0.10794200
vn 0.00000000 0.00000000 0.00000000
vn -0.60234564 0.40285690 0.68911977
vn -0.00000000 0.00000000 0.00000000
vn 0.00000000 0.00000000 0.00000000
vn -0.57735027 -0.57735027 0.57735027
vn -0.26304541 -0.95479264 -0.13848513
vn 0.78245665 -0.03420592 -0.62176487
vn 0.00000000 0.00000000 -0.00000000
vn 0.00000000 0.00000000 0.00000000
vn -0.85823524 -0.45951333 -0.22864770
vn -0.60378458 0.41985574 -0.67761741
vn 0.99989542 0.00183599 -0.01434528
vn 0.60067123 -0.75401457 0.26581216
vn -0.00000000 0.00000000 0.00000000
vn 0.00000000 -0.00000000 -0.00000000
vn 0.01152428 0.33337875 0.94272255
vn 0.70554877 -0.70866137 0.00004036
vn 0.60022995 -0.64783605 -0.46907617
vn -0.58603448 -0.49138568 0.64428542
vn -0.36960004 -0.80506605 0.46396601
vn 0.00000000 0.00000000 0.00000000
vn -0.00000000 0.00000000 0.00000000
vn -0.00000000 0.00000000 0.00000000
vn -0.70528877 -0.70892013 0.00004707
vn -0.60049635 -0.64774557 -0.46886013
vn 0.58622743 -0.49137410 0.64411870
vn -0.96184584 -0.03700620 0.27107771
vn 0.58709550 0.80577398 0.07776355
vn -0.80842272 -0.28860914 -0.51298877
vn -0.99988899 0.01489963 -0.00000379
vn 1.00000000 0.00000000 0.00000000
vn -0.00000000 0.00000000 0.00000000
vn -0.02631362 0.59296635 -0.80479718
vn 0.00000000 0.00000000 0.00000000
vn -0.99995187 -0.00978432 0.00071894
vn -0.58708756 0.80577978 0.07776343
vn 0.80844240 -0.28859112 -0.51296788
vn 0.99987739 0.01565826 -0.00014528
vn 0.99995187 -0.00978432 0.00071894
vn -1.00000000 0.00000000 0.00000000
vn 0.00000000 0.00000000 0.00000000
vn 0.08479294 0.47823493 -0.87412900
vn -0.00000000 0.00000000 0.00000000
vn 0.66228285 -0.73504930 0.14520315
vn 0.85547396 0.48194721 0.18944969
vn 0.57732239 -0.57735518 -0.57737324
vn -0.78378892 -0.54261419 0.30206749
vn 0.00000000 0.00000000 0.00000000
vn -0.00000000 0.00000000 0.00000000
vn 0.11763373 0.44041753 -0.89005320
vn 0.99989528 -0.00183718 0.01435464
vn -0.00000000 0.00000000 0.00000000
vn 0.00000000 0.00000000 0.00000000
vn -0.66226954 -0.73506173 0.14520097
vn -0.85547396 0.48194721 0.18944969
vn -0.57731775 -0.57735600 -0.57737706
vn 0.78382846 -0.54256157 0.30205941
vn 0.00000000 0.00000000 0.00000000
vn 0.00000000 0.00000000 0.00000000
vn -0.00000000 -0.00000000 -0.00000000
vn -0.99989528 -0.00183718 0.01435464
vn 0.23081497 0.30377485 -0.92436210
vn 0.00000000 0.00000000 0.00000000
vn -0.80569194 -0.52652379 -0.27135438
vn 0.34778797 0.39597642 -0.84985069
vn -0.02281612 0.99521557 0.09500204
vn -0.00000000 0.00000000 0.00000000
vn 0.00000000 0.00000000 0.00000000
vn -0.83413167 -0.25781176 0.48760379
vn -0.00000000 0.00000000 0.00000000
vn -0.62392739 -0.55061453 -0.55456132
vn -0.00000000 0.00000000 0.00000000
vn -0.53746544 -0.84320818 0.01143929
vn 0.00000000 -0.00000000 -0.00000000
vn 0.81231766 0.58235239 0.03171314
vn -0.80405339 -0.01850861 0.59426894
vn 0.13077352 -0.89526952 0.42589996
vn -0.00000000 0.00000000 0.00000000
vn 0.57735027 0.57735027 0.57735027
vn -0.30151134 0.90453403 -0.30151134
vn 0.00000000 0.00000000 0.00000000
vn 0.00000000 0.00000000 0.00000000
vn -0.00000000 0.00000000 0.00000000
vn 0.84215009 -0.31337316 -0.43883993
vn -0.60068238 -0.75400481 0.26581464
vn -0.85508589 -0.46636957 0.22655583
vn 0.84955320 0.52649109 -0.03265714
vn 0.99999089 -0.00426600 -0.00010956
vn 0.08071043 0.48099852 0.87299842
vn 0.11763373 0.44041753 0.89005320
vn 1.00000000 0.00000000 0.00000000
vn 1.00000000 0.00000000 0.00000000
vn 0.00000000 0.00000000 0.00000000
vn 0.64189464 -0.72294431 0.25558324
vn -0.85228495 0.52306550 0.00358334
vn -0.00000000 -0.00000000 0.00000000
vn 0.00000000 0.00000000 0.00000000
vn 0.00000000 0.00000000 -0.00000000
vn -0.57735027 -0.57735027 -0.57735027
vn -0.57735027 0.57735027 -0.57735027
vn 0.00000000 0.00000000 0.00000000
vn -0.83397556 -0.25755877 0.48800435
vn 0.80616214 -0.52604965 -0.27087704
vn 0.00000000 0.00000000 0.00000000
vn -0.99999161 -0.00409541 -0.00010518
vn -0.00000000 0.00000000 0.00000000
vn -0.00000000 -0.00000000 -0.00000000
vn 0.00000000 0.00000000 0.00000000
vn -1.00000000 0.00000000 0.00000000
vn -0.00000000 0.00000000 -0.00000000
vn 0.00000000 0.00000000 0.00000000
vn 0.57735027 -0.57735027 0.57735027
vn -0.57735027 -0.57735027 -0.57735027
vn -0.17363144 0.86196915 0.47629959
vn 0.57735027 -0.57735027 -0.57735027
vn -0.57735027 -0.57735027 0.57735027
vn 0.00000000 0.00000000 -0.00000000
vn -0.00000000 0.00000000 0.00000000
vn 0.00000000 0.00000000 0.00000000
vn -0.00000000 0.00000000 0.00000000
vn -0.57735027 -0.57735027 -0.57735027
vn -0.20011149 0.43182968 -0.87947627
vn -0.05238254 0.95246342 0.30011583
vn 0.57735027 -0.57735027 0.57735027
vn 0.57735027 -0.57735027 -0.57735027
vn -0.37050673 0.78846192 0.49097104
vn 0.17142672 0.39246358 -0.90365105
vn 0.00000000 0.00000000 0.00000000
vn 0.00000000 0.00000000 0.00000000
vn 0.60234568 0.40285693 0.68911971
vn 0.57735027 -0.57735027 0.57735027
vn -0.00000000 0.00000000 0.00000000
vn -0.00000000 0.00000000 0.00000000
vn 0.00000000 0.00000000 0.00000000
vn -0.57735027 -0.57735027 0.57735027
vn 0.00000000 0.00000000 0.00000000
vn 0.87926789 -0.47624621 0.00880541
vn -0.71058178 0.70361438 -0.00057650
vn 0.70554877 -0.70866137 0.00004036
vn 0.60022995 -0.64783605 -0.46907617
vn -0.83851121 0.46248993 -0.28810071
vn 0.57735027 -0.57735027 0.57735027
vn 0.00000000 0.00000000 0.00000000
vn -0.62077200 0.78399101 0.00046308
vn 0.00000000 0.00000000 0.00000000
vn 0.60043965 -0.15267175 -0.78496087
vn 0.00000000 0.00000000 0.00000000
vn -0.30175181 -0.90446009 -0.30149259
vn -0.00000000 0.00000000 0.00000000
vn 1.00000000 0.00000000 0.00000000
vn -0.00000000 0.00000000 0.00000000
vn 0.00000000 0.00000000 0.00000000
vn 0.00000000 0.00000000 0.00000000
vn 0.57735027 -0.57735027 -0.57735027
vn -0.60375855 0.41982930 -0.67765697
vn 0.57731775 -0.57735600 -0.57737706
vn 0.85547396 0.48194721 0.18944969
vn -0.85823524 -0.45951331 -0.22864775
vn 0.66226954 -0.73506173 0.14520097
vn 0.99989528 -0.00183718 0.01435464
vn 0.58622743 -0.49137410 0.64411870
vn -0.00000000 0.00000000 0.00000000
vn -0.00000000 0.00000000 0.00000000
vn 0.00000000 -0.00000000 -0.00000000
vn -0.00000000 0.00000000 0.00000000
vn -0.63783408 0.75667601 -0.14355870
vn 0.71305106 0.60214227 0.35914186
vn 0.89307090 0.44845100 -0.03627759
vn 0.67812773 0.73487420 -0.01013337
vn 0.58623705 -0.49136695 0.64411539
vn 0.66228285 -0.73504930 0.14520315
vn 0.00000000 0.00000000 0.00000000
vn -0.58708756 0.80577978 0.07776343
vn 0.00000000 0.00000000 0.00000000
vn 0.00000000 0.00000000 0.00000000
vn -1.00000000 0.00000000 0.00000000
vn 0.97522163 -0.20041002 -0.09369414
vn 0.57731775 -0.57735600 -0.57737706
vn 0.00000000 0.00000000 0.00000000
vn -0.71058178 0.70361438 -0.00057650
vn -0.83851121 0.46248993 -0.28810071
vn 0.62320998 0.78205455 -0.00000926
vn -0.00000000 0.00000000 0.00000000
vn -0.13293264 0.75337413 -0.64401579
vn 0.71031810 0.70388057 -0.00058576
vn 0.83841091 0.46265862 -0.28812177
vn -0.62321013 0.78205443 -0.00000870
vn 0.00000000 0.00000000 -0.00000000
vn -0.45808784 -0.37626849 -0.80534313
vn 0.10150996 -0.95378349 0.28282994
vn 0.00000000 0.00000000 -0.00000000
vn 0.00000000 -0.00000000 0.00000000
vn -0.00000000 -0.00000000 0.00000000
vn 0.00000000 0.00000000 0.00000000
vn -0.72500808 0.51817271 -0.45371834
vn -0.71193878 0.52772959 0.46329759
vn 0.84201246 -0.31339642 -0.43908735
vn -0.00000000 -0.00000000 0.00000000
vn 0.00000000 0.00000000 0.00000000
vn 0.00000000 -0.00000000 0.00000000
vn -0.00000000 0.00000000 0.00000000
vn 0.00000000 0.00000000 0.00000000
vn -0.60041137 -0.75415499 0.26600082
vn 0.35322876 0.35133602 -0.86705966
vn 0.35331397 0.35129546 0.86704137
vn 0.89729782 -0.43559819 0.07149012
vn -0.30151134 -0.90453403 0.30151134
vn -0.06007367 0.84335000 -0.53399619
vn 0.20723369 0.96034072 0.18654732
vn 0.00000000 0.00000000 0.00000000
vn 0.00000000 0.00000000 0.00000000
vn 0.57735027 -0.57735027 -0.57735027
vn -0.00000000 0.00000000 0.00000000
vn 0.00000000 0.00000000 0.00000000
vn -0.27729833 -0.46481288 -0.84086540
vn 0.02257052 -0.94287045 0.33239418
vn -0.00000000 0.00000000 0.00000000
vn -0.00000000 0.00000000 0.00000000
vn -0.00000000 0.00000000 0.00000000
vn -0.00000000 0.00000000 0.00000000
vn 0.57803311 0.57596644 -0.57804877
vn -0.57735027 -0.57735027 0.57735027
vn 0.30151134 -0.90453403 -0.30151134
vn 0.00000000 0.00000000 0.00000000
vn -0.94473501 0.18220914 0.27253549
vn -0.00000000 0.00000000 0.00000000
vn 0.00000000 -0.00000000 0.00000000
vn 0.00000000 0.00000000 0.00000000
vn -0.51938725 0.69669461 0.49482674
vn 0.00000000 0.00000000 0.00000000
vn 0.00000000 0.00000000 0.00000000
vn 0.00000000 0.00000000 0.00000000
vn 0.99980621 -0.01866627 0.00625466
vn 0.00000000 0.00000000 0.00000000
vn 0.71031810 0.70388057 -0.00058576
vn -0.70528877 -0.70892013 0.00004707
vn -0.60024296 -0.64782433 -0.46907571
vn 0.83851121 0.46248993 -0.28810071
vn -0.57735027 -0.57735027 -0.57735027
vn 0.00000000 0.00000000 0.00000000
vn 0.00000000 0.00000000 0.00000000
vn 0.79426887 0.52899306 0.29883658
vn -0.99996227 -0.00868693 0.00000000
vn 0.09057557 0.47416748 -0.87576325
vn 0.11763373 0.44041753 -0.89005320
vn 0.66871539 -0.13071792 -0.73193753
vn 0.85231876 0.52301042 0.00358306
vn 0.00000000 0.00000000 -0.00000000
vn 0.58716804 0.62044036 0.51989178
vn -0.57735027 -0.57735027 0.57735027
vn 0.57735027 -0.57735027 0.57735027
vn 0.83397556 -0.25755877 0.48800435
vn -0.80616214 -0.52604965 -0.27087704
vn -0.00000000 0.00000000 0.00000000
vn -0.00000000 -0.00000000 0.00000000
vn 0.00000000 0.00000000 -0.00000000
vn 0.00000000 0.00000000 0.00000000
vn 0.54420375 -0.27538493 -0.79246793
vn 0.99999161 -0.00409541 -0.00010518
vn -1.00000000 0.00000000 0.00000000
vn 1.00000000 0.00000000 0.00000000
vn -0.00000000 0.00000000 0.00000000
vn -0.54420375 -0.27538493 -0.79246793
vn 0.85493838 -0.46659590 0.22664649
vn -0.85225088 0.48811114 -0.18819123
vn -0.64993552 -0.75456709 -0.09062187
vn -0.58160112 0.22203706 -0.78258526
vn 0.00000000 0.00000000 0.00000000
vn -0.99999141 0.00414417 0.00010643
vn -0.00000000 0.00000000 0.00000000
vn -0.41975394 -0.76647370 -0.48613238
vn -0.00000000 0.00000000 0.00000000
vn 0.00000000 0.00000000 0.00000000
vn 0.00000000 0.00000000 0.00000000
vn -0.99988471 -0.01432249 -0.00504313
vn 0.00000000 0.00000000 0.00000000
vn 0.00000000 0.00000000 0.00000000
vn 0.80842272 -0.28860914 -0.51298877
vn -0.35333115 0.35132981 0.86702045
vn 0.72212037 0.51771795 0.45881402
vn -0.57534132 -0.57504160 -0.58164381
vn 0.00000000 0.00000000 0.00000000
vn 0.00000000 0.00000000 0.00000000
vn -0.08378481 0.99648387 -0.00008257
vn -0.08787912 0.99437061 -0.05919750
vn 0.00000000 0.00000000 0.00000000
vn 0.99988899 0.01489963 -0.00000379
vn 0.00000000 0.00000000 0.00000000
vn 0.00000000 0.00000000 0.00000000
vn -0.00000000 0.00000000 0.00000000
vn 0.99995187 -0.00978432 0.00071894
vn -0.00000000 0.00000000 0.00000000
vn -0.00000000 0.00000000 0.00000000
vn 0.00000000 0.00000000 -0.00000000
vn 0.00000000 0.00000000 0.00000000
vn 0.57735027 -0.57735027 0.57735027
vn 0.72300391 0.51661453 -0.45866629
vn -0.35331384 0.35128996 -0.86704365
vn -0.57735027 -0.57735027 0.57735027
vn 0.30151134 0.90453403 0.30151134
vn -0.00000000 0.00000000 -0.00000000
vn -0.05311382 0.99467280 0.08834559
vn 0.00000000 0.00000000 -0.00000000
vn 0.00000000 0.00000000 0.00000000
vn 0.60233363 0.40283074 0.68914555
vn -0.00000000 0.00000000 0.00000000
vn -0.00000000 0.00000000 0.00000000
vn 0.00000000 0.00000000 0.00000000
vn -0.57260118 -0.55664278 0.60189426
vn 0.71730198 -0.63028003 0.29702687
vn 0.00000000 0.00000000 0.00000000
vn 0.00000000 0.00000000 0.00000000
vn -0.00000000 0.00000000 0.00000000
vn 0.00000000 0.00000000 0.00000000
vn -0.00000000 0.00000000 0.00000000
vn -0.99989542 0.00183599 -0.01434528
vn -0.00000000 0.00000000 0.00000000
vn 0.00000000 0.00000000 0.00000000
vn -0.67081856 -0.72257711 -0.16698738
vn -0.00000000 0.00000000 0.00000000
vn 0.78382846 -0.54256157 0.30205941
vn -0.00000000 0.00000000 0.00000000
vn -0.35321765 0.35131177 0.86707401
vn 0.00000000 0.00000000 0.00000000
vn -0.83851121 0.46248993 -0.28810071
vn 0.60024296 -0.64782433 -0.46907571
vn -0.71058178 0.70361438 -0.00057650
vn 0.70528877 -0.70892013 0.00004707
vn 0.00000000 0.00000000 0.00000000
vn -0.80842272 -0.28860914 -0.51298877
vn -0.00000000 0.00000000 0.00000000
vn 0.00000000 0.00000000 0.00000000
vn 0.00000000 0.00000000 0.00000000
vn 0.00000000 0.00000000 0.00000000
vn 0.61088477 0.45484436 0.64802500
vn -0.99995187 -0.00978432 0.00071894
vn -0.99988899 0.01489963 -0.00000379
vn 0.63896407 0.75583550 -0.14296019
vn -0.71351904 0.60180089 0.35878444
vn -0.89320119 0.44818932 -0.03630386
vn 0.47786306 0.71542548 -0.50971883
vn 0.70653364 0.53157360 0.46716135
vn -0.58623705 -0.49136695 0.64411539
vn 0.76781443 -0.59152374 -0.24609078
vn 0.60378535 0.41985693 -0.67761598
vn -1.00000000 0.00000000 0.00000000
vn -0.00000000 0.00000000 0.00000000
vn -0.00000000 0.00000000 0.00000000
vn 0.00000000 0.00000000 0.00000000
vn 0.00000000 0.00000000 0.00000000
vn -0.30151134 -0.90453403 -0.30151134
vn 0.62320733 0.78205667 0.00000489
vn 0.75003578 0.66138527 -0.00398041
vn 0.80404856 -0.01850812 0.59427550
vn 0.00000000 0.00000000 0.00000000
vn -0.95914458 0.01143010 0.28268538
vn 0.33978460 0.74175264 -0.57822958
vn -0.00000000 0.00000000 0.00000000
vn 0.00000000 0.00000000 0.00000000
vn -0.99983055 0.01681824 0.00748475
vn 0.00000000 0.00000000 0.00000000
vn 0.00000000 0.00000000 0.00000000
vn 0.99983055 0.01681824 0.00748475
vn -0.00000000 0.00000000 0.00000000
vn -0.62320717 0.78205679 0.00000484
vn 0.30151134 -0.90453403 0.30151134
vn -0.51686455 0.85605675 -0.00422783
vn -0.80404856 -0.01850812 0.59427550
vn -0.00000000 0.00000000 0.00000000
vn -0.53200177 0.70158635 -0.47407880
vn 0.00000000 0.00000000 0.00000000
vn 0.53748506 -0.84319569 0.01143859
vn 0.00000000 0.00000000 0.00000000
vn 0.85823524 -0.45951333 -0.22864770
vn 0.60378926 0.41985526 -0.67761353
vn 0.57735027 -0.57735027 0.57735027
vn -0.99989542 0.00183599 -0.01434528
vn 0.00000000 0.00000000 0.00000000
vn 0.00000000 0.00000000 0.00000000
vn -0.00000000 0.00000000 0.00000000
vn 0.00000000 0.00000000 0.00000000
vn -0.58708288 0.80578362 0.07775890
vn 0.00000000 0.00000000 0.00000000
vn 0.57735027 -0.57735027 -0.57735027
vn 0.58011346 0.62807163 -0.51864670
vn 0.00000000 0.00000000 0.00000000
vn 0.53746544 -0.84320818 0.01143929
vn 0.99981577 0.01750035 0.00788487
vn -0.63896407 0.75583550 -0.14296019
vn -0.00000000 0.00000000 0.00000000
vn 0.00000000 0.00000000 0.00000000
vn -1.00000000 0.00000000 0.00000000
vn 1.00000000 0.00000000 0.00000000
vn -0.00000000 0.00000000 0.00000000
vn 0.00000000 0.00000000 0.00000000
vn -0.80842272 -0.28860914 -0.51298877
vn -0.08637583 0.99625037 -0.00494145
vn 0.30151134 -0.90453403 0.30151134
vn 0.67996973 0.09947374 -0.72646138
vn -0.00000000 0.00000000 0.00000000
vn -0.06534305 0.99719604 -0.03647389
vn 0.00000000 -0.00000000 -0.00000000
vn -0.99995187 -0.00978432 0.00071894
vn -0.00000000 0.00000000 0.00000000
vn -0.99988899 0.01489963 -0.00000379
vn 0.00000000 -0.00000000 0.00000000
vn 0.00000000 0.00000000 0.00000000
vn -0.00000000 0.00000000 0.00000000
vn 0.78378892 -0.54261419 0.30206749
vn 0.00000000 0.00000000 -0.00000000
vn 0.70710678 -0.00000000 0.70710678
vn -0.61271312 0.52431519 0.59133427
vn 0.30151069 0.90453447 -0.30151069
vn -0.70878384 0.00000000 0.70542573
vn 0.00000000 0.00000000 0.00000000
vn 0.00000000 0.00000000 0.00000000
vn -0.99989542 0.00183599 -0.01434528
vn -0.00000000 0.00000000 0.00000000
vn 0.22538354 0.96720176 0.11714524
vn 0.00000000 0.00000000 0.00000000
vn 0.00000000 0.00000000 0.00000000
vn 0.00000000 0.00000000 0.00000000
vn 0.00000000 0.00000000 0.00000000
vn 0.00000000 0.00000000 0.00000000
vn 0.99989528 -0.00183718 0.01435464
vn 0.85546090 0.48195676 0.18948439
vn -0.85823524 -0.45951333 -0.22864770
vn -0.60378458 0.41985574 -0.67761741
vn 0.57732239 -0.57735518 -0.57737324
vn 0.70543369 -0.00000000 -0.70877592
vn 0.57851478 -0.57344584 0.58006941
vn 0.57735027 0.57735027 0.57735027
vn 0.70710678 0.00000194 -0.70710678
vn 0.17590185 -0.82908062 0.53073898
vn 0.89297625 0.44865059 -0.03613952
vn 0.71296169 0.60222910 0.35917370
vn 0.54450112 -0.26989641 0.79415015
vn -0.80440610 -0.01842473 0.59379404
vn 0.66228285 -0.73504930 0.14520315
vn 0.08768380 0.99394395 0.06623431
vn 0.00000000 0.00000000 0.00000000
vn 0.00000000 0.00000000 0.00000000
vn -0.00000000 0.00000000 0.00000000
vn -0.64033138 -0.72530480 -0.25280163
vn 0.00000000 0.00000000 0.00000000
vn -0.00000000 0.00000000 0.00000000
vn 0.00000000 0.00000000 0.00000000
vn -0.57735027 0.57735027 -0.57735027
vn 0.00000000 0.00000000 0.00000000
vn 0.00000000 0.00000000 0.00000000
vn 0.00000000 0.00000000 0.00000000
vn -0.80842272 -0.28860914 -0.51298877
vn -0.00000000 0.00000000 0.00000000
vn -0.99988899 0.01489963 -0.00000379
vn -0.99995187 -0.00978432 0.00071894
vn -0.00000000 0.00000000 0.00000000
vn 0.00000000 -0.00000000 0.00000000
vn 0.00000000 0.00000000 0.00000000
vn -0.71058178 0.70361438 -0.00057650
vn -0.83851121 0.46248993 -0.28810071
vn 0.00000000 0.00000000 0.00000000
vn -0.70878384 0.00000000 0.70542573
vn 0.99981577 0.01750035 0.00788487
vn -0.99987280 -0.01488575 -0.00572707
vn 0.60067123 -0.75401457 0.26581216
vn -0.84215009 -0.31337316 -0.43883993
vn 0.00000000 -0.00000000 -0.00000000
vn 0.71730198 -0.63028003 -0.29702687
vn -0.58791295 0.22745131 -0.77628877
vn -0.70711900 -0.00000000 -0.70709456
vn 0.59772436 0.52960961 0.60186315
vn 0.60996736 0.43408456 -0.66295582
vn 0.00000000 0.00000000 0.00000000
vn 0.80569194 -0.52652379 -0.27135438
vn 0.00000000 0.00000000 0.00000000
vn -0.00000000 0.00000000 0.00000000
vn 0.00000000 0.00000000 0.00000000
vn 0.00000000 -0.00000000 0.00000000
vn 0.85204188 0.48848412 -0.18816987
vn 0.65035281 -0.75422817 -0.09044933
vn -0.30150366 0.90453915 -0.30150366
vn 0.99999068 0.00431680 0.00011087
vn -0.00000000 0.00000000 0.00000000
vn 0.00000000 0.00000000 0.00000000
vn -0.00000000 0.00000000 -0.00000000
vn 0.00000000 0.00000000 0.00000000
vn 0.00000000 0.00000000 0.00000000
vn -0.00000000 0.00000000 0.00000000
vn -0.57735027 -0.57735027 -0.57735027
vn -0.19261166 -0.81948836 0.53975882
vn -0.00000000 0.00000000 0.00000000
vn 0.00000000 0.00000000 0.00000000
vn -0.57735027 -0.57735027 0.57735027
vn 0.60234564 0.40285690 0.68911977
vn -0.00000000 0.00000000 0.00000000
vn -0.00000000 0.00000000 0.00000000
vn -0.00000000 0.00000000 0.00000000
vn -0.00000000 -0.00000000 0.00000000
vn -0.57735027 -0.57735027 0.57735027
vn -0.57735027 0.57735027 -0.57735027
vn 0.30151134 -0.90453403 0.30151134
vn 0.00000000 0.00000000 0.00000000
vn -0.60231468 0.40283308 0.68916075
vn 0.57735027 -0.57735027 0.57735027
vn -0.65145315 -0.75097091 -0.10794200
vn -0.00000000 0.00000000 0.00000000
vn -0.78207183 0.54527220 -0.30173147
vn 0.99995002 -0.00997329 -0.00070462
vn -0.00000000 0.00000000 0.00000000
vn -0.00000000 0.00000000 0.00000000
vn 0.00000000 0.00000000 0.00000000
vn -0.00000000 0.00000000 0.00000000
vn 0.80612772 -0.52609706 -0.27088740
vn -0.83397556 -0.25755877 0.48800435
vn 0.57735027 -0.57735027 0.57735027
vn 0.30053569 -0.90508083 0.30084379
vn -0.30151134 -0.90453403 -0.30151134
vn -0.00000000 0.00000000 0.00000000
vn -0.85228495 0.52306550 0.00358334
vn 1.00000000 0.00000000 0.00000000
vn -1.00000000 0.00000000 0.00000000
vn -0.99999161 -0.00409541 -0.00010518
vn 0.60067123 -0.75401457 0.26581216
vn 0.00000000 0.00000000 0.00000000
vn 0.00000000 0.00000000 0.00000000
vn 0.00000000 0.00000000 0.00000000
vn 0.00000000 0.00000000 0.00000000
vn 0.00000000 0.00000000 0.00000000
vn -0.00000000 0.00000000 0.00000000
vn 0.00000000 0.00000000 0.00000000
vn 0.85230220 0.52303801 0.00349388
vn -0.19712093 -0.82072142 0.53624592
vn 0.00000000 0.00000000 0.00000000
vn 1.00000000 0.00000000 0.00000000
vn 0.99999089 -0.00426600 -0.00010956
vn 0.00000000 -0.00000000 0.00000000
vn 0.00000000 0.00000000 0.00000000
vn -0.60041137 -0.75415499 0.26600082
vn 0.84201246 -0.31339642 -0.43908735
vn 0.58793471 0.22737172 0.77629561
vn -0.70711900 -0.00000000 0.70709456
vn -0.57734219 -0.57735428 -0.57735434
vn -0.61406376 -0.58322232 -0.53176821
vn -0.00000000 0.00000000 0.00000000
vn -0.00000000 0.00000000 0.00000000
vn 0.66101136 -0.73686069 0.14177552
vn -0.00000000 0.00000000 0.00000000
vn -0.00000000 0.00000000 0.00000000
vn -0.00000000 0.00000000 0.00000000
vn 0.83413245 -0.25781089 0.48760292
vn 0.00000000 0.00000000 0.00000000
vn 0.57309223 -0.56041408 -0.59791417
vn 0.00000000 0.00000000 0.00000000
vn 0.00000000 0.00000000 0.00000000
vn 0.19620264 0.97402905 -0.11301297
vn 0.00000000 -0.00000000 0.00000000
vn 0.00000000 0.00000000 0.00000000
vn 0.00000000 -0.00000000 0.00000000
vn -0.00000000 0.00000000 0.00000000
vn -0.57735027 0.57735027 0.57735027
vn -0.60040951 0.52905335 -0.59967572
vn 0.30151190 0.90453366 0.30151190
vn 0.70710678 0.00000000 -0.70710678
vn -0.00000000 0.00000000 0.00000000
vn -0.65178764 -0.75070414 -0.10777833
vn 0.00000000 -0.00000000 0.00000000
vn -0.00000000 0.00000000 0.00000000
vn 0.00000000 0.00000000 0.00000000
vn -0.00000000 0.00000000 0.00000000
vn 0.00000000 -0.00000000 -0.00000000
vn -0.60234564 0.40285690 0.68911977
vn 0.00000000 0.00000000 0.00000000
vn -0.00000000 0.00000000 0.00000000
vn 0.00000000 0.00000000 0.00000000
vn 0.71296169 0.60222910 0.35917370
vn 0.89298026 0.44864284 -0.03613677
vn 0.70543369 0.00000000 -0.70877592
vn 0.70709456 0.00000000 0.70711900
vn -0.00000000 0.00000000 0.00000000
vn 0.00000000 0.00000000 0.00000000
vn 0.94473511 0.18220938 0.27253497
vn -0.00000000 0.00000000 0.00000000
vn 0.69961744 0.54367774 -0.46362696
vn -0.35310218 0.35582648 -0.86527820
vn 0.70710678 0.00000000 0.70710678
vn 0.30151134 -0.90453403 -0.30151134
vn -0.00000000 0.00000000 0.00000000
vn -0.00000000 0.00000000 0.00000000
vn 0.00000000 0.00000000 0.00000000
vn 0.00000000 0.00000000 0.00000000
vn -0.99980621 -0.01866627 0.00625466
vn 0.57735027 -0.57735027 -0.57735027
vn 0.30151134 -0.90453403 -0.30151134
vn 0.69543993 0.07938347 0.71418594
vn 0.00000000 0.00000000 -0.00000000
vn -0.06732031 0.99706468 0.03646908
vn -0.00000000 0.00000000 0.00000000
vn -0.00000000 0.00000000 0.00000000
vn 0.00000000 -0.00000000 -0.00000000
vn 0.57735027 -0.57735027 0.57735027
vn 0.00000000 0.00000000 0.00000000
vn -0.00000000 0.00000000 0.00000000
vn 0.36295803 -0.07134172 0.92907041
vn -0.47115143 0.86655850 -0.16459860
vn 0.00000000 0.00000000 0.00000000
vn -0.63785858 0.75665420 -0.14356482
vn 0.57735027 -0.57735027 -0.57735027
vn 0.00000000 -0.00000000 -0.00000000
vn 0.00000000 -0.00000000 -0.00000000
vn 0.00000000 0.00000000 0.00000000
vn -0.65145315 -0.75097091 -0.10794200
vn -0.00000000 0.00000000 0.00000000
vn -0.06241416 -0.69212844 -0.71907072
vn -0.00000000 0.00000000 0.00000000
vn 0.00000000 0.00000000 -0.00000000
vn 0.00000000 0.00000000 0.00000000
vn 0.00000000 0.00000000 0.00000000
vn 0.00000000 0.00000000 0.00000000
vn 0.94476077 0.18195724 0.27261446
vn 0.00000000 0.00000000 0.00000000
vn -0.00000000 0.00000000 0.00000000
vn 0.00000000 0.00000000 0.00000000
vn -0.00000000 0.00000000 0.00000000
vn -0.00000000 0.00000000 -0.00000000
vn -0.00000000 0.00000000 0.00000000
vn -0.85225088 0.48811114 -0.18819123
vn -0.64993552 -0.75456709 -0.09062187
vn -0.70710678 0.00002272 -0.70710678
vn -0.99999141 0.00414417 0.00010643
vn 0.00000000 0.00000000 0.00000000
vn 0.85026674 -0.00946677 0.52626690
vn 0.00000000 0.00000000 0.00000000
vn 0.00000000 0.00000000 0.00000000
vn 0.99987280 -0.01488575 -0.00572707
vn -0.00000000 0.00000000 0.00000000
vn 0.00000000 0.00000000 0.00000000
vn -0.71723414 0.51889061 0.46511044
vn 0.30151134 0.90453403 0.30151134
vn 0.00000000 0.00000000 0.00000000
vn 0.00000000 0.00000000 0.00000000
vn -0.60996736 0.43408456 -0.66295582
vn -0.80569194 -0.52652379 -0.27135438
vn 0.85224015 0.48811835 -0.18822117
vn -0.85494607 -0.46657608 0.22665830
vn 0.65035281 -0.75422817 -0.09044933
vn 0.00000000 0.00000000 0.00000000
vn -0.00000000 -0.00000000 0.00000000
vn 0.57735027 0.57735027 -0.57735027
vn 0.19210790 -0.82134489 -0.53710997
vn 0.70710678 -0.00000165 0.70710678
vn 0.00000000 0.00000000 0.00000000
vn 0.00000000 0.00000000 0.00000000
vn 0.00000000 0.00000000 -0.00000000
vn 0.05748943 0.99741742 -0.04305172
vn 0.57627148 -0.57188769 -0.58382844
vn -0.64189464 -0.72294431 0.25558324
vn 0.00000000 0.00000000 0.00000000
vn 0.99999141 0.00414417 0.00010643
vn 0.99988471 -0.01432249 -0.00504313
vn 0.63896407 0.75583550 -0.14296019
vn 0.70709456 -0.00000000 -0.70711900
vn 0.70543369 0.00000000 0.70877592
vn 0.53744421 -0.84322172 0.01143890
vn -0.70501847 -0.01362433 -0.70905806
vn 0.00000000 0.00000000 0.00000000
vn -0.58707966 0.80578555 0.07776322
vn 1.00000000 0.00000000 0.00000000
vn -1.00000000 0.00000000 0.00000000
vn 0.00000000 0.00000000 0.00000000
vn 0.00000000 0.00000000 0.00000000
vn 0.00000000 0.00000000 -0.00000000
vn 0.00000000 0.00000000 0.00000000
vn 0.00000000 0.00000000 0.00000000
vn 0.40234255 -0.91018342 0.09842058
vn -0.00000000 0.00000000 0.00000000
vn -0.71351904 0.60180089 0.35878444
vn -0.89320712 0.44817667 -0.03631418
vn 0.57735027 -0.57735027 0.57735027
vn 0.00000000 0.00000000 0.00000000
vn 0.00000000 0.00000000 0.00000000
vn -0.70878384 0.00000000 -0.70542573
vn 0.80442245 -0.01847828 0.59377023
vn 0.00000000 0.00000000 0.00000000
vn 0.83841091 0.46265862 -0.28812177
vn 0.30229817 -0.90421354 0.30168476
vn 0.30071908 0.90504155 0.30077870
vn 0.00000000 0.00000000 0.00000000
vn 0.00000000 0.00000000 0.00000000
vn -0.78378892 -0.54261419 0.30206749
vn -0.00000000 0.00000000 0.00000000
vn 0.99989542 0.00183599 -0.01434528
vn 0.71058178 0.70361438 -0.00057650
vn 0.00000000 0.00000000 0.00000000
vn -0.00000000 0.00000000 0.00000000
vn 0.00000000 0.00000000 0.00000000
vn 0.00000000 0.00000000 0.00000000
vn 0.80844240 -0.28859112 -0.51296788
vn -0.57606459 -0.57709350 0.57888918
vn 0.30151134 0.90453403 -0.30151134
vn -0.00000000 0.00000000 0.00000000
vn 0.00000000 0.00000000 0.00000000
vn -0.78378892 -0.54261419 0.30206749
vn -0.00000000 0.00000000 0.00000000
vn -0.00000000 0.00000000 0.00000000
vn 0.99987739 0.01565826 -0.00014528
vn -0.00000000 0.00000000 0.00000000
vn 0.99995187 -0.00978432 0.00071894
vn 0.67081856 -0.72257711 -0.16698738
vn -0.61088477 0.45484436 0.64802500
vn 0.00000000 0.00000000 0.00000000
vn -0.00000000 0.00000000 0.00000000
vn -0.00000000 0.00000000 0.00000000
vn -0.57731775 -0.57735600 -0.57737706
vn -0.85314790 0.48385551 0.19499360
vn 0.80442091 -0.01848034 0.59377224
vn -0.00000000 0.00000000 0.00000000
vn -0.58791295 0.22745131 0.77628877
vn -0.57612769 0.57706279 0.57885699
vn 0.70710678 0.00000000 -0.70710678
vn -0.00000000 0.00000000 0.00000000
vn -0.00000000 0.00000000 0.00000000
vn -0.00000000 0.00000000 0.00000000
vn -0.66228284 -0.73504933 0.14520305
vn 0.58709550 0.80577398 0.07776355
vn -0.00000000 0.00000000 0.00000000
vn -0.99983055 0.01681824 0.00748475
vn 1.00000000 0.00000000 0.00000000
vn 0.00000000 0.00000000 0.00000000
vn -0.99989528 -0.00183718 0.01435464
vn 0.00000000 0.00000000 0.00000000
vn -0.00000000 -0.00000000 0.00000000
vn -0.19083685 -0.82451223 -0.53269211
vn 0.06166108 0.99747351 -0.03527772
vn 0.99979065 -0.01943484 0.00639792
vn 0.00000000 0.00000000 0.00000000
vn 0.94476077 0.18195724 0.27261446
vn -0.70710678 -0.00000000 0.70710678
vn 0.00000000 0.00000000 -0.00000000
vn 0.00000000 0.00000000 -0.00000000
vn -0.00000000 0.00000000 0.00000000
vn 0.00000000 0.00000000 0.00000000
vn -0.94473501 0.18220914 0.27253549
vn 0.58793471 0.22737172 -0.77629561
vn -0.30151134 0.90453403 0.30151134
vn 0.00000000 -0.00000000 -0.00000000
vn 0.00000000 0.00000000 0.00000000
vn -0.00000000 0.00000000 0.00000000
vn 0.00000000 0.00000000 0.00000000
vn 0.00000000 -0.00000000 0.00000000
vn 0.00000000 -0.00000000 0.00000000
vn 0.60383851 0.52156466 -0.60278467
vn -0.99980621 -0.01866627 0.00625466
vn 0.00000000 -0.00000000 0.00000000
vn -0.00000000 -0.00000000 0.00000000
vn -0.00000000 0.00000000 -0.00000000
vn -0.00000000 0.00000000 0.00000000
vn -0.85228495 0.52306550 0.00358334
vn 0.60022580 0.52901173 0.59989631
vn -1.00000000 0.00000000 0.00000000
vn -0.99999161 -0.00409541 -0.00010518
vn 0.00000000 0.00000000 0.00000000
vn 0.00000000 0.00000000 0.00000000
vn 0.00000000 -0.00000000 -0.00000000
vn 0.00000000 0.00000000 0.00000000
vn -0.57033128 -0.58477412 -0.57685480
vn 0.30229753 0.90425121 0.30157246
vn 0.00000000 0.00000000 0.00000000
vn 0.60378458 0.41985574 -0.67761741
vn -0.57731775 -0.57735600 -0.57737706
vn -0.85547396 0.48194721 0.18944969
vn 0.85823524 -0.45951333 -0.22864770
vn -0.66265415 -0.73475532 0.14499689
vn -0.99989528 -0.00183718 0.01435464
vn 0.00000000 0.00000000 0.00000000
vn 0.00000000 0.00000000 0.00000000
vn 0.00000000 0.00000000 0.00000000
vn 0.00000000 0.00000000 0.00000000
vn 0.00000000 0.00000000 0.00000000
vn -0.00000000 0.00000000 0.00000000
vn 0.78207183 0.54527220 -0.30173147
vn -0.94473501 0.18220914 0.27253549
vn 0.35330149 0.35140203 0.86700327
vn -0.70710678 0.00000000 -0.70710678
vn -0.57735027 -0.57735027 0.57735027
vn -0.00000000 0.00000000 0.00000000
vn 0.99980621 -0.01866627 0.00625466
vn -0.99995002 -0.00997329 -0.00070462
vn 0.00000000 0.00000000 0.00000000
vn -0.00000000 0.00000000 0.00000000
vn 0.65145315 -0.75097091 -0.10794200
vn -0.00000000 0.00000000 0.00000000
vn -0.00000000 0.00000000 0.00000000
vn 0.00000000 0.00000000 0.00000000
vn -0.00000000 0.00000000 0.00000000
vn -0.00000000 0.00000000 0.00000000
vn 0.00000000 0.00000000 0.00000000
vn -0.00000000 0.00000000 -0.00000000
vn -0.30151134 0.90453403 -0.30151134
vn 0.00000000 0.00000000 0.00000000
vn 0.00000000 0.00000000 0.00000000
vn -0.83413167 -0.25781176 0.48760379
vn 0.00000000 0.00000000 -0.00000000
vn -0.66101136 -0.73686069 0.14177552
vn 0.00000000 0.00000000 0.00000000
vn 0.00000000 0.00000000 0.00000000
vn -0.00000000 0.00000000 0.00000000
vn -0.57309223 -0.56041408 -0.59791417
vn -1.00000000 0.00000000 0.00000000
vn 0.00000000 -0.00000000 0.00000000
vn 0.58793471 0.22737172 0.77629561
vn 0.00000000 0.00000000 0.00000000
vn -0.00000000 0.00000000 0.00000000
vn 0.83413245 -0.25781089 0.48760292
vn 0.70543369 0.00000000 -0.70877592
vn -0.70878384 -0.00000000 0.70542573
vn -0.02274082 -0.71243933 -0.70136514
vn 0.80569194 -0.52652379 -0.27135438
vn -0.70878384 0.00000000 -0.70542573
vn 0.70543369 0.00000000 0.70877592
vn -0.60926670 0.79132867 -0.05092177
vn -0.78378892 -0.54261419 0.30206749
vn 0.00000000 0.00000000 0.00000000
vn -0.70878384 0.00000000 -0.70542573
vn 0.00000000 0.00000000 0.00000000
vn 0.00000000 0.00000000 0.00000000
vn -0.00000000 0.00000000 0.00000000
vn 0.57768347 -0.79843332 0.16966451
vn -0.00000000 0.00000000 0.00000000
vn 0.00000000 0.00000000 0.00000000
vn 0.99989542 0.00183599 -0.01434528
vn -0.66226954 -0.73506173 0.14520097
vn -0.99989528 -0.00183718 0.01435464
vn -0.85547396 0.48194721 0.18944969
vn 0.85822867 -0.45953056 -0.22863773
vn 0.60378926 0.41985526 -0.67761353
vn -0.57731775 -0.57735600 -0.57737706
vn 0.08411768 0.98601845 -0.14384659
vn -0.58324666 0.22606368 0.78020417
vn 0.70543369 0.00000000 0.70877592
vn 0.63896407 0.75583550 -0.14296019
vn -0.37318628 -0.80541430 0.46047781
vn 0.00000000 0.00000000 0.00000000
vn 0.00000000 0.00000000 0.00000000
vn -0.99981269 0.01775830 0.00769622
vn -0.00000000 0.00000000 0.00000000
vn 0.00000000 0.00000000 0.00000000
vn -0.00000000 0.00000000 0.00000000
vn 0.00000000 0.00000000 0.00000000
vn -0.30151930 -0.90463906 0.30118811
vn -0.64993552 -0.75456709 -0.09062187
vn -0.85224981 0.48811412 -0.18818839
vn 0.85494607 -0.46657608 0.22665830
vn -0.84215009 -0.31337316 -0.43883993
vn -0.99999141 0.00414417 0.00010643
vn -0.00000000 0.00000000 0.00000000
vn 0.00000000 0.00000000 0.00000000
vn -0.00000000 0.00000000 0.00000000
vn 0.00000000 0.00000000 0.00000000
vn -0.99988471 -0.01432249 -0.00504313
vn 0.00000000 0.00000000 0.00000000
vn 0.00000000 -0.00000000 0.00000000
vn -0.00000000 0.00000000 0.00000000
vn 0.00000000 -0.00000000 0.00000000
vn 0.30151134 0.90453403 -0.30151134
vn -0.00000000 0.00000000 0.00000000
vn -0.00000000 0.00000000 0.00000000
vn 0.65145315 -0.75097091 -0.10794200
vn 0.56886399 -0.80555185 -0.16577087
vn 0.00000000 -0.00000000 0.00000000
vn -0.00000000 0.00000000 0.00000000
vn -0.57735027 -0.57735027 0.57735027
vn -0.00000000 0.00000000 0.00000000
vn 0.00000000 0.00000000 0.00000000
vn 0.00000000 0.00000000 0.00000000
vn -0.00000000 0.00000000 0.00000000
vn 0.00000000 0.00000000 0.00000000
vn 0.00000000 0.00000000 0.00000000
vn 0.00000000 0.00000000 0.00000000
vn -0.30128681 0.90468757 0.30127505
vn 0.66871539 -0.13071792 0.73193753
vn 0.85204188 0.48848412 -0.18816987
vn 0.65035281 -0.75422817 -0.09044933
vn 0.16105101 -0.98521561 -0.05841904
vn 0.99999068 0.00431680 0.00011087
vn 0.00000000 0.00000000 0.00000000
vn -0.00000000 0.00000000 0.00000000
vn -1.00000000 0.00000000 0.00000000
vn 0.00000000 0.00000000 0.00000000
vn -0.00000000 0.00000000 0.00000000
vn 0.00000000 0.00000000 0.00000000
vn 0.64993552 -0.75456709 -0.09062187
vn 0.85225088 0.48811114 -0.18819123
vn -0.85494444 -0.46657641 0.22666374
vn 0.00000000 0.00000000 0.00000000
vn 0.00000000 0.00000000 0.00000000
vn 0.99999141 0.00414417 0.00010643
vn -0.60041137 -0.75415499 0.26600082
vn 0.00000000 0.00000000 0.00000000
vn -0.00000000 0.00000000 0.00000000
vn 0.00000000 0.00000000 0.00000000
vn 0.99988471 -0.01432249 -0.00504313
vn 0.60234669 0.40285830 0.68911803
vn -0.57735027 -0.57735027 0.57735027
vn -0.00000000 -0.00000000 -0.00000000
vn 0.00000000 0.00000000 0.00000000
vn 0.00000000 0.00000000 0.00000000
vn -0.00000000 0.00000000 0.00000000
vn -0.00000000 0.00000000 0.00000000
vn 0.00000000 0.00000000 0.00000000
vn 0.00000000 0.00000000 0.00000000
vn -0.00000000 0.00000000 -0.00000000
vn 0.00000000 0.00000000 0.00000000
vn 0.00000000 0.00000000 0.00000000
vn -0.00000000 0.00000000 0.00000000
vn 0.80842272 -0.28860914 -0.51298877
vn -0.00000000 0.00000000 0.00000000
vn 0.00000000 0.00000000 0.00000000
vn 0.00000000 0.00000000 0.00000000
vn 0.99988899 0.01489963 -0.00000379
vn -0.70528877 -0.70892013 0.00004707
vn 0.00000000 0.00000000 -0.00000000
vn 0.00000000 -0.00000000 -0.00000000
vn 0.99995187 -0.00978432 0.00071894
vn 0.00000000 0.00000000 0.00000000
vn -0.60049635 -0.64774557 -0.46886013
vn 0.00000000 0.00000000 0.00000000
vn -0.00000000 -0.00000000 -0.00000000
vn 0.00000000 -0.00000000 0.00000000
vn 0.57260118 -0.55664278 0.60189426
vn -0.00000000 0.00000000 0.00000000
vn -0.60024296 -0.64782433 -0.46907571
vn 0.00000000 0.00000000 0.00000000
vn 0.83851121 0.46248993 -0.28810071
vn 0.71058178 0.70361438 -0.00057650
vn -0.70528877 -0.70892013 0.00004707
vn -0.00000000 0.00000000 0.00000000
vn 0.00000000 0.00000000 0.00000000
vn -0.00000000 0.00000000 0.00000000
vn 0.97709457 -0.19380793 0.08789015
vn 0.00000000 0.00000000 0.00000000
vn 0.00000000 0.00000000 0.00000000
vn 0.00000000 -0.00000000 -0.00000000
vn -0.00000000 0.00000000 0.00000000
vn 0.00000000 0.00000000 0.00000000
vn -0.00000000 0.00000000 0.00000000
vn -0.84197064 -0.31336990 -0.43918645
vn 0.60041137 -0.75415499 0.26600082
vn -0.85190540 0.48869001 -0.18825318
vn -0.64993552 -0.75456709 -0.09062187
vn 0.00000000 0.00000000 0.00000000
vn 1.00000000 0.00000000 0.00000000
vn 0.00000000 0.00000000 0.00000000
vn 0.00000000 0.00000000 0.00000000
vn -0.99998808 0.00488001 0.00012533
vn 0.00000000 0.00000000 0.00000000
vn 0.58622743 -0.49137410 0.64411870
vn 0.00000000 0.00000000 -0.00000000
vn 0.00000000 0.00000000 0.00000000
vn 0.89320119 0.44818932 -0.03630386
vn 0.71351904 0.60180089 0.35878444
vn -0.63783408 0.75667601 -0.14355870
vn 0.00000000 0.00000000 0.00000000
vn 0.00000000 0.00000000 0.00000000
vn 0.00000000 0.00000000 0.00000000
vn -0.00000000 0.00000000 0.00000000
vn -0.58623705 -0.49136695 0.64411539
vn 0.00000000 0.00000000 0.00000000
vn 0.00000000 0.00000000 0.00000000
vn -0.89320119 0.44818932 -0.03630386
vn -0.71351904 0.60180089 0.35878444
vn 0.63783408 0.75667601 -0.14355870
vn -0.00000000 0.00000000 0.00000000
vn 0.23081497 0.30377485 -0.92436210
vn -0.02140768 0.59551934 -0.80305568
vn -0.53748506 -0.84319569 0.01143859
vn 0.00000000 0.00000000 0.00000000
vn -0.00000000 -0.00000000 -0.00000000
vn 0.00000000 0.00000000 0.00000000
vn -0.00000000 0.00000000 0.00000000
vn 0.00000000 0.00000000 0.00000000
vn -0.00000000 0.00000000 0.00000000
vn -0.00000000 0.00000000 0.00000000
vn 0.00000000 0.00000000 0.00000000
vn -0.00000000 0.00000000 0.00000000
vn 0.00000000 0.00000000 0.00000000
vn 0.00000000 0.00000000 0.00000000
vn -0.00000000 0.00000000 0.00000000
vn -0.00000000 0.00000000 0.00000000
vn -0.99980621 -0.01866627 0.00625466
vn 0.00000000 0.00000000 0.00000000
vn -0.00000000 0.00000000 0.00000000
vn -0.00000000 0.00000000 0.00000000
vn 0.00000000 0.00000000 0.00000000
vn -0.00000000 0.00000000 0.00000000
vn -0.94473501 0.18220914 0.27253549
vn 0.00000000 0.00000000 0.00000000
vn 0.00000000 0.00000000 0.00000000
vn -0.00000000 0.00000000 0.00000000
vn 0.00000000 0.00000000 0.00000000
vn -0.00000000 0.00000000 0.00000000
vn 0.00000000 0.00000000 0.00000000
vn -0.30259538 -0.95044538 -0.07134159
vn -0.79426887 0.52899306 0.29883658
vn -0.00000000 0.00000000 0.00000000
vn 0.99996227 -0.00868693 0.00000000
vn 0.00000000 0.00000000 0.00000000
vn 0.00000000 0.00000000 0.00000000
vn -0.00000000 0.00000000 0.00000000
vn -0.00000000 -0.00000000 0.00000000
vn -0.00000000 0.00000000 0.00000000
vn 0.62077200 0.78399101 0.00046308
vn -0.87926789 -0.47624621 0.00880541
vn 0.18783323 -0.98178779 0.02848536
vn 0.00000000 0.00000000 0.00000000
vn 0.00000000 0.00000000 0.00000000
vn 0.00000000 0.00000000 0.00000000
vn 0.00000000 0.00000000 0.00000000
vn -0.99980621 -0.01866627 0.00625466
vn 0.00000000 0.00000000 0.00000000
vn 0.00000000 0.00000000 0.00000000
vn -0.00000000 0.00000000 0.00000000
vn 0.00000000 0.00000000 0.00000000
vn 0.94473501 0.18220914 0.27253549
vn 0.00000000 0.00000000 0.00000000
vn 0.33034242 0.73600201 0.59091025
vn -0.00000000 0.00000000 0.00000000
vn 0.00000000 0.00000000 0.00000000
vn 0.00000000 0.00000000 0.00000000
vn 0.00000000 0.00000000 0.00000000
vn -0.80404856 -0.01850812 0.59427550
vn -0.00000000 0.00000000 0.00000000
vn 0.00000000 0.00000000 0.00000000
vn 0.00000000 0.00000000 0.00000000
vn -0.60378535 0.41985693 -0.67761598
vn -0.85337654 -0.47137611 -0.22260515
vn 0.00000000 0.00000000 0.00000000
vn 0.00000000 0.00000000 0.00000000
vn 1.00000000 0.00000000 0.00000000
vn 0.00000000 0.00000000 0.00000000
vn 0.99983055 0.01681824 0.00748475
vn 0.00000000 0.00000000 0.00000000
vn 0.00000000 0.00000000 0.00000000
vn 0.65146483 -0.75096034 -0.10794509
vn 0.00000000 0.00000000 -0.00000000
vn -0.00000000 0.00000000 0.00000000
vn 0.00000000 0.00000000 0.00000000
vn 0.99979065 -0.01943484 0.00639792
vn -0.00000000 0.00000000 0.00000000
vn 0.00000000 0.00000000 0.00000000
vn 0.00000000 0.00000000 0.00000000
vn 0.00000000 0.00000000 0.00000000
vn -0.00000000 0.00000000 0.00000000
vn -0.00000000 0.00000000 0.00000000
vn 0.58709550 0.80577398 0.07776355
vn 0.00000000 -0.00000000 -0.00000000
vn -0.53746544 -0.84320818 0.01143929
vn -0.54450112 -0.26989641 0.79415015
vn 0.64033138 -0.72530480 -0.25280163
vn -0.71348650 0.60184025 0.35878311
vn -0.89293826 0.44872109 -0.03620286
vn 0.80439390 -0.01843725 0.59381017
vn 0.00000000 0.00000000 0.00000000
vn 0.00000000 0.00000000 0.00000000
vn -0.00000000 0.00000000 0.00000000
vn 0.00000000 0.00000000 0.00000000
vn -1.00000000 0.00000000 0.00000000
vn 1.00000000 0.00000000 0.00000000
vn 0.78378892 -0.54261419 0.30206749
vn -0.99989542 0.00183599 -0.01434528
vn 0.60022995 -0.64783605 -0.46907617
vn 0.70528877 -0.70892013 0.00004707
vn 0.00000000 0.00000000 -0.00000000
vn 0.00000000 0.00000000 0.00000000
vn 0.00000000 0.00000000 0.00000000
vn -0.00000000 0.00000000 0.00000000
vn -0.53746544 -0.84320818 0.01143929
vn 0.58708288 0.80578362 0.07775890
vn -0.00000000 0.00000000 0.00000000
vn 0.00000000 0.00000000 0.00000000
vn 1.00000000 0.00000000 0.00000000
vn -1.00000000 0.00000000 0.00000000
vn -0.00000000 0.00000000 0.00000000
vn 0.00000000 0.00000000 0.00000000
vn 0.00000000 0.00000000 0.00000000
vn -0.00000000 -0.00000000 -0.00000000
vn 0.00000000 0.00000000 0.00000000
vn -0.58603426 -0.49138501 0.64428613
vn 0.00000000 -0.00000000 0.00000000
vn 0.00000000 0.00000000 0.00000000
vn -0.80616214 -0.52604965 -0.27087704
vn 0.83396689 -0.25756577 0.48801547
vn 0.85228495 0.52306550 0.00358334
vn 0.00000000 0.00000000 0.00000000
vn -0.00000000 0.00000000 0.00000000
vn 0.84201246 -0.31339642 -0.43908735
vn -1.00000000 0.00000000 0.00000000
vn 0.99999161 -0.00409541 -0.00010518
vn 0.00000000 0.00000000 0.00000000
vn 0.00000000 0.00000000 0.00000000
vn 1.00000000 0.00000000 0.00000000
vn -0.00000000 0.00000000 0.00000000
vn 0.00000000 0.00000000 0.00000000
vn 0.00000000 0.00000000 0.00000000
vn 0.00000000 0.00000000 0.00000000
vn 0.00000000 0.00000000 0.00000000
vn -0.85494607 -0.46657608 0.22665830
vn 0.00000000 0.00000000 -0.00000000
vn 0.00000000 0.00000000 0.00000000
vn 0.00000000 0.00000000 0.00000000
vn 0.00000000 0.00000000 0.00000000
vn 0.85475166 -0.46696505 0.22659047
vn 0.00000000 0.00000000 -0.00000000
vn 0.00000000 0.00000000 0.00000000
vn -0.00000000 0.00000000 0.00000000
vn 0.00000000 0.00000000 0.00000000
vn -0.00000000 0.00000000 0.00000000
vn 0.00000000 0.00000000 -0.00000000
vn 0.00000000 0.00000000 0.00000000
vn 0.00000000 0.00000000 0.00000000
vn 0.00000000 0.00000000 0.00000000
vn -0.84215009 -0.31337316 -0.43883993
vn 0.21515417 0.96973309 -0.11544013
vn 0.00000000 0.00000000 0.00000000
vn 0.53744421 -0.84322172 0.01143890
vn -0.00000000 0.00000000 0.00000000
vn 0.99987280 -0.01488575 -0.00572707
vn 0.40596410 -0.89263601 -0.19594411
vn 0.00000000 0.00000000 0.00000000
vn -0.99987280 -0.01488575 -0.00572707
vn 0.00000000 0.00000000 0.00000000
vn 0.40626113 0.72376608 0.55777644
vn -0.02306739 0.42259121 -0.90602680
f 1017//1017 1050//1050 1041//1041
f 1017//1017 1041//1041 1050//1050
f 498//498 323//323 703//703
f 938//938 359//359 560//560
f 498//498 703//703 890//890
f 1136//1136 385//385 990//990
f 498//498 890//890 894//894
f 880//880 455//455 337//337
f 498//498 702//702 323//323
f 703//703 324//324 890//890
f 763//763 1074//1074 366//366
f 763//763 366//366 1074//1074
f 763//763 391//391 1074//1074
f 763//763 1074//1074 391//391
f 515//515 376//376 699//699
f 515//515 699//699 376//376
f 795//795 801//801 256//256
f 453//453 421//421 335//335
f 453//453 335//335 421//421
f 407//407 335//335 421//421
f 407//407 421//421 335//335
f 802//802 796//796 271//271
f 945//945 6//6 407//407
f 945//945 407//407 6//6
f 345//345 463//463 931//931
f 345//345 931//931 463//463
f 313//313 156//156 556//556
f 313//313 556//556 156//156
f 194//194 180//180 190//190
f 336//336 363//363 656//656
f 336//336 656//656 363//363
f 25//25 286//286 912//912
f 1120//1120 497//497 431//431
f 486//486 154//154 306//306
f 706//706 1021//1021 856//856
f 706//706 856//856 1021//1021
f 1075//1075 963//963 505//505
f 1075//1075 505//505 963//963
f 87//87 85//85 590//590
f 87//87 590//590 85//85
f 1120//1120 701//701 497//497
f 57//57 69//69 433//433
f 710//710 1141//1141 321//321
f 710//710 321//321 1141//1141
f 87//87 95//95 72//72
f 1093//1093 404//404 772//772
f 1120//1120 609//609 533//533
f 761//761 380//380 1054//1054
f 344//344 361//361 658//658
f 344//344 658//658 361//361
f 135//135 634//634 741//741
f 448//448 1119//1119 494//494
f 271//271 266//266 298//298
f 220//220 899//899 494//494
f 1054//1054 1154//1154 678//678
f 85//85 95//95 78//78
f 1008//1008 941//941 912//912
f 1093//1093 404//404 782//782
f 940//940 230//230 404//404
f 1129//1129 1146//1146 984//984
f 220//220 783//783 146//146
f 220//220 146//146 783//783
f 232//232 984//984 1146//1146
f 761//761 756//756 380//380
f 389//389 743//743 756//756
f 1154//1154 582//582 956//956
f 783//783 1154//1154 912//912
f 215//215 387//387 994//994
f 146//146 8//8 783//783
f 232//232 783//783 8//8
f 253//253 1169//1169 102//102
f 253//253 102//102 1169//1169
f 232//232 912//912 956//956
f 751//751 404//404 1093//1093
f 1130//1130 751//751 518//518
f 25//25 912//912 1154//1154
f 751//751 237//237 404//404
f 1130//1130 751//751 364//364
f 738//738 58//58 667//667
f 738//738 667//667 58//58
f 979//979 630//630 518//518
f 667//667 136//136 733//733
f 667//667 733//733 136//136
f 364//364 630//630 849//849
f 702//702 324//324 306//306
f 564//564 849//849 630//630
f 738//738 129//129 58//58
f 738//738 58//58 129//129
f 228//228 1094//1094 773//773
f 1056//1056 557//557 1067//1067
f 1056//1056 1067//1067 557//557
f 564//564 630//630 1094//1094
f 228//228 773//773 403//403
f 338//338 339//339 424//424
f 145//145 8//8 1007//1007
f 364//364 849//849 403//403
f 782//782 145//145 1007//1007
f 904//904 1160//1160 1000//1000
f 904//904 1000//1000 1160//1160
f 1160//1160 787//787 1098//1098
f 1160//1160 1098//1098 787//787
f 62//62 1//1 63//63
f 62//62 63//63 1//1
f 312//312 161//161 427//427
f 860//860 609//609 1118//1118
f 613//613 934//934 853//853
f 613//613 853//853 934//934
f 778//778 282//282 281//281
f 267//267 274//274 248//248
f 87//87 95//95 590//590
f 351//351 555//555 632//632
f 351//351 632//632 555//555
f 271//271 435//435 207//207
f 988//988 368//368 611//611
f 915//915 222//222 944//944
f 915//915 944//944 222//222
f 408//408 423//423 291//291
f 408//408 291//291 423//423
f 222//222 517//517 377//377
f 222//222 377//377 517//517
f 373//373 966//966 983//983
f 373//373 983//983 966//966
f 277//277 906//906 1078//1078
f 277//277 1078//1078 906//906
f 438//438 948//948 1121//1121
f 438//438 1121//1121 948//948
f 146//146 783//783 232//232
f 1130//1130 237//237 751//751
f 904//904 919//919 571//571
f 904//904 571//571 919//919
f 865//865 606//606 152//152
f 865//865 152//152 606//606
f 11//11 692//692 865//865
f 11//11 865//865 692//692
f 295//295 197//197 895//895
f 185//185 134//134 65//65
f 178//178 35//35 130//130
f 178//178 130//130 35//35
f 1100//1100 771//771 1152//1152
f 1100//1100 1152//1152 771//771
f 485//485 893//893 484//484
f 1130//1130 930//930 979//979
f 510//510 671//671 973//973
f 510//510 973//973 671//671
f 278//278 1063//1063 1065//1065
f 278//278 1065//1065 1063//1063
f 729//729 372//372 770//770
f 729//729 770//770 372//372
f 905//905 836//836 221//221
f 905//905 221//221 836//836
f 604//604 414//414 626//626
f 604//604 626//626 414//414
f 709//709 492//492 652//652
f 273//273 30//30 261//261
f 273//273 261//261 30//30
f 743//743 519//519 678//678
f 1023//1023 789//789 414//414
f 1023//1023 414//414 789//789
f 1071//1071 884//884 196//196
f 920//920 598//598 525//525
f 612//612 887//887 479//479
f 612//612 479//479 887//887
f 715//715 153//153 1071//1071
f 243//243 249//249 92//92
f 1049//1049 677//677 1043//1043
f 1049//1049 1043//1043 677//677
f 566//566 1071//1071 196//196
f 639//639 838//838 480//480
f 639//639 480//480 838//838
f 434//434 115//115 70//70
f 1029//1029 311//311 1019//1019
f 1116//1116 503//503 1117//1117
f 961//961 294//294 197//197
f 1071//1071 196//196 503//503
f 1087//1087 1063//1063 278//278
f 1087//1087 278//278 1063//1063
f 314//314 360//360 169//169
f 314//314 169//169 360//360
f 715//715 566//566 322//322
f 135//135 123//123 128//128
f 842//842 410//410 778//778
f 507//507 723//723 744//744
f 301//301 1071//1071 1062//1062
f 496//496 1117//1117 196//196
f 368//368 866//866 611//611
f 950//950 909//909 1082//1082
f 700//700 531//531 866//866
f 693//693 609//609 533//533
f 700//700 394//394 531//531
f 700//700 768//768 394//394
f 988//988 394//394 768//768
f 394//394 611//611 531//531
f 356//356 326//326 357//357
f 221//221 836//836 1137//1137
f 221//221 1137//1137 836//836
f 988//988 611//611 394//394
f 908//908 139//139 938//938
f 700//700 866//866 768//768
f 768//768 394//394 203//203
f 21//21 9//9 288//288
f 767//767 394//394 768//768
f 1120//1120 495//495 609//609
f 486//486 306//306 893//893
f 977//977 749//749 972//972
f 977//977 972//972 749//749
f 896//896 879//879 900//900
f 394//394 196//196 1070//1070
f 92//92 249//249 101//101
f 378//378 768//768 1071//1071
f 99//99 27//27 867//867
f 64//64 183//183 61//61
f 700//700 1070//1070 531//531
f 203//203 196//196 1070//1070
f 1071//1071 196//196 203//203
f 1071//1071 1116//1116 1062//1062
f 700//700 531//531 862//862
f 639//639 931//931 480//480
f 639//639 480//480 931//931
f 700//700 862//862 203//203
f 486//486 892//892 891//891
f 647//647 331//331 848//848
f 647//647 848//848 331//331
f 761//761 519//519 389//389
f 1119//1119 1146//1146 497//497
f 440//440 1112//1112 608//608
f 440//440 608//608 1112//1112
f 153//153 317//317 839//839
f 456//456 343//343 361//361
f 1072//1072 429//429 416//416
f 897//897 493//493 338//338
f 1072//1072 416//416 886//886
f 488//488 294//294 198//198
f 879//879 886//886 614//614
f 1072//1072 886//886 415//415
f 1075//1075 1080//1080 17//17
f 1075//1075 17//17 1080//1080
f 830//830 217//217 216//216
f 415//415 886//886 879//879
f 897//897 622//622 492//492
f 409//409 570//570 848//848
f 409//409 848//848 570//570
f 415//415 614//614 416//416
f 585//585 1174//1174 40//40
f 585//585 40//40 1174//1174
f 830//830 217//217 1151//1151
f 1072//1072 305//305 169//169
f 1072//1072 169//169 305//305
f 613//613 515//515 934//934
f 613//613 934//934 515//515
f 1033//1033 429//429 1061//1061
f 1033//1033 303//303 429//429
f 1165//1165 103//103 1170//1170
f 852//852 638//638 789//789
f 852//852 789//789 638//638
f 896//896 879//879 169//169
f 896//896 169//169 879//879
f 1133//1133 753//753 669//669
f 1133//1133 669//669 753//753
f 478//478 879//879 21//21
f 9//9 1084//1084 288//288
f 9//9 942//942 1084//1084
f 478//478 1084//1084 942//942
f 478//478 942//942 927//927
f 368//368 768//768 866//866
f 361//361 614//614 879//879
f 232//232 1146//1146 8//8
f 232//232 8//8 1146//1146
f 478//478 21//21 1084//1084
f 939//939 1148//1148 942//942
f 939//939 942//942 1148//1148
f 980//980 942//942 1148//1148
f 980//980 1148//1148 942//942
f 802//802 271//271 266//266
f 288//288 23//23 148//148
f 288//288 148//148 23//23
f 898//898 882//882 489//489
f 478//478 456//456 879//879
f 478//478 879//879 456//456
f 896//896 879//879 1148//1148
f 896//896 1148//1148 879//879
f 404//404 237//237 772//772
f 896//896 1148//1148 981//981
f 896//896 981//981 1148//1148
f 327//327 711//711 625//625
f 327//327 625//625 711//711
f 1120//1120 533//533 701//701
f 843//843 645//645 574//574
f 928//928 625//625 157//157
f 928//928 157//157 625//625
f 817//817 591//591 791//791
f 987//987 505//505 516//516
f 987//987 516//516 505//505
f 703//703 323//323 324//324
f 1023//1023 850//850 638//638
f 1023//1023 638//638 850//850
f 905//905 958//958 836//836
f 905//905 836//836 958//958
f 755//755 1144//1144 730//730
f 755//755 730//730 1144//1144
f 485//485 893//893 486//486
f 755//755 1134//1134 1144//1144
f 755//755 1144//1144 1134//1134
f 215//215 993//993 387//387
f 86//86 31//31 1181//1181
f 86//86 243//243 249//249
f 86//86 249//249 34//34
f 463//463 945//945 1161//1161
f 463//463 1161//1161 945//945
f 605//605 1071//1071 862//862
f 257//257 74//74 804//804
f 257//257 804//804 74//74
f 243//243 101//101 249//249
f 544//544 66//66 26//26
f 544//544 26//26 66//66
f 539//539 1180//1180 686//686
f 33//33 80//80 276//276
f 33//33 276//276 80//80
f 852//852 789//789 1101//1101
f 852//852 1101//1101 789//789
f 919//919 787//787 1160//1160
f 919//919 1160//1160 787//787
f 75//75 31//31 813//813
f 75//75 813//813 31//31
f 181//181 265//265 268//268
f 62//62 1187//1187 52//52
f 62//62 52//52 1187//1187
f 181//181 31//31 265//265
f 641//641 1080//1080 293//293
f 641//641 293//293 1080//1080
f 456//456 614//614 361//361
f 37//37 65//65 733//733
f 472//472 707//707 622//622
f 434//434 113//113 70//70
f 185//185 65//65 37//37
f 718//718 311//311 162//162
f 831//831 952//952 910//910
f 297//297 468//468 337//337
f 185//185 65//65 1190//1190
f 761//761 1054//1054 519//519
f 124//124 1190//1190 1186//1186
f 1072//1072 1061//1061 305//305
f 1072//1072 305//305 1061//1061
f 897//897 357//357 326//326
f 840//840 640//640 200//200
f 961//961 198//198 294//294
f 307//307 661//661 155//155
f 307//307 155//155 661//661
f 474//474 649//649 851//851
f 474//474 851//851 649//649
f 320//320 1126//1126 452//452
f 1023//1023 414//414 850//850
f 1023//1023 850//850 414//414
f 1071//1071 153//153 196//196
f 109//109 121//121 101//101
f 999//999 381//381 546//546
f 999//999 546//546 381//381
f 690//690 66//66 1181//1181
f 386//386 994//994 562//562
f 992//992 292//292 1082//1082
f 413//413 1018//1018 1028//1028
f 511//511 748//748 384//384
f 319//319 451//451 1125//1125
f 830//830 1151//1151 216//216
f 702//702 318//318 717//717
f 782//782 230//230 145//145
f 980//980 981//981 1148//1148
f 980//980 1148//1148 981//981
f 1064//1064 301//301 567//567
f 264//264 263//263 241//241
f 610//610 535//535 432//432
f 610//610 432//432 535//535
f 11//11 865//865 606//606
f 11//11 606//606 865//865
f 702//702 487//487 324//324
f 1014//1014 944//944 1009//1009
f 1014//1014 1009//1009 944//944
f 802//802 266//266 796//796
f 207//207 687//687 869//869
f 408//408 291//291 1076//1076
f 408//408 1076//1076 291//291
f 130//130 170//170 176//176
f 130//130 176//176 170//170
f 676//676 959//959 966//966
f 676//676 966//966 959//959
f 666//666 737//737 548//548
f 1071//1071 203//203 1070//1070
f 243//243 274//274 267//267
f 211//211 108//108 208//208
f 211//211 208//208 108//108
f 295//295 19//19 197//197
f 704//704 325//325 640//640
f 549//549 744//744 530//530
f 389//389 519//519 743//743
f 146//146 1007//1007 8//8
f 212//212 1147//1147 822//822
f 212//212 822//822 1147//1147
f 880//880 200//200 455//455
f 840//840 880//880 468//468
f 1136//1136 1151//1151 578//578
f 897//897 338//338 357//357
f 1002//1002 15//15 1001//1001
f 1002//1002 1001//1001 15//15
f 656//656 365//365 936//936
f 656//656 936//936 365//365
f 351//351 1057//1057 1066//1066
f 351//351 1066//1066 1057//1057
f 75//75 31//31 79//79
f 1141//1141 729//729 770//770
f 1141//1141 770//770 729//729
f 433//433 110//110 104//104
f 273//273 261//261 815//815
f 273//273 815//815 261//261
f 282//282 281//281 425//425
f 773//773 788//788 1094//1094
f 1118//1118 1119//1119 903//903
f 773//773 1094//1094 375//375
f 786//786 1097//1097 150//150
f 824//824 696//696 228//228
f 1098//1098 406//406 787//787
f 1098//1098 787//787 406//406
f 946//946 235//235 405//405
f 911//911 955//955 1156//1156
f 1029//1029 1028//1028 419//419
f 8//8 1094//1094 773//773
f 432//432 1124//1124 501//501
f 432//432 501//501 1124//1124
f 860//860 497//497 701//701
f 830//830 216//216 553//553
f 797//797 792//792 79//79
f 797//797 79//79 792//792
f 434//434 105//105 115//115
f 776//776 528//528 527//527
f 12//12 943//943 147//147
f 138//138 139//139 619//619
f 145//145 14//14 1013//1013
f 605//605 1070//1070 196//196
f 642//642 401//401 369//369
f 628//628 888//888 569//569
f 628//628 569//569 888//888
f 751//751 1093//1093 518//518
f 1139//1139 726//726 1159//1159
f 565//565 568//568 844//844
f 565//565 844//844 568//568
f 1022//1022 1036//1036 412//412
f 1022//1022 412//412 1036//1036
f 1011//1011 780//780 142//142
f 1011//1011 142//142 780//780
f 1133//1133 1109//1109 753//753
f 1133//1133 753//753 1109//1109
f 700//700 203//203 1070//1070
f 270//270 276//276 80//80
f 270//270 80//80 276//276
f 418//418 607//607 532//532
f 418//418 532//532 607//607
f 75//75 813//813 257//257
f 75//75 257//257 813//813
f 927//927 879//879 330//330
f 415//415 416//416 429//429
f 415//415 879//879 614//614
f 345//345 463//463 349//349
f 345//345 349//349 463//463
f 667//667 133//133 732//732
f 667//667 732//732 133//133
f 864//864 534//534 865//865
f 864//864 865//865 534//534
f 37//37 733//733 663//663
f 342//342 466//466 414//414
f 342//342 414//414 466//466
f 702//702 324//324 323//323
f 773//773 1094//1094 630//630
f 138//138 574//574 672//672
f 1105//1105 1046//1046 1045//1045
f 1105//1105 1045//1045 1046//1046
f 715//715 317//317 153//153
f 125//125 1191//1191 1190//1190
f 917//917 914//914 957//957
f 917//917 957//957 914//914
f 663//663 36//36 662//662
f 623//623 660//660 925//925
f 623//623 925//925 660//660
f 767//767 196//196 394//394
f 883//883 348//348 477//477
f 883//883 477//477 348//348
f 41//41 543//543 40//40
f 41//41 40//40 543//543
f 472//472 471//471 707//707
f 813//813 257//257 804//804
f 813//813 804//804 257//257
f 146//146 403//403 1094//1094
f 856//856 1021//1021 1038//1038
f 856//856 1038//1038 1021//1021
f 49//49 66//66 544//544
f 49//49 544//544 66//66
f 761//761 395//395 389//389
f 1089//1089 774//774 399//399
f 662//662 733//733 136//136
f 659//659 630//630 930//930
f 676//676 935//935 632//632
f 676//676 632//632 935//935
f 831//831 910//910 214//214
f 355//355 651//651 898//898
f 662//662 31//31 75//75
f 662//662 75//75 31//31
f 1171//1171 1166//1166 1180//1180
f 109//109 101//101 92//92
f 487//487 895//895 197//197
f 75//75 31//31 268//268
f 75//75 268//268 31//31
f 690//690 31//31 66//66
f 874//874 878//878 873//873
f 380//380 756//756 766//766
f 961//961 19//19 20//20
f 378//378 1071//1071 196//196
f 239//239 76//76 244//244
f 178//178 130//130 170//170
f 178//178 170//170 130//130
f 1087//1087 916//916 958//958
f 1087//1087 958//958 916//916
f 855//855 921//921 618//618
f 855//855 618//618 921//921
f 1120//1120 431//431 494//494
f 719//719 665//665 635//635
f 185//185 186//186 182//182
f 915//915 944//944 1009//1009
f 915//915 1009//1009 944//944
f 802//802 644//644 796//796
f 496//496 1062//1062 1116//1116
f 493//493 620//620 708//708
f 124//124 1190//1190 1191//1191
f 725//725 1005//1005 144//144
f 441//441 306//306 1113//1113
f 40//40 1174//1174 543//543
f 40//40 543//543 1174//1174
f 402//402 385//385 229//229
f 605//605 862//862 531//531
f 251//251 543//543 1174//1174
f 251//251 1174//1174 543//543
f 203//203 394//394 1070//1070
f 802//802 528//528 644//644
f 31//31 792//792 1181//1181
f 470//470 310//310 714//714
f 251//251 74//74 804//804
f 251//251 804//804 74//74
f 243//243 34//34 249//249
f 478//478 499//499 879//879
f 908//908 560//560 602//602
f 685//685 816//816 590//590
f 201//201 282//282 410//410
f 759//759 765//765 371//371
f 759//759 371//371 765//765
f 940//940 145//145 1007//1007
f 392//392 1086//1086 997//997
f 392//392 997//997 1086//1086
f 802//802 271//271 298//298
f 106//106 88//88 96//96
f 681//681 957//957 914//914
f 681//681 914//914 957//957
f 583//583 728//728 234//234
f 583//583 234//234 728//728
f 591//591 869//869 255//255
f 500//500 1124//1124 501//501
f 500//500 501//501 1124//1124
f 151//151 452//452 1126//1126
f 333//333 932//932 608//608
f 333//333 608//608 932//932
f 879//879 886//886 900//900
f 417//417 1037//1037 1036//1036
f 417//417 1036//1036 1037//1037
f 493//493 472//472 492//492
f 289//289 968//968 965//965
f 289//289 965//965 968//968
f 478//478 927//927 879//879
f 923//923 619//619 645//645
f 767//767 768//768 378//378
f 923//923 359//359 159//159
f 632//632 633//633 657//657
f 632//632 657//657 633//633
f 86//86 1181//1181 243//243
f 188//188 192//192 794//794
f 188//188 794//794 192//192
f 813//813 804//804 249//249
f 813//813 249//249 804//804
f 1030//1030 1020//1020 1018//1018
f 840//840 200//200 464//464
f 743//743 678//678 764//764
f 114//114 189//189 104//104
f 979//979 772//772 237//237
f 1093//1093 772//772 518//518
f 763//763 391//391 752//752
f 763//763 752//752 391//391
f 923//923 645//645 843//843
f 398//398 399//399 785//785
f 1145//1145 1158//1158 584//584
f 1145//1145 584//584 1158//1158
f 703//703 154//154 324//324
f 583//583 728//728 784//784
f 583//583 784//784 728//728
f 346//346 297//297 640//640
f 245//245 795//795 116//116
f 245//245 793//793 795//795
f 762//762 996//996 763//763
f 762//762 763//763 996//996
f 767//767 378//378 196//196
f 1054//1054 1008//1008 912//912
f 507//507 687//687 723//723
f 859//859 428//428 1035//1035
f 859//859 1035//1035 428//428
f 171//171 878//878 874//874
f 622//622 707//707 308//308
f 491//491 458//458 444//444
f 185//185 181//181 186//186
f 931//931 480//480 1074//1074
f 931//931 1074//1074 480//480
f 336//336 453//453 363//363
f 336//336 363//363 453//453
f 363//363 936//936 365//365
f 363//363 365//365 936//936
f 363//363 931//931 656//656
f 363//363 656//656 931//931
f 615//615 525//525 598//598
f 402//402 990//990 385//385
f 564//564 403//403 849//849
f 778//778 644//644 528//528
f 442//442 1123//1123 902//902
f 442//442 902//902 1123//1123
f 881//881 454//454 467//467
f 881//881 467//467 454//454
f 541//541 538//538 594//594
f 94//94 88//88 106//106
f 136//136 5//5 668//668
f 136//136 668//668 5//5
f 817//817 825//825 591//591
f 295//295 197//197 294//294
f 31//31 34//34 79//79
f 940//940 1007//1007 146//146
f 786//786 1010//1010 1097//1097
f 249//249 275//275 274//274
f 1162//1162 683//683 689//689
f 1162//1162 689//689 683//683
f 493//493 709//709 492//492
f 451//451 168//168 1125//1125
f 516//516 730//730 1144//1144
f 516//516 1144//1144 730//730
f 228//228 403//403 1094//1094
f 1165//1165 819//819 688//688
f 940//940 1093//1093 1007//1007
f 327//327 332//332 716//716
f 327//327 716//716 332//332
f 880//880 337//337 468//468
f 259//259 742//742 55//55
f 259//259 55//55 742//742
f 487//487 890//890 324//324
f 402//402 725//725 990//990
f 443//443 490//490 652//652
f 1119//1119 494//494 1034//1034
f 1054//1054 519//519 396//396
f 345//345 450//450 463//463
f 345//345 463//463 450//450
f 291//291 848//848 570//570
f 291//291 570//570 848//848
f 326//326 709//709 340//340
f 146//146 1094//1094 8//8
f 204//204 439//439 1111//1111
f 204//204 1111//1111 439//439
f 316//316 848//848 331//331
f 316//316 331//331 848//848
f 835//835 222//222 915//915
f 835//835 915//915 222//222
f 420//420 480//480 1074//1074
f 420//420 1074//1074 480//480
f 914//914 1063//1063 957//957
f 914//914 957//957 1063//1063
f 702//702 306//306 323//323
f 485//485 893//893 306//306
f 66//66 31//31 1181//1181
f 575//575 410//410 672//672
f 777//777 778//778 758//758
f 148//148 149//149 23//23
f 773//773 1094//1094 403//403
f 301//301 839//839 567//567
f 939//939 10//10 288//288
f 400//400 841//841 213//213
f 860//860 701//701 533//533
f 1137//1137 914//914 957//957
f 1137//1137 957//957 914//914
f 9//9 942//942 10//10
f 102//102 208//208 93//93
f 102//102 93//93 208//208
f 70//70 113//113 685//685
f 476//476 892//892 486//486
f 485//485 892//892 893//893
f 412//412 861//861 699//699
f 412//412 699//699 861//861
f 897//897 326//326 358//358
f 69//69 114//114 120//120
f 328//328 164//164 324//324
f 1012//1012 915//915 222//222
f 1012//1012 222//222 915//915
f 13//13 287//287 1085//1085
f 13//13 1085//1085 287//287
f 675//675 388//388 285//285
f 675//675 285//285 388//388
f 842//842 723//723 672//672
f 966//966 983//983 517//517
f 966//966 517//517 983//983
f 220//220 497//497 1146//1146
f 1032//1032 303//303 304//304
f 243//243 92//92 101//101
f 551//551 550//550 847//847
f 551//551 847//847 550//550
f 312//312 161//161 334//334
f 141//141 1044//1044 1053//1053
f 141//141 1053//1053 1044//1044
f 282//282 776//776 281//281
f 470//470 714//714 458//458
f 940//940 1007//1007 12//12
f 1104//1104 583//583 967//967
f 1104//1104 967//967 583//583
f 499//499 713//713 330//330
f 499//499 330//330 713//713
f 141//141 1053//1053 1004//1004
f 141//141 1004//1004 1053//1053
f 863//863 861//861 699//699
f 863//863 699//699 861//861
f 960//960 1150//1150 572//572
f 961//961 892//892 19//19
f 974//974 982//982 1127//1127
f 322//322 839//839 317//317
f 974//974 748//748 511//511
f 122//122 814//814 127//127
f 122//122 127//127 814//814
f 717//717 318//318 323//323
f 829//829 217//217 830//830
f 897//897 652//652 492//492
f 1117//1117 503//503 196//196
f 45//45 589//589 260//260
f 45//45 260//260 589//589
f 353//353 625//625 629//629
f 353//353 629//629 625//625
f 238//238 1169//1169 82//82
f 238//238 82//82 1169//1169
f 253//253 1169//1169 1179//1179
f 253//253 1179//1179 1169//1169
f 183//183 76//76 189//189
f 251//251 809//809 250//250
f 251//251 250//250 809//809
f 720//720 529//529 600//600
f 228//228 841//841 400//400
f 253//253 62//62 60//60
f 253//253 60//60 62//62
f 218//218 951//951 911//911
f 434//434 538//538 103//103
f 434//434 103//103 113//113
f 354//354 1068//1068 1058//1058
f 354//354 1058//1058 1068//1068
f 1165//1165 816//816 685//685
f 1165//1165 1170//1170 816//816
f 233//233 231//231 784//784
f 233//233 784//784 231//231
f 457//457 358//358 340//340
f 1072//1072 169//169 314//314
f 1072//1072 314//314 169//169
f 19//19 670//670 1102//1102
f 158//158 355//355 309//309
f 201//201 575//575 599//599
f 441//441 1113//1113 154//154
f 433//433 104//104 189//189
f 75//75 268//268 247//247
f 75//75 247//247 268//268
f 239//239 70//70 115//115
f 457//457 709//709 652//652
f 18//18 848//848 291//291
f 18//18 291//291 848//848
f 778//778 281//281 776//776
f 877//877 878//878 874//874
f 69//69 104//104 433//433
f 611//611 866//866 531//531
f 271//271 869//869 435//435
f 173//173 662//662 2//2
f 815//815 261//261 1164//1164
f 815//815 1164//1164 261//261
f 57//57 59//59 61//61
f 135//135 736//736 132//132
f 686//686 801//801 795//795
f 860//860 533//533 609//609
f 760//760 965//965 22//22
f 760//760 22//22 965//965
f 57//57 433//433 59//59
f 802//802 263//263 264//264
f 114//114 61//61 189//189
f 239//239 83//83 61//61
f 171//171 874//874 175//175
f 36//36 177//177 66//66
f 36//36 66//66 177//177
f 262//262 95//95 816//816
f 262//262 816//816 95//95
f 1071//1071 768//768 203//203
f 829//829 216//216 217//217
f 239//239 244//244 83//83
f 704//704 640//640 598//598
f 475//475 1021//1021 1058//1058
f 475//475 1058//1058 1021//1021
f 64//64 76//76 183//183
f 707//707 471//471 308//308
f 1072//1072 415//415 1061//1061
f 838//838 352//352 535//535
f 838//838 535//535 352//352
f 842//842 549//549 778//778
f 507//507 530//530 825//825
f 254//254 246//246 241//241
f 950//950 1005//1005 909//909
f 743//743 1106//1106 678//678
f 745//745 869//869 687//687
f 575//575 672//672 745//745
f 631//631 1067//1067 557//557
f 631//631 557//557 1067//1067
f 259//259 1176//1176 55//55
f 259//259 55//55 1176//1176
f 262//262 95//95 1180//1180
f 312//312 162//162 161//161
f 1112//1112 1024//1024 888//888
f 1112//1112 888//888 1024//1024
f 621//621 472//472 492//492
f 87//87 72//72 256//256
f 642//642 412//412 401//401
f 706//706 157//157 166//166
f 706//706 166//166 157//157
f 87//87 816//816 95//95
f 840//840 598//598 640//640
f 760//760 372//372 965//965
f 760//760 965//965 372//372
f 146//146 582//582 783//783
f 146//146 783//783 582//582
f 811//811 240//240 801//801
f 844//844 628//628 888//888
f 844//844 888//888 628//628
f 746//746 673//673 964//964
f 746//746 964//964 673//673
f 262//262 1180//1180 256//256
f 77//77 87//87 85//85
f 974//974 992//992 1127//1127
f 295//295 198//198 962//962
f 897//897 653//653 622//622
f 802//802 264//264 869//869
f 558//558 737//737 600//600
f 440//440 412//412 608//608
f 440//440 608//608 412//412
f 539//539 256//256 1180//1180
f 539//539 686//686 795//795
f 964//964 550//550 646//646
f 964//964 646//646 550//550
f 135//135 736//736 78//78
f 1054//1054 1048//1048 519//519
f 435//435 687//687 207//207
f 1154//1154 912//912 941//941
f 495//495 1118//1118 609//609
f 665//665 78//78 736//736
f 741//741 635//635 736//736
f 721//721 184//184 636//636
f 135//135 78//78 85//85
f 135//135 85//85 741//741
f 245//245 96//96 88//88
f 896//896 330//330 879//879
f 116//116 801//801 106//106
f 232//232 783//783 984//984
f 116//116 795//795 801//801
f 470//470 457//457 310//310
f 634//634 872//872 741//741
f 112//112 682//682 1163//1163
f 112//112 1163//1163 682//682
f 255//255 254//254 791//791
f 435//435 745//745 575//575
f 138//138 576//576 139//139
f 1183//1183 635//635 741//741
f 1183//1183 132//132 635//635
f 1183//1183 135//135 132//132
f 64//64 83//83 76//76
f 1015//1015 1113//1113 441//441
f 621//621 708//708 620//620
f 373//373 1085//1085 287//287
f 373//373 287//287 1085//1085
f 218//218 827//827 951//951
f 969//969 24//24 367//367
f 969//969 367//367 24//24
f 507//507 857//857 530//530
f 831//831 214//214 827//827
f 495//495 497//497 1118//1118
f 1121//1121 948//948 906//906
f 1121//1121 906//906 948//948
f 190//190 180//180 184//184
f 181//181 65//65 186//186
f 802//802 796//796 869//869
f 1171//1171 1180//1180 256//256
f 945//945 407//407 421//421
f 945//945 421//421 407//407
f 831//831 827//827 218//218
f 741//741 872//872 876//876
f 270//270 1175//1175 258//258
f 270//270 258//258 1175//1175
f 1100//1100 1137//1137 1152//1152
f 1100//1100 1152//1152 1137//1137
f 653//653 443//443 622//622
f 192//192 794//794 179//179
f 192//192 179//179 794//794
f 952//952 911//911 910//910
f 1072//1072 1061//1061 205//205
f 830//830 624//624 217//217
f 911//911 951//951 910//910
f 880//880 462//462 455//455
f 974//974 511//511 992//992
f 167//167 307//307 155//155
f 167//167 155//155 307//307
f 910//910 951//951 214//214
f 1151//1151 910//910 578//578
f 748//748 1127//1127 284//284
f 664//664 1178//1178 734//734
f 664//664 734//734 1178//1178
f 1165//1165 538//538 1170//1170
f 940//940 146//146 12//12
f 897//897 492//492 326//326
f 1151//1151 217//217 578//578
f 816//816 104//104 590//590
f 829//829 830//830 216//216
f 487//487 294//294 894//894
f 777//777 758//758 559//559
f 41//41 48//48 537//537
f 41//41 537//537 48//48
f 883//883 646//646 477//477
f 883//883 477//477 646//646
f 217//217 624//624 562//562
f 228//228 403//403 236//236
f 741//741 876//876 123//123
f 830//830 553//553 926//926
f 540//540 825//825 817//817
f 432//432 535//535 1124//1124
f 432//432 1124//1124 535//535
f 358//358 492//492 652//652
f 829//829 578//578 217//217
f 333//333 947//947 904//904
f 333//333 904//904 947//947
f 840//840 200//200 880//880
f 264//264 241//241 246//246
f 830//830 926//926 624//624
f 926//926 562//562 624//624
f 679//679 1107//1107 1132//1132
f 679//679 1132//1132 1107//1107
f 829//829 562//562 553//553
f 135//135 128//128 735//735
f 441//441 1113//1113 525//525
f 778//778 697//697 758//758
f 723//723 687//687 207//207
f 829//829 553//553 216//216
f 647//647 554//554 1073//1073
f 647//647 1073//1073 554//554
f 356//356 339//339 493//493
f 1033//1033 304//304 303//303
f 975//975 509//509 781//781
f 975//975 781//781 509//509
f 552//552 562//562 994//994
f 1129//1129 984//984 783//783
f 992//992 384//384 1082//1082
f 1165//1165 685//685 113//113
f 961//961 19//19 1102//1102
f 286//286 1154//1154 912//912
f 1136//1136 229//229 1151//1151
f 1136//1136 1151//1151 229//229
f 70//70 685//685 538//538
f 827//827 214//214 951//951
f 828//828 994//994 386//386
f 897//897 492//492 358//358
f 1077//1077 384//384 284//284
f 298//298 281//281 528//528
f 714//714 340//340 458//458
f 77//77 84//84 87//87
f 195//195 1057//1057 1066//1066
f 195//195 1066//1066 1057//1057
f 386//386 994//994 387//387
f 993//993 386//386 387//387
f 667//667 38//38 133//133
f 667//667 133//133 38//38
f 972//972 508//508 1051//1051
f 972//972 1051//1051 508//508
f 710//710 1141//1141 729//729
f 710//710 729//729 1141//1141
f 496//496 301//301 1062//1062
f 993//993 827//827 214//214
f 842//842 758//758 857//857
f 333//333 412//412 608//608
f 333//333 608//608 412//412
f 828//828 214//214 827//827
f 239//239 115//115 83//83
f 725//725 578//578 144//144
f 725//725 144//144 578//578
f 1136//1136 1006//1006 1151//1151
f 1136//1136 1151//1151 1006//1006
f 605//605 196//196 1071//1071
f 1122//1122 449//449 901//901
f 1122//1122 901//901 449//449
f 402//402 427//427 1028//1028
f 909//909 1005//1005 284//284
f 1108//1108 680//680 391//391
f 1108//1108 391//391 680//680
f 37//37 662//662 733//733
f 45//45 208//208 592//592
f 45//45 592//592 208//208
f 72//72 95//95 262//262
f 602//602 359//359 560//560
f 143//143 950//950 1082//1082
f 545//545 851//851 649//649
f 545//545 649//649 851//851
f 645//645 576//576 574//574
f 124//124 1191//1191 1186//1186
f 194//194 740//740 180//180
f 117//117 67//67 790//790
f 117//117 790//790 67//67
f 138//138 574//574 576//576
f 909//909 284//284 1082//1082
f 326//326 340//340 358//358
f 143//143 1005//1005 950//950
f 12//12 8//8 145//145
f 727//727 580//580 1140//1140
f 810//810 791//791 796//796
f 87//87 590//590 816//816
f 413//413 229//229 1018//1018
f 872//872 128//128 876//876
f 193//193 58//58 127//127
f 193//193 127//127 58//58
f 402//402 1020//1020 1030//1030
f 281//281 776//776 528//528
f 37//37 663//663 662//662
f 738//738 5//5 667//667
f 738//738 667//667 5//5
f 402//402 1030//1030 229//229
f 1033//1033 1061//1061 303//303
f 433//433 104//104 114//114
f 251//251 1174//1174 74//74
f 251//251 74//74 1174//1174
f 961//961 893//893 485//485
f 181//181 1186//1186 65//65
f 961//961 197//197 19//19
f 402//402 229//229 427//427
f 1154//1154 956//956 912//912
f 87//87 1180//1180 95//95
f 824//824 213//213 549//549
f 810//810 803//803 817//817
f 666//666 637//637 737//737
f 686//686 1180//1180 801//801
f 634//634 735//735 872//872
f 435//435 207//207 869//869
f 1029//1029 427//427 161//161
f 413//413 1019//1019 311//311
f 56//56 51//51 52//52
f 56//56 52//52 51//51
f 664//664 44//44 39//39
f 664//664 39//39 44//44
f 1029//1029 1019//1019 427//427
f 413//413 427//427 1019//1019
f 240//240 88//88 106//106
f 881//881 456//456 469//469
f 881//881 469//469 456//456
f 457//457 652//652 358//358
f 312//312 427//427 413//413
f 485//485 486//486 892//892
f 161//161 162//162 311//311
f 623//623 925//925 299//299
f 623//623 299//299 925//925
f 446//446 1115//1115 1018//1018
f 343//343 655//655 361//361
f 143//143 1005//1005 1103//1103
f 143//143 674//674 1005//1005
f 44//44 596//596 588//588
f 44//44 588//588 596//596
f 510//510 973//973 858//858
f 510//510 858//858 973//973
f 10//10 1084//1084 288//288
f 160//160 858//858 973//973
f 160//160 973//973 858//858
f 342//342 428//428 414//414
f 342//342 414//414 428//428
f 842//842 410//410 201//201
f 461//461 196//196 884//884
f 802//802 869//869 271//271
f 1036//1036 854//854 691//691
f 1036//1036 691//691 854//854
f 708//708 444//444 458//458
f 822//822 986//986 505//505
f 822//822 505//505 986//986
f 842//842 201//201 599//599
f 228//228 998//998 403//403
f 774//774 227//227 399//399
f 898//898 473//473 882//882
f 436//436 114//114 69//69
f 774//774 1150//1150 572//572
f 1110//1110 1026//1026 1067//1067
f 1110//1110 1067//1067 1026//1026
f 813//813 274//274 249//249
f 813//813 249//249 274//274
f 676//676 632//632 351//351
f 676//676 351//351 632//632
f 255//255 246//246 254//254
f 808//808 537//537 81//81
f 808//808 81//81 537//537
f 1136//1136 725//725 229//229
f 131//131 38//38 188//188
f 131//131 188//188 38//38
f 824//824 228//228 400//400
f 602//602 159//159 359//359
f 864//864 1122//1122 606//606
f 864//864 606//606 1122//1122
f 778//778 282//282 644//644
f 782//782 404//404 230//230
f 896//896 705//705 1016//1016
f 896//896 1016//1016 705//705
f 86//86 34//34 31//31
f 802//802 591//591 791//791
f 1029//1029 161//161 311//311
f 877//877 174//174 172//172
f 540//540 803//803 796//796
f 802//802 791//791 263//263
f 663//663 733//733 130//130
f 254//254 241//241 263//263
f 842//842 530//530 549//549
f 810//810 803//803 791//791
f 642//642 528//528 643//643
f 1085//1085 1121//1121 287//287
f 1085//1085 287//287 1121//1121
f 843//843 619//619 159//159
f 326//326 457//457 709//709
f 138//138 938//938 139//139
f 131//131 188//188 191//191
f 131//131 191//191 188//188
f 794//794 26//26 868//868
f 794//794 868//868 26//26
f 896//896 169//169 360//360
f 896//896 360//360 169//169
f 1171//1171 256//256 1166//1166
f 740//740 521//521 636//636
f 457//457 340//340 709//709
f 710//710 759//759 371//371
f 710//710 371//371 759//759
f 338//338 424//424 357//357
f 424//424 339//339 411//411
f 297//297 200//200 640//640
f 310//310 457//457 340//340
f 72//72 262//262 256//256
f 955//955 951//951 1156//1156
f 264//264 246//246 255//255
f 540//540 817//817 687//687
f 298//298 425//425 281//281
f 664//664 588//588 44//44
f 664//664 44//44 588//588
f 201//201 776//776 281//281
f 757//757 777//777 758//758
f 1072//1072 1061//1061 429//429
f 426//426 643//643 382//382
f 977//977 749//749 508//508
f 977//977 508//508 749//749
f 778//778 528//528 776//776
f 721//721 636//636 521//521
f 254//254 263//263 791//791
f 993//993 387//387 994//994
f 621//621 709//709 491//491
f 1002//1002 526//526 137//137
f 1002//1002 137//137 526//526
f 708//708 709//709 620//620
f 493//493 708//708 709//709
f 842//842 857//857 723//723
f 733//733 668//668 136//136
f 733//733 136//136 668//668
f 602//602 843//843 159//159
f 353//353 625//625 557//557
f 353//353 557//557 625//625
f 740//740 721//721 521//521
f 143//143 284//284 1005//1005
f 226//226 774//774 1089//1089
f 138//138 139//139 574//574
f 642//642 643//643 412//412
f 1028//1028 1115//1115 427//427
f 364//364 630//630 659//659
f 746//746 508//508 972//972
f 746//746 972//972 508//508
f 69//69 590//590 433//433
f 814//814 127//127 58//58
f 814//814 58//58 127//127
f 426//426 382//382 401//401
f 1120//1120 497//497 495//495
f 143//143 144//144 1005//1005
f 427//427 1115//1115 446//446
f 435//435 575//575 672//672
f 99//99 818//818 27//27
f 1120//1120 220//220 494//494
f 757//757 777//777 559//559
f 653//653 471//471 493//493
f 740//740 636//636 721//721
f 507//507 723//723 857//857
f 746//746 1050//1050 1041//1041
f 746//746 1041//1041 1050//1050
f 226//226 1099//1099 227//227
f 209//209 90//90 46//46
f 540//540 507//507 825//825
f 243//243 1181//1181 34//34
f 653//653 490//490 443//443
f 59//59 189//189 61//61
f 138//138 619//619 574//574
f 757//757 549//549 777//777
f 434//434 70//70 538//538
f 1120//1120 497//497 220//220
f 472//472 471//471 492//492
f 116//116 96//96 98//98
f 740//740 636//636 184//184
f 644//644 425//425 796//796
f 644//644 601//601 697//697
f 409//409 423//423 570//570
f 409//409 570//570 423//423
f 558//558 548//548 737//737
f 1130//1130 659//659 930//930
f 644//644 796//796 803//803
f 540//540 687//687 507//507
f 135//135 741//741 736//736
f 896//896 879//879 499//499
f 558//558 600//600 529//529
f 153//153 839//839 196//196
f 842//842 778//778 758//758
f 1172//1172 542//542 437//437
f 1172//1172 437//437 542//542
f 644//644 528//528 425//425
f 232//232 582//582 783//783
f 1060//1060 299//299 370//370
f 1060//1060 370//370 299//299
f 479//479 887//887 933//933
f 479//479 933//933 887//887
f 259//259 1176//1176 73//73
f 259//259 73//73 1176//1176
f 470//470 709//709 708//708
f 1092//1092 858//858 781//781
f 1092//1092 781//781 858//858
f 402//402 1028//1028 1020//1020
f 493//493 492//492 471//471
f 723//723 745//745 687//687
f 696//696 841//841 228//228
f 238//238 1169//1169 102//102
f 238//238 102//102 1169//1169
f 715//715 322//322 317//317
f 690//690 1181//1181 31//31
f 280//280 908//908 938//938
f 842//842 744//744 549//549
f 350//350 468//468 337//337
f 558//558 529//529 548//548
f 356//356 493//493 708//708
f 1149//1149 572//572 573//573
f 327//327 712//712 332//332
f 327//327 332//332 712//712
f 641//641 1080//1080 963//963
f 641//641 963//963 1080//1080
f 297//297 337//337 455//455
f 1042//1042 142//142 1081//1081
f 1042//1042 1081//1081 142//142
f 57//57 61//61 69//69
f 566//566 196//196 839//839
f 566//566 1062//1062 846//846
f 431//431 497//497 1034//1034
f 220//220 232//232 1146//1146
f 1136//1136 229//229 385//385
f 678//678 1154//1154 941//941
f 245//245 88//88 240//240
f 171//171 172//172 174//174
f 702//702 703//703 324//324
f 1092//1092 509//509 781//781
f 1092//1092 781//781 509//509
f 987//987 516//516 730//730
f 987//987 730//730 516//516
f 658//658 361//361 465//465
f 658//658 465//465 361//361
f 644//644 697//697 559//559
f 653//653 622//622 308//308
f 1083//1083 390//390 995//995
f 1083//1083 995//995 390//390
f 43//43 809//809 252//252
f 43//43 252//252 809//809
f 876//876 128//128 123//123
f 280//280 359//359 938//938
f 143//143 1082//1082 284//284
f 662//662 36//36 130//130
f 758//758 697//697 559//559
f 143//143 1103//1103 674//674
f 312//312 413//413 162//162
f 897//897 358//358 490//490
f 280//280 159//159 359//359
f 802//802 869//869 591//591
f 386//386 562//562 553//553
f 719//719 78//78 665//665
f 1130//1130 979//979 237//237
f 1091//1091 747//747 370//370
f 1091//1091 370//370 747//747
f 146//146 228//228 403//403
f 75//75 792//792 31//31
f 723//723 825//825 744//744
f 621//621 444//444 620//620
f 56//56 1184//1184 51//51
f 56//56 51//51 1184//1184
f 240//240 801//801 795//795
f 643//643 528//528 776//776
f 817//817 591//591 687//687
f 642//642 527//527 528//528
f 426//426 401//401 412//412
f 802//802 298//298 528//528
f 796//796 791//791 687//687
f 470//470 708//708 458//458
f 306//306 524//524 1113//1113
f 306//306 1113//1113 524//524
f 158//158 309//309 882//882
f 856//856 1021//1021 165//165
f 856//856 165//165 1021//1021
f 993//993 386//386 553//553
f 825//825 744//744 591//591
f 1071//1071 503//503 1116//1116
f 402//402 229//229 725//725
f 651//651 882//882 489//489
f 778//778 776//776 282//282
f 429//429 303//303 1061//1061
f 77//77 78//78 84//84
f 842//842 776//776 599//599
f 666//666 529//529 720//720
f 185//185 37//37 134//134
f 1165//1165 685//685 538//538
f 142//142 780//780 837//837
f 142//142 837//837 780//780
f 549//549 213//213 599//599
f 552//552 563//563 562//562
f 637//637 600//600 737//737
f 566//566 839//839 322//322
f 158//158 651//651 355//355
f 831//831 218//218 952//952
f 623//623 299//299 1059//1059
f 623//623 1059//1059 299//299
f 245//245 116//116 96//96
f 47//47 808//808 81//81
f 47//47 81//81 808//808
f 877//877 175//175 874//874
f 43//43 206//206 806//806
f 43//43 806//806 206//206
f 364//364 518//518 630//630
f 185//185 1190//1190 181//181
f 964//964 1003//1003 673//673
f 964//964 673//673 1003//1003
f 338//338 493//493 339//339
f 413//413 1028//1028 427//427
f 116//116 106//106 96//96
f 146//146 8//8 12//12
f 992//992 1082//1082 1127//1127
f 720//720 637//637 529//529
f 305//305 205//205 1061//1061
f 472//472 622//622 492//492
f 41//41 536//536 40//40
f 41//41 40//40 536//536
f 665//665 736//736 635//635
f 215//215 827//827 993//993
f 940//940 12//12 145//145
f 1022//1022 854//854 1036//1036
f 1022//1022 1036//1036 854//854
f 540//540 796//796 687//687
f 264//264 255//255 869//869
f 796//796 791//791 803//803
f 1088//1088 1085//1085 287//287
f 1088//1088 287//287 1085//1085
f 433//433 104//104 71//71
f 1060//1060 370//370 1069//1069
f 1060//1060 1069//1069 370//370
f 940//940 12//12 230//230
f 143//143 1006//1006 144//144
f 271//271 796//796 266//266
f 723//723 687//687 591//591
f 433//433 189//189 59//59
f 326//326 340//340 457//457
f 493//493 471//471 620//620
f 328//328 703//703 164//164
f 507//507 825//825 723//723
f 271//271 207//207 266//266
f 642//642 369//369 527//527
f 653//653 308//308 471//471
f 723//723 591//591 744//744
f 828//828 215//215 994//994
f 433//433 590//590 104//104
f 302//302 846//846 1062//1062
f 723//723 672//672 575//575
f 1054//1054 678//678 1008//1008
f 489//489 882//882 473//473
f 295//295 488//488 198//198
f 601//601 791//791 796//796
f 757//757 778//778 549//549
f 597//597 441//441 525//525
f 796//796 687//687 869//869
f 799//799 684//684 807//807
f 799//799 807//807 684//684
f 675//675 1104//1104 388//388
f 675//675 388//388 1104//1104
f 181//181 124//124 1186//1186
f 117//117 272//272 206//206
f 117//117 206//206 272//272
f 974//974 1127//1127 748//748
f 1120//1120 1119//1119 497//497
f 470//470 458//458 709//709
f 842//842 778//778 776//776
f 877//877 873//873 878//878
f 842//842 857//857 530//530
f 69//69 61//61 114//114
f 575//575 745//745 599//599
f 842//842 599//599 723//723
f 1136//1136 725//725 1006//1006
f 829//829 217//217 562//562
f 704//704 525//525 325//325
f 810//810 791//791 601//601
f 697//697 601//601 559//559
f 908//908 672//672 576//576
f 952//952 911//911 578//578
f 69//69 816//816 590//590
f 923//923 576//576 645//645
f 810//810 601//601 559//559
f 872//872 735//735 128//128
f 413//413 427//427 229//229
f 908//908 576//576 139//139
f 979//979 518//518 772//772
f 413//413 446//446 1018//1018
f 799//799 807//807 739//739
f 799//799 739//739 807//807
f 1151//1151 578//578 216//216
f 209//209 593//593 90//90
f 32//32 26//26 868//868
f 32//32 868//868 26//26
f 743//743 678//678 380//380
f 64//64 61//61 83//83
f 775//775 1090//1090 694//694
f 775//775 694//694 1090//1090
f 283//283 671//671 747//747
f 283//283 747//747 671//671
f 244//244 189//189 76//76
f 897//897 326//326 708//708
f 76//76 83//83 105//105
f 591//591 687//687 791//791
f 621//621 492//492 709//709
f 757//757 601//601 644//644
f 132//132 736//736 635//635
f 719//719 85//85 78//78
f 810//810 817//817 791//791
f 77//77 85//85 78//78
f 1082//1082 284//284 1127//1127
f 25//25 1154//1154 286//286
f 364//364 403//403 228//228
f 434//434 70//70 244//244
f 135//135 735//735 634//634
f 843//843 560//560 645//645
f 552//552 994//994 387//387
f 842//842 723//723 744//744
f 65//65 53//53 186//186
f 741//741 85//85 635//635
f 1027//1027 1004//1004 1017//1017
f 1027//1027 1017//1017 1004//1004
f 95//95 816//816 590//590
f 351//351 633//633 1057//1057
f 351//351 1057//1057 633//633
f 620//620 471//471 472//472
f 962//962 20//20 19//19
f 1082//1082 384//384 284//284
f 875//875 1186//1186 1191//1191
f 842//842 549//549 857//857
f 551//551 883//883 646//646
f 551//551 646//646 883//883
f 173//173 134//134 662//662
f 549//549 530//530 857//857
f 674//674 1103//1103 1005//1005
f 757//757 758//758 778//778
f 392//392 997//997 290//290
f 392//392 290//290 997//997
f 280//280 938//938 672//672
f 456//456 361//361 879//879
f 728//728 784//784 231//231
f 728//728 231//231 784//784
f 240//240 106//106 801//801
f 333//333 904//904 1160//1160
f 333//333 1160//1160 904//904
f 69//69 114//114 104//104
f 540//540 591//591 817//817
f 777//777 530//530 857//857
f 326//326 709//709 458//458
f 720//720 600//600 637//637
f 824//824 549//549 696//696
f 971//971 779//779 991//991
f 971//971 991//991 779//779
f 244//244 76//76 105//105
f 1151//1151 911//911 951//951
f 1149//1149 1089//1089 774//774
f 644//644 803//803 697//697
f 723//723 599//599 745//745
f 1136//1136 990//990 725//725
f 673//673 383//383 991//991
f 673//673 991//991 383//383
f 232//232 783//783 912//912
f 757//757 644//644 778//778
f 218//218 911//911 952//952
f 426//426 412//412 643//643
f 277//277 379//379 1079//1079
f 277//277 1079//1079 379//379
f 280//280 602//602 159//159
f 435//435 869//869 745//745
f 908//908 938//938 560//560
f 703//703 323//323 154//154
f 190//190 184//184 721//721
f 740//740 184//184 180//180
f 667//667 4//4 733//733
f 667//667 733//733 4//4
f 1049//1049 1040//1040 671//671
f 1049//1049 671//671 1040//1040
f 897//897 708//708 493//493
f 469//469 454//454 467//467
f 469//469 467//467 454//454
f 448//448 1146//1146 1119//1119
f 82//82 273//273 210//210
f 82//82 210//210 273//273
f 190//190 721//721 521//521
f 940//940 404//404 1093//1093
f 877//877 172//172 175//175
f 899//899 1146//1146 448//448
f 220//220 1146//1146 1129//1129
f 356//356 708//708 326//326
f 777//777 857//857 758//758
f 1040//1040 677//677 1043//1043
f 1040//1040 1043//1043 677//677
f 135//135 741//741 123//123
f 979//979 930//930 630//630
f 298//298 644//644 425//425
f 923//923 645//645 359//359
f 37//37 733//733 134//134
f 685//685 1170//1170 538//538
f 923//923 619//619 139//139
f 666//666 548//548 529//529
f 666//666 720//720 637//637
f 878//878 174//174 873//873
f 239//239 244//244 70//70
f 253//253 62//62 52//52
f 253//253 52//52 62//62
f 443//443 652//652 492//492
f 877//877 873//873 174//174
f 1054//1054 678//678 519//519
f 602//602 560//560 159//159
f 382//382 776//776 369//369
f 663//663 130//130 36//36
f 651//651 489//489 898//898
f 69//69 114//114 816//816
f 435//435 869//869 687//687
f 897//897 490//490 653//653
f 778//778 410//410 282//282
f 309//309 473//473 882//882
f 393//393 379//379 374//374
f 393//393 374//374 379//379
f 1092//1092 698//698 858//858
f 1092//1092 858//858 698//698
f 1079//1079 989//989 379//379
f 1079//1079 379//379 989//989
f 622//622 443//443 492//492
f 1071//1071 1070//1070 196//196
f 664//664 260//260 1178//1178
f 664//664 1178//1178 260//260
f 158//158 882//882 651//651
f 355//355 898//898 473//473
f 723//723 575//575 745//745
f 201//201 281//281 282//282
f 159//159 560//560 359//359
f 1081//1081 747//747 283//283
f 1081//1081 283//283 747//747
f 470//470 709//709 457//457
f 1165//1165 1170//1170 685//685
f 282//282 425//425 644//644
f 928//928 315//315 157//157
f 928//928 157//157 315//315
f 1087//1087 278//278 916//916
f 1087//1087 916//916 278//278
f 239//239 189//189 244//244
f 860//860 1118//1118 497//497
f 177//177 66//66 26//26
f 177//177 26//26 66//66
f 266//266 796//796 425//425
f 871//871 100//100 820//820
f 871//871 820//820 100//100
f 156//156 556//556 546//546
f 156//156 546//546 556//556
f 995//995 771//771 821//821
f 995//995 821//821 771//771
f 723//723 745//745 672//672
f 725//725 144//144 1006//1006
f 251//251 805//805 250//250
f 251//251 250//250 805//805
f 1170//1170 590//590 816//816
f 993//993 214//214 386//386
f 970//970 1131//1131 505//505
f 970//970 505//505 1131//1131
f 810//810 796//796 803//803
f 1130//1130 364//364 659//659
f 563//563 553//553 562//562
f 280//280 138//138 672//672
f 777//777 549//549 530//530
f 1028//1028 1018//1018 1115//1115
f 952//952 578//578 910//910
f 761//761 389//389 756//756
f 743//743 380//380 756//756
f 1151//1151 951//951 910//910
f 356//356 411//411 339//339
f 220//220 1146//1146 899//899
f 843//843 574//574 619//619
f 247//247 797//797 792//792
f 247//247 792//792 797//797
f 828//828 827//827 215//215
f 843//843 645//645 619//619
f 1180//1180 1166//1166 256//256
f 415//415 429//429 1061//1061
f 493//493 471//471 472//472
f 280//280 672//672 602//602
f 194//194 190//190 521//521
f 645//645 560//560 359//359
f 597//597 154//154 441//441
f 597//597 441//441 154//154
f 621//621 709//709 708//708
f 1017//1017 1004//1004 141//141
f 1017//1017 141//141 1004//1004
f 280//280 672//672 908//908
f 591//591 255//255 791//791
f 41//41 798//798 809//809
f 41//41 809//809 798//798
f 285//285 388//388 976//976
f 285//285 976//976 388//388
f 345//345 945//945 463//463
f 345//345 463//463 945//945
f 576//576 672//672 574//574
f 746//746 383//383 673//673
f 746//746 673//673 383//383
f 769//769 24//24 969//969
f 769//769 969//969 24//24
f 908//908 672//672 938//938
f 424//424 411//411 357//357
f 829//829 216//216 578//578
f 112//112 68//68 682//682
f 112//112 682//682 68//68
f 643//643 776//776 382//382
f 899//899 448//448 494//494
f 646//646 924//924 550//550
f 646//646 550//550 924//924
f 87//87 256//256 1180//1180
f 1008//1008 678//678 941//941
f 1180//1180 256//256 801//801
f 95//95 816//816 78//78
f 95//95 78//78 816//816
f 648//648 699//699 861//861
f 648//648 861//861 699//699
f 434//434 244//244 105//105
f 840//840 525//525 598//598
f 934//934 515//515 985//985
f 934//934 985//985 515//515
f 653//653 493//493 492//492
f 140//140 577//577 949//949
f 140//140 949//949 577//577
f 1130//1130 518//518 979//979
f 1108//1108 680//680 1055//1055
f 1108//1108 1055//1055 680//680
f 842//842 672//672 410//410
f 445//445 1041//1041 1017//1017
f 445//445 1017//1017 1041//1041
f 614//614 886//886 416//416
f 954//954 577//577 949//949
f 954//954 949//949 577//577
f 191//191 192//192 187//187
f 191//191 187//187 192//192
f 975//975 506//506 1040//1040
f 975//975 1040//1040 506//506
f 724//724 826//826 780//780
f 724//724 780//780 826//826
f 240//240 89//89 801//801
f 93//93 208//208 592//592
f 93//93 592//592 208//208
f 923//923 139//139 576//576
f 779//779 140//140 1095//1095
f 779//779 1095//1095 140//140
f 602//602 560//560 843//843
f 589//589 260//260 1178//1178
f 589//589 1178//1178 260//260
f 266//266 207//207 687//687
f 587//587 790//790 814//814
f 587//587 814//814 790//790
f 1015//1015 1025//1025 397//397
f 814//814 75//75 790//790
f 814//814 790//790 75//75
f 708//708 620//620 444//444
f 1071//1071 461//461 884//884
f 613//613 853//853 691//691
f 613//613 691//691 853//853
f 1108//1108 391//391 762//762
f 1108//1108 762//762 391//391
f 1157//1157 728//728 583//583
f 1157//1157 583//583 728//728
f 1177//1177 42//42 586//586
f 1177//1177 586//586 42//42
f 431//431 1034//1034 494//494
f 586//586 55//55 50//50
f 586//586 50//50 55//55
f 644//644 601//601 796//796
f 259//259 75//75 1176//1176
f 259//259 1176//1176 75//75
f 644//644 559//559 601//601
f 188//188 126//126 192//192
f 188//188 192//192 126//126
f 808//808 537//537 41//41
f 808//808 41//41 537//537
f 706//706 157//157 856//856
f 706//706 856//856 157//157
f 413//413 311//311 162//162
f 470//470 491//491 709//709
f 789//789 224//224 414//414
f 789//789 414//414 224//224
f 370//370 747//747 671//671
f 370//370 671//671 747//747
f 228//228 8//8 773//773
f 800//800 868//868 794//794
f 800//800 794//794 868//868
f 373//373 989//989 379//379
f 373//373 379//379 989//989
f 341//341 474//474 300//300
f 341//341 300//300 474//474
f 341//341 976//976 459//459
f 341//341 459//459 976//976
f 266//266 425//425 298//298
f 684//684 1163//1163 807//807
f 684//684 807//807 1163//1163
f 429//429 416//416 205//205
f 1177//1177 258//258 42//42
f 1177//1177 42//42 258//258
f 520//520 799//799 739//739
f 520//520 739//739 799//799
f 163//163 442//442 1114//1114
f 163//163 1114//1114 442//442
f 1162//1162 739//739 54//54
f 1162//1162 54//54 739//739
f 358//358 652//652 490//490
f 1162//1162 683//683 739//739
f 1162//1162 739//739 683//683
f 695//695 354//354 641//641
f 695//695 641//641 354//354
f 1162//1162 26//26 683//683
f 1162//1162 683//683 26//26
f 1170//1170 103//103 538//538
f 1136//1136 143//143 1005//1005
f 563//563 387//387 553//553
f 1039//1039 1080//1080 963//963
f 1039//1039 963//963 1080//1080
f 9//9 288//288 148//148
f 9//9 148//148 288//288
f 441//441 1113//1113 296//296
f 926//926 553//553 562//562
f 269//269 111//111 81//81
f 269//269 81//81 111//111
f 920//920 615//615 598//598
f 1020//1020 1028//1028 1018//1018
f 970//970 963//963 505//505
f 970//970 505//505 963//963
f 398//398 1089//1089 573//573
f 456//456 354//354 641//641
f 456//456 641//641 354//354
f 922//922 775//775 823//823
f 922//922 823//823 775//775
f 922//922 617//617 775//775
f 922//922 775//775 617//617
f 194//194 521//521 740//740
f 980//980 1144//1144 516//516
f 980//980 516//516 1144//1144
f 616//616 921//921 469//469
f 616//616 469//469 921//921
f 897//897 358//358 652//652
f 298//298 425//425 528//528
f 212//212 937//937 822//822
f 212//212 822//822 937//937
f 1001//1001 822//822 937//937
f 1001//1001 937//937 822//822
f 828//828 386//386 214//214
f 353//353 557//557 1067//1067
f 353//353 1067//1067 557//557
f 715//715 1071//1071 566//566
f 1002//1002 937//937 526//526
f 1002//1002 526//526 937//937
f 877//877 874//874 873//873
f 270//270 75//75 33//33
f 270//270 33//33 75//75
f 705//705 526//526 547//547
f 705//705 547//547 526//526
f 7//7 405//405 235//235
f 1136//1136 1005//1005 725//725
f 896//896 705//705 526//526
f 896//896 526//526 705//705
f 939//939 9//9 10//10
f 705//705 1016//1016 1026//1026
f 705//705 1026//1026 1016//1016
f 1136//1136 725//725 1151//1151
f 952//952 910//910 951//951
f 239//239 61//61 189//189
f 556//556 381//381 546//546
f 556//556 546//546 381//381
f 301//301 196//196 1071//1071
f 307//307 381//381 504//504
f 307//307 504//504 381//381
f 307//307 155//155 381//381
f 307//307 381//381 155//155
f 896//896 442//442 1114//1114
f 896//896 1114//1114 442//442
f 842//842 599//599 410//410
f 485//485 154//154 892//892
f 1143//1143 836//836 834//834
f 1143//1143 834//834 836//836
f 710//710 603//603 371//371
f 710//710 371//371 603//603
f 225//225 1025//1025 399//399
f 920//920 525//525 615//615
f 1089//1089 1135//1135 722//722
f 1162//1162 683//683 1173//1173
f 1162//1162 1173//1173 683//683
f 1060//1060 481//481 299//299
f 1060//1060 299//299 481//481
f 181//181 1190//1190 124//124
f 896//896 713//713 879//879
f 722//722 1135//1135 227//227
f 21//21 288//288 1084//1084
f 572//572 1150//1150 573//573
f 163//163 313//313 1114//1114
f 163//163 1114//1114 313//313
f 540//540 687//687 591//591
f 134//134 733//733 65//65
f 952//952 951//951 911//911
f 1083//1083 995//995 1047//1047
f 1083//1083 1047//1047 995//995
f 239//239 83//83 76//76
f 586//586 42//42 55//55
f 586//586 55//55 42//42
f 1149//1149 573//573 1089//1089
f 220//220 783//783 232//232
f 906//906 948//948 1078//1078
f 906//906 1078//1078 948//948
f 341//341 885//885 347//347
f 341//341 347//347 885//885
f 840//840 468//468 640//640
f 297//297 455//455 200//200
f 297//297 640//640 468//468
f 364//364 773//773 630//630
f 1089//1089 1015//1015 774//774
f 154//154 323//323 306//306
f 398//398 226//226 1089//1089
f 225//225 399//399 227//227
f 185//185 181//181 65//65
f 1015//1015 397//397 227//227
f 650//650 200//200 840//840
f 43//43 206//206 252//252
f 43//43 252//252 206//206
f 964//964 561//561 550//550
f 964//964 550//550 561//561
f 1015//1015 227//227 774//774
f 840//840 640//640 325//325
f 840//840 325//325 525//525
f 1155//1155 727//727 1140//1140
f 201//201 410//410 575//575
f 1015//1015 441//441 1025//1025
f 296//296 199//199 1025//1025
f 979//979 518//518 751//751
f 1049//1049 1040//1040 506//506
f 1049//1049 506//506 1040//1040
f 940//940 147//147 943//943
f 296//296 1113//1113 199//199
f 621//621 620//620 472//472
f 441//441 1025//1025 154//154
f 441//441 154//154 1025//1025
f 102//102 44//44 588//588
f 102//102 588//588 44//44
f 441//441 524//524 1113//1113
f 685//685 590//590 538//538
f 1089//1089 399//399 1135//1135
f 597//597 524//524 441//441
f 485//485 306//306 154//154
f 364//364 228//228 773//773
f 597//597 598//598 524//524
f 488//488 894//894 294//294
f 598//598 525//525 1113//1113
f 441//441 154//154 306//306
f 855//855 694//694 775//775
f 855//855 775//775 694//694
f 154//154 1113//1113 306//306
f 759//759 1096//1096 371//371
f 759//759 371//371 1096//1096
f 486//486 893//893 892//892
f 266//266 687//687 796//796
f 326//326 458//458 340//340
f 112//112 26//26 68//68
f 112//112 68//68 26//26
f 441//441 296//296 1025//1025
f 259//259 1182//1182 1176//1176
f 259//259 1176//1176 1182//1182
f 295//295 895//895 488//488
f 488//488 895//895 894//894
f 487//487 894//894 895//895
f 679//679 754//754 1107//1107
f 679//679 1107//1107 754//754
f 399//399 227//227 1135//1135
f 731//731 584//584 1158//1158
f 731//731 1158//1158 584//584
f 487//487 197//197 294//294
f 474//474 851//851 347//347
f 474//474 347//347 851//851
f 198//198 294//294 197//197
f 647//647 204//204 1073//1073
f 647//647 1073//1073 204//204
f 855//855 694//694 618//618
f 855//855 618//618 694//694
f 1122//1122 606//606 449//449
f 1122//1122 449//449 606//606
f 295//295 198//198 197//197
f 962//962 198//198 20//20
f 621//621 491//491 444//444
f 295//295 294//294 198//198
f 398//398 1150//1150 226//226
f 961//961 20//20 198//198
f 1071//1071 196//196 461//461
f 1190//1190 65//65 1186//1186
f 225//225 397//397 1025//1025
f 265//265 31//31 268//268
f 432//432 535//535 502//502
f 432//432 502//502 535//535
f 670//670 893//893 1102//1102
f 961//961 1102//1102 893//893
f 19//19 486//486 670//670
f 532//532 607//607 430//430
f 532//532 430//430 607//607
f 19//19 892//892 486//486
f 881//881 616//616 469//469
f 881//881 469//469 616//616
f 1149//1149 774//774 572//572
f 66//66 268//268 119//119
f 66//66 119//119 268//268
f 75//75 790//790 67//67
f 75//75 67//67 790//790
f 485//485 889//889 893//893
f 355//355 473//473 309//309
f 486//486 892//892 154//154
f 810//810 697//697 803//803
f 356//356 357//357 411//411
f 154//154 306//306 324//324
f 87//87 95//95 85//85
f 597//597 525//525 598//598
f 702//702 323//323 703//703
f 702//702 894//894 487//487
f 341//341 474//474 976//976
f 341//341 976//976 474//474
f 66//66 31//31 268//268
f 66//66 268//268 31//31
f 860//860 523//523 701//701
f 757//757 778//778 777//777
f 456//456 344//344 343//343
f 183//183 189//189 61//61
f 456//456 879//879 614//614
f 662//662 130//130 733//733
f 171//171 174//174 878//878
f 757//757 559//559 601//601
f 896//896 155//155 307//307
f 896//896 307//307 155//155
f 1054//1054 912//912 1154//1154
f 539//539 795//795 256//256
f 662//662 2//2 75//75
f 662//662 75//75 2//2
f 139//139 576//576 574//574
f 961//961 485//485 892//892
f 38//38 170//170 176//176
f 38//38 176//176 170//170
f 1089//1089 399//399 1025//1025
f 435//435 672//672 207//207
f 1015//1015 306//306 1113//1113
f 1015//1015 1113//1113 306//306
f 662//662 136//136 2//2
f 1152//1152 1137//1137 11//11
f 1152//1152 11//11 1137//1137
f 1138//1138 388//388 976//976
f 1138//1138 976//976 388//388
f 670//670 486//486 893//893
f 402//402 725//725 578//578
f 402//402 578//578 725//725
f 927//927 21//21 879//879
f 289//289 22//22 968//968
f 289//289 968//968 22//22
f 1083//1083 1105//1105 995//995
f 1083//1083 995//995 1105//1105
f 280//280 938//938 138//138
f 202//202 1060//1060 1059//1059
f 202//202 1059//1059 1060//1060
f 284//284 384//384 513//513
f 285//285 22//22 965//965
f 285//285 965//965 22//22
f 495//495 447//447 494//494
f 957//957 1063//1063 482//482
f 957//957 482//482 1063//1063
f 829//829 832//832 217//217
f 12//12 145//145 230//230
f 1114//1114 1123//1123 902//902
f 1114//1114 902//902 1123//1123
f 870//870 44//44 588//588
f 870//870 588//588 44//44
f 1136//1136 578//578 725//725
f 496//496 1116//1116 1117//1117
f 704//704 598//598 525//525
f 824//824 400//400 213//213
f 779//779 953//953 140//140
f 779//779 140//140 953//953
f 483//483 888//888 628//628
f 483//483 628//628 888//888
f 908//908 602//602 672//672
f 28//28 871//871 820//820
f 28//28 820//820 871//871
f 779//779 577//577 140//140
f 779//779 140//140 577//577
f 712//712 362//362 332//332
f 712//712 332//332 362//362
f 327//327 711//711 712//712
f 327//327 712//712 711//711
f 232//232 956//956 8//8
f 232//232 8//8 956//956
f 988//988 768//768 368//368
f 993//993 553//553 387//387
f 1041//1041 1052//1052 1050//1050
f 1041//1041 1050//1050 1052//1052
f 825//825 530//530 744//744
f 1030//1030 1018//1018 229//229
f 201//201 410//410 599//599
f 226//226 1150//1150 774//774
f 637//637 600//600 529//529
f 1185//1185 872//872 876//876
f 1041//1041 1050//1050 1153//1153
f 1041//1041 1153//1153 1050//1050
f 723//723 207//207 672//672
f 859//859 428//428 604//604
f 859//859 604//604 428//428
f 373//373 676//676 966//966
f 373//373 966//966 676//676
f 146//146 8//8 228//228
f 507//507 744//744 825//825
f 251//251 805//805 804//804
f 251//251 804//804 805//805
f 898//898 489//489 473//473
f 148//148 16//16 149//149
f 270//270 33//33 1175//1175
f 270//270 1175//1175 33//33
f 1015//1015 199//199 1113//1113
f 923//923 843//843 619//619
f 12//12 1007//1007 145//145
f 1013//1013 14//14 1007//1007
f 1093//1093 782//782 1007//1007
f 511//511 748//748 514//514
f 219//219 216//216 830//830
f 605//605 531//531 1070//1070
f 1139//1139 579//579 726//726
f 380//380 678//678 1054//1054
f 21//21 942//942 9//9
f 724//724 780//780 142//142
f 724//724 142//142 780//780
f 1149//1149 573//573 918//918
f 1022//1022 1037//1037 417//417
f 1022//1022 417//417 1037//1037
f 171//171 175//175 172//172
f 922//922 627//627 617//617
f 922//922 617//617 627//627
f 830//830 216//216 750//750
f 487//487 894//894 890//890
f 810//810 559//559 697//697
f 84//84 78//78 95//95
f 1120//1120 494//494 1119//1119
f 829//829 217//217 1128//1128
f 244//244 76//76 83//83
f 1015//1015 1025//1025 199//199
f 362//362 654//654 332//332
f 362//362 332//332 654//654
f 774//774 722//722 227//227
f 398//398 573//573 1150//1150
f 314//314 360//360 654//654
f 314//314 654//654 360//360
f 719//719 635//635 85//85
f 220//220 1129//1129 783//783
f 952//952 581//581 913//913
f 653//653 492//492 622//622
f 1143//1143 221//221 834//834
f 1143//1143 834//834 221//221
f 245//245 795//795 97//97
f 460//460 343//343 344//344
f 298//298 528//528 644//644
f 564//564 1094//1094 403//403
f 939//939 942//942 9//9
f 939//939 9//9 942//942
f 369//369 776//776 527//527
f 634//634 522//522 635//635
f 736//736 3//3 735//735
f 1170//1170 538//538 590//590
f 992//992 1082//1082 978//978
f 31//31 34//34 1181//1181
f 1083//1083 1105//1105 1046//1046
f 1083//1083 1046//1046 1105//1105
f 540//540 817//817 803//803
f 1089//1089 1025//1025 1015//1015
f 604//604 929//929 626//626
f 604//604 626//626 929//929
f 621//621 620//620 709//709
f 93//93 108//108 211//211
f 93//93 211//211 108//108
f 87//87 72//72 590//590
f 87//87 590//590 72//72
f 69//69 433//433 114//114
f 382//382 369//369 401//401
f 879//879 713//713 614//614
f 713//713 330//330 900//900
f 713//713 900//900 330//330
f 725//725 578//578 1151//1151
f 181//181 268//268 31//31
f 515//515 861//861 699//699
f 515//515 699//699 861//861
f 1170//1170 541//541 594//594
f 923//923 159//159 619//619
f 285//285 759//759 371//371
f 285//285 371//371 759//759
f 1151//1151 578//578 911//911
f 118//118 29//29 112//112
f 118//118 112//112 29//29
f 688//688 819//819 685//685
f 496//496 196//196 301//301
f 1188//1188 123//123 128//128
f 273//273 1167//1167 261//261
f 273//273 261//261 1167//1167
f 245//245 240//240 795//795
f 783//783 582//582 1154//1154
f 1019//1019 422//422 1018//1018
f 751//751 518//518 364//364
f 1168//1168 815//815 1164//1164
f 1168//1168 1164//1164 815//815
f 305//305 429//429 205//205
f 1172//1172 542//542 107//107
f 1172//1172 107//107 542//542
f 1183//1183 741//741 135//135
f 43//43 91//91 206//206
f 43//43 206//206 91//91
f 972//972 1051//1051 1044//1044
f 972//972 1044//1044 1051//1051
f 87//87 84//84 95//95
f 1136//1136 1006//1006 143//143
f 129//129 1189//1189 127//127
f 129//129 127//127 1189//1189
f 812//812 252//252 809//809
f 812//812 809//809 252//252
f 470//470 458//458 491//491
f 413//413 427//427 446//446
f 478//478 344//344 456//456
f 478//478 456//456 344//344
f 63//63 52//52 51//51
f 63//63 51//51 52//52
f 922//922 456//456 617//617
f 922//922 617//617 456//456
f 822//822 223//223 986//986
f 822//822 986//986 223//223
f 41//41 595//595 798//798
f 41//41 798//798 595//595
f 808//808 242//242 81//81
f 808//808 81//81 242//242
f 1130//1130 979//979 751//751
f 598//598 1113//1113 524//524
f 295//295 962//962 19//19
f 910//910 913//913 581//581
f 118//118 29//29 68//68
f 118//118 68//68 29//29
f 131//131 38//38 178//178
f 131//131 178//178 38//38
f 696//696 599//599 841//841
f 907//907 1002//1002 937//937
f 907//907 937//937 1002//1002
f 927//927 942//942 21//21
f 456//456 354//354 1068//1068
f 456//456 1068//1068 354//354
f 989//989 393//393 374//374
f 989//989 374//374 393//393
f 816//816 114//114 104//104
f 724//724 826//826 833//833
f 724//724 833//833 826//826
f 1089//1089 722//722 774//774
f 115//115 105//105 83//83
f 1121//1121 287//287 1031//1031
f 1121//1121 1031//1031 287//287
f 993//993 994//994 386//386
f 232//232 956//956 582//582
f 922//922 617//617 329//329
f 922//922 329//329 617//617
f 552//552 387//387 563//563
f 565//565 844//844 628//628
f 565//565 628//628 844//844
f 748//748 284//284 384//384
f 510//510 1142//1142 973//973
f 510//510 973//973 1142//1142
f 269//269 868//868 32//32
f 269//269 32//32 868//868
f 204//204 848//848 439//439
f 204//204 439//439 848//848
f 498//498 894//894 702//702
f 1119//1119 1034//1034 497//497
f 201//201 599//599 776//776
f 778//778 644//644 697//697
f 1152//1152 11//11 279//279
f 1152//1152 279//279 11//11
f 510//510 973//973 512//512
f 510//510 512//512 973//973
f 696//696 549//549 599//599
f 845//845 640//640 297//297
f 146//146 232//232 8//8
f 1071//1071 203//203 862//862
f 980//980 981//981 1144//1144
f 980//980 1144//1144 981//981
f 511//511 384//384 992//992
f 248//248 274//274 275//275
f 1165//1165 113//113 103//103
f 225//225 227//227 397//397
f 310//310 340//340 714//714
f 599//599 213//213 841//841
f 326//326 492//492 709//709