# https://github.com/mikedh/trimesh
v 0.03560900 -0.01973400 0.01880900
v 0.01585100 0.03280000 -0.02632500
v -0.03063100 -0.02139400 -0.00828500
v 0.03191700 0.02066800 -0.02213500
v 0.03061100 0.02053800 -0.02510600
v 0.02615500 -0.03017600 0.02017700
v 0.02231900 0.03041500 -0.02354800
v 0.02944700 -0.01635500 0.02809500
v 0.03125400 0.00554800 -0.03183700
v -0.03610500 0.00151800 -0.02762300
v -0.01142200 -0.01932000 -0.03381900
v -0.01188800 0.02684700 0.02127700
v -0.01602900 0.02363600 0.02264600
v 0.02839500 0.02639000 -0.02029800
v 0.01718000 -0.02130400 0.03354500
v 0.03617300 -0.01983000 0.01626400
v 0.01829000 0.03412800 -0.02062400
v 0.02863800 -0.02566200 0.01791100
v 0.02867900 0.02030700 -0.02800100
v 0.03058200 -0.02775000 0.01940900
v 0.03273200 -0.02910600 0.02421800
v 0.02847800 -0.02936100 0.01954400
v 0.03368400 -0.01976300 0.01878600
v 0.01312700 0.02826900 -0.03217300
v 0.02669500 -0.01766700 0.02944800
v 0.02013600 -0.02421700 0.02822700
v 0.03405700 0.01732600 -0.02139500
v 0.01790700 -0.02746600 0.02798500
v -0.03366100 -0.02008400 -0.00519500
v -0.03416900 0.00155900 -0.02986600
v -0.03185200 0.00158100 -0.03196700
v -0.01058100 -0.02087100 -0.03204800
v 0.02794800 -0.00744600 0.02777800
v 0.02585100 -0.03126300 0.02324100
v 0.00445800 -0.02144500 0.03497500
v 0.00450600 -0.02465000 -0.02022800
v 0.03086300 0.01490400 -0.02900000
v 0.01582200 0.00044600 0.02571800
v -0.03577000 -0.01752500 -0.01833600
v -0.03360400 -0.01709600 -0.02409800
v -0.03855900 -0.01096500 -0.02333000
v -0.03514700 -0.01093800 -0.02792100
v -0.01857800 -0.02009700 -0.03110100
v -0.02603600 -0.01625700 -0.03184200
v -0.02613800 -0.01741300 -0.03095400
v 0.00460700 -0.02306700 -0.02806700
v 0.01189200 -0.02798200 0.03572100
v -0.01389100 -0.02381300 -0.02143300
v 0.00394500 -0.02962200 0.03047100
v 0.00997900 -0.03072200 0.03470100
v 0.03148400 -0.02990700 0.02067500
v 0.00798200 -0.03139300 0.03323200
v 0.02792800 0.00969800 -0.03335600
v 0.03042800 0.00959500 -0.03151600
v 0.02762800 -0.03011500 0.02538900
v 0.02863000 0.00560300 -0.03374700
v -0.03458500 -0.00707300 -0.02957200
v -0.03660000 -0.00211700 -0.02756000
v -0.03676000 -0.00541000 -0.02741000
v -0.02161400 0.01872400 0.02891600
v 0.01564300 -0.02570500 0.03472000
v 0.03986900 0.00187900 0.02340700
v 0.04002100 0.00520300 -0.01372900
v 0.02186900 -0.02563800 0.02708500
v 0.00925300 -0.02746600 0.01498700
v 0.02404000 -0.00824500 0.02978300
v 0.03685600 -0.01687400 0.00452800
v 0.03110900 -0.01328600 0.02581400
v 0.00404000 0.03959600 -0.01781200
v 0.00438700 0.00269200 0.03618100
v 0.03773200 0.01342400 -0.00584300
v 0.02159700 -0.00961300 0.03174900
v 0.00448500 0.01917800 -0.03771400
v -0.04043800 -0.01406100 -0.00884700
v -0.04193300 -0.00260600 -0.01303800
v -0.04167800 -0.00578200 -0.01715900
v -0.04125000 0.00123200 -0.01042000
v -0.03422500 0.00548600 0.02715000
v -0.03280000 0.00539500 0.02529600
v -0.00397300 0.01535900 0.03598200
v -0.01776900 0.01872700 0.03081400
v -0.00920200 -0.01547400 -0.03687800
v -0.02147400 0.02459200 0.01631700
v -0.02493600 -0.02082000 -0.02596500
v 0.02449900 -0.01151200 0.03062100
v 0.02924700 0.02704100 -0.01204800
v 0.01809900 0.00032200 0.02395000
v 0.02845100 -0.02338800 0.01203300
v 0.00398600 0.03821300 -0.02297500
v 0.02324300 0.00263200 0.02164900
v 0.03404400 -0.01930200 0.00818700
v 0.03364100 0.01508400 -0.02488100
v -0.03732100 -0.01316900 -0.02358000
v -0.03597000 -0.01541900 -0.02299800
v -0.02451200 0.00942500 0.03372900
v -0.02881000 0.00924600 0.03125600
v -0.03040300 0.00873900 0.02951000
v -0.02682100 0.01110200 0.03345100
v -0.01735000 -0.01882400 -0.03294900
v -0.02195500 -0.01540000 -0.03406200
v -0.02229300 -0.00919300 -0.03623200
v -0.00857100 0.02411400 0.02562200
v -0.00814500 0.02723700 0.02250000
v 0.03667500 0.01355400 -0.01744000
v 0.03622100 -0.01569900 0.02045500
v 0.03776100 -0.01433200 0.00872000
v 0.04130800 0.00082000 0.01678200
v 0.02290500 -0.02671900 0.02012700
v 0.00976400 0.00193600 0.03496500
v 0.00936800 -0.02603300 0.00518000
v 0.03708900 -0.01864500 0.01413100
v 0.01855400 0.03476400 -0.01739700
v 0.00803600 0.03918000 -0.01493800
v 0.03100700 -0.01092300 0.02645300
v 0.01373500 0.01029700 -0.03869800
v 0.01532000 -0.01423300 0.03327400
v 0.03979200 -0.01193000 0.00482300
v 0.01159400 0.03726200 -0.00052500
v 0.01637900 -0.02914900 0.02671500
v 0.00435800 -0.02559300 -0.00826800
v 0.02193900 -0.02587100 0.01714900
v 0.01101300 -0.00315100 0.03357100
v 0.02209300 0.00573200 -0.03700700
v 0.03815800 -0.01666800 0.01369400
v 0.00406100 0.04005000 -0.00844000
v 0.00835300 0.02622900 -0.03450100
v 0.00435600 0.02304200 -0.03637300
v -0.04060300 0.00122300 -0.01732000
v -0.01410600 0.01843800 0.03258100
v -0.01066400 0.00606400 0.03952000
v -0.01411700 -0.00629500 -0.03893900
v -0.01416700 -0.00253200 -0.03934100
v -0.00954500 -0.00638300 -0.03958400
v -0.01149500 0.02936300 0.01820200
v -0.01316700 0.02113500 0.02782300
v -0.00426800 0.00788100 0.03808400
v 0.00000000 0.01101700 0.03377100
v -0.00771300 0.03695600 0.00578700
v -0.00387200 0.03643200 0.00987000
v -0.01875600 -0.02411800 -0.01137400
v 0.02013700 -0.01838500 0.03163400
v 0.02610200 0.02859500 -0.02056300
v 0.00403500 0.03977600 -0.00490100
v 0.02518200 -0.02463000 0.01273500
v 0.01821000 -0.02493200 0.00463900
v 0.01566300 -0.00592000 0.03001800
v 0.03273700 -0.00178000 0.02451700
v 0.00962100 -0.03024200 0.02316400
v 0.02582100 -0.00196200 0.02166300
v 0.04154500 -0.00259300 0.00475500
v 0.01633900 0.02202500 -0.03456500
v 0.01940800 0.02265300 -0.03311100
v 0.04117500 -0.00598500 0.00903100
v -0.04013200 -0.01376100 -0.01522700
v -0.01672400 0.01225700 0.03792900
v -0.00877000 0.00421300 0.03878600
v -0.01270100 0.00480600 0.03381200
v -0.02676100 0.00812600 0.02514100
v -0.02594200 0.00487300 0.02210300
v -0.04199900 -0.00261700 -0.00698900
v -0.00464600 0.00167500 -0.04047100
v -0.01398800 -0.00967200 -0.03829000
v -0.00398100 0.03027800 0.02000300
v -0.00389300 0.03273100 0.01669300
v -0.01457100 0.03063600 0.01382300
v 0.02717400 0.02572200 0.00366900
v 0.01509000 0.03580900 -0.00042800
v 0.03860300 -0.00944100 0.01738300
v 0.04153300 -0.00276600 0.01714600
v 0.01156400 -0.01144000 0.03348600
v 0.02138500 0.03313700 -0.00501100
v 0.02566300 -0.00591200 0.02465000
v 0.01794800 -0.02581000 0.01407900
v 0.01374200 -0.02609000 0.01027400
v 0.02569500 -0.00415200 0.02298200
v -0.01832000 -0.02476700 0.00146000
v 0.04124100 0.00110500 0.00448700
v 0.02595900 0.00042600 0.02121800
v 0.03126000 0.00306900 0.02322400
v 0.01531000 0.03654200 -0.00568200
v 0.01856500 0.03495500 -0.00594400
v 0.03482100 0.00103200 0.02657200
v -0.04189700 -0.00878300 -0.01539700
v -0.03636400 -0.01791200 -0.01395400
v -0.00906000 0.01370700 0.03913800
v -0.01204600 0.01472400 0.03806000
v -0.03359100 0.01712900 0.01785100
v -0.01446200 0.00819500 0.03870300
v -0.01796200 0.00730100 0.03610900
v -0.02928600 0.00515500 0.02300100
v -0.01398300 0.00535400 0.03114200
v -0.02652700 0.00687800 0.02350200
v -0.03078200 0.00708000 0.02514700
v -0.03729400 0.01341000 0.01426400
v -0.03120500 0.02016600 0.01148000
v -0.01753800 -0.01706100 -0.03435700
v -0.01805800 -0.01237600 -0.03657600
v -0.01740600 0.02859900 0.01431800
v 0.00528800 -0.02984900 0.02400800
v 0.00932700 -0.02873800 0.01929500
v 0.01377100 0.00323500 0.02853700
v 0.02588500 -0.00733900 0.02670800
v -0.00965500 -0.02521300 -0.00971000
v 0.01688500 0.01841400 -0.03584100
v 0.02215800 0.02252400 -0.03179400
v 0.04045600 0.00508700 -0.00236200
v 0.03374400 0.02086400 -0.00777200
v -0.04140500 -0.01145600 -0.01403100
v -0.03874100 -0.01607900 -0.01207900
v -0.03222900 -0.01894400 -0.02170700
v -0.04169100 -0.00261900 0.00061600
v -0.04055200 0.00510400 0.01112000
v -0.03914400 0.00942500 0.01529100
v -0.02880700 0.02302500 0.00701500
v -0.02417900 0.02369800 0.01447500
v -0.00497100 0.01040600 0.03904600
v -0.01119500 0.03340200 0.01184000
v 0.03222800 -0.00411200 0.02621300
v 0.03907300 -0.01679700 0.01822000
v 0.02064800 0.03213700 0.00137100
v 0.01170600 0.03746200 -0.01921800
v 0.02879400 0.00293300 0.02206800
v 0.02237800 -0.02417900 0.00392300
v 0.03393900 -0.00207100 0.02667500
v 0.01091200 -0.01411800 0.03400700
v 0.02331400 0.03013300 0.00135100
v 0.00932100 0.01042800 -0.03934500
v 0.00910900 0.01483800 -0.03848500
v 0.01582400 0.02518800 -0.03313500
v 0.02036700 0.01803900 -0.03471600
v 0.03119400 0.02407900 -0.00582100
v -0.01247300 0.00475800 0.03549300
v -0.04124700 0.00113500 -0.00350100
v -0.00933400 -0.01285000 -0.03800600
v -0.01473500 0.03478700 0.00434600
v -0.01124100 0.03489200 0.00853300
v 0.02045000 0.02073900 0.02425800
v 0.02652200 0.01631900 0.03128100
v 0.02597300 0.00157400 -0.03567000
v -0.03677800 0.00944600 -0.02269900
v -0.03223500 0.01561200 -0.02681800
v -0.02839500 0.02639000 -0.02029800
v -0.02695800 -0.01786000 0.02944800
v -0.02291700 -0.02612900 0.02513700
v -0.02500400 0.00982900 -0.03502800
v -0.01334200 0.03068300 -0.03019500
v 0.00000000 0.03211400 -0.03148500
v -0.02449900 -0.01151200 0.03062100
v -0.00956200 -0.02517200 0.03683700
v 0.00000000 0.02954400 -0.03327500
v 0.02391900 -0.03011200 0.02146000
v 0.02418300 0.03116400 -0.01724000
v 0.03990600 -0.01721200 0.01582000
v 0.01607700 -0.01257400 0.03287500
v 0.01387500 -0.02892700 0.02284600
v 0.02468500 -0.01483200 0.03023800
v 0.01224400 0.02577300 -0.03391500
v 0.03731000 -0.00367200 0.02513900
v 0.02426700 0.01389000 -0.03431700
v 0.03040400 -0.02008600 0.02757200
v 0.01004100 0.00006700 0.03413400
v 0.00906700 0.00033100 0.03546800
v 0.03858600 -0.01499000 0.01495200
v 0.03559400 -0.01786600 0.02048000
v 0.00860100 0.02284300 -0.03601700
v -0.01881500 0.01621400 0.03487600
v -0.00495800 0.00542700 0.03725600
v -0.03485400 0.01165800 0.02700000
v -0.03263100 0.02036300 0.00467800
v -0.01078900 -0.01765700 -0.03536000
v -0.00476600 -0.00985800 -0.03927100
v -0.01488100 0.02715000 0.01889900
v -0.00575700 0.00600900 0.03894600
v 0.00000000 0.03682000 0.01013100
v -0.01842400 -0.02357200 -0.01854500
v -0.02263800 -0.02277400 -0.01886100
v 0.00868900 0.00266900 0.03631500
v 0.00991200 0.00334900 0.03675400
v 0.01786700 0.01014400 -0.03775200
v 0.01829400 -0.00760900 0.03112900
v 0.04095100 0.00094800 0.02049800
v 0.01208000 0.00390500 0.03198800
v 0.01076000 -0.03268700 0.02813800
v 0.01541300 0.03649500 -0.01640200
v 0.02740900 -0.02444700 0.02818400
v 0.01302300 0.01875800 -0.03672800
v 0.02798700 -0.01027400 0.02883000
v 0.03423100 -0.01753500 0.02069100
v 0.03423200 -0.00986700 0.02442000
v 0.00726300 -0.00010400 0.03574700
v 0.00371100 -0.00512300 0.03535500
v 0.00886200 0.01902800 -0.03735800
v 0.03905300 -0.00437700 0.02348500
v 0.02163700 0.00998300 -0.03651100
v 0.03795100 -0.01386500 0.01322000
v 0.00407100 0.04006900 -0.01368600
v 0.01545900 -0.00759400 0.03273800
v 0.04034200 0.00513900 -0.00765700
v 0.03930700 0.00928200 -0.00461100
v 0.01880100 -0.02665200 0.02299700
v 0.03156400 0.02414300 -0.01076500
v -0.03971500 -0.01427200 -0.00141900
v -0.03656100 -0.01817900 -0.00891800
v -0.04162800 -0.01162900 -0.00944300
v -0.04240600 -0.00596200 -0.00968000
v -0.03333700 0.01549800 0.02400700
v -0.03590600 0.01268400 0.02314300
v -0.03514700 0.01698700 0.00934400
v -0.00470500 -0.01292500 -0.03834900
v -0.01842800 0.00154700 -0.03848900
v -0.00958400 -0.00256500 -0.03999500
v 0.00000000 0.03510500 0.01361600
v -0.00390200 0.03765700 0.00622000
v -0.02854100 -0.01884700 -0.02766000
v 0.00877000 0.00421300 0.03878600
v 0.02983800 0.00832000 0.02636900
v 0.01554200 0.00509200 0.02783100
v 0.04212200 -0.00602200 -0.00333500
v -0.01371500 -0.02672800 0.01458700
v 0.02928600 0.00515500 0.02300100
v 0.01669900 0.00676700 0.03089900
v 0.03422500 0.00548600 0.02715000
v 0.00733900 0.00742200 0.03991800
v 0.02638900 0.02304400 0.01234900
v 0.01890900 0.00708200 0.03202800
v -0.03691700 -0.01244700 0.01753100
v -0.02879400 0.00293300 0.02206800
v -0.00972400 -0.00266100 0.03479700
v -0.01183300 -0.00555800 0.03376300
v -0.03771200 -0.00905600 0.02104100
v -0.02602600 0.00278100 0.02143600
v -0.03107400 0.00066700 0.02277200
v -0.02333400 -0.00429500 0.02381000
v -0.02326400 -0.00207100 0.02230100
v -0.01383100 0.00058400 0.02799900
v -0.04150800 -0.00258200 0.00888600
v -0.03033300 0.02355100 0.00063700
v -0.01846000 0.02705000 -0.03078900
v -0.00752000 -0.01191000 0.03396700
v -0.01757000 0.03297200 0.00515600
v 0.03874100 -0.01607900 -0.01207900
v -0.00932700 -0.02873800 0.01929500
v 0.04240600 -0.00596200 -0.00968000
v 0.00481100 -0.02511600 -0.01552900
v 0.01840700 0.03038200 0.00988900
v 0.01429300 -0.02480000 -0.00946100
v 0.02229300 -0.00919300 -0.03623200
v 0.00483400 -0.00254200 -0.04035300
v 0.03280000 0.00539500 0.02529600
v -0.03923800 -0.01734500 0.01804300
v -0.02324300 0.00263200 0.02164900
v -0.02866400 0.00055600 0.02171000
v -0.03538000 0.01767400 -0.01248700
v -0.03773200 0.01342400 -0.00584300
v -0.01582400 0.02518800 -0.03313500
v -0.00478500 0.00602500 -0.04023800
v -0.03382600 -0.01789700 0.02352000
v -0.01159400 0.03726200 -0.00052500
v 0.02107500 -0.01834100 -0.03222600
v -0.00469500 -0.02852300 0.01997900
v 0.01757000 0.03297200 0.00515600
v 0.04223700 -0.00893700 -0.01079700
v -0.01403700 -0.00126900 0.02806500
v 0.00785100 0.02994400 0.01931500
v 0.00768100 0.03225600 0.01607000
v 0.01528200 0.01559100 0.03659700
v 0.00451200 -0.00632900 -0.03997200
v 0.03729400 0.01341000 0.01426400
v 0.03469400 0.01700000 0.01316700
v 0.01672400 0.01225700 0.03792900
v -0.01101300 -0.00315100 0.03357100
v -0.01139200 -0.00165100 0.03162400
v -0.01116300 0.00158800 0.03189800
v -0.03422500 -0.01524000 0.02180800
v -0.02324200 0.00031200 0.02160800
v -0.01944000 -0.00636100 0.02794700
v -0.04045600 0.00508700 -0.00236200
v -0.01176300 0.03791900 -0.00538900
v 0.01051600 0.01784200 0.03409600
v 0.03286600 -0.01543800 -0.02740000
v -0.02290500 -0.02671900 0.02012700
v 0.01684300 0.02104900 0.02611500
v 0.03985100 -0.00554800 -0.02256800
v 0.00899500 -0.01950000 -0.03395900
v -0.03254800 -0.02080700 0.01524000
v -0.01890700 -0.02372600 0.03180400
v -0.03125400 0.00554800 -0.03183700
v -0.03191700 0.02066800 -0.02213500
v -0.02468500 -0.01483200 0.03023800
v -0.03425700 -0.01946800 0.01565400
v -0.02426700 0.01389000 -0.03431700
v -0.01478900 -0.01924100 0.03492800
v -0.01265600 0.03246800 -0.02869500
v -0.02418300 0.03116400 -0.01724000
v 0.02939900 -0.00561400 -0.03359900
v 0.04009500 0.00514100 0.01988000
v 0.04215400 -0.00588600 -0.01414200
v 0.01248000 0.00528900 0.03761000
v 0.04138200 -0.00905000 0.00076500
v 0.03861200 -0.01633100 -0.00718700
v -0.00469800 -0.02638500 0.00646700
v 0.03866800 0.00945800 0.01916200
v 0.00908100 -0.01768900 -0.03553000
v -0.04020100 -0.00570800 0.02091700
v -0.03822000 0.00942000 -0.01743100
v -0.03244100 -0.00689200 0.02695600
v -0.00868900 0.00266900 0.03631500
v -0.03532200 -0.01793400 0.01231100
v -0.01387500 -0.02892700 0.02284600
v -0.00670400 -0.03232000 0.02677700
v -0.00423300 0.02648900 -0.03485300
v -0.00860100 0.02284300 -0.03601700
v -0.01340500 0.01464400 -0.03784400
v -0.02119700 -0.01125900 0.03191900
v -0.00906700 0.00033100 0.03546800
v -0.01808100 -0.02630000 0.01832200
v 0.04050000 0.00505900 0.01613000
v 0.01247300 0.00475800 0.03549300
v 0.00386200 0.03478600 0.01333700
v 0.02608100 -0.02156200 -0.02123500
v 0.00762600 0.03419700 0.01277000
v 0.03656100 -0.01817900 -0.00891800
v 0.01850400 -0.00245900 -0.03838600
v 0.01411700 -0.00629500 -0.03893900
v 0.01416700 -0.00253200 -0.03934100
v -0.04076600 -0.00608500 0.01730500
v -0.03949900 -0.00925500 0.01319600
v -0.03667500 0.01355400 -0.01744000
v -0.03954700 0.00524700 -0.01738700
v -0.03393900 -0.00207100 0.02667500
v -0.03731000 -0.00367200 0.02513900
v -0.02013700 -0.01838500 0.03163400
v -0.00962100 -0.03024200 0.02316400
v -0.04153300 -0.00276600 0.01714600
v -0.00835300 0.02622900 -0.03450100
v -0.01821100 0.00580400 -0.03827700
v -0.01373500 0.01029700 -0.03869800
v 0.00000000 -0.00521100 0.03526300
v -0.00239100 -0.00062500 0.03577200
v -0.03100700 -0.01092300 0.02645300
v -0.00803600 0.03918000 -0.01493800
v -0.01869900 0.03516700 -0.00908500
v -0.00394400 0.03857000 0.00248400
v 0.01410600 0.01843800 0.03258100
v 0.04140500 -0.01145600 -0.01403100
v 0.02215000 0.00854900 0.02892500
v 0.01473500 0.03478700 0.00434600
v 0.02676100 0.00812600 0.02514100
v 0.00497100 0.01040600 0.03904600
v 0.03594200 -0.01848400 -0.00151400
v 0.01740600 0.02859900 0.01431800
v 0.02200700 -0.01204000 -0.03549100
v 0.03914400 0.00942500 0.01529100
v -0.00976400 0.00193600 0.03496500
v -0.03423100 -0.01753500 0.02069100
v -0.01383100 -0.03151700 0.02579200
v -0.02797000 -0.00655400 0.02568500
v -0.02833000 -0.00179600 0.02189800
v -0.02917800 0.02687100 -0.00794200
v -0.03119400 0.02407900 -0.00582100
v -0.02036700 0.01803900 -0.03471600
v -0.01262300 0.02248500 -0.03540500
v -0.00910900 0.01483800 -0.03848500
v -0.00932100 0.01042800 -0.03934500
v -0.03423200 -0.00986700 0.02442000
v -0.00641300 -0.01383600 0.03436300
v -0.01509000 0.03580900 -0.00042800
v 0.04169100 -0.00261900 0.00061600
v 0.03514700 0.01698700 0.00934400
v 0.01859800 0.00680400 0.02776500
v 0.03416900 0.00155900 -0.02986600
v 0.03610500 0.00151800 -0.02762300
v 0.00905200 -0.02287600 -0.02794600
v -0.02599500 -0.02339800 0.00488300
v 0.02379300 0.02814800 0.00552800
v 0.04069200 -0.01123600 -0.01812400
v 0.03366100 -0.02008400 -0.00519500
v -0.03405700 0.01732600 -0.02139500
v -0.00403400 -0.02154300 0.03526400
v 0.00000000 -0.02446600 0.03039500
v -0.03526000 -0.01934800 0.01895200
v -0.01172300 -0.04051600 0.03631500
v -0.01082600 -0.03526500 0.03069300
v -0.01582200 0.00044600 0.02571800
v -0.02593700 0.02811300 0.00054300
v -0.03451400 -0.02626300 0.02243900
v -0.02331400 0.03013300 0.00135100
v 0.01776900 0.01872700 0.03081400
v 0.01124100 0.03489200 0.00853300
v 0.02911900 -0.02036600 -0.02209700
v 0.04133800 -0.00246400 -0.01724100
v 0.01845300 -0.00614900 -0.03800800
v -0.03850300 -0.01452800 0.00467500
v -0.03475000 -0.00429100 0.02632800
v -0.03795100 -0.01386500 0.01322000
v -0.03269800 -0.00449000 0.02679800
v -0.03986900 0.00187900 0.02340700
v -0.04113400 -0.00252100 0.02079000
v -0.02924700 0.02704100 -0.01204800
v -0.03315100 0.02053200 0.00131800
v -0.00886200 0.01902800 -0.03735800
v -0.00726300 -0.00010400 0.03574700
v -0.00438700 0.00269200 0.03618100
v -0.01091200 -0.01411800 0.03400700
v -0.01238700 -0.00858800 0.03353700
v -0.03824800 -0.00011300 0.02534000
v -0.02380800 0.03065200 -0.02021500
v -0.02112800 0.03236700 -0.02075900
v -0.00407100 0.04006900 -0.01368600
v 0.00000000 0.04045000 -0.00829300
v 0.00945400 -0.00981600 -0.03891400
v 0.04125000 0.00123200 -0.01042000
v 0.02594200 0.00487300 0.02210300
v -0.01794800 -0.02581000 0.01407900
v 0.04043800 -0.01406100 -0.00884700
v 0.01316700 0.02113500 0.02782300
v 0.02652700 0.00687800 0.02350200
v 0.01457100 0.03063600 0.01382300
v 0.03485400 0.01165800 0.02700000
v 0.01066400 0.00606400 0.03952000
v 0.01779100 -0.01491100 -0.03556400
v 0.01805800 -0.01237600 -0.03657600
v -0.00933700 -0.02613500 0.00622700
v 0.02554400 0.02501100 0.00897500
v 0.01996700 0.00763500 0.03358300
v 0.02212600 0.01347600 0.03541800
v -0.03860300 -0.00944100 0.01738300
v -0.03280400 0.02097400 -0.01879300
v -0.00991200 0.00334900 0.03675400
v -0.03590100 -0.01512200 0.02067600
v -0.03222800 -0.00411200 0.02621300
v -0.02582100 -0.00196200 0.02166300
v -0.04124100 0.00110500 0.00448700
v -0.03787900 0.01331900 -0.00025800
v -0.01531000 0.03654200 -0.00568200
v -0.01856500 0.03495500 -0.00594400
v 0.04124700 0.00113500 -0.00350100
v 0.00954500 -0.00638300 -0.03958400
v 0.01398800 -0.00967200 -0.03829000
v 0.01961500 0.00581200 0.02503000
v 0.03271300 0.01403100 0.02855300
v 0.03209600 0.01197000 0.03065300
v -0.02562300 -0.02384700 0.00879500
v 0.01586600 -0.02227400 -0.02754600
v -0.02225000 -0.02429400 0.00524400
v 0.00915900 -0.02350800 -0.02554800
v 0.02736100 0.00902800 0.02914500
v -0.02845100 -0.02338800 0.01203300
v 0.00413800 0.02733200 0.02329400
v 0.00437000 0.02379600 0.02659300
v 0.03379600 0.01032800 0.02905100
v 0.02925700 -0.00964700 -0.03294700
v 0.02881000 0.00924600 0.03125600
v -0.03239500 -0.02198600 0.01794100
v 0.00000000 -0.02057900 0.03228600
v -0.03638500 -0.01931200 0.01836200
v -0.01291400 -0.03516100 0.03129400
v -0.01907600 0.00428400 0.02391400
v -0.02605600 0.01738700 -0.03194800
v -0.02215800 0.02252400 -0.03179400
v -0.03415600 -0.02185000 0.02076500
v -0.00719500 -0.01922000 0.03577000
v 0.00000000 0.03743300 -0.02534000
v -0.03646900 -0.01934900 0.01638700
v -0.01583500 0.00315400 0.02592400
v -0.03067600 -0.02281200 0.01509600
v 0.01486900 -0.01914800 -0.03329600
v 0.02989800 0.01554100 0.02988500
v 0.03133500 0.00973400 0.03090400
v 0.03660000 -0.00211700 -0.02756000
v 0.03458400 -0.00209700 -0.02980800
v -0.02518200 -0.02463000 0.01273500
v 0.00928200 -0.02415200 -0.02202200
v -0.02885200 -0.02268100 0.00844400
v 0.02417900 0.02369800 0.01447500
v 0.02279500 0.02569800 0.01234500
v 0.03764100 -0.00825100 -0.02590300
v 0.01857800 -0.02009700 -0.03110100
v 0.02940900 0.01079800 0.03225700
v -0.00739800 -0.02735300 0.03660200
v -0.00208000 -0.02729400 0.03170400
v -0.00244400 -0.02951500 0.02983900
v -0.04038200 -0.02074200 0.01774600
v -0.00788200 0.03359400 -0.02920500
v -0.02413000 0.03108600 -0.00465100
v 0.03903000 -0.01346900 -0.01965700
v 0.02333200 0.00781500 0.02592900
v 0.01491000 -0.02158300 -0.02970800
v 0.02324300 0.00466600 0.02234100
v 0.02326500 0.00639900 0.02374700
v 0.01188800 0.02684700 0.02127700
v 0.04041700 -0.00846500 -0.02091000
v 0.02594200 -0.00891900 -0.03482200
v -0.03338000 -0.02891000 0.02205700
v -0.03368400 -0.01976300 0.01878600
v -0.01379100 -0.03889700 0.03417300
v -0.01550400 -0.03469000 0.03453700
v -0.02054500 0.00250500 0.02254300
v -0.01803300 0.00241900 0.02395200
v -0.02343400 0.01768100 -0.03340100
v -0.03432900 -0.01948100 0.02163900
v -0.00787700 0.03752400 -0.02281300
v 0.00000000 0.03601700 -0.02752700
v 0.00000000 0.03425800 -0.02957200
v -0.00401100 0.03902200 -0.02049000
v 0.03333700 0.01549800 0.02400700
v 0.02097100 0.02994300 0.00677800
v 0.02361600 0.00869900 0.03048600
v 0.01450000 0.03237500 0.01074400
v 0.00482700 0.00162100 -0.04046100
v 0.01875600 -0.02411800 -0.01137400
v 0.00951900 -0.02479400 -0.01611900
v 0.02961200 0.02044700 0.01455100
v 0.00000000 -0.02746900 0.02065500
v 0.03590600 0.01268400 0.02314300
v 0.01380900 -0.01265700 -0.03741500
v 0.00958400 -0.00256500 -0.03999500
v 0.02167400 0.01051800 0.03589500
v -0.04100500 -0.00601000 0.01317000
v -0.03494400 0.01747000 -0.01741900
v -0.01004100 0.00006700 0.03413400
v -0.01484900 -0.00655200 0.03221800
v -0.01566300 -0.00592000 0.03001800
v -0.01265900 -0.00431700 0.03173100
v -0.03391500 -0.00793800 0.02595400
v -0.03109200 -0.00370100 0.02426000
v -0.03784100 -0.01536800 0.01770400
v -0.03684900 -0.01628900 0.01959200
v -0.03630900 -0.01781100 0.01968900
v -0.00528800 -0.02984900 0.02400800
v -0.03089200 -0.00637200 0.02728000
v -0.01024600 -0.03257100 0.02589700
v -0.03931000 0.00923500 0.00349400
v -0.02867900 0.02636100 -0.00295300
v -0.01688500 0.01841400 -0.03584100
v -0.01302300 0.01875800 -0.03672800
v -0.00399200 0.03928000 -0.00124200
v 0.00000000 0.04016500 -0.00472900
v 0.03773800 0.01326300 0.00659200
v 0.03586100 0.01708200 0.00231800
v 0.00462200 -0.02221100 -0.03032500
v 0.03238000 -0.00661000 -0.03149800
v 0.02686100 0.01358200 0.03319200
v 0.02603600 -0.01625700 -0.03184200
v -0.03165100 -0.02118200 0.00826700
v -0.00997900 -0.03410800 0.03676800
v -0.03364100 0.01508400 -0.02488100
v -0.00246900 -0.02443600 0.03371000
v -0.03244300 -0.02432900 0.02625500
v -0.03879000 -0.01970600 0.01693200
v -0.01514300 -0.03399000 0.03175500
v -0.01883000 -0.00400400 0.02584200
v -0.01312700 0.02826900 -0.03217300
v -0.00784100 0.03651600 -0.02508400
v 0.00000000 0.03854500 -0.02299500
v 0.00000000 -0.02660300 0.02807600
v 0.01796200 0.00730100 0.03610900
v 0.01446200 0.00819500 0.03870300
v 0.04189700 -0.00878300 -0.01539700
v 0.02717100 0.00919500 0.02733100
v 0.01458000 0.03376700 0.00758500
v -0.01385500 -0.02565200 0.00595100
v 0.00660700 0.01233500 0.03955800
v 0.00888100 0.00888400 0.04047100
v 0.01149500 0.02936300 0.01820200
v 0.00930400 0.02088000 0.02928600
v 0.03931400 0.00932100 0.01103000
v 0.00689100 0.01692300 0.03524300
v 0.01829200 -0.00945500 -0.03739700
v 0.02880700 0.02302500 0.00701500
v -0.03343100 0.02111000 -0.01384100
v -0.03703400 -0.00745100 0.02361300
v -0.03053900 -0.00166300 0.02274800
v -0.03273700 -0.00178000 0.02451700
v -0.02851000 -0.00431800 0.02322500
v -0.03524500 -0.01739200 0.02070200
v -0.03732400 -0.01407900 0.01800900
v -0.03017000 -0.00580200 0.02607100
v -0.04129400 0.00104400 0.01255200
v -0.01940800 0.02265300 -0.03311100
v -0.01224400 0.02577300 -0.03391500
v -0.00433800 0.01497600 -0.03885000
v -0.00442100 0.01054500 -0.03970600
v -0.00322700 -0.00829100 0.03493100
v -0.01817200 0.03444000 -0.00153000
v 0.00467500 0.00604700 -0.04024400
v 0.01753800 -0.01706100 -0.03435700
v 0.03263100 0.02036300 0.00467800
v 0.03249600 0.00837000 0.02930500
v 0.03234500 -0.02072000 0.00436200
v 0.03732100 -0.01316900 -0.02358000
v 0.03559700 0.00316000 0.02710800
v 0.02710400 -0.02254800 -0.00857900
v 0.00457800 -0.02391700 -0.02489000
v 0.02975800 0.01305700 0.03192600
v 0.02571500 -0.01264100 -0.03381400
v 0.03149600 -0.01186000 -0.03075300
v -0.03433000 -0.02199200 0.02430300
v -0.03282700 -0.02071500 0.02620600
v -0.03869400 -0.01895500 0.01922200
v -0.01670100 -0.03171800 0.03215700
v -0.01929200 -0.00194300 0.02403200
v -0.01545300 -0.00297800 0.02745200
v -0.02654700 0.02910300 -0.00516600
v -0.03291300 -0.02704500 0.02067500
v -0.03409200 -0.02502600 0.02091000
v -0.00397000 0.03714800 -0.02529500
v -0.00783800 0.03522100 -0.02721000
v -0.02138500 0.03313700 -0.00501100
v 0.03971500 -0.01427200 -0.00141900
v 0.04167800 -0.00578200 -0.01715900
v 0.00397300 0.01535900 0.03598200
v 0.01270100 0.00480600 0.03381200
v 0.00000000 -0.02706100 0.01575500
v 0.00250900 0.01282700 0.03627500
v 0.01134500 0.03600500 0.00510900
v 0.01126200 0.03155200 0.01505400
v 0.02652600 0.02128900 0.01694500
v 0.02873500 0.01898300 0.02036800
v 0.02239300 0.00155900 -0.03721200
v 0.01342800 -0.01742900 -0.03504000
v 0.00933400 -0.01285000 -0.03800600
v -0.03711100 -0.01537900 0.01191800
v -0.03804600 -0.01649000 0.01400700
v -0.03992800 -0.00134300 0.02348700
v -0.02474700 -0.01992400 0.02974800
v -0.03713600 -0.01827300 0.01440400
v -0.03821400 0.00342400 0.02559200
v -0.03586100 0.01708200 0.00231800
v -0.03156400 0.02414300 -0.01076500
v -0.02610200 0.02859500 -0.02056300
v -0.00370900 0.01919200 -0.03775600
v -0.00274700 -0.00433300 0.03546300
v -0.01107300 -0.01820600 0.03555000
v -0.02231900 0.03041500 -0.02354800
v -0.01183800 0.03805200 -0.01491900
v -0.00404000 0.03959600 -0.01781200
v -0.01548300 0.03681200 -0.01077900
v 0.00000000 0.04051600 -0.01168000
v -0.01374200 -0.02609000 0.01027400
v 0.04162800 -0.01162900 -0.00944300
v 0.02310900 -0.02338300 -0.01104700
v -0.01818200 -0.02501200 0.00562700
v 0.02451200 0.00942500 0.03372900
v 0.00398100 0.03027800 0.02000300
v 0.00389300 0.03273100 0.01669300
v 0.00513500 0.02016300 0.03040700
v 0.03646200 0.00879800 0.02578500
v 0.00906000 0.01370700 0.03913800
v 0.04013200 -0.01376100 -0.01522700
v 0.03791600 -0.01572600 -0.01791200
v 0.03078200 0.00708000 0.02514700
v 0.02195500 -0.01540000 -0.03406200
v 0.03120500 0.02016600 0.01148000
v 0.00956500 0.00157000 -0.04011000
v -0.01208000 0.00390500 0.03198800
v 0.00000000 -0.01849800 0.03372500
v -0.03959600 -0.01820300 0.01632800
v 0.00000000 -0.02745000 0.02495500
v -0.02566300 -0.00591200 0.02465000
v -0.03126000 0.00306900 0.02322400
v -0.01377100 0.00323500 0.02853700
v -0.02595900 0.00042600 0.02121800
v -0.02569500 -0.00415200 0.02298200
v -0.04154500 -0.00259300 0.00475500
v -0.04117500 -0.00598500 0.00903100
v -0.03374400 0.02086400 -0.00777200
v -0.03930700 0.00928200 -0.00461100
v -0.01633900 0.02202500 -0.03456500
v -0.00753200 -0.00866400 0.03436400
v -0.00457300 -0.01122900 0.03436900
v -0.00403500 0.03977600 -0.00490100
v 0.01106600 0.01014400 0.04013000
v 0.03577000 -0.01752500 -0.01833600
v 0.01881500 0.01621400 0.03487600
v 0.04060300 0.00122300 -0.01732000
v 0.00459200 -0.00983000 -0.03928900
v 0.02560500 0.01829100 0.02704300
v 0.02251600 -0.00236300 -0.03712400
v 0.00965500 -0.02521300 -0.00971000
v 0.01361100 -0.01524100 -0.03633200
v -0.00926800 -0.02664300 0.01062200
v -0.03593200 -0.01719700 0.00841700
v -0.03979200 -0.01193000 0.00482300
v -0.03861700 -0.01575500 0.01547000
v -0.01877600 0.03514100 -0.01363200
v 0.00000000 0.03999000 -0.01776400
v -0.00798400 0.03902000 -0.00511400
v 0.01204600 0.01472400 0.03806000
v 0.04103200 0.00115800 -0.01431200
v -0.00465900 -0.02752700 0.01545700
v 0.02247800 -0.00596900 -0.03678300
v 0.04103100 -0.01175300 -0.00199600
v 0.02161400 0.01872400 0.02891600
v -0.00925300 -0.02746600 0.01498700
v 0.00765000 0.03576500 0.00936000
v 0.02493600 -0.02082000 -0.02596500
v 0.04193300 -0.00260600 -0.01303800
v 0.02269500 0.01650000 0.03302400
v 0.00575700 0.00600900 0.03894600
v 0.00239100 -0.00062500 0.03577200
v 0.03908700 0.00551600 0.02303700
v 0.00000000 -0.02634800 0.00661800
v 0.01416700 -0.02441900 -0.01550500
v 0.02970800 0.01729100 0.02535700
v 0.00920200 -0.01547400 -0.03687800
v -0.00466600 -0.02684100 0.01095100
v 0.00458000 -0.01781200 -0.03581900
v -0.03685600 -0.01687400 0.00452800
v -0.03878700 0.00911600 -0.01349500
v -0.02106500 -0.00836100 0.03117900
v -0.03110900 -0.01328600 0.02581400
v -0.01678000 -0.02978000 0.02643200
v -0.03596300 0.01725900 -0.00410000
v -0.04034200 0.00513900 -0.00765700
v 0.00000000 0.02653100 -0.03492900
v -0.00537000 -0.00341800 0.03541900
v -0.01541300 0.03649500 -0.01640200
v 0.04213100 -0.00896100 -0.00576100
v -0.01383300 -0.02762600 0.01888900
v -0.03701600 0.01357500 -0.01458400
v 0.01119500 0.03340200 0.01184000
v 0.03821400 0.00342400 0.02559200
v 0.03772000 0.00923000 0.02280600
v 0.01412500 0.00154800 -0.03945400
v 0.03677300 0.01330300 0.01857000
v 0.01842800 0.00154700 -0.03848900
v 0.00495800 0.00542700 0.03725600
v 0.00390200 0.03765700 0.00622000
v 0.00452100 -0.01287200 -0.03838000
v -0.03905300 -0.00437700 0.02348500
v -0.01545900 -0.00759400 0.03273800
v -0.03642800 0.00030100 0.02646200
v -0.03204900 -0.01679200 0.02589600
v -0.02995600 -0.02119900 0.02813600
v -0.03088500 -0.01946500 0.02757200
v -0.03837800 -0.01437900 0.01491300
v -0.01880100 -0.02665200 0.02299700
v -0.02832600 -0.02309500 0.02818400
v -0.03335700 0.00077600 0.02447100
v -0.03386100 0.00315500 0.02520100
v -0.04095100 0.00094800 0.02049800
v -0.04018700 -0.00914800 0.00904200
v -0.03345800 0.02073700 -0.00209100
v -0.04002100 0.00520300 -0.01372900
v -0.01741000 0.01440100 -0.03692200
v -0.00947500 0.00595400 -0.03989000
v -0.00619400 -0.00635500 0.03491400
v 0.00000000 -0.00082800 0.03554600
v -0.01781500 -0.00944000 0.03256600
v 0.00000000 0.03928300 0.00116000
v -0.01186900 0.03821700 -0.01007100
v 0.04199900 -0.00261700 -0.00698900
v -0.02535400 -0.02552500 0.01594900
v 0.03360400 -0.01709600 -0.02409800
v 0.03394000 -0.01316100 -0.02800000
v 0.02615700 -0.00226300 -0.03559800
v -0.03681200 0.00540100 -0.02522800
v -0.03346900 0.00549800 -0.02977400
v -0.03425600 0.00948500 -0.02739300
v -0.03061100 0.02053800 -0.02510600
v -0.02536900 -0.02778800 0.02148400
v -0.02033900 -0.02162800 0.03013700
v -0.02743800 -0.02853100 0.02324100
v -0.00726900 -0.03462900 0.03292500
v -0.00921900 -0.03547400 0.03186600
v -0.02163700 0.00998300 -0.03651100
v -0.02863000 0.00560300 -0.03374700
v -0.00814200 0.02913500 -0.03285200
v -0.00404700 0.03199000 -0.03140000
v -0.02597300 -0.02663800 0.01865600
v -0.02798700 -0.01027400 0.02883000
v -0.01170600 0.03746200 -0.01921800
v -0.01695700 -0.02859200 0.03405300
v 0.01907600 0.00428400 0.02391400
v 0.03040300 0.00873900 0.02951000
v 0.00898000 -0.02204200 -0.03015800
v -0.02827300 -0.02444500 0.01529900
v 0.02440600 0.00897700 0.03200500
v 0.01357400 -0.02313800 -0.02535900
v 0.03855900 -0.01096500 -0.02333000
v 0.02682100 0.01110200 0.03345100
v -0.00988100 -0.03640400 0.03471500
v -0.03407600 -0.02632500 0.02421800
v -0.01159600 -0.03694000 0.03336100
v -0.02059500 0.00026100 0.02260800
v -0.01809900 0.00032200 0.02395000
v -0.03314800 -0.02349600 0.01962100
v -0.00398600 0.03821300 -0.02297500
v -0.00799300 0.03864300 -0.01893500
v -0.02064800 0.03213700 0.00137100
v 0.03363600 0.00740000 0.02816600
v 0.03431100 0.00785900 0.02820500
v -0.02197100 -0.02469200 0.00934000
v 0.00857100 0.02411400 0.02562200
v 0.00814500 0.02723700 0.02250000
v -0.02935600 -0.02222200 0.00462400
v 0.01243600 0.02402200 0.02427000
v 0.02613800 -0.01741300 -0.03095400
v 0.03063100 -0.02139400 -0.00828500
v 0.02826700 -0.01370600 -0.03202300
v -0.02350100 -0.00725200 0.02696800
v -0.00470800 -0.03023300 0.03407100
v -0.00574000 -0.02916700 0.03539200
v -0.01400700 -0.03374000 0.03631900
v -0.01600700 -0.00158600 0.02609400
v -0.03479000 -0.02271900 0.02249800
v -0.00397100 0.03578300 -0.02746200
v -0.00399600 0.03408000 -0.02949400
v 0.03959000 -0.00226200 -0.02267700
v 0.03038600 -0.02097900 -0.01514700
v 0.02263800 -0.02277400 -0.01886100
v -0.02193900 -0.02587100 0.01714900
v 0.03378900 -0.01982800 -0.01071900
v 0.01791900 -0.02284600 -0.02401000
v 0.03185200 0.00158100 -0.03196700
v 0.04091500 -0.00566200 -0.01995100
v 0.01488100 0.02715000 0.01889900
v 0.01058100 -0.02087100 -0.03204800
v -0.03582200 0.01357400 -0.02114400
v -0.03890600 0.00529700 -0.02015500
v -0.03531000 0.00545000 -0.02756900
v -0.03252400 0.00952700 -0.02952800
v -0.00387900 -0.03116700 0.02817600
v -0.03080900 -0.02403100 0.01772800
v -0.03126900 -0.02945400 0.02194500
v -0.02013600 -0.02421700 0.02822700
v -0.01564300 -0.02707700 0.03570800
v -0.03112300 -0.02685100 0.02599700
v -0.02687100 0.02937400 -0.00922600
v -0.02209300 0.00573200 -0.03700700
v -0.00412800 0.02946600 -0.03319000
v -0.02948500 -0.00850700 0.02820000
v -0.01139200 -0.02328100 0.03612500
v -0.01648700 0.03374100 -0.02408300
v -0.01505700 0.03553200 -0.02133100
v 0.02937900 -0.00217600 -0.03385000
v 0.03458500 -0.00707300 -0.02957200
v 0.03218600 -0.00211700 -0.03191000
v 0.03895400 0.00138300 -0.02274600
v 0.01389100 -0.02381300 -0.02143300
v 0.02854100 -0.01884700 -0.02766000
v 0.02430800 0.02008800 0.02231900
v 0.03016000 -0.01534600 -0.02992400
v 0.02536100 -0.01891300 -0.02980100
v 0.03357500 -0.01946100 -0.01566900
v 0.02912300 0.00158300 -0.03391100
v 0.00442100 -0.02106400 -0.03238100
v -0.03404400 -0.01930200 0.00818700
v -0.03800100 0.00534900 -0.02275600
v -0.02508700 0.02336400 -0.02932500
v -0.02514500 0.02763000 -0.02447100
v -0.03032700 0.02376200 -0.02090300
v -0.00798200 -0.03545500 0.03547700
v -0.03180400 -0.02543000 0.01940900
v -0.03000600 -0.02688700 0.01960400
v -0.01741800 -0.02947700 0.03241400
v -0.02366500 -0.02725400 0.02318300
v -0.02133100 -0.00782200 0.02935400
v -0.02460000 -0.00951000 0.03058800
v -0.02177500 0.03340800 -0.01312400
v -0.02439600 0.03149100 -0.00924400
v 0.00387200 0.03643200 0.00987000
v 0.01398300 0.00535400 0.03114200
v 0.00771300 0.03695600 0.00578700
v 0.03810300 -0.01655900 -0.00238800
v 0.00426800 0.00788100 0.03808400
v 0.03636400 -0.01791200 -0.01395400
v 0.03359100 0.01712900 0.01785100
v 0.01373300 0.01125200 0.03918600
v -0.04130800 0.00082000 0.01678200
v -0.03776100 -0.01433200 0.00872000
v -0.02911900 0.02689400 -0.01570500
v -0.03115300 0.02424400 -0.01623700
v -0.01829400 -0.00760900 0.03112900
v -0.01976600 -0.02592100 0.02611400
v -0.03482100 0.00103200 0.02657200
v -0.02588500 -0.00733900 0.02670800
v -0.04138200 -0.00905000 0.00076500
v -0.01786700 0.01014400 -0.03775200
v -0.00372900 0.02310600 -0.03639600
v -0.01397800 0.00587900 -0.03923700
v -0.00874600 -0.00535300 0.03470900
v 0.00000000 0.00316300 0.03543300
v -0.01156400 -0.01144000 0.03348600
v -0.01607700 -0.01257400 0.03287500
v -0.01532000 -0.01423300 0.03327400
v -0.01855400 0.03476400 -0.01739700
v -0.00808200 0.03934900 -0.01053200
v 0.00000000 0.04036300 -0.01483400
v -0.00785200 0.03819500 0.00057100
v -0.00406100 0.04005000 -0.00844000
v 0.03597000 -0.01541900 -0.02299800
v 0.01842400 -0.02357200 -0.01854500
v 0.04041500 -0.00117200 -0.02019100
v 0.03222900 -0.01894400 -0.02170700
v 0.02282500 0.02230100 0.01894600
v 0.01602900 0.02363600 0.02264600
v -0.03762300 0.00943400 -0.02014800
v -0.03086300 0.01490400 -0.02900000
v -0.02867900 0.02030700 -0.02800100
v -0.02582800 0.02067200 -0.03047800
v -0.02696700 0.02939900 -0.01310000
v -0.02794600 -0.01329600 0.02851900
v -0.02957000 -0.01662600 0.02809500
v -0.02858000 -0.02809200 0.02078900
v -0.02863800 -0.02566200 0.01791100
v -0.01841400 -0.02798100 0.02778900
v -0.02357900 -0.02219400 0.02880200
v -0.02569900 -0.02601800 0.02588700
v -0.00570900 -0.03252700 0.03366400
v -0.02558100 0.00566500 -0.03547900
v -0.02282100 0.02648500 -0.02868600
v -0.01843800 0.02982400 -0.02834600
v -0.01189200 -0.03008800 0.03717500
v -0.01763600 -0.02139200 0.03373500
v -0.01149700 0.03434300 -0.02681600
v -0.01151500 0.03555300 -0.02475200
v -0.01829000 0.03412800 -0.02062400
v -0.01348400 -0.02509200 0.03643200
v 0.00000000 0.03939100 -0.02047700
v 0.03803900 -0.00086000 -0.02536100
v 0.02684900 -0.02208600 -0.01579700
v 0.02614300 -0.00578200 -0.03530200
v -0.03117500 -0.02178600 0.01189400
v -0.03566500 0.00946000 -0.02511600
v -0.03042800 0.00959500 -0.03151600
v -0.02665900 0.02421800 -0.02702800
v -0.02292800 -0.02444600 0.02708500
v -0.02909500 -0.02750100 0.02538900
v -0.03322600 -0.03048600 0.02373800
v -0.02816900 -0.00780700 0.02851200
v -0.02792800 0.00969800 -0.03335600
v -0.02104300 0.01413900 -0.03572900
v -0.00798000 0.03158300 -0.03108300
v -0.01158200 0.03649300 -0.02255000
v -0.01585100 0.03280000 -0.02632500
v -0.02151000 0.03303000 -0.01729600
v -0.02169200 0.03340100 -0.00919400
v 0.03847200 -0.00545900 -0.02505500
v 0.03514700 -0.01093800 -0.02792100
v 0.02242700 -0.02045300 -0.02882600
v 0.02172400 -0.02187200 -0.02528400
v 0.01948100 0.02304500 0.02085400
v 0.02147400 0.02459200 0.01631700
v 0.03676000 -0.00541000 -0.02741000
v 0.02979500 -0.01743700 -0.02857200
v 0.00453700 -0.01964100 -0.03421300
v -0.01902500 -0.02600200 0.02965100
v -0.02884300 0.01557300 -0.03065600
v -0.02799100 0.02441700 -0.02490600
v -0.02663000 0.02910300 -0.01722700
v -0.02794800 -0.00744600 0.02777800
v -0.02404000 -0.00824500 0.02978300
v -0.02704700 0.01368300 -0.03273900
v -0.02159700 -0.00961300 0.03174900
v -0.02229800 0.02889600 -0.02633300
v -0.02443300 0.03152000 -0.01357300
v -0.00426800 -0.02511300 -0.01586300
v 0.03757900 -0.01470300 0.01790900
v 0.02866400 0.00055600 0.02171000
v 0.03269800 -0.00449000 0.02679800
v 0.03475000 -0.00429100 0.02632800
v 0.00752000 -0.01191000 0.03396700
v 0.01183800 0.03805200 -0.01491900
v 0.01104200 -0.01832400 0.03524300
v 0.04150800 -0.00258200 0.00888600
v 0.03089200 -0.00637200 0.02728000
v 0.00799300 0.03864300 -0.01893500
v 0.04138800 -0.00600100 0.00486700
v 0.01846000 0.02705000 -0.03078900
v 0.02582800 0.02067200 -0.03047800
v 0.03109200 -0.00370100 0.02426000
v 0.03800700 -0.01778500 0.02024800
v -0.01890900 0.00708200 0.03202800
v -0.01859800 0.00680400 0.02776500
v -0.04212200 -0.00602200 -0.00333500
v -0.03773800 0.01326300 0.00659200
v -0.01380900 -0.01265700 -0.03741500
v -0.00945400 -0.00981600 -0.03891400
v -0.01126200 0.03155200 0.01505400
v -0.00733900 0.00742200 0.03991800
v -0.01450000 0.03237500 0.01074400
v -0.01134500 0.03600500 0.00510900
v 0.03033300 0.02355100 0.00063700
v 0.03315100 0.02053200 0.00131800
v 0.04129400 0.00104400 0.01255200
v 0.03053900 -0.00166300 0.02274800
v 0.03386100 0.00315500 0.02520100
v 0.03593200 -0.01719700 0.00841700
v -0.01401700 -0.02534400 0.00149600
v 0.01403700 -0.00126900 0.02806500
v 0.00471000 0.01051900 -0.03969300
v 0.00460700 0.01495400 -0.03883600
v 0.03017000 -0.00580200 0.02607100
v 0.03596300 0.01725900 -0.00410000
v -0.02983800 0.00832000 0.02636900
v -0.00689100 0.01692300 0.03524300
v -0.00660700 0.01233500 0.03955800
v -0.01996700 0.00763500 0.03358300
v -0.04138800 -0.00600100 0.00486700
v -0.02717400 0.02572200 0.00366900
v -0.01361100 -0.01524100 -0.03633200
v -0.01829200 -0.00945500 -0.03739700
v -0.00470100 -0.00251200 -0.04036400
v 0.00000000 0.03034800 0.02033400
v -0.02097100 0.02994300 0.00677800
v -0.01779100 -0.01491100 -0.03556400
v 0.03531000 0.00545000 -0.02756900
v 0.01929200 -0.00194300 0.02403200
v 0.00784100 0.03651600 -0.02508400
v 0.03252400 0.00952700 -0.02952800
v 0.03425700 -0.01946800 0.01565400
v 0.01139200 -0.02208700 0.03594200
v 0.02593700 0.02811300 0.00054300
v 0.02054500 0.00250500 0.02254300
v 0.03171900 -0.03232000 0.02205700
v -0.00472900 -0.02463600 -0.02024800
v -0.02736100 0.00902800 0.02914500
v -0.02686100 0.01358200 0.03319200
v -0.02594200 -0.00891900 -0.03482200
v 0.01348400 -0.02392200 0.03585300
v 0.04054400 -0.02343500 0.01768800
v 0.02562300 -0.02384700 0.00879500
v 0.02929800 -0.03182200 0.02121400
v 0.02942400 -0.02213300 0.00330900
v 0.01379100 -0.03353500 0.03142400
v -0.02253400 -0.02401600 0.00110500
v 0.00788200 0.03359400 -0.02920500
v 0.03923800 -0.02076900 0.01552000
v 0.00956200 -0.02408700 0.03623200
v 0.00574000 -0.02767900 0.03396200
v 0.01514300 -0.03160700 0.02937300
v 0.03566500 0.00946000 -0.02511600
v 0.03425600 0.00948500 -0.02739300
v 0.02605600 0.01738700 -0.03194800
v -0.03903000 -0.01346900 -0.01965700
v -0.02361600 0.00869900 0.03048600
v -0.02717100 0.00919500 0.02733100
v -0.01961500 0.00581200 0.02503000
v -0.02989800 0.01554100 0.02988500
v -0.03209600 0.01197000 0.03065300
v -0.02826700 -0.01370600 -0.03202300
v -0.02200700 -0.01204000 -0.03549100
v -0.02379300 0.02814800 0.00552800
v -0.00456100 -0.02307900 -0.02808900
v 0.03582200 0.01357400 -0.02114400
v 0.03988200 -0.01931100 0.01816400
v 0.03802500 -0.02119100 0.01689100
v -0.02637500 -0.02308900 0.00085700
v 0.00783800 0.03522100 -0.02721000
v 0.03117500 -0.02178600 0.01189400
v 0.00739800 -0.02616600 0.03553400
v 0.00000000 0.02317200 0.02719200
v 0.00397000 0.03714800 -0.02529500
v 0.02607300 -0.02332200 0.00414000
v 0.03254800 -0.02080700 0.01524000
v 0.01265600 0.03246800 -0.02869500
v 0.03815700 -0.02154800 0.01889400
v 0.03838500 -0.02008700 0.02010800
v -0.03378900 -0.01982800 -0.01071900
v -0.03149600 -0.01186000 -0.03075300
v -0.01554200 0.00509200 0.02783100
v -0.02167400 0.01051800 0.03589500
v -0.02215000 0.00854900 0.02892500
v -0.02975800 0.01305700 0.03192600
v 0.00000000 0.02715400 0.02371100
v -0.00907300 -0.02312600 -0.02718700
v 0.01265900 -0.00431700 0.03173100
v 0.03711100 -0.01537900 0.01191800
v 0.02169200 0.03340100 -0.00919400
v 0.00465900 -0.02752700 0.01545700
v 0.01362100 -0.03077300 0.02611600
v 0.03494400 0.01747000 -0.01741900
v 0.00466600 -0.02684100 0.01095100
v 0.03391500 -0.00793800 0.02595400
v 0.02151000 0.03303000 -0.01729600
v -0.00951900 -0.02479400 -0.01611900
v 0.01262300 0.02248500 -0.03540500
v 0.02926600 -0.02219800 0.02813600
v 0.02104300 0.01413900 -0.03572900
v 0.02443300 0.03152000 -0.01357300
v 0.04018700 -0.00914800 0.00904200
v 0.01741000 0.01440100 -0.03692200
v 0.01781500 -0.00944000 0.03256600
v 0.02911900 0.02689400 -0.01570500
v -0.04103200 0.00115800 -0.01431200
v -0.02970800 0.01729100 0.02535700
v -0.03908700 0.00551600 0.02303700
v -0.04213100 -0.00896100 -0.00576100
v 0.00463900 -0.01555000 -0.03721100
v -0.02652600 0.02128900 0.01694500
v -0.00250900 0.01282700 0.03627500
v -0.00765000 0.03576500 0.00936000
v -0.02608100 -0.02156200 -0.02123500
v -0.00942500 -0.02580400 0.00182800
v 0.01386400 -0.02549100 0.00395500
v 0.03244100 -0.00689200 0.02695600
v 0.03532200 -0.01793400 0.01231100
v -0.01528200 0.01559100 0.03659700
v 0.00469500 -0.02852300 0.01997900
v 0.01545300 -0.00297800 0.02745200
v 0.01944000 -0.00636100 0.02794700
v 0.00306500 -0.00912700 0.03482800
v 0.03703400 -0.00745100 0.02361300
v 0.01817200 0.03444000 -0.00153000
v 0.02343400 0.01768100 -0.03340100
v 0.01340500 0.01464400 -0.03784400
v 0.03787900 0.01331900 -0.00025800
v 0.01484900 -0.00655200 0.03221800
v -0.04223700 -0.00893700 -0.01079700
v -0.00930400 0.02088000 0.02928600
v -0.00513500 0.02016300 0.03040700
v -0.00888100 0.00888400 0.04047100
v -0.01248000 0.00528900 0.03761000
v -0.02324300 0.00466600 0.02234100
v -0.02326500 0.00639900 0.02374700
v -0.02333200 0.00781500 0.02592900
v -0.01669900 0.00676700 0.03089900
v -0.03931400 0.00932100 0.01103000
v -0.02554400 0.02501100 0.00897500
v -0.00785100 0.02994400 0.01931500
v -0.00768100 0.03225600 0.01607000
v -0.01458000 0.03376700 0.00758500
v -0.01840700 0.03038200 0.00988900
v -0.00481200 -0.00639200 -0.03994500
v 0.02059500 0.00026100 0.02260800
v 0.00397100 0.03578300 -0.02746200
v 0.01158200 0.03649300 -0.02255000
v 0.02885200 -0.02268100 0.00844400
v 0.04045800 -0.02018800 0.01666700
v 0.01550400 -0.03065300 0.03243200
v 0.01600700 -0.00158600 0.02609400
v 0.00399600 0.03408000 -0.02949400
v 0.03346900 0.00549800 -0.02977400
v 0.02884300 0.01557300 -0.03065600
v 0.03138800 -0.03521300 0.02376200
v -0.03394000 -0.01316100 -0.02800000
v -0.02440600 0.00897700 0.03200500
v -0.02212600 0.01347600 0.03541800
v -0.02940900 0.01079800 0.03225700
v -0.02571500 -0.01264100 -0.03381400
v -0.00574700 -0.02220400 -0.03033600
v 0.03165100 -0.02118200 0.00826700
v 0.01151500 0.03555300 -0.02475200
v 0.01803300 0.00241900 0.02395200
v 0.00299500 -0.02415100 0.03352200
v 0.00298400 -0.02711900 0.03176700
v 0.01149700 0.03434300 -0.02681600
v 0.02324200 0.00031200 0.02160800
v 0.00787700 0.03752400 -0.02281300
v 0.02350100 -0.00725200 0.02696800
v 0.00401100 0.03902200 -0.02049000
v -0.04041700 -0.00846500 -0.02091000
v -0.03764100 -0.00825100 -0.02590300
v 0.02654700 0.02910300 -0.00516600
v -0.00411500 -0.02552300 -0.00980000
v 0.03642800 0.00030100 0.02646200
v 0.04055200 0.00510400 0.01112000
v 0.03771200 -0.00905600 0.02104100
v 0.03107400 0.00066700 0.02277200
v 0.01371500 -0.02672800 0.01458700
v 0.02833000 -0.00179600 0.02189800
v 0.03691700 -0.01244700 0.01753100
v 0.02797000 -0.00655400 0.02568500
v 0.02197100 -0.02469200 0.00934000
v 0.02851000 -0.00431800 0.02322500
v 0.02413000 0.03108600 -0.00465100
v 0.01238700 -0.00858800 0.03353700
v 0.00641300 -0.01383600 0.03436300
v 0.00947500 0.00595400 -0.03989000
v 0.02602600 0.00278100 0.02143600
v 0.03335700 0.00077600 0.02447100
v 0.01186900 0.03821700 -0.01007100
v 0.01383100 0.00058400 0.02799900
v 0.04100500 -0.00601000 0.01317000
v 0.03345800 0.02073700 -0.00209100
v 0.00399200 0.03928000 -0.00124200
v -0.04069200 -0.01123600 -0.01812400
v 0.00000000 0.01891800 0.03024600
v -0.02961200 0.02044700 0.01455100
v -0.02638900 0.02304400 0.01234900
v 0.00000000 0.03293700 0.01699200
v -0.02279500 0.02569800 0.01234500
v 0.03931000 0.00923500 0.00349400
v 0.02867900 0.02636100 -0.00295300
v 0.02443200 -0.02790300 0.02588800
v 0.02164900 -0.02777400 0.02513700
v -0.01429300 -0.02480000 -0.00946100
v 0.04076600 -0.00608500 0.01730500
v 0.03343100 0.02111000 -0.01384100
v 0.03949900 -0.00925500 0.01319600
v 0.00926800 -0.02664300 0.01062200
v 0.01877600 0.03514100 -0.01363200
v 0.00000000 0.01491000 0.03234200
v 0.00199800 0.00971800 0.03628000
v 0.03538000 0.01767400 -0.01248700
v 0.01139200 -0.00165100 0.03162400
v 0.00474300 -0.02620300 0.00431900
v 0.00423300 0.02648900 -0.03485300
v 0.02508700 0.02336400 -0.02932500
v 0.00785200 0.03819500 0.00057100
v 0.03954700 0.00524700 -0.01738700
v 0.03822000 0.00942000 -0.01743100
v 0.00798400 0.03902000 -0.00511400
v -0.03861200 -0.01633100 -0.00718700
v -0.04215400 -0.00588600 -0.01414200
v -0.03363600 0.00740000 0.02816600
v -0.01106600 0.01014400 0.04013000
v -0.02560500 0.01829100 0.02704300
v -0.03431100 0.00785900 0.02820500
v -0.03866800 0.00945800 0.01916200
v -0.04050000 0.00505900 0.01613000
v -0.00463900 -0.01557500 -0.03719900
v -0.00467600 -0.01776600 -0.03583500
v -0.02536100 -0.01891300 -0.02980100
v -0.01051600 0.01784200 0.03409600
v -0.00194400 0.00642300 0.03615700
v 0.00000000 0.00710600 0.03482200
v 0.03218300 -0.02186200 0.02620600
v 0.00707800 -0.03236000 0.03033200
v 0.03677800 0.00944600 -0.02269900
v 0.03080900 -0.02403100 0.01772800
v 0.02687100 0.02937400 -0.00922600
v 0.03890600 0.00529700 -0.02015500
v -0.04041500 -0.00117200 -0.02019100
v -0.03238000 -0.00661000 -0.03149800
v -0.03985100 -0.00554800 -0.02256800
v -0.02045000 0.02073900 0.02425800
v -0.01684300 0.02104900 0.02611500
v -0.02652200 0.01631900 0.03128100
v -0.03559700 0.00316000 0.02710800
v -0.02597300 0.00157400 -0.03567000
v -0.02939900 -0.00561400 -0.03359900
v -0.02251600 -0.00236300 -0.03712400
v -0.01948100 0.02304500 0.02085400
v 0.00412800 0.02946600 -0.03319000
v -0.00472900 -0.02606300 0.00180000
v 0.02225500 -0.02927600 0.02318300
v 0.04113400 -0.00252100 0.02079000
v 0.00808200 0.03934900 -0.01053200
v 0.02133100 -0.00782200 0.02935400
v 0.01116300 0.00158800 0.03189800
v 0.02177500 0.03340800 -0.01312400
v 0.02439600 0.03149100 -0.00924400
v 0.02514500 0.02763000 -0.02447100
v 0.01383300 -0.02762600 0.01888900
v 0.03701600 0.01357500 -0.01458400
v 0.02119700 -0.01125900 0.03191900
v 0.02460000 -0.00951000 0.03058800
v 0.03850300 -0.01452800 0.00467500
v -0.01416700 -0.02441900 -0.01550500
v 0.01548300 0.03681200 -0.01077900
v 0.03824800 -0.00011300 0.02534000
v 0.03992800 -0.00134300 0.02348700
v 0.03189500 -0.01680600 0.02589600
v 0.03115300 0.02424400 -0.01623700
v -0.04103100 -0.01175300 -0.00199600
v -0.04133800 -0.00246400 -0.01724100
v -0.02873500 0.01898300 0.02036800
v -0.02430800 0.02008800 0.02231900
v -0.03677300 0.01330300 0.01857000
v -0.03772000 0.00923000 0.02280600
v -0.01845300 -0.00614900 -0.03800800
v -0.01412500 0.00154800 -0.03945400
v -0.02242700 -0.02045300 -0.02882600
v -0.02172400 -0.02187200 -0.02528400
v 0.01183300 -0.00555800 0.03376300
v 0.00972400 -0.00266100 0.03479700
v 0.02917800 0.02687100 -0.00794200
v 0.01808100 -0.02630000 0.01832200
v 0.03352700 -0.01838100 0.02352000
v 0.01176300 0.03791900 -0.00538900
v 0.03878700 0.00911600 -0.01349500
v 0.04020100 -0.00570800 0.02091700
v 0.03422500 -0.01524000 0.02180800
v 0.00905200 -0.00658900 0.03446100
v 0.01869900 0.03516700 -0.00908500
v 0.02282100 0.02648500 -0.02868600
v 0.02500400 0.00982900 -0.03502800
v 0.00194400 0.00642300 0.03615700
v 0.00394400 0.03857000 0.00248400
v 0.02106500 -0.00836100 0.03117900
v 0.01976600 -0.02592100 0.02611400
v -0.03594200 -0.01848400 -0.00151400
v -0.03810300 -0.01655900 -0.00238800
v -0.01373300 0.01125200 0.03918600
v -0.03646200 0.00879800 0.02578500
v -0.04009500 0.00514100 0.01988000
v -0.03469400 0.01700000 0.01316700
v -0.01850400 -0.00245900 -0.03838600
v -0.00956500 0.00157000 -0.04011000
v -0.02282500 0.02230100 0.01894600
v -0.00199800 0.00971800 0.03628000
v -0.00762600 0.03419700 0.01277000
v -0.00386200 0.03478600 0.01333700
v 0.00000000 0.03804900 0.00646100
v -0.02911900 -0.02036600 -0.02209700
v 0.01821100 0.00580400 -0.03827700
v 0.01397800 0.00587900 -0.03923700
v -0.00928200 -0.02415200 -0.02202200
v 0.02665900 0.02421800 -0.02702800
v 0.02558100 0.00566500 -0.03547900
v 0.02799100 0.02441700 -0.02490600
v 0.03762300 0.00943400 -0.02014800
v 0.02229800 0.02889600 -0.02633300
v 0.01400700 -0.03036800 0.03431900
v 0.02794300 -0.01327700 0.02852300
v 0.03290900 -0.02745900 0.02091000
v 0.03352000 -0.02363000 0.02430300
v 0.01648700 0.03374100 -0.02408300
v 0.02948500 -0.00850700 0.02820000
v -0.03234500 -0.02072000 0.00436200
v -0.04091500 -0.00566200 -0.01995100
v -0.03249600 0.00837000 0.02930500
v -0.02937900 -0.00217600 -0.03385000
v -0.03038600 -0.02097900 -0.01514700
v -0.01491000 -0.02158300 -0.02970800
v 0.02696700 0.02939900 -0.01310000
v 0.02816900 -0.00780700 0.02851200
v 0.03800100 0.00534900 -0.02275600
v 0.00404700 0.03199000 -0.03140000
v 0.03215800 -0.02542500 0.01962100
v 0.02972700 -0.02948800 0.02599700
v 0.01836800 -0.02348700 0.03173900
v -0.03218600 -0.00211700 -0.03191000
v -0.03458400 -0.00209700 -0.02980800
v -0.02269500 0.01650000 0.03302400
v -0.02247800 -0.00596900 -0.03678300
v -0.01243600 0.02402200 0.02427000
v -0.02684900 -0.02208600 -0.01579700
v -0.01586600 -0.02227400 -0.02754600
v 0.00787600 -0.03231700 0.02833600
v 0.01695700 -0.02682900 0.03277800
v 0.01505700 0.03553200 -0.02133100
v 0.03997800 -0.01926600 0.01513300
v 0.01670100 -0.02947400 0.03025500
v 0.01451800 -0.01929300 0.03466100
v 0.03383100 -0.02044100 0.02163900
v 0.03681200 0.00540100 -0.02522800
v 0.00988100 -0.03396000 0.03188600
v 0.03323300 -0.02283800 0.02031800
v 0.02535400 -0.02552500 0.01594900
v 0.02597300 -0.02663800 0.01865600
v 0.00814200 0.02913500 -0.03285200
v 0.02281100 -0.02283000 0.02881000
v 0.01334200 0.03068300 -0.03019500
v 0.02033900 -0.02162800 0.03013700
v -0.03286600 -0.01543800 -0.02740000
v -0.02979500 -0.01743700 -0.02857200
v -0.03016000 -0.01534600 -0.02992400
v -0.03942400 -0.00043400 -0.02252900
v -0.03379600 0.01032800 0.02905100
v -0.00451800 -0.02109800 -0.03238300
v -0.02615700 -0.00226300 -0.03559800
v -0.02239300 0.00155900 -0.03721200
v -0.02710400 -0.02254800 -0.00857900
v -0.01357400 -0.02313800 -0.02535900
v 0.01291400 -0.03265100 0.02867100
v 0.01838000 -0.02570400 0.02989500
v 0.03032700 0.02376200 -0.02090300
v 0.03280400 0.02097400 -0.01879300
v 0.02112800 0.03236700 -0.02075900
v 0.02423900 -0.02007300 0.02974800
v 0.01159600 -0.03404700 0.03048000
v 0.03388400 -0.02482700 0.02223800
v 0.03239500 -0.02198600 0.01794100
v 0.03317500 -0.02907000 0.02243900
v 0.02380800 0.03065200 -0.02021500
v 0.01843800 0.02982400 -0.02834600
v 0.01172300 -0.03581300 0.03311700
v 0.00798000 0.03158300 -0.03108300
v 0.02704700 0.01368300 -0.03273900
v 0.03135300 -0.02641300 0.02625500
v 0.02663000 0.02910300 -0.01722700
v -0.03847200 -0.00545900 -0.02505500
v -0.03803900 -0.00086000 -0.02536100
v -0.03271300 0.01403100 0.02855300
v -0.00464900 -0.01961800 -0.03421500
v -0.02912300 0.00158300 -0.03391100
v -0.02614300 -0.00578200 -0.03530200
v -0.02310900 -0.02338300 -0.01104700
v -0.01791900 -0.02284600 -0.02401000
v 0.01883000 -0.00400400 0.02584200
v 0.02959000 -0.03291600 0.02202200
v 0.01583500 0.00315400 0.02592400
v 0.02326400 -0.00207100 0.02230100
v -0.00452600 -0.02396900 -0.02464500
v 0.02827300 -0.02444500 0.01529900
v 0.00741500 -0.01927300 0.03544800
v 0.03223500 0.01561200 -0.02681800
v 0.02333400 -0.00429500 0.02381000
v -0.02984400 -0.02190800 0.00067100
v 0.03067600 -0.02281200 0.01509600
v 0.02885100 -0.03303400 0.02343500
v -0.03357500 -0.01946100 -0.01566900
v -0.03791600 -0.01572600 -0.01791200
v -0.03133500 0.00973400 0.03090400
v -0.02107500 -0.01834100 -0.03222600
v -0.02925700 -0.00964700 -0.03294700
v -0.00437000 0.02379600 0.02659300
v -0.00413800 0.02733200 0.02329400
vn -0.28107531 -0.86715274 0.41114815
vn 0.39083273 0.76682881 -0.50913982
vn -0.36593086 -0.92965021 -0.04295448
vn 0.80714398 0.49194355 -0.32635892
vn 0.76066333 0.47619583 -0.44116757
vn -0.27646548 -0.61022314 -0.74242478
vn 0.54013434 0.75788642 -0.36587304
vn 0.56645495 0.10886050 0.81687097
vn 0.63064983 0.15415193 -0.76060369
vn -0.79066466 0.13564386 -0.59703445
vn -0.12393169 -0.71152548 -0.69164473
vn -0.33176828 0.73155003 0.59562098
vn -0.36685322 0.75964609 0.53698839
vn 0.71771622 0.64590649 -0.26016963
vn 0.57719127 -0.01486685 0.81647365
vn -0.26604924 -0.91077560 -0.31576194
vn 0.46615103 0.84349133 -0.26688125
vn 0.24062476 -0.65193879 -0.71907965
vn 0.67826997 0.44155901 -0.58734615
vn 0.38421524 -0.36303734 -0.84887133
vn 0.85249800 -0.18873972 0.48746741
vn 0.06885085 -0.46150259 -0.88446307
vn 0.70050459 -0.71081799 0.06349107
vn 0.26091484 0.54946762 -0.79373093
vn 0.36837509 -0.04559512 0.92855849
vn 0.45105681 -0.60373527 0.65730623
vn 0.85509782 0.42765039 -0.29312602
vn 0.80773229 -0.58292925 0.08810243
vn -0.48777739 -0.87294882 -0.00579512
vn -0.71262730 0.10618732 -0.69345986
vn -0.62464106 0.08245385 -0.77654679
vn -0.09783965 -0.83165687 -0.54660247
vn -0.15233521 0.89914558 0.41028186
vn -0.44603935 -0.84825715 0.28549729
vn -0.30647433 -0.07012626 0.94929226
vn 0.02678102 -0.99162583 -0.12633683
vn 0.70184208 0.33040969 -0.63106825
vn 0.68472049 0.06711308 0.72570909
vn -0.59783497 -0.77226034 -0.21495890
vn -0.59347917 -0.71429741 -0.37089308
vn -0.82723509 -0.30591124 -0.47127532
vn -0.70379377 -0.28341379 -0.65142225
vn -0.19610622 -0.80719131 -0.55676255
vn -0.38049127 -0.49598310 -0.78053005
vn -0.37352870 -0.60566490 -0.70259970
vn 0.02446123 -0.95151555 -0.30662649
vn 0.11434676 -0.21314329 0.97030653
vn -0.11058479 -0.98378185 -0.14122422
vn -0.65682210 -0.65183078 0.37907962
vn -0.26110050 -0.35248975 0.89865316
vn 0.49479603 -0.39372157 -0.77470008
vn -0.55826673 -0.54263972 0.62759891
vn 0.53985677 0.20742714 -0.81579939
vn 0.62957677 0.22693854 -0.74305585
vn -0.26406123 -0.54242919 0.79752256
vn 0.53836163 0.13594038 -0.83167720
vn -0.68023510 -0.12750949 -0.72181822
vn -0.78552637 0.04654020 -0.61707563
vn -0.77051903 -0.03862031 -0.63624594
vn -0.23325150 0.89564512 0.37869983
vn 0.58698422 -0.13858901 0.79764818
vn 0.89262294 0.12239291 0.43387126
vn 0.95675711 0.27832202 -0.08457353
vn -0.05436039 -0.59782479 0.79978151
vn 0.06888285 -0.97576262 -0.20770763
vn 0.16286085 0.81582758 0.55488891
vn 0.76227776 -0.63612548 0.11948637
vn 0.72109095 -0.00950858 0.69277517
vn 0.14227510 0.97722743 -0.15743048
vn -0.09498580 -0.18563301 0.97801743
vn 0.92189103 0.38527635 -0.04097640
vn 0.28857695 0.25701697 0.92231536
vn 0.04648970 0.29359948 -0.95479739
vn -0.85049940 -0.52594917 0.00531427
vn -0.98588139 0.14919384 -0.07602027
vn -0.97647623 0.01829258 -0.21484775
vn -0.97496973 0.22049467 -0.02856795
vn 0.61007534 -0.37593822 0.69748013
vn 0.59384234 -0.44848261 0.66799298
vn 0.40176732 0.58377807 0.70553964
vn -0.18169437 0.87720681 0.44440450
vn -0.09694601 -0.46140048 -0.88187928
vn -0.49448057 0.75961978 0.42245326
vn -0.29133846 -0.91067647 -0.29289975
vn 0.41688692 -0.05050436 0.90755419
vn 0.75201015 0.65912036 -0.00641021
vn 0.54724402 0.13968263 0.82523497
vn 0.40215556 -0.89436009 -0.19593604
vn 0.12804283 0.92336089 -0.36195261
vn 0.19983631 -0.16610062 0.96564799
vn 0.67373565 -0.73832751 0.03086692
vn 0.82608871 0.36942033 -0.42556559
vn -0.75657871 -0.45829725 -0.46642501
vn -0.68671674 -0.61902711 -0.38108472
vn -0.37852877 -0.72580348 0.57439122
vn -0.15985746 -0.85668376 0.49044727
vn 0.06846937 -0.94973173 0.30548583
vn -0.42839060 -0.19309398 0.88272091
vn -0.18608995 -0.69097762 -0.69851303
vn -0.29905894 -0.47107785 -0.82984903
vn -0.32711756 -0.22345074 -0.91818509
vn -0.17044217 0.73232974 0.65927431
vn -0.21179988 0.72871667 0.65123946
vn 0.91425966 0.37226638 -0.15983435
vn 0.54117947 0.36931732 0.75546641
vn 0.86480919 -0.49351405 0.09246050
vn 0.99052443 0.12900320 0.04711185
vn -0.31727238 -0.77802710 -0.54222881
vn 0.77349638 -0.34672945 0.53054881
vn 0.07514013 -0.99396115 -0.07996993
vn 0.18342787 -0.66299366 -0.72580550
vn 0.46865553 0.86763007 -0.16607243
vn 0.23634137 0.96745838 -0.09037170
vn 0.59862336 -0.28756257 0.74763483
vn 0.18708605 0.16610117 -0.96819895
vn 0.27494501 0.15054620 0.94960048
vn 0.90542677 -0.39261710 0.16141306
vn 0.32990807 0.92735568 0.17655624
vn 0.66112797 -0.72499661 -0.19310547
vn 0.02806835 -0.99808025 -0.05520858
vn 0.01407106 -0.97832619 -0.20659105
vn 0.78973082 0.27464889 0.54853734
vn 0.35585524 0.10881677 -0.92818423
vn 0.71207905 -0.14836913 -0.68624342
vn 0.14630422 0.98821269 0.04506400
vn 0.14578807 0.45655296 -0.87767035
vn 0.05240554 0.36712838 -0.92869285
vn -0.95858908 0.21972156 -0.18118888
vn -0.12376948 0.85199920 0.50870275
vn -0.26059635 -0.45417481 0.85194764
vn -0.17688297 -0.14975263 -0.97277262
vn -0.17880607 -0.06548236 -0.98170283
vn -0.10812953 -0.14997686 -0.98275885
vn -0.34087880 0.76639133 0.54446852
vn -0.20273565 0.82746945 0.52363400
vn 0.60802266 -0.15898279 0.77783862
vn 0.00000000 0.22914512 0.97339227
vn -0.24715144 0.93031565 0.27097778
vn -0.16331456 0.91437049 0.37047936
vn -0.15112237 -0.98649055 -0.06323315
vn 0.41754819 -0.11532308 0.90130688
vn 0.65306710 0.70519278 -0.27605527
vn 0.14628542 0.98354205 0.10604533
vn 0.20947205 -0.95698312 -0.20076049
vn 0.15339381 -0.98598133 -0.06565935
vn 0.49191709 0.70648616 0.50881714
vn -0.70482452 0.33101640 0.62741576
vn 0.03911277 -0.91832811 -0.39388281
vn 0.04244649 0.35025329 0.93569275
vn 0.99957641 0.01920555 0.02186666
vn 0.28802150 0.39126856 -0.87404378
vn 0.36721817 0.42975855 -0.82489903
vn 0.97930361 -0.19735545 0.04489170
vn -0.83654130 -0.52675699 -0.15075054
vn -0.33735131 0.23251142 0.91221299
vn 0.00375694 -0.69691083 0.71714795
vn -0.49618673 -0.86466044 0.07849242
vn -0.01053214 -0.84400782 0.53622744
vn 0.03323658 -0.43773851 0.89848780
vn -0.99011335 0.13901382 0.01872728
vn -0.03598863 0.01359372 -0.99925974
vn -0.17407807 -0.23898878 -0.95529115
vn -0.11832907 0.77129303 0.62538412
vn -0.13908086 0.82179412 0.55254949
vn -0.43371346 0.77509783 0.45947360
vn 0.66963563 0.69592813 0.25936877
vn 0.41660724 0.88955480 0.18743176
vn 0.85732422 -0.46845681 0.21340901
vn 0.99424426 -0.08082608 0.07032423
vn 0.15277224 0.02660116 0.98790335
vn 0.54743347 0.82554212 0.13710143
vn 0.08213034 0.74889064 0.65758453
vn 0.16195314 -0.97746388 -0.13540882
vn 0.13988838 -0.98319433 -0.11730365
vn 0.10598697 0.58981179 0.80055531
vn -0.15170354 -0.98721559 -0.04890212
vn 0.99071354 0.13593882 0.00270499
vn -0.02177009 0.04661587 0.99867564
vn -0.50167795 -0.22586803 0.83504663
vn 0.40489428 0.90840653 0.10420269
vn 0.47874324 0.87129560 0.10793004
vn -0.46553944 -0.04508562 0.88387800
vn -0.97710457 -0.14155374 -0.15883699
vn -0.60034493 -0.79212056 -0.11014077
vn 0.02341368 0.54536894 0.83786903
vn -0.12457291 0.61739489 0.77672720
vn -0.62735075 0.75266083 0.19983171
vn -0.39996528 -0.30419217 0.86457787
vn -0.44078864 -0.73315058 0.51787605
vn 0.32395338 -0.45011113 0.83213832
vn -0.56681391 -0.79498744 0.21614108
vn 0.02835650 -0.69891771 0.71463973
vn 0.38618541 -0.66352360 0.64077863
vn -0.84804123 0.52274607 0.08696332
vn -0.59262155 0.78709354 0.17112408
vn -0.20953049 -0.56420001 -0.79860837
vn -0.24086045 -0.33167451 -0.91212842
vn -0.48683268 0.74981583 0.44807383
vn -0.31462026 -0.90570829 -0.28408905
vn 0.05222623 -0.94416577 -0.32530513
vn 0.77551064 -0.31511293 0.54707137
vn -0.01565092 0.90685809 0.42114541
vn -0.07432205 -0.99558686 -0.05729777
vn 0.28205568 0.32125038 -0.90401482
vn 0.44201066 0.44552279 -0.77854738
vn 0.97323301 0.22968482 -0.00789942
vn 0.83676255 0.54739450 0.01370020
vn -0.93667955 -0.33522375 -0.10127418
vn -0.73131579 -0.67787675 -0.07523524
vn -0.49003867 -0.83652961 -0.24511285
vn -0.99658190 0.07072255 0.04269478
vn -0.97288982 0.23125493 0.00256020
vn -0.92565096 0.37193713 0.06952037
vn -0.62001959 0.75019054 0.22976046
vn -0.51904442 0.78571515 0.33651833
vn 0.56708763 0.04386239 0.82248873
vn -0.34603411 0.83549003 0.42686860
vn -0.59766555 0.53340327 0.59856231
vn 0.79774190 0.44896346 0.40254151
vn 0.55358259 0.79911961 0.23442304
vn 0.32227349 0.92317295 -0.20950299
vn -0.30044682 -0.22210059 0.92757913
vn 0.19860899 -0.97831602 -0.05875571
vn -0.34125851 0.16671316 0.92506721
vn 0.12292700 0.20270729 0.97149303
vn 0.61031021 0.75407525 0.24267667
vn 0.11325606 0.16021082 -0.98056390
vn 0.11774894 0.23013176 -0.96600961
vn 0.30163895 0.47591287 -0.82614822
vn 0.36340621 0.33258699 -0.87024239
vn 0.77315514 0.62670579 0.09731897
vn -0.45460222 -0.88240012 0.12127177
vn -0.98323207 0.18218127 0.00804233
vn -0.10576104 -0.34312143 -0.93331789
vn -0.42419528 0.87039622 0.24993757
vn -0.34073218 0.87441296 0.34540346
vn 0.31085419 0.86537752 0.39305397
vn 0.34918593 0.75180930 0.55933171
vn 0.44106136 0.04456467 -0.89636983
vn -0.88654418 0.29868266 -0.35331018
vn -0.76663135 0.36863495 -0.52572297
vn -0.71771622 0.64590649 -0.26016963
vn -0.36124474 -0.03080866 0.93196194
vn 0.07619979 -0.84466404 0.52984550
vn -0.44823783 0.19462414 -0.87247022
vn -0.29316368 0.63913710 -0.71102659
vn -0.00000000 0.62336653 -0.78192977
vn -0.41690781 -0.05052306 0.90754355
vn -0.00203942 0.12610467 0.99201484
vn -0.00000000 0.52726768 -0.84969924
vn -0.49543090 -0.72982849 -0.47106113
vn 0.60216954 0.78157167 -0.16290355
vn 0.92569177 0.34881648 -0.14636190
vn 0.20336555 0.03581086 0.97844777
vn 0.32803032 -0.86827885 -0.37213968
vn 0.39322643 -0.04040379 0.91855349
vn 0.21772837 0.46521087 -0.85800536
vn 0.54955699 -0.23813145 0.80079993
vn 0.44774003 0.26687742 -0.85340805
vn 0.56464289 0.00924477 0.82528355
vn 0.85340741 0.01711517 0.52096340
vn 0.54204702 -0.14960285 0.82692443
vn 0.88414273 0.46017953 -0.08078630
vn 0.03523514 -0.39042700 0.91995937
vn 0.13346427 0.37539852 -0.91720403
vn -0.23700255 0.70443898 0.66902579
vn 0.44690887 -0.47445494 0.75839632
vn -0.81743313 0.35445534 0.45405340
vn -0.69352732 0.70438556 0.15119802
vn -0.11693353 -0.58703428 -0.80107260
vn -0.03854743 -0.24014228 -0.96997205
vn -0.41066091 0.74233238 0.52943390
vn 0.51763864 -0.42926416 0.74012331
vn 0.00000000 0.92559535 0.37851453
vn -0.15438166 -0.98159500 -0.11241685
vn -0.20750467 -0.97019356 -0.12516499
vn 0.13706936 -0.59663560 0.79071989
vn 0.45271778 -0.76942270 0.45059441
vn 0.27071890 0.17439463 -0.94673005
vn 0.29547357 0.85512278 0.42598168
vn 0.96822644 0.13211577 0.21232753
vn 0.75070281 -0.56793508 0.33748339
vn 0.01258375 -0.87423803 -0.48533445
vn 0.40115617 0.90661341 -0.13086575
vn 0.13835863 -0.31501228 0.93894843
vn 0.20056500 0.31047855 -0.92918069
vn 0.50004928 -0.10009870 0.86019240
vn 0.66218945 -0.42220844 0.61906798
vn 0.56599251 -0.39982932 0.72096393
vn 0.09718534 -0.17317379 0.98008461
vn 0.04475603 -0.12770283 0.99080214
vn 0.12514669 0.30136959 -0.94525905
vn 0.71000802 -0.30226093 0.63602432
vn 0.35928877 0.18392594 -0.91492231
vn 0.98469533 -0.17215721 -0.02714781
vn 0.14562880 0.98753343 -0.05974925
vn 0.33108895 0.37723890 0.86491093
vn 0.96663037 0.25419760 -0.03176965
vn 0.95208442 0.30456772 -0.02781647
vn 0.05834767 -0.98931258 -0.13362695
vn 0.80613523 0.59171662 0.00417505
vn -0.84818244 -0.51852701 0.10824184
vn -0.60479774 -0.79606008 -0.02253955
vn -0.94027152 -0.34039210 -0.00476395
vn -0.99958402 0.02792858 -0.00719581
vn -0.63899616 0.72182165 0.26581464
vn -0.81209516 0.51121653 0.28135230
vn -0.76115481 0.64220962 0.09060994
vn -0.03807184 -0.34401784 -0.93819095
vn -0.26287866 0.02141102 -0.96459130
vn -0.10806261 -0.06754304 -0.99184697
vn -0.00000000 0.87035063 0.49243251
vn -0.15727157 0.94883597 0.27381738
vn -0.41545310 -0.80847744 -0.41684883
vn -0.00375694 -0.69691083 0.71714795
vn -0.25975689 -0.87066217 0.41770055
vn 0.58910402 -0.66236722 0.46284568
vn 0.99747026 -0.00653456 0.07078411
vn -0.16682229 -0.97033522 -0.17498536
vn -0.32395338 -0.45011113 0.83213832
vn 0.37110926 -0.92854399 0.00916410
vn -0.61007534 -0.37593822 0.69748013
vn -0.26613170 -0.20743755 0.94135200
vn 0.54087699 0.79222193 0.28255353
vn 0.31085349 -0.94820534 -0.06539675
vn -0.92469687 -0.18131981 0.33475189
vn 0.30044682 -0.22210059 0.92757913
vn -0.48572070 -0.01738072 0.87394125
vn -0.48936853 0.19384751 0.85025971
vn -0.79794126 -0.47840907 0.36662584
vn 0.05060728 -0.20112890 0.97825665
vn 0.50422973 -0.00782933 0.86353407
vn -0.28613172 0.61837774 0.73194099
vn -0.28896577 0.41269791 0.86381666
vn -0.78158546 0.01089561 0.62370302
vn -0.99982913 -0.01371189 0.01239738
vn -0.70427061 0.68505966 0.18626908
vn -0.37606613 0.55590453 -0.74131263
vn -0.07883466 0.00211103 0.99688547
vn -0.50533941 0.81465282 0.28455731
vn 0.73131579 -0.67787675 -0.07523524
vn -0.05222623 -0.94416577 -0.32530513
vn 0.99958402 0.02792858 -0.00719581
vn 0.03088305 -0.99615234 -0.08201673
vn 0.52349541 0.76347494 0.37823085
vn 0.11055900 -0.99236868 -0.05459949
vn 0.32711756 -0.22345074 -0.91818509
vn 0.03874852 -0.06489279 -0.99713965
vn -0.59384234 -0.44848261 0.66799298
vn -0.82436771 0.40579353 0.39465109
vn -0.19983631 -0.16610062 0.96564799
vn 0.28745646 0.00111843 0.95779305
vn -0.89271366 0.44600125 -0.06438322
vn -0.92189103 0.38527635 -0.04097640
vn -0.30163895 0.47591287 -0.82614822
vn -0.03925490 0.08636994 -0.99548947
vn -0.90722771 0.14853678 0.39354125
vn -0.32990807 0.92735568 0.17655624
vn 0.25865350 -0.66008939 -0.70525198
vn 0.17985254 -0.96066570 -0.21159981
vn 0.50533941 0.81465282 0.28455731
vn 0.98878762 -0.14346816 -0.04142381
vn -0.74054189 0.23457764 0.62973887
vn 0.23497537 0.77462381 0.58714950
vn 0.24522487 0.81565365 0.52399799
vn 0.18715567 0.66612010 0.72198114
vn 0.03562348 -0.14699291 -0.98849585
vn 0.84804123 0.52274607 0.08696332
vn 0.71866302 0.68556823 0.11627411
vn 0.33735131 0.23251142 0.91221299
vn -0.78973082 0.27464889 0.54853734
vn -0.83737747 0.21080782 0.50434019
vn -0.85943902 -0.15581264 0.48691579
vn -0.78787228 -0.08259109 0.61027533
vn -0.24991564 0.12031956 0.96076291
vn -0.34936792 0.75386965 0.55643742
vn -0.97323301 0.22968482 -0.00789942
vn -0.32637792 0.93965969 0.10255299
vn 0.03528563 0.82191623 0.56851440
vn 0.63043617 -0.54559299 -0.55215805
vn 0.17158183 -0.94348246 -0.28354987
vn 0.26775024 0.84787663 0.45761888
vn 0.89948856 -0.01027841 -0.43682339
vn 0.08560568 -0.71927285 -0.68943328
vn -0.71846448 -0.68489418 -0.12136207
vn -0.85522570 -0.18187243 0.48529518
vn -0.63064983 0.15415193 -0.76060369
vn -0.80714398 0.49194355 -0.32635892
vn -0.38780117 -0.03056103 0.92123627
vn -0.41044907 -0.89990291 -0.14733065
vn -0.44774003 0.26687742 -0.85340805
vn -0.33706582 0.21116753 0.91749382
vn -0.29331947 0.71771376 -0.63154623
vn -0.60216954 0.78157167 -0.16290355
vn 0.50907089 -0.10258045 -0.85459001
vn 0.94400788 0.27673522 0.17962946
vn 0.99422074 0.02815879 -0.10359634
vn 0.44313209 -0.74540876 0.49799572
vn 0.97041543 -0.20725817 0.12384643
vn 0.73098525 -0.68192991 0.02514281
vn -0.01934487 -0.99619382 -0.08499203
vn 0.90338354 0.39093200 0.17626781
vn 0.09713499 -0.58995951 -0.80156882
vn -0.84965670 -0.39493353 0.34944385
vn -0.93324041 0.32212630 -0.15905023
vn -0.36616846 -0.06203108 0.92847876
vn -0.13706936 -0.59663560 0.79071989
vn -0.66855854 -0.71353933 -0.20950203
vn -0.30971549 -0.82526522 -0.47224319
vn 0.33732590 -0.83054852 -0.44317084
vn -0.06445095 0.44793167 -0.89174172
vn -0.13199775 0.37527372 -0.91746729
vn -0.19319386 0.23851062 -0.95172938
vn -0.27929685 -0.02584305 0.95985697
vn -0.54204702 -0.14960285 0.82692443
vn -0.18577487 -0.97647020 -0.10951555
vn 0.96616609 0.25149423 0.05721649
vn 0.45460222 -0.88240012 0.12127177
vn 0.15329174 0.86844010 0.47150126
vn 0.28032556 -0.94499750 -0.16851500
vn 0.25324683 0.85760426 0.44763934
vn 0.60479774 -0.79606008 -0.02253955
vn 0.25863955 -0.06101973 -0.96404469
vn 0.17688297 -0.14975263 -0.97277262
vn 0.17880607 -0.06548236 -0.98170283
vn -0.91503501 -0.38702857 0.11366541
vn -0.91692399 -0.36504035 0.16123257
vn -0.91425966 0.37226638 -0.15983435
vn -0.94767416 0.27229095 -0.16664729
vn 0.34125851 0.16671316 0.92506721
vn -0.54955699 -0.23813145 0.80079993
vn -0.44419785 -0.08695290 0.89169920
vn -0.01906754 -0.86541352 -0.50069538
vn -0.99424426 -0.08082608 0.07032423
vn -0.14528866 0.45619097 -0.87794134
vn -0.26679494 0.09898746 -0.95865632
vn -0.18708605 0.16610117 -0.96819895
vn 0.00382971 -0.10526772 0.99443654
vn 0.05485407 -0.06855211 0.99613836
vn -0.59869292 -0.28747472 0.74761292
vn -0.23634137 0.96745838 -0.09037170
vn -0.47592415 0.87824909 0.04663420
vn -0.15021755 0.96438218 0.21771933
vn 0.12376948 0.85199920 0.50870275
vn 0.93667955 -0.33522375 -0.10127418
vn 0.26454573 -0.95929412 0.09884505
vn 0.42419528 0.87039622 0.24993757
vn 0.01053214 -0.84400782 0.53622744
vn -0.56708763 0.04386239 0.82248873
vn 0.62446106 -0.77979559 0.04435335
vn 0.48683268 0.74981583 0.44807383
vn 0.31115696 -0.31885208 -0.89527353
vn 0.92565096 0.37193713 0.06952037
vn -0.77349638 -0.34672945 0.53054881
vn -0.77087865 -0.39870958 0.49676632
vn -0.34918458 -0.76973412 -0.53439640
vn 0.21707824 0.82657201 0.51928389
vn 0.22411672 0.27474352 0.93503352
vn -0.74396276 0.66284556 0.08458824
vn -0.77315514 0.62670579 0.09731897
vn -0.36340621 0.33258699 -0.87024239
vn -0.21072171 0.38541905 -0.89835879
vn -0.11740307 0.23008638 -0.96606251
vn -0.11289351 0.16028349 -0.98059383
vn -0.56599251 -0.39982932 0.72096393
vn 0.16662100 0.29350889 0.94132352
vn -0.41660724 0.88955480 0.18743176
vn 0.99658190 0.07072255 0.04269478
vn 0.76115481 0.64220962 0.09060994
vn 0.40204354 -0.84983355 0.34079895
vn 0.71262730 0.10618732 -0.69345986
vn 0.79066466 0.13564386 -0.59703445
vn 0.07324649 -0.94894133 -0.30683108
vn -0.27597640 -0.95916600 -0.06194852
vn 0.62649208 0.71826609 0.30265740
vn 0.90620575 -0.32507322 -0.27040438
vn 0.48752890 -0.87308754 -0.00580785
vn -0.85509782 0.42765039 -0.29312602
vn 0.36901375 -0.00890900 0.92938124
vn 0.09000538 -0.57103107 0.81597950
vn -0.23757522 -0.83485827 0.49655783
vn 0.09233555 -0.93697267 0.33698125
vn 0.01286675 -0.86414487 -0.50307861
vn -0.68472049 0.06711308 0.72570909
vn -0.66556962 0.70986989 0.23043832
vn -0.96625596 -0.21100107 -0.14774293
vn -0.61031021 0.75407525 0.24267667
vn 0.18169437 0.87720681 0.44440450
vn 0.34073218 0.87441296 0.34540346
vn 0.37405359 -0.90255824 -0.21324291
vn 0.97228980 0.13643804 -0.18983470
vn 0.25334369 -0.14389538 -0.95661439
vn -0.84280934 -0.51308220 0.16253945
vn -0.35151539 -0.12976368 0.92714525
vn -0.97888526 -0.20247313 -0.02807637
vn 0.13155000 0.25335473 0.95838717
vn -0.89262294 0.12239291 0.43387126
vn -0.95365910 -0.10774520 0.28093644
vn -0.75201015 0.65912036 -0.00641021
vn -0.73739653 0.66356811 0.12618925
vn -0.12362164 0.30165363 -0.94536912
vn -0.09516989 -0.17487827 0.97997974
vn 0.09498580 -0.18563301 0.97801743
vn -0.12276273 0.23523587 0.96415424
vn -0.20493438 -0.04570042 0.97770822
vn -0.61229906 -0.11435058 0.78231311
vn -0.59256778 0.76289978 -0.25854854
vn -0.52139911 0.80651739 -0.27869815
vn -0.14562880 0.98753343 -0.05974925
vn -0.00000000 0.99873846 0.05021435
vn 0.10764838 -0.24156373 -0.96439556
vn 0.97496973 0.22049467 -0.02856795
vn -0.03323658 -0.43773851 0.89848780
vn -0.16195314 -0.97746388 -0.13540882
vn 0.85049940 -0.52594917 0.00531427
vn 0.20273565 0.82746945 0.52363400
vn -0.02835650 -0.69891771 0.71463973
vn 0.43371346 0.77509783 0.45947360
vn 0.81743313 0.35445534 0.45405340
vn 0.26059635 -0.45417481 0.85194764
vn 0.22781092 -0.43587222 -0.87069949
vn 0.24086045 -0.33167451 -0.91212842
vn -0.07503067 -0.99326024 -0.08834306
vn 0.61091575 0.73016583 0.30600623
vn 0.35946362 -0.92436232 0.12782885
vn 0.37566422 0.32859973 0.86654407
vn -0.85732422 -0.46845681 0.21340901
vn -0.84105522 0.50457068 -0.19502450
vn -0.45271778 -0.76942270 0.45059441
vn -0.58024839 0.39565592 0.71187654
vn 0.59766555 0.53340327 0.59856231
vn -0.04244649 0.35025329 0.93569275
vn -0.99071354 0.13593882 0.00270499
vn -0.91821350 0.39600486 0.00800700
vn -0.40489428 0.90840653 0.10420269
vn -0.47874324 0.87129560 0.10793004
vn 0.98323207 0.18218127 0.00804233
vn 0.10795186 -0.15008552 -0.98276179
vn 0.17407807 -0.23898878 -0.95529115
vn 0.39852247 -0.71932585 0.56899048
vn 0.67861602 0.56778091 0.46594541
vn 0.63732924 0.18315829 0.74850817
vn -0.26714907 -0.95595502 -0.12157868
vn 0.14608918 -0.94006412 -0.30811913
vn -0.19682618 -0.97815194 -0.06691956
vn 0.07296582 -0.97236450 -0.22177300
vn -0.00038411 -0.99997596 -0.00692304
vn -0.40215556 -0.89436009 -0.19593604
vn 0.09610517 0.71368849 0.69383898
vn 0.03606653 0.69145131 0.72152221
vn 0.73178077 0.06474052 0.67845823
vn 0.49851632 -0.22538510 -0.83706812
vn 0.15985746 -0.85668376 0.49044727
vn -0.80314421 -0.44253472 -0.39890150
vn 0.07033760 -0.52513439 0.84810760
vn 0.00787468 -0.93088031 0.36523944
vn -0.36357389 -0.80843527 -0.46286763
vn -0.46498872 -0.46951662 0.75055955
vn -0.52498805 0.34706751 -0.77713042
vn -0.44201066 0.44552279 -0.77854738
vn -0.92196976 -0.06041083 -0.38252096
vn 0.10807518 0.18813453 0.97617885
vn -0.00000000 0.87388990 -0.48612390
vn -0.04699040 -0.97453776 -0.21924429
vn -0.67415053 -0.28227161 0.68252751
vn -0.62542370 -0.73863051 -0.25153562
vn 0.16176546 -0.71065549 -0.68469023
vn 0.48243961 0.71669333 0.50358981
vn 0.39299915 -0.45878136 0.79691362
vn 0.78552637 0.04654020 -0.61707563
vn 0.70287259 0.02226890 -0.71096710
vn -0.20947205 -0.95698312 -0.20076049
vn 0.07331335 -0.98639745 -0.14712315
vn -0.40061809 -0.91201269 -0.08796585
vn 0.51904442 0.78571515 0.33651833
vn 0.56503934 0.74166505 0.36147407
vn 0.80056962 -0.16605950 -0.57577125
vn 0.19732076 -0.80403598 -0.56088382
vn 0.42145881 -0.25440233 0.87043204
vn 0.33267478 -0.03627115 0.94234383
vn 0.80979349 -0.36896600 0.45617825
vn 0.79225014 -0.57049468 0.21650759
vn -0.66689282 -0.74461179 0.02841214
vn -0.18943721 0.72118029 -0.66634266
vn -0.61374253 0.77415256 0.15494489
vn 0.80603230 -0.49905411 -0.31820892
vn 0.25048412 -0.86656994 0.43164135
vn 0.13740106 -0.89271367 -0.42916576
vn 0.22817164 -0.46837933 0.85355639
vn 0.24545757 -0.71787308 0.65146668
vn 0.33176828 0.73155003 0.59562098
vn 0.91437440 -0.15480754 -0.37410437
vn 0.40652282 -0.20882155 -0.88945644
vn -0.60484989 -0.52337516 -0.60019585
vn -0.77197385 -0.63416133 -0.04354045
vn -0.54646603 -0.75911981 -0.35371174
vn -0.89701093 -0.31788911 0.30711221
vn -0.40067320 -0.15257819 0.90342730
vn -0.57486159 -0.12137814 0.80919806
vn -0.44468597 0.34146669 -0.82804281
vn -0.99796382 0.05171848 -0.03732839
vn -0.22615731 0.91240750 -0.34112377
vn -0.00000000 0.80401378 -0.59461066
vn -0.00000000 0.71400600 -0.70013958
vn -0.13441878 0.95577746 -0.26157414
vn 0.63899616 0.72182165 0.26581464
vn 0.57549196 0.75130911 0.32302264
vn 0.19986965 -0.97981342 -0.00421648
vn 0.43761556 0.80448944 0.40160847
vn 0.03793770 0.01226297 -0.99920486
vn 0.15110780 -0.98648616 -0.06333629
vn 0.07473267 -0.99326595 -0.08853119
vn 0.49513398 0.83295601 0.24703568
vn 0.00000000 -0.99936458 -0.03564326
vn 0.81209516 0.51121653 0.28135230
vn 0.17068122 -0.33978991 -0.92488418
vn 0.10816659 -0.06746657 -0.99184084
vn 0.43265906 -0.18372229 0.88263937
vn -0.95469426 -0.29147298 0.06001977
vn -0.88771628 0.43418497 -0.15311178
vn -0.85340741 0.01711517 0.52096340
vn -0.49998077 0.67092210 0.54761553
vn -0.49191709 0.70648616 0.50881714
vn -0.68428614 0.48274690 0.54654177
vn -0.53345994 -0.32116275 0.78248002
vn 0.53763481 0.55551954 0.63430817
vn -0.82685330 0.40272300 0.39259114
vn -0.66867159 0.12182859 0.73350944
vn -0.34847343 -0.38725871 0.85357891
vn 0.31985485 -0.85743651 -0.40310733
vn 0.03606667 0.48546617 0.87351119
vn -0.01535133 -0.81990270 -0.57229704
vn -0.95005132 0.31208882 0.00175130
vn -0.71997029 0.67247556 0.17152085
vn -0.28205568 0.32125038 -0.90401482
vn -0.20056500 0.31047855 -0.92918069
vn -0.14731275 0.97651045 0.15724596
vn -0.00000000 0.99379637 0.11121501
vn 0.89456333 0.44543664 0.03664223
vn 0.82914346 0.55516668 0.06565882
vn 0.02657652 -0.90555976 -0.42338541
vn 0.60204395 -0.12117252 -0.78921499
vn 0.40877926 0.34904014 0.84324996
vn 0.38049127 -0.49598310 -0.78053005
vn -0.54506761 -0.83766548 -0.03489779
vn 0.25875964 -0.11837089 0.95866145
vn -0.82608871 0.36942033 -0.42556559
vn 0.67517001 -0.22765064 0.70165565
vn -0.56407428 -0.16982829 0.80807089
vn -0.00028750 -0.80029847 -0.59960176
vn -0.68315032 -0.62951291 -0.37016096
vn -0.42132136 0.59667876 0.68298079
vn -0.26091484 0.54946762 -0.79373093
vn -0.21553596 0.86436205 -0.45433743
vn 0.00000000 0.92912915 -0.36975536
vn 0.10364593 -0.87721386 0.46877859
vn 0.44078864 -0.73315058 0.51787605
vn 0.39996528 -0.30419217 0.86457787
vn 0.97710457 -0.14155374 -0.15883699
vn -0.00968932 -0.97944974 0.20145550
vn 0.43203377 0.83758898 0.33435239
vn -0.12048863 -0.98943510 -0.08062678
vn -0.29539191 0.35776166 0.88586128
vn -0.04313436 -0.04294066 0.99814604
vn 0.34087880 0.76639133 0.54446852
vn 0.09123823 0.80761417 0.58261045
vn 0.93788770 0.34648535 0.01773592
vn -0.12151332 0.76771063 0.62917001
vn 0.24761566 -0.23429943 -0.94010120
vn 0.62001959 0.75019054 0.22976046
vn -0.85691237 0.51057965 -0.07077854
vn -0.65747273 -0.40833662 0.63323836
vn 0.47339580 0.26851201 0.83892653
vn 0.70482452 0.33101640 0.62741576
vn 0.23925691 0.60644930 0.75827131
vn -0.35854577 -0.43065132 0.82824174
vn -0.83069453 0.33902895 0.44159479
vn 0.40843443 0.73373243 0.54297148
vn -0.99233441 0.12357937 0.00074992
vn -0.36721817 0.42975855 -0.82489903
vn -0.21772837 0.46521087 -0.85800536
vn -0.04077842 0.22457472 -0.97360326
vn -0.03695177 0.15562332 -0.98712509
vn -0.05355227 -0.13285304 0.98968794
vn -0.48664100 0.85414800 0.18333502
vn 0.03761824 0.08642532 -0.99554786
vn 0.21598886 -0.56732430 -0.79466468
vn 0.69352732 0.70438556 0.15119802
vn 0.00491237 -0.81145779 0.58439038
vn 0.51859125 -0.85498620 0.00785512
vn 0.75657871 -0.45829725 -0.46642501
vn 0.14632462 -0.13376120 0.98015154
vn 0.27605974 -0.95983718 -0.05003607
vn 0.02522652 -0.97788458 -0.20761832
vn 0.50236356 0.30762804 0.80808158
vn 0.39270786 -0.33626034 -0.85598453
vn 0.57292220 -0.30354328 -0.76132886
vn -0.90364395 0.05398488 0.42486850
vn -0.71711922 0.07230943 0.69318928
vn -0.34550832 -0.24829923 0.90497044
vn -0.90418394 -0.42596561 -0.03169689
vn -0.43871265 0.42239679 0.79316591
vn -0.60221288 0.47654464 0.64050359
vn -0.67768172 0.72063717 0.14638841
vn -0.50894582 -0.42201694 -0.75025052
vn -0.81989977 -0.18189772 -0.54284213
vn -0.11715522 0.87318230 -0.47310392
vn -0.20264174 0.79998089 -0.56477155
vn -0.54743347 0.82554212 0.13710143
vn 0.84818244 -0.51852701 0.10824184
vn 0.97647623 0.01829258 -0.21484775
vn -0.40176732 0.58377807 0.70553964
vn 0.49618673 -0.86466044 0.07849242
vn -0.00000000 -0.99134662 -0.13127025
vn -0.66147452 0.25993489 0.70348085
vn 0.33382019 0.90551665 0.26192305
vn 0.34773615 0.79916371 0.49032329
vn 0.45081419 0.83021640 0.32788305
vn 0.40876296 0.87361778 0.26401669
vn 0.35138650 0.03053350 -0.93573246
vn 0.14887979 -0.57958966 -0.80119325
vn 0.10556017 -0.34300564 -0.93338319
vn -0.85160462 -0.47778765 -0.21561201
vn -0.80895191 -0.23334493 -0.53958035
vn -0.81955184 -0.09648162 0.56482393
vn -0.22635415 -0.29897051 0.92702774
vn -0.43338550 -0.69232732 -0.57694011
vn -0.71338860 0.08802729 0.69521788
vn -0.82914346 0.55516668 0.06565882
vn -0.80613523 0.59171662 0.00417505
vn -0.65306710 0.70519278 -0.27605527
vn -0.03733238 0.29267048 -0.95548432
vn -0.00761900 -0.10730436 0.99419702
vn -0.10805866 0.25632606 0.96053125
vn -0.54013434 0.75788642 -0.36587304
vn -0.32450195 0.94212904 -0.08421020
vn -0.14227510 0.97722743 -0.15743048
vn -0.40155886 0.91581990 0.00493912
vn 0.00000000 0.99994765 -0.01023255
vn -0.13961783 -0.98301415 -0.11912195
vn 0.94027152 -0.34039210 -0.00476395
vn 0.20456737 -0.97675213 -0.06408952
vn -0.15399017 -0.98560016 -0.06985232
vn 0.37852877 -0.72580348 0.57439122
vn 0.11832907 0.77129303 0.62538412
vn 0.13908086 0.82179412 0.55254949
vn -0.09077473 0.76617977 0.63618276
vn 0.81241447 0.25943545 0.52218385
vn -0.02341368 0.54536894 0.83786903
vn 0.83654130 -0.52675699 -0.15075054
vn 0.71395400 -0.66302191 -0.22510362
vn -0.38618541 -0.66352360 0.64077863
vn 0.29905894 -0.47107785 -0.82984903
vn 0.59262155 0.78709354 0.17112408
vn 0.10869663 0.01288757 -0.99399143
vn -0.75070281 -0.56793508 0.33748339
vn 0.02795778 -0.09230049 0.99533863
vn -0.89743961 -0.05034114 -0.43825555
vn 0.03586480 -0.99676192 -0.07196796
vn -0.08213034 0.74889064 0.65758453
vn 0.50167795 -0.22586803 0.83504663
vn -0.77551064 -0.31511293 0.54707137
vn 0.02177009 0.04661587 0.99867564
vn -0.10598697 0.58981179 0.80055531
vn -0.99957641 0.01920555 0.02186666
vn -0.97930361 -0.19735545 0.04489170
vn -0.83676255 0.54739450 0.01370020
vn -0.95208442 0.30456772 -0.02781647
vn -0.28802150 0.39126856 -0.87404378
vn -0.13556925 -0.13699465 0.98125096
vn -0.10218127 -0.14089438 0.98473741
vn -0.14628542 0.98354205 0.10604533
vn 0.19853785 0.10278857 0.97468827
vn 0.59783497 -0.77226034 -0.21495890
vn 0.23700255 0.70443898 0.66902579
vn 0.95858908 0.21972156 -0.18118888
vn 0.03738249 -0.23922121 -0.97024521
vn 0.29516265 0.90434728 0.30827749
vn 0.34421411 -0.05028897 -0.93754342
vn 0.07440295 -0.99553777 -0.05804086
vn 0.16346732 -0.45197345 -0.87692556
vn -0.07081045 -0.98625279 -0.14930277
vn -0.79083161 -0.60760580 0.07348842
vn -0.90542677 -0.39261710 0.16141306
vn -0.95865958 0.26389749 -0.10644210
vn -0.47153919 0.87992944 -0.05809450
vn -0.00000000 0.98605868 -0.16639793
vn -0.24052114 0.96503769 0.10417215
vn 0.12457291 0.61739489 0.77672720
vn 0.96890075 0.22573734 -0.10136070
vn 0.05788813 -0.98140474 -0.18301284
vn 0.33614771 -0.13480800 -0.93211132
vn 0.93052850 -0.34913020 0.11056588
vn 0.23325150 0.89564512 0.37869983
vn -0.06888285 -0.97576262 -0.20770763
vn 0.25143397 0.89863147 0.35950304
vn 0.29133846 -0.91067647 -0.29289975
vn 0.98588139 0.14919384 -0.07602027
vn 0.27656551 0.74009297 0.61300400
vn -0.51763864 -0.42926416 0.74012331
vn -0.05760710 -0.06825037 0.99600367
vn 0.88753684 0.28131683 0.36488244
vn -0.00008503 -0.99696518 -0.07784871
vn 0.11044119 -0.99028954 -0.08443565
vn 0.42502232 0.86134962 0.27826762
vn 0.10254918 -0.46050850 -0.88171174
vn 0.00964093 -0.99267727 -0.12041135
vn 0.03298119 -0.59403943 -0.80375954
vn -0.76227776 -0.63612548 0.11948637
vn -0.94270799 0.32304454 -0.08332987
vn -0.24545008 0.73296270 0.63444459
vn -0.72186247 0.00448404 0.69202201
vn -0.66389114 -0.68868546 -0.29148051
vn -0.86942531 0.49405309 0.00334395
vn -0.96663037 0.25419760 -0.03176965
vn 0.00125870 0.44170196 -0.89716096
vn -0.07451693 -0.12563619 0.98927386
vn -0.40115617 0.90661341 -0.13086575
vn 0.98559583 -0.15655237 0.06397045
vn -0.25100235 -0.93825308 -0.23807346
vn -0.92159804 0.37698359 -0.09241439
vn 0.34603411 0.83549003 0.42686860
vn 0.71338860 0.08802729 0.69521788
vn 0.86514021 0.37998665 0.32732639
vn 0.18087072 0.01492352 -0.98339365
vn 0.81221837 0.55801330 0.17006611
vn 0.26287866 0.02141102 -0.96459130
vn -0.44690887 -0.47445494 0.75839632
vn 0.15727157 0.94883597 0.27381738
vn 0.03607645 -0.34278970 -0.93871919
vn -0.71000802 -0.30226093 0.63602432
vn -0.33108895 0.37723890 0.86491093
vn -0.32776936 -0.10515608 0.93888734
vn -0.74654498 0.20584835 0.63269032
vn -0.40655628 -0.11003800 0.90697499
vn -0.56420774 0.07728577 0.82200763
vn -0.89745086 0.44109704 -0.00391901
vn -0.26982870 -0.95507842 -0.12254668
vn -0.16269169 -0.36599338 0.91628612
vn 0.71699012 0.05792506 0.69467248
vn 0.76315298 -0.19253180 0.61687036
vn -0.96822644 0.13211577 0.21232753
vn -0.93367824 -0.34209955 0.10589070
vn -0.78026389 0.61962749 0.08514715
vn -0.95675711 0.27832202 -0.08457353
vn -0.27522955 0.24791919 -0.92886208
vn -0.10984014 0.08799391 -0.99004657
vn -0.11893144 -0.14811032 0.98179359
vn -0.00000000 -0.02063414 0.99978709
vn -0.22250119 0.14274521 0.96442575
vn -0.00000000 0.98132787 0.19234243
vn -0.32501458 0.94550235 0.01976942
vn 0.99011335 0.13901382 0.01872728
vn -0.11522140 -0.93483669 -0.33586365
vn 0.59347917 -0.71429741 -0.37089308
vn 0.66293347 -0.40266728 -0.63117215
vn 0.43303497 -0.03668188 -0.90063042
vn -0.85402120 0.21878848 -0.47199511
vn -0.71600998 0.17618585 -0.67549113
vn -0.78656409 0.26707945 -0.55676342
vn -0.76066333 0.47619583 -0.44116757
vn 0.23003950 -0.94757367 -0.22177909
vn -0.61294405 -0.38194166 0.69167923
vn 0.28717724 -0.92615850 0.24445791
vn 0.63147899 -0.76938186 -0.09636306
vn 0.37218421 -0.87624754 -0.30605418
vn -0.35928877 0.18392594 -0.91492231
vn -0.53836163 0.13594038 -0.83167720
vn -0.15975785 0.54189604 -0.82512188
vn -0.08099745 0.62693108 -0.77485278
vn 0.00277973 -0.89994676 -0.43599095
vn -0.50003215 -0.10008925 0.86020346
vn -0.32227349 0.92317295 -0.20950299
vn -0.83374341 -0.13011839 0.53660146
vn 0.46498872 -0.46951662 0.75055955
vn -0.06846937 -0.94973173 0.30548583
vn 0.07094210 -0.90478340 -0.41992167
vn -0.38426763 -0.86037369 -0.33480665
vn 0.20328330 -0.96822696 0.14564495
vn 0.10804213 -0.96903553 -0.22202935
vn 0.82723509 -0.30591124 -0.47127532
vn 0.42839060 -0.19309398 0.88272091
vn 0.54001398 -0.70036070 -0.46677595
vn -0.85534362 -0.16149457 0.49224668
vn 0.24465190 -0.72420827 -0.64472306
vn -0.39354364 0.19300728 0.89881677
vn -0.54724402 0.13968263 0.82523497
vn -0.71874836 -0.24433123 -0.65092476
vn -0.12804283 0.92336089 -0.36195261
vn -0.23528747 0.95100823 -0.20055710
vn -0.55358259 0.79911961 0.23442304
vn -0.08345451 -0.65056603 0.75485044
vn 0.52430780 -0.20858435 0.82558700
vn -0.17365835 -0.97913812 -0.10550509
vn 0.17044217 0.73232974 0.65927431
vn 0.21179988 0.72871667 0.65123946
vn -0.38762612 -0.92084338 -0.04234933
vn 0.28523587 0.74843557 0.59873592
vn 0.37352870 -0.60566490 -0.70259970
vn 0.36611151 -0.92957532 -0.04303585
vn 0.46405784 -0.37786944 -0.80116478
vn -0.18889047 0.84573818 0.49904642
vn 0.76801235 -0.32662385 0.55088465
vn 0.57946349 -0.16613542 0.79788538
vn -0.51319052 -0.11998780 0.84984611
vn -0.61409188 0.33158546 0.71619986
vn -0.99927741 0.00325902 -0.03786866
vn -0.10536582 0.80405295 -0.58514691
vn -0.09302515 0.71984631 -0.68787179
vn 0.90792890 0.09225215 -0.40884551
vn 0.36353424 -0.92534772 -0.10758463
vn 0.20750467 -0.97019356 -0.12516499
vn -0.01407106 -0.97832619 -0.20659105
vn 0.47293107 -0.87908425 -0.05955737
vn 0.15709791 -0.96863510 -0.19252608
vn 0.62464106 0.08245385 -0.77654679
vn 0.94995986 0.01332100 -0.31208784
vn 0.41066091 0.74233238 0.52943390
vn 0.09929288 -0.82600528 -0.55484790
vn -0.88804173 0.36305281 -0.28208959
vn -0.92964185 0.25567233 -0.26532563
vn -0.79204376 0.19963592 -0.57689876
vn -0.71479759 0.24557360 -0.65479616
vn 0.61534669 -0.77422078 -0.14808996
vn -0.58214282 -0.60896502 -0.53876836
vn 0.03944999 -0.83321945 -0.55153337
vn -0.62029328 -0.57359708 0.53499780
vn -0.57825276 0.00255459 0.81585367
vn -0.16892039 -0.43123563 0.88628535
vn -0.68524929 0.72602467 0.05763317
vn -0.35585524 0.10881677 -0.92818423
vn -0.07127660 0.53486573 -0.84192535
vn -0.40247019 0.05730188 0.91363792
vn -0.10343387 0.18680436 0.97693683
vn -0.42452966 0.81449951 -0.39543029
vn -0.39366626 0.87422913 -0.28416597
vn 0.52464970 -0.01899031 -0.85110638
vn 0.68023510 -0.12750949 -0.72181822
vn 0.61477939 -0.00105408 -0.78869842
vn 0.90249256 0.18939301 -0.38683003
vn 0.11058479 -0.98378185 -0.14122422
vn 0.41545310 -0.80847744 -0.41684883
vn 0.34883920 0.87709869 0.33016527
vn 0.52730530 -0.46479254 -0.71127844
vn 0.31892491 -0.76375052 -0.56122371
vn 0.47585481 -0.86964289 -0.13146651
vn 0.53383839 0.06115570 -0.84337213
vn 0.02658239 -0.83289237 -0.55279624
vn -0.67373565 -0.73832751 0.03086692
vn -0.89888580 0.23947083 -0.36695781
vn -0.55606451 0.49074530 -0.67079155
vn -0.62702634 0.67044847 -0.39665707
vn -0.77236173 0.57170928 -0.27677763
vn 0.69507769 -0.57368972 0.43329794
vn -0.46578705 -0.42573871 -0.77575059
vn -0.20358232 -0.64588586 -0.73578917
vn -0.93751865 -0.25713724 0.23439119
vn 0.20983249 -0.93705409 0.27910564
vn -0.21415973 0.90198481 0.37491202
vn -0.35926464 0.27421922 0.89203853
vn -0.54095462 0.83985441 -0.04486284
vn -0.61343336 0.78767111 0.05721663
vn 0.16331456 0.91437049 0.37047936
vn 0.56681391 -0.79498744 0.21614108
vn 0.24715144 0.93031565 0.27097778
vn 0.73894486 -0.67038041 0.06745817
vn -0.60802266 -0.15898279 0.77783862
vn 0.60034493 -0.79212056 -0.11014077
vn 0.62735075 0.75266083 0.19983171
vn 0.29743265 0.17632004 0.93832034
vn -0.99052443 0.12900320 0.04711185
vn -0.86480919 -0.49351405 0.09246050
vn -0.74678029 0.65482744 -0.11627645
vn -0.80255811 0.58329849 -0.12515326
vn -0.29547357 0.85512278 0.42598168
vn -0.53823704 -0.80142290 0.26081070
vn 0.46553944 -0.04508562 0.88387800
vn 0.01565092 0.90685809 0.42114541
vn -0.97041543 -0.20725817 0.12384643
vn -0.27071890 0.17439463 -0.94673005
vn -0.04517121 0.36742614 -0.92895511
vn -0.18359988 0.09256143 -0.97863347
vn -0.19707270 -0.13235850 0.97141319
vn -0.00000000 -0.01295824 0.99991604
vn -0.14887525 0.03424674 0.98826278
vn -0.20336555 0.03581086 0.97844777
vn -0.28108112 0.17505339 0.94358344
vn -0.46865553 0.86763007 -0.16607243
vn -0.23909368 0.97093718 0.01073343
vn 0.00000000 0.99557026 -0.09402050
vn -0.24266805 0.95141493 0.18953062
vn -0.14630422 0.98821269 0.04506400
vn 0.68671674 -0.61902711 -0.38108472
vn 0.15438166 -0.98159500 -0.11241685
vn 0.94297821 0.15047222 -0.29690101
vn 0.49003867 -0.83652961 -0.24511285
vn 0.42752183 0.80613628 0.40910803
vn 0.36685322 0.75964609 0.53698839
vn -0.91727162 0.31260614 -0.24675933
vn -0.70184208 0.33040969 -0.63106825
vn -0.67826997 0.44155901 -0.58734615
vn -0.55566173 0.41519353 -0.72031547
vn -0.68348312 0.72900461 -0.03745808
vn -0.54129347 0.00392501 0.84082458
vn -0.55215143 0.13809059 0.82222855
vn 0.08335411 -0.80073117 -0.59319616
vn -0.28986013 -0.77023492 -0.56808386
vn -0.86208826 -0.50650260 -0.01609175
vn -0.12824654 -0.52134855 0.84365189
vn 0.15874923 -0.71365702 0.68226999
vn 0.81450836 -0.52024286 0.25675572
vn -0.44692556 0.12077751 -0.88638047
vn -0.50439703 0.58545818 -0.63468288
vn -0.40780292 0.67712696 -0.61253233
vn -0.11426386 0.00055251 0.99345028
vn -0.62161215 0.04054512 0.78227516
vn -0.28778189 0.79321162 -0.53665344
vn -0.30937678 0.84703078 -0.43223243
vn -0.46615103 0.84349133 -0.26688125
vn -0.21202913 0.14065115 0.96708888
vn 0.00000000 0.96382886 -0.26652192
vn 0.85124813 0.10768198 -0.51359636
vn 0.27784046 -0.95505683 -0.10330114
vn 0.42280897 -0.12085096 -0.89812450
vn -0.59678367 -0.79657931 -0.09649175
vn -0.84516872 0.28638987 -0.45129888
vn -0.62957677 0.22693854 -0.74305585
vn -0.64268920 0.55024046 -0.53309102
vn -0.09835582 -0.68487061 0.72199611
vn 0.17216568 -0.66513604 0.72660376
vn -0.43660673 -0.87541257 0.20743046
vn -0.16585920 0.62071711 0.76629041
vn -0.53985677 0.20742714 -0.81579939
vn -0.36135759 0.25687452 -0.89634601
vn -0.17527651 0.63171017 -0.75512939
vn -0.31606593 0.88852648 -0.33260039
vn -0.39083273 0.76682881 -0.50913982
vn -0.53554678 0.82874080 -0.16241407
vn -0.54338412 0.83783908 0.05252983
vn 0.84782707 -0.02368354 -0.52974367
vn 0.70379377 -0.28341379 -0.65142225
vn 0.23848189 -0.87160867 -0.42828111
vn 0.21098597 -0.94560468 -0.24762210
vn 0.40786753 0.78223587 0.47090458
vn 0.49448057 0.75961978 0.42245326
vn 0.77051903 -0.03862031 -0.63624594
vn 0.51214741 -0.64428889 -0.56797611
vn 0.03036002 -0.72751629 -0.68541835
vn -0.91994462 -0.32472744 0.21966789
vn -0.62091376 0.33079812 -0.71066075
vn -0.70355910 0.57791708 -0.41354135
vn -0.67133535 0.72290582 -0.16345036
vn 0.15233521 0.89914558 0.41028186
vn -0.16286085 0.81582758 0.55488891
vn -0.53692883 0.27340990 -0.79809426
vn -0.28857695 0.25701697 0.92231536
vn -0.52288627 0.69916897 -0.48759892
vn -0.60972327 0.79060372 -0.05642064
vn -0.02690284 -0.99599020 -0.08532146
vn 0.77972046 0.47208097 0.41130958
vn -0.28745646 0.00111843 0.95779305
vn -0.13155000 0.25335473 0.95838717
vn 0.35151539 -0.12976368 0.92714525
vn 0.07852710 -0.00123371 0.99691122
vn 0.32450195 0.94212904 -0.08421020
vn 0.10759820 0.24455632 0.96364663
vn 0.99982913 -0.01371189 0.01239738
vn -0.03606667 0.48546617 0.87351119
vn 0.23528747 0.95100823 -0.20055710
vn 0.98974203 -0.12051276 0.07672936
vn 0.37606613 0.55590453 -0.74131263
vn 0.55566173 0.41519353 -0.72031547
vn -0.53763481 0.55551954 0.63430817
vn 0.50452714 0.19385652 0.84135131
vn -0.31085349 -0.94820534 -0.06539675
vn -0.40204354 -0.84983355 0.34079895
vn -0.99747026 -0.00653456 0.07078411
vn -0.89456333 0.44543664 0.03664223
vn -0.17068122 -0.33978991 -0.92488418
vn -0.10790526 -0.24147205 -0.96438981
vn -0.34773615 0.79916371 0.49032329
vn 0.26613170 -0.20743755 0.94135200
vn -0.43761556 0.80448944 0.40160847
vn -0.33382019 0.90551665 0.26192305
vn 0.70427061 0.68505966 0.18626908
vn 0.73739653 0.66356811 0.12618925
vn 0.99233441 0.12357937 0.00074992
vn -0.47339580 0.26851201 0.83892653
vn -0.76315298 -0.19253180 0.61687036
vn 0.79083161 -0.60760580 0.07348842
vn -0.11570018 -0.99174957 -0.05519300
vn 0.74054189 0.23457764 0.62973887
vn 0.03998843 0.15633099 -0.98689490
vn 0.04264158 0.22491044 -0.97344593
vn -0.40843443 0.73373243 0.54297148
vn 0.86942531 0.49405309 0.00334395
vn 0.25975689 -0.87066217 0.41770055
vn 0.12151332 0.76771063 0.62917001
vn 0.29539191 0.35776166 0.88586128
vn -0.35946362 -0.92436232 0.12782885
vn -0.98974203 -0.12051276 0.07672936
vn -0.66963563 0.69592813 0.25936877
vn -0.16656949 -0.45596250 -0.87427273
vn -0.24761566 -0.23429943 -0.94010120
vn -0.03708537 -0.06558833 -0.99715738
vn 0.00000000 0.75839827 0.65179143
vn -0.57549196 0.75130911 0.32302264
vn -0.22781092 -0.43587222 -0.87069949
vn 0.79204376 0.19963592 -0.57689876
vn 0.43871265 0.42239679 0.79316591
vn 0.21553596 0.86436205 -0.45433743
vn 0.71479759 0.24557360 -0.65479616
vn 0.31352541 -0.93179117 -0.18293997
vn 0.10502145 0.12942064 0.98601257
vn 0.66556962 0.70986989 0.23043832
vn 0.40067320 -0.15257819 0.90342730
vn 0.55423671 -0.44139713 -0.70568424
vn -0.02892902 -0.99154999 -0.12645839
vn 0.00038411 -0.99997596 -0.00692304
vn -0.40877926 0.34904014 0.84324996
vn -0.40652282 -0.20882155 -0.88945644
vn 0.28275351 0.02110583 0.95896037
vn 0.46717511 -0.88211170 0.06021937
vn 0.26731387 -0.95605836 -0.12039814
vn 0.03430531 -0.59279273 -0.80462409
vn 0.38168881 -0.92370499 -0.03290519
vn 0.68028599 -0.71756831 -0.14935429
vn -0.20084584 -0.97851528 -0.04657037
vn 0.18943721 0.72118029 -0.66634266
vn 0.03300090 -0.60364070 -0.79657319
vn -0.07272746 -0.01712877 0.99720475
vn -0.52831127 -0.40661512 0.74535316
vn 0.68432180 -0.69991881 -0.20449284
vn 0.84516872 0.28638987 -0.45129888
vn 0.78656409 0.26707945 -0.55676342
vn 0.52498805 0.34706751 -0.77713042
vn -0.80603230 -0.49905411 -0.31820892
vn -0.19986965 -0.97981342 -0.00421648
vn 0.00968932 -0.97944974 0.20145550
vn -0.39852247 -0.71932585 0.56899048
vn -0.48243961 0.71669333 0.50358981
vn -0.63732924 0.18315829 0.74850817
vn -0.46405784 -0.37786944 -0.80116478
vn -0.31115696 -0.31885208 -0.89527353
vn -0.62649208 0.71826609 0.30265740
vn -0.01958877 -0.95210710 -0.30513662
vn 0.88804173 0.36305281 -0.28208959
vn 0.88107764 0.17065423 0.44111146
vn -0.51088314 -0.78615511 -0.34779098
vn -0.27658118 -0.96013395 -0.04056671
vn 0.20264174 0.79998089 -0.56477155
vn 0.59678367 -0.79657931 -0.09649175
vn -0.32565364 -0.22168560 0.91913285
vn -0.00000000 0.61673455 0.78717120
vn 0.11715522 0.87318230 -0.47310392
vn 0.27623213 -0.95940699 -0.05686859
vn 0.71846448 -0.68489418 -0.12136207
vn 0.29331947 0.71771376 -0.63154623
vn -0.44110349 -0.78813888 0.42926078
vn 0.26744236 -0.29410061 0.91759436
vn -0.47293107 -0.87908425 -0.05955737
vn -0.57292220 -0.30354328 -0.76132886
vn -0.58910402 -0.66236722 0.46284568
vn -0.43265906 -0.18372229 0.88263937
vn -0.26454573 -0.95929412 0.09884505
vn -0.50236356 0.30762804 0.80808158
vn -0.00000000 0.70303183 0.71115838
vn -0.07684875 -0.95651527 -0.28137664
vn 0.68428614 0.48274690 0.54654177
vn 0.84956847 -0.45739901 -0.26271573
vn 0.54338412 0.83783908 0.05252983
vn -0.05788813 -0.98140474 -0.18301284
vn 0.36467649 -0.82046355 -0.44028471
vn 0.88771628 0.43418497 -0.15311178
vn -0.00988996 -0.99286257 -0.11885333
vn 0.53345994 -0.32116275 0.78248002
vn 0.53554678 0.82874080 -0.16241407
vn -0.07423172 -0.99334405 -0.08807528
vn 0.21072171 0.38541905 -0.89835879
vn 0.39719353 -0.12585819 0.90906381
vn 0.36135759 0.25687452 -0.89634601
vn 0.60972327 0.79060372 -0.05642064
vn 0.93367824 -0.34209955 0.10589070
vn 0.27522955 0.24791919 -0.92886208
vn 0.22250119 0.14274521 0.96442575
vn 0.74678029 0.65482744 -0.11627645
vn -0.96890075 0.22573734 -0.10136070
vn -0.42502232 0.86134962 0.27826762
vn -0.88753684 0.28131683 0.36488244
vn -0.98559583 -0.15655237 0.06397045
vn 0.03617697 -0.46216662 -0.88605488
vn -0.45081419 0.83021640 0.32788305
vn 0.66147452 0.25993489 0.70348085
vn -0.25143397 0.89863147 0.35950304
vn -0.28032556 -0.94499750 -0.16851500
vn -0.07522782 -0.99525398 -0.06172757
vn 0.11852482 -0.99064432 -0.06764388
vn 0.36616846 -0.06203108 0.92847876
vn 0.63808100 -0.72521889 -0.25867005
vn -0.18715567 0.66612010 0.72198114
vn -0.17985254 -0.96066570 -0.21159981
vn 0.60221288 0.47654464 0.64050359
vn 0.34936792 0.75386965 0.55643742
vn 0.05547880 -0.13034265 0.98991560
vn 0.65747273 -0.40833662 0.63323836
vn 0.48664100 0.85414800 0.18333502
vn 0.44468597 0.34146669 -0.82804281
vn 0.19319386 0.23851062 -0.95172938
vn 0.91821350 0.39600486 0.00800700
vn 0.49998077 0.67092210 0.54761553
vn -0.98878762 -0.14346816 -0.04142381
vn -0.09123823 0.80761417 0.58261045
vn 0.09077473 0.76617977 0.63618276
vn 0.04313436 -0.04294066 0.99814604
vn -0.44313209 -0.74540876 0.49799572
vn -0.22817164 -0.46837933 0.85355639
vn -0.24545757 -0.71787308 0.65146668
vn -0.25048412 -0.86656994 0.43164135
vn -0.37110926 -0.92854399 0.00916410
vn -0.93788770 0.34648535 0.01773592
vn -0.61091575 0.73016583 0.30600623
vn -0.23497537 0.77462381 0.58714950
vn -0.24522487 0.81565365 0.52399799
vn -0.43203377 0.83758898 0.33435239
vn -0.52349541 0.76347494 0.37823085
vn -0.03914716 -0.14880039 -0.98809207
vn 0.39354364 0.19300728 0.89881677
vn 0.10536582 0.80405295 -0.58514691
vn 0.31606593 0.88852648 -0.33260039
vn 0.40096782 -0.91198630 -0.08663604
vn 0.99720626 0.06841973 -0.02997366
vn 0.80339828 -0.45406839 0.38519230
vn 0.61409188 0.33158546 0.71619986
vn 0.09302515 0.71984631 -0.68787179
vn 0.71600998 0.17618585 -0.67549113
vn 0.62091376 0.33079812 -0.71066075
vn 0.27474640 -0.95256577 0.13089262
vn -0.66293347 -0.40266728 -0.63117215
vn -0.20328330 -0.96822696 0.14564495
vn -0.37566422 0.32859973 0.86654407
vn -0.42145881 -0.25440233 0.87043204
vn -0.39270786 -0.33626034 -0.85598453
vn -0.04327432 -0.90626299 -0.42049343
vn 0.54506761 -0.83766548 -0.03489779
vn 0.30937678 0.84703078 -0.43223243
vn 0.57486159 -0.12137814 0.80919806
vn -0.57046533 -0.31239502 0.75959111
vn -0.65335400 -0.46999905 0.59348921
vn 0.28778189 0.79321162 -0.53665344
vn 0.24991564 0.12031956 0.96076291
vn 0.22615731 0.91240750 -0.34112377
vn 0.18889047 0.84573818 0.49904642
vn 0.13441878 0.95577746 -0.26157414
vn -0.91437440 -0.15480754 -0.37410437
vn -0.80056962 -0.16605950 -0.57577125
vn 0.67768172 0.72063717 0.14638841
vn -0.02684588 -0.99797171 -0.05772151
vn 0.32776936 -0.10515608 0.93888734
vn 0.97288982 0.23125493 0.00256020
vn 0.79794126 -0.47840907 0.36662584
vn -0.50422973 -0.00782933 0.86353407
vn 0.16682229 -0.97033522 -0.17498536
vn -0.22411672 0.27474352 0.93503352
vn 0.92212498 -0.18343197 0.34064385
vn -0.21707824 0.82657201 0.51928389
vn 0.17361848 -0.97926868 -0.10435269
vn -0.23925691 0.60644930 0.75827131
vn 0.61374253 0.77415256 0.15494489
vn 0.21807990 -0.03842746 0.97517408
vn -0.16205088 0.27101992 0.94883493
vn 0.10979959 0.08794504 -0.99005541
vn -0.05060728 -0.20112890 0.97825665
vn -0.71699012 0.05792506 0.69467248
vn 0.32501458 0.94550235 0.01976942
vn 0.78158546 0.01089561 0.62370302
vn 0.95469426 -0.29147298 0.06001977
vn 0.78026389 0.61962749 0.08514715
vn 0.14731275 0.97651045 0.15724596
vn -0.90620575 -0.32507322 -0.27040438
vn -0.00000000 0.67868489 0.73442959
vn -0.49513398 0.83295601 0.24703568
vn -0.54087699 0.79222193 0.28255353
vn -0.00000000 0.82282851 0.56828975
vn -0.56503934 0.74166505 0.36147407
vn 0.95005132 0.31208882 0.00175130
vn 0.71997029 0.67247556 0.17152085
vn -0.23698386 -0.60436151 0.76064829
vn -0.39715184 -0.72437917 0.56351152
vn -0.11042495 -0.99240629 -0.05418559
vn 0.91503501 -0.38702857 0.11366541
vn 0.85691237 0.51057965 -0.07077854
vn 0.91692399 -0.36504035 0.16123257
vn 0.07093472 -0.98651324 -0.14751234
vn 0.47153919 0.87992944 -0.05809450
vn 0.00000000 0.43437613 0.90073158
vn -0.68897527 0.05020241 0.72304411
vn 0.89271366 0.44600125 -0.06438322
vn 0.83737747 0.21080782 0.50434019
vn 0.02294846 -0.99728838 -0.06992325
vn 0.06226446 0.44719751 -0.89226539
vn 0.55606451 0.49074530 -0.67079155
vn 0.24266805 0.95141493 0.18953062
vn 0.94767416 0.27229095 -0.16664729
vn 0.93324041 0.32212630 -0.15905023
vn 0.24052114 0.96503769 0.10417215
vn -0.73098525 -0.68192991 0.02514281
vn -0.99422074 0.02815879 -0.10359634
vn 0.08345451 -0.65056603 0.75485044
vn -0.19853785 0.10278857 0.97468827
vn -0.29516265 0.90434728 0.30827749
vn -0.52430780 -0.20858435 0.82558700
vn -0.90338354 0.39093200 0.17626781
vn -0.96616609 0.25149423 0.05721649
vn -0.03669844 -0.46466140 -0.88472765
vn -0.03707666 -0.59403648 -0.80358322
vn -0.31892491 -0.76375052 -0.56122371
vn -0.03528563 0.82191623 0.56851440
vn 0.49855453 -0.04549300 0.86566377
vn -0.00000000 0.22032813 0.97542581
vn 0.71951640 -0.01204238 0.69437104
vn -0.53103693 -0.84161589 0.09839956
vn 0.88654418 0.29868266 -0.35331018
vn 0.58328258 -0.56682964 -0.58179515
vn 0.68524929 0.72602467 0.05763317
vn 0.92962005 0.25678853 -0.26432217
vn -0.94305343 0.14885249 -0.29747802
vn -0.60204395 -0.12117252 -0.78921499
vn -0.89939895 -0.00668359 -0.43707764
vn -0.31085419 0.86537752 0.39305397
vn -0.26775024 0.84787663 0.45761888
vn -0.34918593 0.75180930 0.55933171
vn -0.14632462 -0.13376120 0.98015154
vn -0.44106136 0.04456467 -0.89636983
vn -0.50907089 -0.10258045 -0.85459001
vn -0.34421411 -0.05028897 -0.93754342
vn -0.40786753 0.78223587 0.47090458
vn 0.07127660 0.53486573 -0.84192535
vn -0.02660087 -0.99797542 -0.05777065
vn -0.54775732 -0.82320098 0.14933875
vn 0.95365910 -0.10774520 0.28093644
vn 0.23909368 0.97093718 0.01073343
vn 0.21415973 0.90198481 0.37491202
vn 0.85943902 -0.15581264 0.48691579
vn 0.54095462 0.83985441 -0.04486284
vn 0.61343336 0.78767111 0.05721663
vn 0.62702634 0.67044847 -0.39665707
vn 0.25100235 -0.93825308 -0.23807346
vn 0.92159804 0.37698359 -0.09241439
vn 0.27929685 -0.02584305 0.95985697
vn 0.35926464 0.27421922 0.89203853
vn 0.84280934 -0.51308220 0.16253945
vn -0.11044119 -0.99028954 -0.08443565
vn 0.40155886 0.91581990 0.00493912
vn 0.61229906 -0.11435058 0.78231311
vn 0.81955184 -0.09648162 0.56482393
vn 0.76072941 0.12889197 0.63614277
vn 0.80255811 0.58329849 -0.12515326
vn -0.93052850 -0.34913020 0.11056588
vn -0.97228980 0.13643804 -0.18983470
vn -0.40876296 0.87361778 0.26401669
vn -0.34883920 0.87709869 0.33016527
vn -0.81221837 0.55801330 0.17006611
vn -0.86514021 0.37998665 0.32732639
vn -0.25334369 -0.14389538 -0.95661439
vn -0.18087072 0.01492352 -0.98339365
vn -0.23848189 -0.87160867 -0.42828111
vn -0.21098597 -0.94560468 -0.24762210
vn 0.48230791 0.18542032 0.85615325
vn 0.48426879 -0.01766746 0.87474088
vn 0.74396276 0.66284556 0.08458824
vn 0.18577487 -0.97647020 -0.10951555
vn 0.91868970 0.02709812 0.39404941
vn 0.32637792 0.93965969 0.10255299
vn 0.94270799 0.32304454 -0.08332987
vn 0.84965670 -0.39493353 0.34944385
vn 0.78076878 -0.10936524 0.61517425
vn 0.18582694 -0.11753819 0.97552710
vn 0.47592415 0.87824909 0.04663420
vn 0.50439703 0.58545818 -0.63468288
vn 0.44823783 0.19462414 -0.87247022
vn -0.49855453 -0.04549300 0.86566377
vn 0.15021755 0.96438218 0.21771933
vn 0.24545008 0.73296270 0.63444459
vn 0.15263784 -0.89298786 0.42340804
vn -0.62446106 -0.77979559 0.04435335
vn -0.73894486 -0.67038041 0.06745817
vn -0.29743265 0.17632004 0.93832034
vn -0.81241447 0.25943545 0.52218385
vn -0.94400788 0.27673522 0.17962946
vn -0.71866302 0.68556823 0.11627411
vn -0.25863955 -0.06101973 -0.96404469
vn -0.10860865 0.01284566 -0.99400158
vn -0.42752183 0.80613628 0.40910803
vn 0.68897527 0.05020241 0.72304411
vn -0.25324683 0.85760426 0.44763934
vn -0.15329174 0.86844010 0.47150126
vn -0.00000000 0.96191346 0.27335417
vn -0.37405359 -0.90255824 -0.21324291
vn 0.26679494 0.09898746 -0.95865632
vn 0.18359988 0.09256143 -0.97863347
vn -0.07337517 -0.98566711 -0.15190929
vn 0.64268920 0.55024046 -0.53309102
vn 0.44692556 0.12077751 -0.88638047
vn 0.70355910 0.57791708 -0.41354135
vn 0.91727162 0.31260614 -0.24675933
vn 0.52288627 0.69916897 -0.48759892
vn 0.51488662 -0.33002585 0.79118563
vn 0.54229809 -0.00489958 0.84017187
vn 0.78827499 -0.22068660 -0.57438660
vn 0.90716485 -0.04772348 0.41806030
vn 0.42452966 0.81449951 -0.39543029
vn 0.40247019 0.05730188 0.91363792
vn -0.51872453 -0.85490709 0.00766315
vn -0.94995986 0.01332100 -0.31208784
vn -0.00491237 -0.81145779 0.58439038
vn -0.52464970 -0.01899031 -0.85110638
vn -0.36353424 -0.92534772 -0.10758463
vn -0.13464788 -0.89348370 -0.42843532
vn 0.68348312 0.72900461 -0.03745808
vn 0.16585920 0.62071711 0.76629041
vn 0.89820309 0.24360960 -0.36590377
vn 0.08099745 0.62693108 -0.77485278
vn 0.72287540 -0.26428917 -0.63843746
vn 0.11356566 -0.34376266 0.93216419
vn 0.78936506 -0.25265780 0.55952376
vn -0.61477939 -0.00105408 -0.78869842
vn -0.70287259 0.02226890 -0.71096710
vn -0.27656551 0.74009297 0.61300400
vn -0.33614771 -0.13480800 -0.93211132
vn -0.28523587 0.74843557 0.59873592
vn -0.27784046 -0.95505683 -0.10330114
vn -0.14603113 -0.93992197 -0.30857996
vn -0.30078590 -0.90770242 -0.29258187
vn 0.81849793 -0.28801110 0.49710235
vn 0.39366626 0.87422913 -0.28416597
vn 0.71324285 -0.12215925 -0.69018965
vn 0.86129858 -0.49406381 0.11859896
vn 0.33848789 0.17751025 0.92407579
vn 0.99689360 -0.07693073 0.01687617
vn 0.85325832 0.21977824 -0.47291413
vn -0.58550331 -0.80578523 -0.08885965
vn 0.92310214 -0.19123819 -0.33363212
vn 0.11522140 -0.93483669 -0.33586365
vn -0.10231764 -0.71989242 -0.68650273
vn 0.15975785 0.54189604 -0.82512188
vn 0.07930564 -0.46424618 0.88214857
vn 0.29316368 0.63913710 -0.71102659
vn 0.52455146 -0.40633935 0.74815380
vn -0.63043617 -0.54559299 -0.55215805
vn -0.51214741 -0.64428889 -0.56797611
vn -0.52730530 -0.46479254 -0.71127844
vn -0.90753966 0.14945241 -0.39247386
vn -0.73178077 0.06474052 0.67845823
vn -0.02383993 -0.82958067 -0.55787773
vn -0.43303497 -0.03668188 -0.90063042
vn -0.35138650 0.03053350 -0.93573246
vn -0.27592714 -0.95990448 -0.04947317
vn -0.10777352 -0.96975933 -0.21897881
vn 0.33890246 -0.82859121 -0.44562510
vn 0.84845017 -0.40982433 0.33492734
vn 0.77236173 0.57170928 -0.27677763
vn 0.84105522 0.50457068 -0.19502450
vn 0.52139911 0.80651739 -0.27869815
vn 0.23712563 -0.27375943 0.93210901
vn 0.03969434 -0.87988025 -0.47353470
vn 0.98766825 -0.10566913 -0.11552254
vn 0.82086175 -0.43981417 -0.36434803
vn 0.95210835 -0.26207814 -0.15749520
vn 0.59256778 0.76289978 -0.25854854
vn 0.40780292 0.67712696 -0.61253233
vn 0.03706168 -0.95499718 0.29429035
vn 0.17527651 0.63171017 -0.75512939
vn 0.53692883 0.27340990 -0.79809426
vn 0.55075049 -0.18430636 0.81406699
vn 0.67133535 0.72290582 -0.16345036
vn -0.84782707 -0.02368354 -0.52974367
vn -0.85186976 0.10662177 -0.51278622
vn -0.67861602 0.56778091 0.46594541
vn -0.03437160 -0.72095481 -0.69212915
vn -0.53383839 0.06115570 -0.84337213
vn -0.42280897 -0.12085096 -0.89812450
vn -0.20456338 -0.97676692 -0.06387657
vn -0.15709791 -0.96863510 -0.19252608
vn 0.42132136 0.59667876 0.68298079
vn -0.18342225 -0.71052299 -0.67934775
vn 0.67415053 -0.28227161 0.68252751
vn 0.28896577 0.41269791 0.86381666
vn -0.02549115 -0.97939704 -0.20032884
vn 0.38426763 -0.86037369 -0.33480665
vn -0.10687445 0.14230401 0.98403629
vn 0.76663135 0.36863495 -0.52572297
vn 0.28613172 0.61837774 0.73194099
vn -0.37757818 -0.92576044 -0.02005795
vn 0.62542370 -0.73863051 -0.25153562
vn -0.59771907 -0.79073241 0.13218990
vn -0.47585481 -0.86964289 -0.13146651
vn -0.71395400 -0.66302191 -0.22510362
vn -0.39299915 -0.45878136 0.79691362
vn -0.26149356 -0.65954184 -0.70471673
vn -0.49851632 -0.22538510 -0.83706812
vn -0.03606653 0.69145131 0.72152221
vn -0.09610517 0.71368849 0.69383898
f 1325//1325 1421//1421 1322//1322
f 203//203 1178//1178 1059//1059
f 1464//1464 1446//1446 285//285
f 1289//1289 140//140 1352//1352
f 48//48 1178//1178 1352//1352
f 110//110 1175//1175 1299//1299
f 40//40 1449//1449 1450//1450
f 795//795 782//782 807//807
f 795//795 360//360 342//342
f 319//319 514//514 740//740
f 244//244 838//838 976//976
f 319//319 740//740 795//795
f 795//795 740//740 782//782
f 240//240 999//999 920//920
f 791//791 714//714 360//360
f 854//854 913//913 871//871
f 429//429 405//405 921//921
f 854//854 878//878 572//572
f 572//572 878//878 548//548
f 931//931 310//310 1456//1456
f 1097//1097 1308//1308 193//193
f 474//474 574//574 897//897
f 545//545 894//894 474//474
f 572//572 543//543 894//894
f 604//604 247//247 909//909
f 479//479 757//757 562//562
f 516//516 444//444 382//382
f 509//509 992//992 739//739
f 176//176 1128//1128 1482//1482
f 743//743 1128//1128 176//176
f 164//164 1396//1396 1223//1223
f 820//820 795//795 342//342
f 962//962 704//704 585//585
f 704//704 634//634 485//485
f 352//352 331//331 327//327
f 1338//1338 523//523 1196//1196
f 65//65 200//200 1201//1201
f 599//599 565//565 558//558
f 1091//1091 523//523 662//662
f 162//162 131//131 133//133
f 1436//1436 253//253 1231//1231
f 300//300 108//108 251//251
f 1018//1018 1017//1017 1037//1037
f 105//105 1074//1074 1060//1060
f 105//105 1060//1060 1376//1376
f 1248//1248 1247//1247 480//480
f 295//295 1264//1264 1060//1060
f 263//263 1060//1060 253//253
f 16//16 1149//1149 1159//1159
f 111//111 16//16 1199//1199
f 16//16 1113//1113 1199//1199
f 532//532 352//352 458//458
f 16//16 1//1 23//23
f 105//105 1376//1376 264//264
f 1123//1123 1148//1148 1160//1160
f 40//40 210//210 39//39
f 1148//1148 219//219 1074//1074
f 1190//1190 1077//1077 305//305
f 448//448 316//316 660//660
f 70//70 277//277 828//828
f 779//779 827//827 720//720
f 303//303 209//209 184//184
f 283//283 1465//1465 1433//1433
f 1173//1173 1133//1133 1459//1459
f 840//840 841//841 977//977
f 300//300 119//119 1173//1173
f 1309//1309 188//188 130//130
f 540//540 875//875 589//589
f 1173//1173 1459//1459 283//283
f 1280//1280 1154//1154 1501//1501
f 1407//1407 1232//1232 61//61
f 61//61 1232//1232 1434//1434
f 1392//1392 847//847 356//356
f 1460//1460 1232//1232 1437//1437
f 61//61 1434//1434 1425//1425
f 1325//1325 1322//1322 1405//1405
f 253//253 219//219 1148//1148
f 380//380 691//691 993//993
f 635//635 636//636 413//413
f 1172//1172 714//714 1175//1175
f 805//805 541//541 606//606
f 1082//1082 136//136 216//216
f 34//34 55//55 1287//1287
f 1288//1288 1287//1287 64//64
f 1287//1287 1446//1446 64//64
f 22//22 1323//1323 20//20
f 1465//1465 1321//1321 1433//1433
f 1044//1044 1045//1045 451//451
f 6//6 251//251 1444//1444
f 22//22 20//20 51//51
f 34//34 1339//1339 251//251
f 168//168 1376//1376 1264//1264
f 431//431 506//506 725//725
f 330//330 527//527 374//374
f 1424//1424 1474//1474 285//285
f 1474//1474 1320//1320 260//260
f 141//141 25//25 256//256
f 1408//1408 8//8 1356//1356
f 1410//1410 1356//1356 1320//1320
f 681//681 653//653 435//435
f 52//52 1321//1321 1441//1441
f 52//52 1248//1248 49//49
f 75//75 77//77 1187//1187
f 52//52 1132//1132 1248//1248
f 582//582 903//903 1011//1011
f 152//152 1207//1207 230//230
f 1248//1248 480//480 49//49
f 1502//1502 1501//1501 1167//1167
f 35//35 757//757 1247//1247
f 35//35 1247//1247 1153//1153
f 713//713 418//418 278//278
f 644//644 359//359 753//753
f 128//128 1359//1359 75//75
f 1158//1158 1151//1151 1249//1249
f 1343//1343 282//282 109//109
f 277//277 109//109 278//278
f 1082//1082 273//273 136//136
f 1451//1451 1449//1449 1238//1238
f 1267//1267 1073//1073 1088//1088
f 1273//1273 1088//1088 147//147
f 1485//1485 34//34 251//251
f 1020//1020 934//934 392//392
f 928//928 392//392 1016//1016
f 218//218 1095//1095 1068//1068
f 269//269 500//500 729//729
f 147//147 218//218 224//224
f 43//43 1418//1418 1366//1366
f 1350//1350 1420//1420 66//66
f 1020//1020 1015//1015 934//934
f 482//482 1015//1015 905//905
f 893//893 892//892 322//322
f 1420//1420 1068//1068 33//33
f 937//937 857//857 239//239
f 658//658 398//398 657//657
f 658//658 657//657 618//618
f 752//752 316//316 448//448
f 752//752 448//448 517//517
f 795//795 807//807 791//791
f 380//380 856//856 691//691
f 182//182 692//692 322//322
f 540//540 589//589 590//590
f 517//517 589//589 513//513
f 517//517 587//587 590//590
f 177//177 1259//1259 1087//1087
f 928//928 905//905 1015//1015
f 1116//1116 875//875 1246//1246
f 1500//1500 1121//1121 1242//1242
f 508//508 1038//1038 1019//1019
f 1007//1007 871//871 956//956
f 317//317 282//282 201//201
f 1356//1356 260//260 1320//1320
f 398//398 418//418 657//657
f 1110//1110 1487//1487 1250//1250
f 989//989 788//788 992//992
f 1227//1227 1250//1250 1116//1116
f 222//222 1272//1272 1061//1061
f 1267//1267 175//175 172//172
f 1126//1126 1156//1156 693//693
f 621//621 328//328 415//415
f 175//175 1492//1492 172//172
f 1403//1403 1380//1380 56//56
f 386//386 957//957 874//874
f 975//975 623//623 376//376
f 384//384 919//919 1048//1048
f 279//279 115//115 1208//1208
f 1030//1030 839//839 929//929
f 1227//1227 1116//1116 87//87
f 715//715 1296//1296 967//967
f 1110//1110 87//87 1233//1233
f 1267//1267 149//149 175//175
f 1267//1267 1088//1088 1263//1263
f 1009//1009 1010//1010 1029//1029
f 141//141 1446//1446 1464//1464
f 1458//1458 1168//1168 1401//1401
f 502//502 817//817 439//439
f 551//551 569//569 893//893
f 551//551 541//541 542//542
f 577//577 938//938 1046//1046
f 1088//1088 1073//1073 147//147
f 551//551 893//893 748//748
f 519//519 615//615 541//541
f 606//606 541//541 615//615
f 606//606 615//615 969//969
f 382//382 444//444 488//488
f 402//402 826//826 615//615
f 742//742 994//994 912//912
f 36//36 1059//1059 1118//1118
f 666//666 895//895 550//550
f 473//473 877//877 588//588
f 992//992 510//510 739//739
f 738//738 852//852 736//736
f 295//295 124//124 1170//1170
f 802//802 62//62 281//281
f 540//540 587//587 470//470
f 579//579 569//569 695//695
f 55//55 285//285 1446//1446
f 828//828 277//277 800//800
f 238//238 695//695 568//568
f 775//775 794//794 488//488
f 382//382 488//488 794//794
f 176//176 1289//1289 1091//1091
f 778//778 943//943 794//794
f 805//805 719//719 943//943
f 805//805 606//606 969//969
f 805//805 568//568 541//541
f 238//238 568//568 805//805
f 1084//1084 358//358 467//467
f 1063//1063 1198//1198 1176//1176
f 1063//1063 1258//1258 224//224
f 182//182 224//224 1258//1258
f 1406//1406 2//2 1411//1411
f 1375//1375 293//293 1205//1205
f 1375//1375 1205//1205 1260//1260
f 246//246 393//393 1035//1035
f 1260//1260 1205//1205 1376//1376
f 658//658 618//618 370//370
f 1047//1047 380//380 855//855
f 656//656 49//49 480//480
f 1413//1413 574//574 645//645
f 658//658 970//970 773//773
f 773//773 664//664 520//520
f 666//666 668//668 379//379
f 386//386 432//432 863//863
f 666//666 379//379 444//444
f 304//304 1211//1211 183//183
f 516//516 666//666 444//444
f 775//775 488//488 444//444
f 1386//1386 74//74 1306//1306
f 1130//1130 1149//1149 16//16
f 1265//1265 1095//1095 1267//1267
f 1471//1471 1127//1127 1232//1232
f 767//767 460//460 730//730
f 1381//1381 967//967 1296//1296
f 1324//1324 1256//1256 1370//1370
f 876//876 569//569 553//553
f 820//820 433//433 409//409
f 371//371 328//328 621//621
f 1384//1384 1288//1288 26//26
f 876//876 689//689 569//569
f 810//810 405//405 845//845
f 1052//1052 507//507 731//731
f 22//22 6//6 1444//1444
f 1203//1203 146//146 280//280
f 148//148 1173//1173 283//283
f 1288//1288 64//64 26//26
f 1044//1044 918//918 998//998
f 134//134 1222//1222 1223//1223
f 261//261 1343//1343 109//109
f 492//492 792//792 347//347
f 1317//1317 1098//1098 1212//1212
f 501//501 462//462 412//412
f 162//162 197//197 1104//1104
f 3//3 1457//1457 1493//1493
f 261//261 1298//1298 1343//1343
f 796//796 421//421 822//822
f 36//36 573//573 612//612
f 882//882 643//643 526//526
f 1275//1275 1486//1486 201//201
f 697//697 1041//1041 856//856
f 1369//1369 122//122 261//261
f 1354//1354 1258//1258 258//258
f 266//266 60//60 1428//1428
f 433//433 342//342 360//360
f 62//62 1355//1355 281//281
f 1468//1468 1466//1466 1410//1410
f 347//347 792//792 1024//1024
f 1106//1106 1167//1167 745//745
f 1186//1186 1357//1357 14//14
f 695//695 569//569 542//542
f 686//686 161//161 356//356
f 1462//1462 1174//1174 27//27
f 1462//1462 1461//1461 1357//1357
f 1461//1461 1404//1404 14//14
f 1404//1404 1402//1402 1346//1346
f 1033//1033 868//868 1027//1027
f 1406//1406 1402//1402 1379//1379
f 750//750 445//445 741//741
f 830//830 271//271 777//777
f 713//713 282//282 964//964
f 1301//1301 19//19 1072//1072
f 1236//1236 1072//1072 19//19
f 539//539 722//722 511//511
f 1236//1236 19//19 37//37
f 17//17 112//112 1177//1177
f 725//725 498//498 404//404
f 1461//1461 4//4 5//5
f 1067//1067 1276//1276 153//153
f 1235//1235 9//9 54//54
f 1003//1003 1052//1052 973//973
f 182//182 147//147 224//224
f 471//471 1235//1235 472//472
f 1135//1135 1109//1109 1235//1235
f 1440//1440 472//472 1109//1109
f 149//149 1487//1487 1492//1492
f 1418//1418 1168//1168 1432//1432
f 1440//1440 1022//1022 472//472
f 940//940 1022//1022 1440//1440
f 940//940 1440//1440 1421//1421
f 879//879 744//744 525//525
f 22//22 1444//1444 18//18
f 1471//1471 1441//1441 1465//1465
f 1224//1224 235//235 340//340
f 1152//1152 91//91 1199//1199
f 1341//1341 1065//1065 113//113
f 92//92 27//27 1147//1147
f 1325//1325 1405//1405 1304//1304
f 1248//1248 1132//1132 1247//1247
f 776//776 63//63 790//790
f 802//802 396//396 402//402
f 1252//1252 1342//1342 66//66
f 1309//1309 130//130 1214//1214
f 641//641 46//46 1243//1243
f 892//892 689//689 316//316
f 264//264 1376//1376 288//288
f 104//104 1147//1147 1174//1174
f 261//261 109//109 277//277
f 27//27 1174//1174 1147//1147
f 1022//1022 383//383 1040//1040
f 1022//1022 940//940 910//910
f 471//471 472//472 571//571
f 642//642 571//571 938//938
f 1268//1268 171//171 220//220
f 975//975 811//811 832//832
f 1060//1060 219//219 253//253
f 33//33 202//202 66//66
f 1330//1330 129//129 135//135
f 1227//1227 87//87 1110//1110
f 1343//1343 201//201 282//282
f 577//577 1041//1041 938//938
f 104//104 1304//1304 1147//1147
f 371//371 624//624 329//329
f 1344//1344 1177//1177 1294//1294
f 1123//1123 1159//1159 1149//1149
f 577//577 1046//1046 1040//1040
f 697//697 944//944 901//901
f 15//15 1438//1438 61//61
f 517//517 448//448 587//587
f 786//786 442//442 738//738
f 754//754 469//469 688//688
f 579//579 695//695 882//882
f 762//762 565//565 335//335
f 380//380 993//993 855//855
f 995//995 910//910 940//940
f 810//810 821//821 405//405
f 914//914 946//946 968//968
f 94//94 93//93 1449//1449
f 1176//1176 289//289 1205//1205
f 586//586 751//751 993//993
f 854//854 572//572 913//913
f 752//752 892//892 316//316
f 1472//1472 1337//1337 1422//1422
f 784//784 493//493 972//972
f 1061//1061 1272//1272 178//178
f 995//995 383//383 910//910
f 431//431 833//833 506//506
f 476//476 881//881 592//592
f 710//710 515//515 793//793
f 341//341 515//515 400//400
f 966//966 515//515 710//710
f 727//727 758//758 724//724
f 127//127 981//981 816//816
f 177//177 1087//1087 1067//1067
f 642//642 552//552 395//395
f 1061//1061 1261//1261 179//179
f 218//218 1073//1073 1095//1095
f 450//450 91//91 690//690
f 67//67 91//91 450//450
f 221//221 1229//1229 1251//1251
f 653//653 246//246 1035//1035
f 245//245 1034//1034 867//867
f 1355//1355 258//258 293//293
f 659//659 592//592 711//711
f 773//773 749//749 663//663
f 474//474 897//897 1493//1493
f 1301//1301 1379//1379 1402//1402
f 690//690 91//91 1244//1244
f 1152//1152 1244//1244 91//91
f 586//586 993//993 691//691
f 1467//1467 1323//1323 1157//1157
f 1467//1467 1157//1157 23//23
f 23//23 1157//1157 1113//1113
f 504//504 985//985 986//986
f 651//651 557//557 885//885
f 1170//1170 124//124 1199//1199
f 117//117 106//106 1351//1351
f 67//67 106//106 1090//1090
f 300//300 251//251 1339//1339
f 168//168 1260//1260 1376//1376
f 1290//1290 168//168 1276//1276
f 1340//1340 169//169 281//281
f 882//882 744//744 553//553
f 278//278 282//282 713//713
f 474//474 543//543 574//574
f 177//177 206//206 1259//1259
f 802//802 823//823 62//62
f 117//117 399//399 1183//1183
f 43//43 11//11 32//32
f 141//141 15//15 1425//1425
f 310//310 132//132 1391//1391
f 795//795 791//791 360//360
f 710//710 793//793 117//117
f 142//142 1346//1346 7//7
f 823//823 692//692 1258//1258
f 38//38 87//87 1486//1486
f 1207//1207 259//259 1181//1181
f 343//343 853//853 318//318
f 1451//1451 44//44 45//45
f 324//324 613//613 754//754
f 335//335 565//565 484//484
f 819//819 793//793 741//741
f 1062//1062 224//224 218//218
f 598//598 887//887 599//599
f 38//38 1233//1233 87//87
f 29//29 303//303 1161//1161
f 1070//1070 1067//1067 153//153
f 1471//1471 47//47 50//50
f 117//117 793//793 399//399
f 1063//1063 224//224 1062//1062
f 78//78 841//841 79//79
f 23//23 264//264 288//288
f 255//255 300//300 1173//1173
f 504//504 392//392 734//734
f 1070//1070 399//399 318//318
f 257//257 24//24 229//229
f 819//819 318//318 399//399
f 8//8 25//25 260//260
f 1460//1460 1425//1425 1434//1434
f 1044//1044 997//997 1045//1045
f 718//718 575//575 1045//1045
f 576//576 345//345 1045//1045
f 1403//1403 56//56 239//239
f 1421//1421 1440//1440 1322//1322
f 1067//1067 1087//1087 169//169
f 417//417 1087//1087 1259//1259
f 194//194 213//213 1312//1312
f 1135//1135 1235//1235 1112//1112
f 1133//1133 1465//1465 1459//1459
f 417//417 396//396 281//281
f 1121//1121 1481//1481 101//101
f 353//353 821//821 354//354
f 417//417 402//402 396//396
f 417//417 1259//1259 667//667
f 368//368 826//826 402//402
f 174//174 1197//1197 145//145
f 221//221 1251//1251 1069//1069
f 368//368 469//469 369//369
f 492//492 779//779 792//792
f 1485//1485 1125//1125 51//51
f 502//502 415//415 328//328
f 532//532 333//333 334//334
f 1349//1349 1185//1185 254//254
f 1378//1378 171//171 1171//1171
f 55//55 1446//1446 1287//1287
f 1401//1401 1168//1168 1488//1488
f 405//405 999//999 921//921
f 1331//1331 1310//1310 1188//1188
f 1228//1228 1155//1155 1151//1151
f 621//621 454//454 373//373
f 1228//1228 603//603 1155//1155
f 149//149 1263//1263 1061//1061
f 401//401 807//807 523//523
f 417//417 107//107 1087//1087
f 889//889 707//707 602//602
f 797//797 420//420 1043//1043
f 247//247 1234//1234 1422//1422
f 1130//1130 1123//1123 1149//1149
f 97//97 1119//1119 96//96
f 673//673 626//626 675//675
f 1472//1472 1129//1129 1158//1158
f 231//231 301//301 1370//1370
f 1468//1468 51//51 1409//1409
f 1130//1130 124//124 1436//1436
f 114//114 287//287 1408//1408
f 297//297 1368//1368 1269//1269
f 1347//1347 200//200 65//65
f 1245//1245 2//2 1249//1249
f 525//525 418//418 325//325
f 196//196 270//270 11//11
f 333//333 760//760 902//902
f 747//747 668//668 666//666
f 379//379 668//668 789//789
f 472//472 1235//1235 1109//1109
f 31//31 868//868 1480//1480
f 1245//1245 1435//1435 1411//1411
f 245//245 391//391 1034//1034
f 1366//1366 1432//1432 1367//1367
f 1350//1350 287//287 1412//1412
f 1208//1208 292//292 286//286
f 1245//1245 1249//1249 1151//1151
f 1136//1136 1207//1207 1072//1072
f 1379//1379 1470//1470 1406//1406
f 1374//1374 63//63 1304//1304
f 882//882 526//526 618//618
f 587//587 660//660 446//446
f 7//7 1411//1411 1463//1463
f 725//725 842//842 498//498
f 803//803 1338//1338 1299//1299
f 1243//1243 1168//1168 1418//1418
f 820//820 838//838 416//416
f 212//212 1313//1313 1220//1220
f 1417//1417 1398//1398 1431//1431
f 1316//1316 1450//1450 45//45
f 85//85 287//287 1350//1350
f 1128//1128 474//474 1150//1150
f 614//614 360//360 714//714
f 1042//1042 588//588 578//578
f 1338//1338 1196//1196 203//203
f 419//419 796//796 963//963
f 942//942 1047//1047 855//855
f 1069//1069 1065//1065 221//221
f 788//788 378//378 358//358
f 279//279 1400//1400 115//115
f 1279//1279 183//183 1254//1254
f 140//140 176//176 1482//1482
f 50//50 47//47 1153//1153
f 1470//1470 1447//1447 1158//1158
f 805//805 969//969 719//719
f 752//752 517//517 320//320
f 741//741 445//445 659//659
f 879//879 608//608 547//547
f 177//177 537//537 206//206
f 1462//1462 4//4 1461//1461
f 914//914 968//968 422//422
f 1096//1096 1297//1297 207//207
f 1309//1309 186//186 1387//1387
f 17//17 284//284 112//112
f 737//737 509//509 787//787
f 1247//1247 555//555 480//480
f 46//46 694//694 1488//1488
f 146//146 1484//1484 1202//1202
f 1472//1472 24//24 1445//1445
f 280//280 1210//1210 297//297
f 705//705 706//706 888//888
f 44//44 1143//1143 1242//1242
f 1182//1182 1475//1475 252//252
f 751//751 586//586 750//750
f 1230//1230 144//144 1124//1124
f 953//953 1051//1051 861//861
f 1106//1106 745//745 1283//1283
f 1348//1348 1174//1174 1297//1297
f 880//880 473//473 544//544
f 221//221 284//284 1435//1435
f 573//573 880//880 941//941
f 34//34 1288//1288 1339//1339
f 15//15 61//61 1425//1425
f 279//279 123//123 1399//1399
f 497//497 725//725 728//728
f 114//114 1176//1176 287//287
f 872//872 440//440 1004//1004
f 1378//1378 1171//1171 1344//1344
f 789//789 749//749 773//773
f 974//974 730//730 973//973
f 33//33 66//66 1420//1420
f 36//36 1118//1118 1488//1488
f 612//612 780//780 344//344
f 1469//1469 1177//1177 252//252
f 324//324 524//524 576//576
f 381//381 871//871 913//913
f 1182//1182 1177//1177 1344//1344
f 227//227 1094//1094 228//228
f 1115//1115 1256//1256 1268//1268
f 932//932 250//250 816//816
f 1295//1295 1280//1280 1193//1193
f 114//114 1408//1408 68//68
f 502//502 439//439 503//503
f 776//776 790//790 798//798
f 1460//1460 26//26 1425//1425
f 1417//1417 3//3 1161//1161
f 174//174 1293//1293 110//110
f 220//220 171//171 1206//1206
f 684//684 848//848 770//770
f 425//425 492//492 424//424
f 167//167 1206//1206 180//180
f 1463//1463 17//17 1177//1177
f 1111//1111 1245//1245 1151//1151
f 450//450 690//690 477//477
f 540//540 470//470 317//317
f 300//300 1288//1288 1384//1384
f 332//332 761//761 840//840
f 33//33 1265//1265 202//202
f 1034//1034 600//600 461//461
f 777//777 538//538 511//511
f 14//14 1357//1357 1461//1461
f 890//890 605//605 602//602
f 1126//1126 477//477 690//690
f 497//497 1189//1189 842//842
f 774//774 968//968 946//946
f 773//773 663//663 664//664
f 922//922 859//859 10//10
f 925//925 554//554 385//385
f 1167//1167 549//549 745//745
f 747//747 550//550 1280//1280
f 660//660 316//316 876//876
f 1305//1305 125//125 143//143
f 743//743 545//545 1128//1128
f 1046//1046 570//570 1022//1022
f 63//63 298//298 512//512
f 1278//1278 1305//1305 143//143
f 160//160 211//211 233//233
f 914//914 900//900 911//911
f 1277//1277 1085//1085 1086//1086
f 1470//1470 1158//1158 2//2
f 152//152 151//151 229//229
f 906//906 363//363 335//335
f 1420//1420 1412//1412 1068//1068
f 295//295 1170//1170 106//106
f 324//324 754//754 670//670
f 806//806 1191//1191 722//722
f 801//801 438//438 291//291
f 1004//1004 1005//1005 243//243
f 1116//1116 1246//1246 87//87
f 1070//1070 1183//1183 399//399
f 203//203 1257//1257 1338//1338
f 1256//1256 1345//1345 1268//1268
f 597//597 928//928 874//874
f 1350//1350 72//72 1349//1349
f 1206//1206 167//167 361//361
f 220//220 1206//1206 361//361
f 1130//1130 16//16 111//111
f 1266//1266 145//145 223//223
f 122//122 1298//1298 261//261
f 678//678 457//457 675//675
f 691//691 856//856 1041//1041
f 809//809 949//949 783//783
f 1283//1283 419//419 312//312
f 274//274 312//312 419//419
f 221//221 1065//1065 284//284
f 759//759 1321//1321 49//49
f 1257//1257 344//344 120//120
f 1066//1066 1114//1114 1438//1438
f 1024//1024 792//792 779//779
f 1375//1375 1340//1340 1355//1355
f 829//829 274//274 963//963
f 326//326 677//677 374//374
f 1271//1271 686//686 227//227
f 170//170 1185//1185 1269//1269
f 665//665 518//518 717//717
f 780//780 346//346 1197//1197
f 587//587 448//448 660//660
f 851//851 829//829 1382//1382
f 327//327 190//190 761//761
f 556//556 650//650 564//564
f 71//71 1297//1297 1096//1096
f 244//244 976//976 927//927
f 1473//1473 259//259 1207//1207
f 1290//1290 1276//1276 169//169
f 829//829 965//965 1302//1302
f 716//716 447//447 167//167
f 848//848 817//817 983//983
f 298//298 299//299 206//206
f 157//157 232//232 1075//1075
f 716//716 489//489 661//661
f 35//35 1153//1153 1490//1490
f 1499//1499 1316//1316 45//45
f 225//225 1490//1490 1066//1066
f 716//716 796//796 489//489
f 1398//1398 314//314 84//84
f 20//20 1423//1423 51//51
f 105//105 264//264 1074//1074
f 793//793 515//515 741//741
f 665//665 918//918 518//518
f 715//715 712//712 1280//1280
f 899//899 944//944 1047//1047
f 121//121 144//144 1443//1443
f 638//638 125//125 510//510
f 715//715 1295//1295 137//137
f 475//475 524//524 166//166
f 231//231 1286//1286 1277//1277
f 1331//1331 1240//1240 1428//1428
f 300//300 1339//1339 1288//1288
f 1469//1469 1463//1463 1177//1177
f 313//313 138//138 1194//1194
f 724//724 837//837 495//495
f 681//681 355//355 653//653
f 148//148 199//199 1201//1201
f 1305//1305 1373//1373 1274//1274
f 486//486 706//706 705//705
f 1305//1305 1274//1274 1341//1341
f 1206//1206 171//171 181//181
f 1285//1285 1259//1259 206//206
f 1308//1308 79//79 193//193
f 238//238 799//799 526//526
f 995//995 940//940 1325//1325
f 1024//1024 552//552 593//593
f 395//395 1024//1024 937//937
f 937//937 916//916 939//939
f 676//676 374//374 530//530
f 174//174 110//110 1197//1197
f 879//879 525//525 608//608
f 110//110 1299//1299 780//780
f 141//141 1438//1438 15//15
f 65//65 1201//1201 1172//1172
f 1347//1347 300//300 255//255
f 820//820 514//514 319//319
f 1028//1028 1001//1001 1051//1051
f 307//307 306//306 187//187
f 267//267 1318//1318 136//136
f 1353//1353 1065//1065 1274//1274
f 1371//1371 300//300 1347//1347
f 374//374 465//465 672//672
f 915//915 912//912 994//994
f 820//820 342//342 433//433
f 107//107 281//281 169//169
f 741//741 659//659 362//362
f 28//28 26//26 1460//1460
f 1383//1383 66//66 1342//1342
f 162//162 234//234 1079//1079
f 1224//1224 340//340 1225//1225
f 380//380 944//944 856//856
f 198//198 1225//1225 83//83
f 1125//1125 251//251 6//6
f 1257//1257 1059//1059 344//344
f 1131//1131 1114//1114 1490//1490
f 899//899 945//945 359//359
f 698//698 357//357 601//601
f 1453//1453 1142//1142 1478//1478
f 717//717 822//822 365//365
f 743//743 740//740 894//894
f 1468//1468 21//21 1237//1237
f 1092//1092 1275//1275 1298//1298
f 422//422 341//341 400//400
f 630//630 410//410 433//433
f 798//798 397//397 711//711
f 1464//1464 285//285 25//25
f 851//851 1278//1278 638//638
f 1410//1410 1372//1372 1356//1356
f 1489//1489 1323//1323 18//18
f 29//29 1493//1493 1413//1413
f 1228//1228 1151//1151 1234//1234
f 368//368 639//639 469//469
f 343//343 318//318 819//819
f 1228//1228 1234//1234 603//603
f 860//860 647//647 241//241
f 203//203 1289//1289 1352//1352
f 1375//1375 168//168 1290//1290
f 179//179 1261//1261 1273//1273
f 697//697 938//938 1041//1041
f 152//152 229//229 1071//1071
f 16//16 23//23 1113//1113
f 1064//1064 170//170 1377//1377
f 460//460 459//459 730//730
f 972//972 495//495 843//843
f 578//578 588//588 919//919
f 821//821 620//620 428//428
f 1268//1268 220//220 226//226
f 915//915 941//941 880//880
f 598//598 558//558 1216//1216
f 346//346 780//780 804//804
f 721//721 403//403 781//781
f 470//470 964//964 317//317
f 1255//1255 1476//1476 59//59
f 1229//1229 1245//1245 1251//1251
f 88//88 1230//1230 1152//1152
f 983//983 505//505 770//770
f 1340//1340 281//281 1355//1355
f 295//295 106//106 1183//1183
f 823//823 1258//1258 1354//1354
f 148//148 1201//1201 200//200
f 1176//1176 1412//1412 287//287
f 1038//1038 507//507 394//394
f 148//148 283//283 1433//1433
f 1301//1301 1402//1402 19//19
f 1190//1190 979//979 1077//1077
f 625//625 672//672 465//465
f 1246//1246 1486//1486 87//87
f 1110//1110 1492//1492 1487//1487
f 58//58 1477//1477 10//10
f 716//716 118//118 1302//1302
f 237//237 382//382 794//794
f 1492//1492 1252//1252 172//172
f 670//670 754//754 688//688
f 1407//1407 61//61 47//47
f 380//380 1047//1047 944//944
f 173//173 144//144 121//121
f 676//676 481//481 595//595
f 106//106 1199//1199 1090//1090
f 1176//1176 1198//1198 1412//1412
f 1489//1489 1494//1494 1323//1323
f 925//925 566//566 878//878
f 1191//1191 403//403 808//808
f 1203//1203 280//280 1342//1342
f 52//52 49//49 1321//1321
f 1368//1368 1377//1377 1269//1269
f 1126//1126 693//693 900//900
f 1033//1033 245//245 868//868
f 1458//1458 1432//1432 1168//1168
f 417//417 281//281 107//107
f 417//417 453//453 402//402
f 755//755 610//610 686//686
f 27//27 5//5 4//4
f 1140//1140 1163//1163 1076//1076
f 1035//1035 393//393 584//584
f 533//533 336//336 679//679
f 1094//1094 73//73 292//292
f 301//301 1186//1186 86//86
f 914//914 911//911 946//946
f 1368//1368 1369//1369 1377//1377
f 1266//1266 1124//1124 144//144
f 266//266 1428//1428 1240//1240
f 928//928 1015//1015 1020//1020
f 382//382 998//998 898//898
f 23//23 1439//1439 1442//1442
f 801//801 1381//1381 984//984
f 88//88 144//144 1230//1230
f 1349//1349 72//72 1185//1185
f 1331//1331 1141//1141 1166//1166
f 995//995 917//917 383//383
f 173//173 1262//1262 174//174
f 1295//1295 1193//1193 137//137
f 1061//1061 1263//1263 1088//1088
f 221//221 1435//1435 1229//1229
f 65//65 1172//1172 1175//1175
f 773//773 520//520 658//658
f 472//472 570//570 571//571
f 427//427 527//527 619//619
f 120//120 344//344 780//780
f 969//969 754//754 613//613
f 110//110 780//780 1197//1197
f 882//882 618//618 744//744
f 1274//1274 1373//1373 180//180
f 917//917 711//711 592//592
f 397//397 659//659 711//711
f 1202//1202 1484//1484 1233//1233
f 995//995 711//711 917//917
f 1378//1378 181//181 171//171
f 149//149 1061//1061 178//178
f 718//718 1045//1045 997//997
f 1195//1195 1367//1367 276//276
f 831//831 672//672 431//431
f 343//343 659//659 397//397
f 343//343 819//819 362//362
f 408//408 783//783 949//949
f 111//111 1199//1199 124//124
f 762//762 373//373 756//756
f 742//742 611//611 994//994
f 889//889 602//602 605//605
f 655//655 605//605 1021//1021
f 787//787 1021//1021 605//605
f 249//249 1015//1015 580//580
f 23//23 1//1 264//264
f 1185//1185 297//297 1269//1269
f 304//304 154//154 74//74
f 906//906 652//652 703//703
f 619//619 336//336 766//766
f 1051//1051 952//952 1028//1028
f 315//315 800//800 277//277
f 1239//1239 95//95 96//96
f 1091//1091 203//203 1196//1196
f 528//528 388//388 478//478
f 266//266 1200//1200 129//129
f 864//864 1010//1010 1030//1030
f 1000//1000 241//241 1001//1001
f 952//952 731//731 735//735
f 651//651 885//885 596//596
f 866//866 885//885 483//483
f 655//655 1021//1021 1253//1253
f 762//762 1163//1163 565//565
f 1480//1480 868//868 1333//1333
f 36//36 612//612 344//344
f 1014//1014 1013//1013 1057//1057
f 519//519 748//748 615//615
f 1478//1478 1141//1141 1188//1188
f 1130//1130 111//111 124//124
f 343//343 397//397 798//798
f 506//506 728//728 725//725
f 337//337 500//500 269//269
f 432//432 986//986 414//414
f 1036//1036 602//602 1018//1018
f 317//317 1486//1486 875//875
f 506//506 833//833 728//728
f 975//975 959//959 811//811
f 708//708 393//393 1017//1017
f 1190//1190 1358//1358 979//979
f 909//909 708//708 908//908
f 791//791 807//807 714//714
f 57//57 42//42 1255//1255
f 891//891 487//487 1107//1107
f 987//987 432//432 392//392
f 414//414 986//986 850//850
f 580//580 648//648 479//479
f 771//771 339//339 757//757
f 1032//1032 1053//1053 631//631
f 1297//1297 1291//1291 207//207
f 1135//1135 1440//1440 1109//1109
f 505//505 832//832 850//850
f 697//697 856//856 944//944
f 338//338 1014//1014 246//246
f 1117//1117 1237//1237 1485//1485
f 551//551 542//542 569//569
f 244//244 1029//1029 1010//1010
f 98//98 1164//1164 1240//1240
f 824//824 402//402 615//615
f 1169//1169 1210//1210 146//146
f 16//16 1159//1159 1//1
f 504//504 562//562 466//466
f 17//17 1435//1435 284//284
f 955//955 705//705 888//888
f 100//100 1499//1499 44//44
f 925//925 888//888 554//554
f 955//955 888//888 925//925
f 1038//1038 988//988 1019//1019
f 907//907 601//601 561//561
f 1025//1025 548//548 878//878
f 43//43 99//99 11//11
f 486//486 698//698 907//907
f 596//596 885//885 482//482
f 872//872 1004//1004 248//248
f 347//347 452//452 522//522
f 1271//1271 227//227 1400//1400
f 820//820 416//416 514//514
f 1223//1223 1396//1396 1395//1395
f 829//829 796//796 965//965
f 41//41 42//42 93//93
f 709//709 685//685 536//536
f 1032//1032 631//631 933//933
f 486//486 1031//1031 884//884
f 1139//1139 1097//1097 158//158
f 1388//1388 1363//1363 1189//1189
f 1468//1468 1409//1409 1466//1466
f 1305//1305 1341//1341 125//125
f 137//137 1193//1193 1394//1394
f 991//991 358//358 1084//1084
f 758//758 583//583 350//350
f 33//33 1095//1095 1265//1265
f 1424//1424 1237//1237 1474//1474
f 1369//1369 290//290 1377//1377
f 1423//1423 1442//1442 1466//1466
f 1348//1348 1304//1304 104//104
f 771//771 770//770 339//339
f 85//85 1408//1408 287//287
f 496//496 494//494 631//631
f 1082//1082 156//156 273//273
f 514//514 913//913 572//572
f 163//163 1283//1283 164//164
f 433//433 456//456 409//409
f 1082//1082 1099//1099 1214//1214
f 684//684 733//733 817//817
f 867//867 1034//1034 980//980
f 417//417 667//667 453//453
f 710//710 117//117 1351//1351
f 746//746 365//365 419//419
f 1312//1312 1189//1189 1363//1363
f 502//502 503//503 407//407
f 546//546 573//573 694//694
f 785//785 627//627 677//677
f 324//324 576//576 575//575
f 1330//1330 1336//1336 1329//1329
f 527//527 326//326 374//374
f 1336//1336 1361//1361 1329//1329
f 57//57 1427//1427 1327//1327
f 695//695 542//542 541//541
f 1225//1225 1284//1284 83//83
f 872//872 248//248 960//960
f 1360//1360 1361//1361 1192//1192
f 1281//1281 187//187 1192//1192
f 977//977 841//841 78//78
f 845//845 815//815 810//810
f 431//431 625//625 494//494
f 1281//1281 1192//1192 1282//1282
f 834//834 374//374 357//357
f 173//173 174//174 1266//1266
f 625//625 465//465 440//440
f 565//565 887//887 484//484
f 766//766 1101//1101 843//843
f 1221//1221 1284//1284 1107//1107
f 598//598 599//599 558//558
f 834//834 812//812 374//374
f 1430//1430 102//102 103//103
f 134//134 103//103 1222//1222
f 1203//1203 1484//1484 146//146
f 101//101 197//197 1144//1144
f 1330//1330 1430//1430 13//13
f 1502//1502 163//163 103//103
f 851//851 637//637 443//443
f 1215//1215 188//188 189//189
f 741//741 362//362 819//819
f 1502//1502 1167//1167 163//163
f 1155//1155 89//89 1251//1251
f 708//708 654//654 707//707
f 1491//1491 5//5 92//92
f 775//775 799//799 794//794
f 338//338 653//653 355//355
f 1502//1502 103//103 1501//1501
f 330//330 374//374 672//672
f 1397//1397 274//274 829//829
f 1009//1009 1029//1029 927//927
f 1110//1110 1484//1484 1492//1492
f 466//466 757//757 339//339
f 103//103 102//102 1501//1501
f 730//730 459//459 499//499
f 1212//1212 1213//1213 1501//1501
f 655//655 89//89 1155//1155
f 1335//1335 1429//1429 1481//1481
f 1064//1064 1377//1377 1204//1204
f 501//501 413//413 636//636
f 94//94 1449//1449 40//40
f 386//386 1016//1016 432//432
f 242//242 974//974 973//973
f 1281//1281 1282//1282 195//195
f 951//951 1001//1001 1028//1028
f 652//652 376//376 623//623
f 210//210 1398//1398 1496//1496
f 979//979 843//843 1101//1101
f 1386//1386 302//302 74//74
f 127//127 126//126 265//265
f 517//517 513//513 320//320
f 437//437 464//464 982//982
f 708//708 584//584 393//393
f 464//464 356//356 847//847
f 1046//1046 1022//1022 1040//1040
f 640//640 688//688 469//469
f 682//682 464//464 463//463
f 307//307 187//187 1362//1362
f 1055//1055 600//600 391//391
f 276//276 1483//1483 275//275
f 724//724 408//408 727//727
f 117//117 1183//1183 106//106
f 1146//1146 1243//1243 46//46
f 591//591 898//898 918//918
f 732//732 682//682 501//501
f 830//830 309//309 271//271
f 1318//1318 984//984 1319//1319
f 194//194 187//187 1390//1390
f 323//323 449//449 967//967
f 321//321 325//325 713//713
f 567//567 578//578 919//919
f 516//516 382//382 898//898
f 412//412 462//462 435//435
f 1283//1283 1396//1396 164//164
f 1396//1396 312//312 274//274
f 149//149 1250//1250 1487//1487
f 930//930 459//459 704//704
f 1497//1497 1137//1137 94//94
f 257//257 1179//1179 126//126
f 635//635 769//769 462//462
f 577//577 383//383 592//592
f 266//266 155//155 1200//1200
f 412//412 435//435 981//981
f 981//981 435//435 411//411
f 408//408 949//949 1025//1025
f 535//535 738//738 442//442
f 1430//1430 1212//1212 102//102
f 501//501 412//412 981//981
f 166//166 1085//1085 1115//1115
f 183//183 76//76 1254//1254
f 29//29 3//3 1493//1493
f 726//726 432//432 243//243
f 250//250 1337//1337 816//816
f 932//932 870//870 247//247
f 250//250 247//247 1337//1337
f 653//653 1035//1035 869//869
f 1317//1317 129//129 186//186
f 1139//1139 158//158 1218//1218
f 817//817 733//733 439//439
f 31//31 1416//1416 1426//1426
f 1195//1195 1398//1398 84//84
f 597//597 651//651 596//596
f 540//540 317//317 875//875
f 297//297 1210//1210 1368//1368
f 680//680 461//461 600//600
f 1036//1036 936//936 873//873
f 680//680 355//355 769//769
f 338//338 355//355 680//680
f 1203//1203 1492//1492 1484//1484
f 774//774 993//993 751//751
f 1192//1192 1393//1393 83//83
f 635//635 846//846 1034//1034
f 422//422 968//968 341//341
f 1223//1223 1395//1395 217//217
f 556//556 700//700 583//583
f 347//347 696//696 452//452
f 1002//1002 559//559 1050//1050
f 239//239 56//56 947//947
f 1002//1002 600//600 559//559
f 97//97 1097//1097 1139//1139
f 901//901 944//944 644//644
f 802//802 748//748 823//823
f 70//70 290//290 277//277
f 1309//1309 1099//1099 185//185
f 1055//1055 391//391 245//245
f 644//644 753//753 696//696
f 1055//1055 245//245 1033//1033
f 134//134 1223//1223 1081//1081
f 1055//1055 1033//1033 1027//1027
f 279//279 1208//1208 1184//1184
f 279//279 294//294 123//123
f 1372//1372 1376//1376 1356//1356
f 1371//1371 121//121 300//300
f 1027//1027 868//868 387//387
f 162//162 1104//1104 1364//1364
f 28//28 119//119 300//300
f 162//162 1079//1079 197//197
f 1052//1052 1058//1058 394//394
f 1049//1049 957//957 386//386
f 101//101 1429//1429 1364//1364
f 533//533 233//233 211//211
f 162//162 1364//1364 131//131
f 162//162 1080//1080 234//234
f 1455//1455 1335//1335 1481//1481
f 271//271 1080//1080 133//133
f 811//811 1054//1054 960//960
f 919//919 877//877 641//641
f 311//311 1105//1105 133//133
f 527//527 495//495 326//326
f 427//427 619//619 843//843
f 1278//1278 1382//1382 1302//1302
f 621//621 373//373 372//372
f 1052//1052 394//394 507//507
f 607//607 220//220 361//361
f 1392//1392 1105//1105 311//311
f 656//656 582//582 759//759
f 504//504 734//734 562//562
f 1335//1335 1391//1391 1364//1364
f 1335//1335 1364//1364 1429//1429
f 1335//1335 310//310 1391//1391
f 92//92 1322//1322 1134//1134
f 1456//1456 1335//1335 1333//1333
f 1416//1416 1481//1481 1334//1334
f 1416//1416 1480//1480 1333//1333
f 279//279 1399//1399 1400//1400
f 939//939 916//916 571//571
f 1426//1426 1416//1416 1327//1327
f 1451//1451 45//45 1450//1450
f 1019//1019 936//936 935//935
f 152//152 204//204 151//151
f 651//651 456//456 557//557
f 784//784 972//972 843//843
f 1500//1500 1242//1242 1143//1143
f 831//831 404//404 672//672
f 1326//1326 1414//1414 76//76
f 75//75 160//160 77//77
f 694//694 46//46 473//473
f 1451//1451 1143//1143 44//44
f 167//167 447//447 361//361
f 655//655 707//707 889//889
f 710//710 1351//1351 67//67
f 238//238 643//643 695//695
f 759//759 199//199 1433//1433
f 76//76 1307//1307 75//75
f 295//295 1183//1183 1292//1292
f 1499//1499 45//45 44//44
f 1499//1499 43//43 1316//1316
f 43//43 1499//1499 99//99
f 1123//1123 1160//1160 1159//1159
f 1123//1123 1231//1231 1148//1148
f 1436//1436 1123//1123 1130//1130
f 196//196 1499//1499 100//100
f 473//473 588//588 544//544
f 555//555 757//757 648//648
f 266//266 1240//1240 155//155
f 135//135 1212//1212 1430//1430
f 1103//1103 270//270 196//196
f 1059//1059 1178//1178 1118//1118
f 11//11 270//270 1479//1479
f 321//321 470//470 446//446
f 948//948 1454//1454 1479//1479
f 1103//1103 82//82 270//270
f 57//57 59//59 1427//1427
f 32//32 1243//1243 1418//1418
f 48//48 1352//1352 275//275
f 323//323 315//315 520//520
f 1024//1024 779//779 857//857
f 365//365 421//421 419//419
f 501//501 463//463 413//413
f 756//756 529//529 157//157
f 786//786 738//738 818//818
f 1003//1003 1058//1058 1052//1052
f 1018//1018 654//654 708//708
f 238//238 778//778 794//794
f 533//533 212//212 377//377
f 486//486 594//594 1031//1031
f 377//377 768//768 815//815
f 115//115 1400//1400 227//227
f 1009//1009 927//927 863//863
f 377//377 815//815 233//233
f 845//845 77//77 815//815
f 1325//1325 940//940 1421//1421
f 768//768 633//633 534//534
f 633//633 377//377 212//212
f 865//865 924//924 582//582
f 768//768 354//354 810//810
f 1190//1190 304//304 1358//1358
f 1283//1283 745//745 746//746
f 1106//1106 1283//1283 163//163
f 982//982 847//847 1392//1392
f 24//24 126//126 1445//1445
f 337//337 634//634 844//844
f 333//333 902//902 376//376
f 1327//1327 1334//1334 1500//1500
f 337//337 269//269 214//214
f 307//307 268//268 1478//1478
f 704//704 485//485 585//585
f 767//767 730//730 671//671
f 941//941 804//804 612//612
f 1002//1002 951//951 560//560
f 255//255 1173//1173 148//148
f 1173//1173 119//119 1133//1133
f 1267//1267 1263//1263 149//149
f 1202//1202 1169//1169 146//146
f 770//770 985//985 339//339
f 31//31 30//30 859//859
f 1455//1455 1481//1481 1416//1416
f 1118//1118 1178//1178 1401//1401
f 763//763 352//352 532//532
f 1054//1054 1032//1032 960//960
f 154//154 1137//1137 1497//1497
f 1025//1025 645//645 574//574
f 1491//1491 37//37 19//19
f 932//932 816//816 411//411
f 459//459 634//634 704//704
f 496//496 531//531 430//430
f 623//623 624//624 703//703
f 1328//1328 1254//1254 1414//1414
f 927//927 976//976 1008//1008
f 942//942 1042//1042 945//945
f 1221//1221 1102//1102 214//214
f 706//706 561//561 888//888
f 873//873 936//936 818//818
f 683//683 682//682 1094//1094
f 347//347 522//522 669//669
f 1467//1467 23//23 1423//1423
f 1058//1058 1038//1038 394//394
f 955//955 956//956 705//705
f 1221//1221 1145//1145 1102//1102
f 1131//1131 1153//1153 47//47
f 846//846 413//413 980//980
f 425//425 424//424 538//538
f 849//849 439//439 438//438
f 1055//1055 1027//1027 1050//1050
f 368//368 453//453 667//667
f 607//607 361//361 345//345
f 195//195 1390//1390 187//187
f 1281//1281 195//195 187//187
f 751//751 341//341 968//968
f 1133//1133 1127//1127 1465//1465
f 335//335 372//372 373//373
f 1291//1291 1174//1174 1462//1462
f 766//766 336//336 1101//1101
f 75//75 305//305 160//160
f 324//324 718//718 613//613
f 888//888 595//595 554//554
f 518//518 345//345 609//609
f 534//534 1078//1078 729//729
f 1364//1364 1391//1391 132//132
f 695//695 541//541 568//568
f 729//729 1078//1078 308//308
f 1057//1057 1013//1013 1028//1028
f 471//471 916//916 1235//1235
f 1084//1084 467//467 235//235
f 680//680 600//600 560//560
f 752//752 349//349 892//892
f 713//713 964//964 321//321
f 145//145 346//346 611//611
f 456//456 813//813 838//838
f 194//194 1312//1312 1362//1362
f 314//314 1316//1316 1366//1366
f 141//141 1464//1464 25//25
f 414//414 1056//1056 960//960
f 1217//1217 1218//1218 192//192
f 705//705 956//956 926//926
f 240//240 647//647 1026//1026
f 1353//1353 1274//1274 180//180
f 230//230 1207//1207 1181//1181
f 1389//1389 1312//1312 1313//1313
f 1364//1364 132//132 131//131
f 1104//1104 101//101 1364//1364
f 955//955 925//925 956//956
f 834//834 698//698 699//699
f 656//656 480//480 582//582
f 152//152 205//205 1207//1207
f 960//960 1032//1032 933//933
f 1221//1221 214//214 1282//1282
f 825//825 1400//1400 827//827
f 1424//1424 55//55 1237//1237
f 633//633 212//212 1220//1220
f 729//729 844//844 814//814
f 304//304 1190//1190 1211//1211
f 1473//1473 54//54 53//53
f 1077//1077 160//160 305//305
f 933//933 631//631 406//406
f 12//12 1430//1430 103//103
f 97//97 96//96 1498//1498
f 535//535 442//442 536//536
f 233//233 77//77 160//160
f 864//864 1031//1031 926//926
f 349//349 1089//1089 322//322
f 797//797 1043//1043 1042//1042
f 96//96 95//95 98//98
f 851//851 1382//1382 1278//1278
f 1239//1239 1138//1138 1100//1100
f 745//745 896//896 364//364
f 789//789 668//668 749//749
f 789//789 970//970 370//370
f 762//762 335//335 373//373
f 1293//1293 1175//1175 110//110
f 1386//1386 303//303 1385//1385
f 563//563 1155//1155 603//603
f 952//952 1057//1057 1028//1028
f 90//90 1250//1250 1272//1272
f 532//532 764//764 333//333
f 1000//1000 1050//1050 1027//1027
f 1353//1353 284//284 1065//1065
f 978//978 1054//1054 902//902
f 785//785 677//677 837//837
f 859//859 860//860 923//923
f 1070//1070 153//153 1183//1183
f 886//886 375//375 702//702
f 1330//1330 81//81 129//129
f 1106//1106 163//163 1167//1167
f 248//248 432//432 414//414
f 350//350 583//583 700//700
f 1500//1500 1334//1334 1481//1481
f 307//307 1363//1363 1388//1388
f 444//444 379//379 789//789
f 931//931 1012//1012 245//245
f 931//931 867//867 980//980
f 679//679 434//434 971//971
f 337//337 844//844 500//500
f 1230//1230 690//690 1244//1244
f 1098//1098 1213//1213 1212//1212
f 786//786 988//988 1038//1038
f 532//532 675//675 764//764
f 58//58 59//59 1477//1477
f 491//491 798//798 711//711
f 1309//1309 1387//1387 188//188
f 642//642 937//937 939//939
f 12//12 134//134 272//272
f 452//452 753//753 522//522
f 431//431 672//672 625//625
f 864//864 862//862 958//958
f 430//430 833//833 494//494
f 534//534 633//633 1078//1078
f 538//538 539//539 511//511
f 671//671 528//528 620//620
f 974//974 671//671 730//730
f 1036//1036 1018//1018 936//936
f 80//80 1099//1099 1193//1193
f 1398//1398 1195//1195 1431//1431
f 264//264 1160//1160 1074//1074
f 1485//1485 1495//1495 34//34
f 468//468 537//537 177//177
f 1003//1003 499//499 459//459
f 880//880 544//544 915//915
f 392//392 432//432 1016//1016
f 1165//1165 1075//1075 1138//1138
f 693//693 1023//1023 911//911
f 1165//1165 1218//1218 1076//1076
f 324//324 575//575 718//718
f 1331//1331 1428//1428 60//60
f 1309//1309 185//185 186//186
f 1019//1019 818//818 936//936
f 1310//1310 60//60 1361//1361
f 1273//1273 1261//1261 1088//1088
f 722//722 616//616 781//781
f 890//890 736//736 441//441
f 489//489 796//796 822//822
f 631//631 494//494 406//406
f 678//678 675//675 626//626
f 493//493 302//302 809//809
f 890//890 602//602 873//873
f 437//437 982//982 980//980
f 785//785 350//350 627//627
f 676//676 530//530 628//628
f 608//608 446//446 660//660
f 352//352 761//761 332//332
f 985//985 850//850 986//986
f 280//280 1383//1383 1342//1342
f 1336//1336 13//13 272//272
f 130//130 529//529 156//156
f 128//128 921//921 1326//1326
f 240//240 950//950 921//921
f 1058//1058 961//961 1038//1038
f 162//162 133//133 1080//1080
f 983//983 329//329 505//505
f 1203//1203 1252//1252 1492//1492
f 862//862 1006//1006 871//871
f 1006//1006 956//956 871//871
f 1337//1337 1300//1300 816//816
f 514//514 894//894 740//740
f 88//88 1152//1152 1489//1489
f 702//702 652//652 906//906
f 615//615 826//826 969//969
f 476//476 659//659 445//445
f 720//720 827//827 123//123
f 222//222 179//179 320//320
f 1453//1453 1498//1498 1142//1142
f 1152//1152 1230//1230 1244//1244
f 303//303 29//29 1385//1385
f 635//635 461//461 680//680
f 1215//1215 232//232 529//529
f 1330//1330 1329//1329 60//60
f 1387//1387 155//155 188//188
f 835//835 243//243 836//836
f 1002//1002 1050//1050 1001//1001
f 163//163 1222//1222 103//103
f 1239//1239 96//96 1119//1119
f 334//334 333//333 702//702
f 1046//1046 938//938 571//571
f 1255//1255 41//41 1254//1254
f 307//307 1388//1388 268//268
f 1018//1018 602//602 654//654
f 496//496 430//430 494//494
f 1368//1368 1210//1210 1169//1169
f 1144//1144 197//197 100//100
f 127//127 73//73 732//732
f 1336//1336 1393//1393 1361//1361
f 240//240 920//920 647//647
f 343//343 362//362 659//659
f 78//78 79//79 1308//1308
f 44//44 1242//1242 100//100
f 80//80 1280//1280 1098//1098
f 798//798 790//790 512//512
f 193//193 190//190 192//192
f 425//425 423//423 492//492
f 1304//1304 1405//1405 1147//1147
f 1303//1303 1325//1325 1304//1304
f 1348//1348 1374//1374 1304//1304
f 273//273 267//267 136//136
f 41//41 1279//1279 1254//1254
f 1415//1415 97//97 1498//1498
f 533//533 765//765 336//336
f 1463//1463 1411//1411 17//17
f 7//7 1463//1463 1469//1469
f 234//234 1080//1080 271//271
f 28//28 300//300 1384//1384
f 787//787 509//509 990//990
f 440//440 465//465 374//374
f 63//63 512//512 790//790
f 975//975 832//832 622//622
f 226//226 607//607 475//475
f 673//673 840//840 674//674
f 731//731 507//507 735//735
f 121//121 1444//1444 108//108
f 932//932 1035//1035 870//870
f 505//505 329//329 832//832
f 662//662 523//523 740//740
f 1392//1392 311//311 132//132
f 1166//1166 1142//1142 1498//1498
f 265//265 126//126 1179//1179
f 210//210 1496//1496 39//39
f 598//598 375//375 886//886
f 1443//1443 1489//1489 1444//1444
f 497//497 842//842 725//725
f 1191//1191 1315//1315 1314//1314
f 82//82 1314//1314 270//270
f 862//862 871//871 381//381
f 81//81 60//60 266//266
f 811//811 1056//1056 850//850
f 716//716 965//965 796//796
f 937//937 947//947 916//916
f 824//824 615//615 748//748
f 743//743 176//176 1091//1091
f 1237//1237 55//55 1495//1495
f 1468//1468 1237//1237 1117//1117
f 977//977 78//78 1332//1332
f 275//275 1483//1483 48//48
f 473//473 46//46 641//641
f 1285//1285 206//206 299//299
f 987//987 392//392 504//504
f 518//518 609//609 822//822
f 275//275 140//140 1482//1482
f 612//612 804//804 780//780
f 184//184 1497//1497 39//39
f 92//92 1147//1147 1322//1322
f 857//857 779//779 239//239
f 1453//1453 268//268 1388//1388
f 697//697 901//901 552//552
f 1473//1473 53//53 1380//1380
f 560//560 1013//1013 338//338
f 665//665 896//896 591//591
f 1078//1078 1220//1220 194//194
f 684//684 771//771 757//757
f 655//655 889//889 605//605
f 1360//1360 187//187 1188//1188
f 975//975 622//622 623//623
f 191//191 1163//1163 756//756
f 580//580 904//904 648//648
f 1329//1329 1361//1361 60//60
f 1379//1379 1071//1071 1470//1470
f 1089//1089 349//349 179//179
f 374//374 601//601 357//357
f 1165//1165 1219//1219 1075//1075
f 1049//1049 1008//1008 957//957
f 426//426 434//434 619//619
f 426//426 527//527 404//404
f 1471//1471 1465//1465 1127//1127
f 1471//1471 52//52 1441//1441
f 909//909 908//908 603//603
f 1009//1009 863//863 432//432
f 1003//1003 973//973 499//499
f 972//972 408//408 723//723
f 561//561 601//601 595//595
f 457//457 678//678 1053//1053
f 280//280 146//146 1210//1210
f 1058//1058 962//962 961//961
f 684//684 1204//1204 438//438
f 1389//1389 842//842 1189//1189
f 1313//1313 213//213 1220//1220
f 948//948 1048//1048 919//919
f 1279//1279 1137//1137 154//154
f 1057//1057 735//735 935//935
f 1077//1077 979//979 1101//1101
f 535//535 685//685 467//467
f 1215//1215 130//130 188//188
f 159//159 1216//1216 192//192
f 1008//1008 976//976 838//838
f 295//295 168//168 1264//1264
f 508//508 935//935 735//735
f 508//508 735//735 507//507
f 1394//1394 136//136 1318//1318
f 537//537 853//853 512//512
f 580//580 479//479 562//562
f 837//837 677//677 495//495
f 768//768 534//534 354//354
f 661//661 609//609 345//345
f 763//763 375//375 331//331
f 1239//1239 1100//1100 95//95
f 232//232 157//157 529//529
f 1318//1318 503//503 439//439
f 1496//1496 1417//1417 1161//1161
f 452//452 696//696 753//753
f 11//11 1479//1479 32//32
f 1415//1415 1097//1097 97//97
f 750//750 476//476 445//445
f 768//768 377//377 633//633
f 1217//1217 1140//1140 1218//1218
f 1399//1399 123//123 827//827
f 1215//1215 529//529 130//130
f 577//577 592//592 881//881
f 152//152 1071//1071 205//205
f 159//159 190//190 331//331
f 978//978 1053//1053 1054//1054
f 471//471 571//571 916//916
f 323//323 520//520 664//664
f 906//906 484//484 887//887
f 679//679 336//336 434//434
f 759//759 582//582 924//924
f 1403//1403 123//123 1380//1380
f 678//678 631//631 1053//1053
f 469//469 754//754 369//369
f 474//474 894//894 543//543
f 546//546 473//473 880//880
f 852//852 989//989 736//736
f 593//593 552//552 696//696
f 987//987 504//504 986//986
f 786//786 1038//1038 961//961
f 864//864 958//958 244//244
f 157//157 1075//1075 1219//1219
f 743//743 662//662 740//740
f 635//635 462//462 636//636
f 635//635 1034//1034 461//461
f 429//429 845//845 405//405
f 408//408 390//390 564//564
f 1075//1075 232//232 1100//1100
f 414//414 960//960 248//248
f 313//313 991//991 138//138
f 667//667 1285//1285 639//639
f 556//556 629//629 700//700
f 928//928 1016//1016 386//386
f 1031//1031 649//649 884//884
f 1234//1234 1151//1151 1129//1129
f 535//535 467//467 358//358
f 1139//1139 1218//1218 1165//1165
f 1472//1472 1234//1234 1129//1129
f 1164//1164 188//188 155//155
f 978//978 457//457 1053//1053
f 864//864 244//244 1010//1010
f 597//597 957//957 701//701
f 597//597 905//905 928//928
f 932//932 869//869 1035//1035
f 418//418 398//398 278//278
f 137//137 1319//1319 1381//1381
f 483//483 557//557 456//456
f 1431//1431 1482//1482 1457//1457
f 729//729 814//814 534//534
f 676//676 628//628 629//629
f 1379//1379 205//205 1071//1071
f 263//263 253//253 124//124
f 1452//1452 921//921 950//950
f 1089//1089 179//179 1273//1273
f 906//906 703//703 363//363
f 1419//1419 1182//1182 1345//1345
f 839//839 649//649 929//929
f 1336//1336 272//272 198//198
f 9//9 916//916 56//56
f 734//734 392//392 934//934
f 195//195 1282//1282 214//214
f 1330//1330 60//60 81//81
f 678//678 626//626 531//531
f 981//981 411//411 816//816
f 1392//1392 161//161 1105//1105
f 1332//1332 1311//1311 728//728
f 1133//1133 1232//1232 1127//1127
f 215//215 83//83 1284//1284
f 673//673 674//674 626//626
f 1037//1037 1017//1017 393//393
f 330//330 672//672 404//404
f 942//942 855//855 996//996
f 483//483 885//885 557//557
f 1166//1166 1241//1241 98//98
f 1042//1042 578//578 945//945
f 560//560 951//951 1013//1013
f 859//859 923//923 1027//1027
f 572//572 548//548 574//574
f 520//520 278//278 398//398
f 150//150 1070//1070 468//468
f 505//505 850//850 985//985
f 876//876 316//316 689//689
f 128//128 845//845 429//429
f 476//476 750//750 586//586
f 586//586 881//881 476//476
f 617//617 538//538 348//348
f 1336//1336 198//198 83//83
f 243//243 1005//1005 836//836
f 951//951 1028//1028 1013//1013
f 191//191 1076//1076 1163//1163
f 1280//1280 1501//1501 1213//1213
f 1000//1000 860//860 241//241
f 1164//1164 95//95 189//189
f 683//683 356//356 464//464
f 597//597 701//701 651//651
f 291//291 438//438 1204//1204
f 1211//1211 305//305 183//183
f 98//98 1240//1240 1120//1120
f 1208//1208 228//228 292//292
f 29//29 1161//1161 3//3
f 890//890 441//441 509//509
f 1447//1447 1470//1470 1071//1071
f 1500//1500 1481//1481 1121//1121
f 97//97 1139//1139 1119//1119
f 1266//1266 1156//1156 1124//1124
f 1332//1332 728//728 833//833
f 333//333 376//376 652//652
f 426//426 619//619 527//527
f 902//902 959//959 376//376
f 191//191 756//756 157//157
f 1426//1426 1327//1327 1427//1427
f 1356//1356 8//8 260//260
f 231//231 1277//1277 207//207
f 22//22 18//18 1323//1323
f 925//925 1007//1007 956//956
f 1348//1348 104//104 1174//1174
f 1473//1473 1380//1380 259//259
f 1265//1265 1267//1267 172//172
f 145//145 1197//1197 346//346
f 1389//1389 1313//1313 842//842
f 1166//1166 1141//1141 1478//1478
f 646//646 1015//1015 482//482
f 1453//1453 1388//1388 1311//1311
f 1375//1375 169//169 1340//1340
f 1451//1451 1450//1450 1449//1449
f 337//337 214//214 1102//1102
f 1131//1131 1490//1490 1153//1153
f 182//182 1258//1258 692//692
f 1139//1139 1138//1138 1119//1119
f 785//785 724//724 758//758
f 604//604 1234//1234 247//247
f 1139//1139 1165//1165 1138//1138
f 972//972 783//783 408//408
f 1009//1009 432//432 726//726
f 514//514 416//416 913//913
f 1018//1018 1037//1037 935//935
f 933//933 406//406 625//625
f 850//850 832//832 811//811
f 480//480 648//648 581//581
f 352//352 332//332 673//673
f 1000//1000 923//923 860//860
f 953//953 861//861 388//388
f 687//687 753//753 359//359
f 617//617 425//425 538//538
f 1053//1053 1032//1032 1054//1054
f 563//563 603//603 707//707
f 676//676 629//629 556//556
f 307//307 1312//1312 1363//1363
f 651//651 1008//1008 813//813
f 651//651 701//701 1008//1008
f 556//556 583//583 650//650
f 834//834 836//836 1005//1005
f 269//269 729//729 308//308
f 1353//1353 180//180 1378//1378
f 716//716 167//167 118//118
f 625//625 440//440 872//872
f 875//875 1486//1486 1246//1246
f 982//982 310//310 436//436
f 1179//1179 151//151 204//204
f 183//183 305//305 1307//1307
f 1014//1014 393//393 246//246
f 922//922 10//10 858//858
f 1265//1265 172//172 202//202
f 770//770 505//505 985//985
f 184//184 209//209 1497//1497
f 811//811 959//959 1054//1054
f 1344//1344 1171//1171 1345//1345
f 742//742 912//912 1023//1023
f 473//473 641//641 877//877
f 525//525 657//657 418//418
f 131//131 132//132 133//133
f 242//242 953//953 974//974
f 632//632 433//433 410//410
f 830//830 1314//1314 309//309
f 1413//1413 645//645 949//949
f 881//881 691//691 1041//1041
f 683//683 1093//1093 686//686
f 1500//1500 1162//1162 1327//1327
f 779//779 423//423 827//827
f 747//747 666//666 550//550
f 699//699 649//649 836//836
f 598//598 1216//1216 351//351
f 1472//1472 1447//1447 24//24
f 665//665 591//591 918//918
f 496//496 631//631 531//531
f 926//926 1031//1031 594//594
f 54//54 56//56 53//53
f 389//389 243//243 432//432
f 1179//1179 229//229 151//151
f 684//684 757//757 1204//1204
f 504//504 339//339 985//985
f 128//128 75//75 1187//1187
f 353//353 620//620 821//821
f 139//139 1194//1194 1396//1396
f 834//834 1005//1005 1004//1004
f 760//760 675//675 457//457
f 1236//1236 37//37 54//54
f 366//366 789//789 370//370
f 1408//1408 25//25 8//8
f 36//36 1488//1488 694//694
f 1388//1388 728//728 1311//1311
f 28//28 1384//1384 26//26
f 1472//1472 1422//1422 1234//1234
f 1098//1098 185//185 1099//1099
f 699//699 698//698 649//649
f 295//295 1292//1292 168//168
f 1497//1497 209//209 154//154
f 232//232 189//189 1100//1100
f 430//430 531//531 674//674
f 611//611 804//804 994//994
f 1477//1477 59//59 1476//1476
f 52//52 50//50 1153//1153
f 1076//1076 1218//1218 1140//1140
f 504//504 466//466 339//339
f 1212//1212 1501//1501 102//102
f 26//26 1446//1446 1448//1448
f 1452//1452 1477//1477 1328//1328
f 819//819 399//399 793//793
f 1138//1138 1075//1075 1100//1100
f 763//763 532//532 375//375
f 831//831 431//431 725//725
f 854//854 871//871 878//878
f 1392//1392 356//356 161//161
f 859//859 1027//1027 387//387
f 1148//1148 1074//1074 1160//1160
f 991//991 637//637 788//788
f 1241//1241 96//96 98//98
f 193//193 158//158 1097//1097
f 893//893 689//689 892//892
f 1315//1315 270//270 1314//1314
f 726//726 243//243 839//839
f 1397//1397 313//313 274//274
f 304//304 208//208 154//154
f 760//760 978//978 902//902
f 1238//1238 93//93 42//42
f 845//845 1187//1187 77//77
f 323//323 663//663 449//449
f 1473//1473 1207//1207 1136//1136
f 389//389 432//432 248//248
f 331//331 351//351 1216//1216
f 564//564 390//390 595//595
f 128//128 429//429 921//921
f 234//234 309//309 1314//1314
f 120//120 1338//1338 1257//1257
f 1282//1282 1192//1192 215//215
f 865//865 582//582 1011//1011
f 872//872 960//960 933//933
f 941//941 994//994 804//804
f 860//860 1026//1026 647//647
f 932//932 435//435 869//869
f 1164//1164 189//189 188//188
f 911//911 1023//1023 490//490
f 802//802 281//281 396//396
f 1030//1030 1009//1009 839//839
f 186//186 155//155 1387//1387
f 614//614 714//714 1201//1201
f 76//76 183//183 1307//1307
f 1336//1336 83//83 1393//1393
f 762//762 756//756 1163//1163
f 440//440 374//374 812//812
f 430//430 674//674 977//977
f 249//249 562//562 934//934
f 890//890 737//737 605//605
f 1425//1425 26//26 1448//1448
f 676//676 595//595 455//455
f 777//777 271//271 367//367
f 820//820 319//319 795//795
f 677//677 628//628 530//530
f 1229//1229 1435//1435 1245//1245
f 1435//1435 17//17 1411//1411
f 759//759 360//360 614//614
f 241//241 861//861 1001//1001
f 1064//1064 225//225 170//170
f 1030//1030 929//929 1031//1031
f 1360//1360 1192//1192 187//187
f 161//161 686//686 610//610
f 99//99 196//196 11//11
f 203//203 1059//1059 1257//1257
f 203//203 1352//1352 1178//1178
f 972//972 493//493 809//809
f 1069//1069 69//69 296//296
f 166//166 670//670 1085//1085
f 901//901 696//696 552//552
f 1331//1331 1166//1166 1120//1120
f 242//242 1052//1052 731//731
f 1025//1025 574//574 548//548
f 116//116 225//225 1438//1438
f 422//422 477//477 914//914
f 928//928 1020//1020 392//392
f 381//381 913//913 838//838
f 684//684 770//770 771//771
f 859//859 30//30 10//10
f 1386//1386 809//809 302//302
f 1468//1468 1117//1117 51//51
f 518//518 822//822 717//717
f 249//249 580//580 562//562
f 865//865 883//883 885//885
f 238//238 805//805 778//778
f 1460//1460 1434//1434 1232//1232
f 1100//1100 189//189 95//95
f 48//48 1401//1401 1178//1178
f 336//336 765//765 1101//1101
f 190//190 79//79 761//761
f 269//269 195//195 214//214
f 922//922 860//860 859//859
f 514//514 572//572 894//894
f 1308//1308 1415//1415 1311//1311
f 240//240 921//921 999//999
f 1230//1230 1126//1126 690//690
f 890//890 873//873 736//736
f 818//818 738//738 736//736
f 240//240 858//858 950//950
f 661//661 822//822 609//609
f 273//273 156//156 407//407
f 238//238 794//794 799//799
f 1386//1386 1306//1306 303//303
f 652//652 623//623 703//703
f 159//159 331//331 1216//1216
f 408//408 385//385 390//390
f 1419//1419 1370//1370 86//86
f 460//460 767//767 844//844
f 911//911 490//490 946//946
f 193//193 192//192 158//158
f 1385//1385 29//29 1413//1413
f 1417//1417 1496//1496 1398//1398
f 1135//1135 37//37 1491//1491
f 1308//1308 1311//1311 78//78
f 1311//1311 1332//1332 78//78
f 632//632 456//456 433//433
f 743//743 1091//1091 662//662
f 683//683 686//686 356//356
f 1406//1406 1411//1411 7//7
f 454//454 407//407 529//529
f 383//383 917//917 592//592
f 1069//1069 1251//1251 1253//1253
f 1474//1474 260//260 1180//1180
f 148//148 1433//1433 199//199
f 1082//1082 216//216 1099//1099
f 330//330 404//404 527//527
f 906//906 335//335 484//484
f 1//1 1159//1159 264//264
f 165//165 1083//1083 1225//1225
f 68//68 1408//1408 1356//1356
f 650//650 583//583 758//758
f 638//638 510//510 992//992
f 1025//1025 878//878 566//566
f 727//727 650//650 758//758
f 107//107 169//169 1087//1087
f 943//943 997//997 1044//1044
f 85//85 1350//1350 1349//1349
f 1241//1241 1498//1498 96//96
f 732//732 501//501 981//981
f 623//623 622//622 624//624
f 1055//1055 559//559 600//600
f 1179//1179 204//204 286//286
f 142//142 14//14 1404//1404
f 831//831 725//725 404//404
f 1066//1066 1490//1490 1114//1114
f 42//42 57//57 1162//1162
f 830//830 1191//1191 1314//1314
f 693//693 911//911 900//900
f 1103//1103 1079//1079 234//234
f 371//371 372//372 624//624
f 1105//1105 1226//1226 133//133
f 88//88 1489//1489 144//144
f 931//931 1456//1456 1333//1333
f 371//371 621//621 372//372
f 529//529 756//756 454//454
f 353//353 671//671 620//620
f 502//502 983//983 817//817
f 891//891 685//685 709//709
f 767//767 353//353 814//814
f 638//638 1278//1278 143//143
f 1326//1326 76//76 1359//1359
f 755//755 1271//1271 1400//1400
f 834//834 699//699 836//836
f 1166//1166 1498//1498 1241//1241
f 982//982 464//464 847//847
f 604//604 603//603 1234//1234
f 679//679 1313//1313 212//212
f 560//560 338//338 680//680
f 1326//1326 1452//1452 1328//1328
f 295//295 263//263 124//124
f 311//311 133//133 132//132
f 734//734 934//934 562//562
f 841//841 840//840 761//761
f 533//533 679//679 212//212
f 1051//1051 953//953 242//242
f 941//941 915//915 994//994
f 679//679 971//971 1313//1313
f 1453//1453 1311//1311 1498//1498
f 226//226 220//220 607//607
f 57//57 1327//1327 1162//1162
f 1299//1299 1338//1338 120//120
f 1051//1051 1001//1001 861//861
f 1427//1427 10//10 30//30
f 1472//1472 1158//1158 1447//1447
f 893//893 569//569 689//689
f 1055//1055 1050//1050 559//559
f 803//803 401//401 1338//1338
f 775//775 370//370 526//526
f 635//635 680//680 769//769
f 1467//1467 1423//1423 1323//1323
f 450//450 477//477 422//422
f 544//544 588//588 1042//1042
f 413//413 463//463 464//464
f 641//641 1243//1243 948//948
f 41//41 93//93 1137//1137
f 1002//1002 1001//1001 951//951
f 478//478 861//861 647//647
f 385//385 554//554 595//595
f 782//782 740//740 523//523
f 1158//1158 1129//1129 1151//1151
f 1158//1158 1249//1249 2//2
f 931//931 980//980 436//436
f 1014//1014 1057//1057 1037//1037
f 632//632 483//483 456//456
f 462//462 769//769 355//355
f 785//785 758//758 350//350
f 194//194 1362//1362 187//187
f 462//462 355//355 681//681
f 10//10 1477//1477 858//858
f 520//520 398//398 658//658
f 1389//1389 1189//1189 1312//1312
f 437//437 413//413 464//464
f 1452//1452 858//858 1477//1477
f 922//922 858//858 860//860
f 125//125 739//739 510//510
f 40//40 39//39 94//94
f 954//954 1011//1011 903//903
f 191//191 157//157 1219//1219
f 540//540 590//590 587//587
f 262//262 290//290 1369//1369
f 864//864 926//926 862//862
f 327//327 331//331 190//190
f 866//866 865//865 885//885
f 405//405 821//821 428//428
f 1326//1326 1328//1328 1414//1414
f 920//920 428//428 620//620
f 478//478 388//388 861//861
f 156//156 529//529 407//407
f 58//58 1427//1427 59//59
f 1204//1204 1377//1377 291//291
f 646//646 482//482 954//954
f 532//532 458//458 675//675
f 58//58 10//10 1427//1427
f 418//418 713//713 325//325
f 1496//1496 1161//1161 184//184
f 546//546 880//880 573//573
f 283//283 1459//1459 1465//1465
f 57//57 1255//1255 59//59
f 99//99 1499//1499 196//196
f 1344//1344 1345//1345 1182//1182
f 1025//1025 949//949 645//645
f 1368//1368 1169//1169 122//122
f 1255//1255 1328//1328 1476//1476
f 301//301 207//207 1291//1291
f 269//269 308//308 195//195
f 1312//1312 213//213 1313//1313
f 1025//1025 566//566 385//385
f 1208//1208 227//227 228//228
f 1162//1162 1451//1451 1238//1238
f 909//909 870//870 1035//1035
f 1060//1060 1074//1074 219//219
f 1018//1018 935//935 936//936
f 1008//1008 701//701 957//957
f 128//128 1187//1187 845//845
f 275//275 1352//1352 140//140
f 1250//1250 178//178 1272//1272
f 90//90 1116//1116 1250//1250
f 1049//1049 386//386 927//927
f 509//509 989//989 992//992
f 279//279 1184//1184 1181//1181
f 1330//1330 135//135 1430//1430
f 825//825 755//755 1400//1400
f 210//210 40//40 314//314
f 618//618 657//657 744//744
f 597//597 482//482 905//905
f 1096//1096 1277//1277 640//640
f 304//304 74//74 1358//1358
f 550//550 895//895 896//896
f 1000//1000 1027//1027 923//923
f 1324//1324 1419//1419 1345//1345
f 437//437 980//980 413//413
f 434//434 842//842 971//971
f 1471//1471 50//50 52//52
f 231//231 1370//1370 1286//1286
f 1195//1195 276//276 1431//1431
f 1000//1000 1001//1001 1050//1050
f 414//414 850//850 1056//1056
f 656//656 759//759 49//49
f 1353//1353 1294//1294 284//284
f 186//186 129//129 1200//1200
f 1238//1238 1449//1449 93//93
f 184//184 39//39 1496//1496
f 1341//1341 1274//1274 1065//1065
f 933//933 625//625 872//872
f 254//254 225//225 116//116
f 182//182 1273//1273 147//147
f 367//367 271//271 1226//1226
f 835//835 836//836 649//649
f 1209//1209 299//299 71//71
f 1030//1030 1010//1010 1009//1009
f 1252//1252 66//66 202//202
f 328//328 329//329 983//983
f 1332//1332 833//833 977//977
f 216//216 136//136 1193//1193
f 501//501 636//636 462//462
f 303//303 184//184 1161//1161
f 1298//1298 1169//1169 1202//1202
f 835//835 649//649 839//839
f 1002//1002 560//560 600//600
f 1022//1022 910//910 383//383
f 1063//1063 1062//1062 1068//1068
f 803//803 714//714 807//807
f 646//646 954//954 580//580
f 186//186 185//185 1098//1098
f 829//829 963//963 796//796
f 760//760 457//457 978//978
f 323//323 664//664 663//663
f 1432//1432 1483//1483 1367//1367
f 1227//1227 1110//1110 1250//1250
f 1315//1315 808//808 1048//1048
f 193//193 79//79 190//190
f 1217//1217 192//192 1216//1216
f 814//814 353//353 354//354
f 332//332 840//840 673//673
f 1324//1324 1345//1345 1256//1256
f 709//709 962//962 585//585
f 41//41 1137//1137 1279//1279
f 1469//1469 1475//1475 142//142
f 121//121 108//108 300//300
f 903//903 581//581 648//648
f 93//93 94//94 1137//1137
f 684//684 817//817 848//848
f 627//627 350//350 628//628
f 565//565 1163//1163 558//558
f 866//866 483//483 410//410
f 815//815 768//768 810//810
f 98//98 95//95 1164//1164
f 1112//1112 1235//1235 54//54
f 848//848 983//983 770//770
f 345//345 576//576 607//607
f 1279//1279 208//208 183//183
f 539//539 616//616 722//722
f 334//334 702//702 375//375
f 1347//1347 255//255 148//148
f 1306//1306 74//74 209//209
f 389//389 248//248 1004//1004
f 304//304 183//183 208//208
f 303//303 1306//1306 209//209
f 1062//1062 218//218 1068//1068
f 1166//1166 98//98 1120//1120
f 76//76 75//75 1359//1359
f 305//305 75//75 1307//1307
f 708//708 707//707 908//908
f 784//784 1358//1358 302//302
f 962//962 1039//1039 961//961
f 776//776 1303//1303 63//63
f 579//579 553//553 569//569
f 824//824 748//748 802//802
f 349//349 322//322 892//892
f 1183//1183 1276//1276 1292//1292
f 137//137 1394//1394 1318//1318
f 982//982 1365//1365 310//310
f 1215//1215 189//189 232//232
f 338//338 1013//1013 1014//1014
f 801//801 984//984 849//849
f 485//485 1145//1145 487//487
f 779//779 720//720 239//239
f 864//864 1030//1030 1031//1031
f 302//302 1358//1358 74//74
f 661//661 489//489 822//822
f 893//893 823//823 748//748
f 1063//1063 258//258 1258//1258
f 76//76 1414//1414 1254//1254
f 1221//1221 1282//1282 1284//1284
f 1285//1285 299//299 1209//1209
f 815//815 77//77 233//233
f 1064//1064 757//757 1270//1270
f 242//242 973//973 1052//1052
f 408//408 1025//1025 385//385
f 537//537 298//298 206//206
f 508//508 1019//1019 935//935
f 903//903 648//648 904//904
f 1456//1456 310//310 1335//1335
f 784//784 979//979 1358//1358
f 972//972 809//809 783//783
f 625//625 406//406 494//494
f 1386//1386 1385//1385 809//809
f 608//608 660//660 547//547
f 427//427 495//495 527//527
f 434//434 498//498 842//842
f 1278//1278 1302//1302 1305//1305
f 1395//1395 1396//1396 1194//1194
f 587//587 446//446 470//470
f 348//348 1105//1105 161//161
f 617//617 348//348 755//755
f 427//427 843//843 495//495
f 165//165 134//134 1081//1081
f 42//42 1162//1162 1238//1238
f 168//168 1292//1292 1276//1276
f 82//82 234//234 1314//1314
f 550//550 1167//1167 1154//1154
f 41//41 1255//1255 42//42
f 160//160 1077//1077 211//211
f 1353//1353 1378//1378 1294//1294
f 150//150 177//177 1067//1067
f 533//533 211//211 765//765
f 158//158 192//192 1218//1218
f 442//442 961//961 1039//1039
f 709//709 536//536 442//442
f 307//307 1362//1362 1312//1312
f 709//709 442//442 1039//1039
f 1003//1003 962//962 1058//1058
f 528//528 974//974 953//953
f 962//962 930//930 704//704
f 1375//1375 1260//1260 168//168
f 585//585 485//485 487//487
f 886//886 702//702 887//887
f 585//585 891//891 709//709
f 585//585 487//487 891//891
f 709//709 1039//1039 962//962
f 642//642 938//938 697//697
f 661//661 361//361 447//447
f 719//719 718//718 943//943
f 582//582 480//480 581//581
f 642//642 939//939 571//571
f 535//535 536//536 685//685
f 772//772 788//788 637//637
f 385//385 595//595 390//390
f 337//337 1102//1102 485//485
f 497//497 728//728 1189//1189
f 1107//1107 1284//1284 1225//1225
f 127//127 292//292 73//73
f 879//879 553//553 744//744
f 101//101 1481//1481 1429//1429
f 647//647 861//861 241//241
f 989//989 509//509 441//441
f 374//374 677//677 530//530
f 972//972 723//723 495//495
f 1410//1410 1466//1466 1439//1439
f 954//954 903//903 904//904
f 873//873 818//818 736//736
f 823//823 1355//1355 62//62
f 732//732 73//73 1094//1094
f 234//234 271//271 309//309
f 218//218 147//147 1073//1073
f 284//284 1294//1294 112//112
f 340//340 235//235 467//467
f 678//678 531//531 631//631
f 194//194 1220//1220 213//213
f 1324//1324 1370//1370 1419//1419
f 198//198 165//165 1225//1225
f 1458//1458 1483//1483 1432//1432
f 1103//1103 196//196 1108//1108
f 891//891 340//340 685//685
f 909//909 247//247 870//870
f 891//891 1107//1107 340//340
f 519//519 541//541 551//551
f 547//547 876//876 553//553
f 171//171 1345//1345 1171//1171
f 1224//1224 1083//1083 217//217
f 642//642 697//697 552//552
f 1223//1223 217//217 1081//1081
f 1408//1408 256//256 25//25
f 1164//1164 155//155 1240//1240
f 198//198 272//272 165//165
f 1199//1199 91//91 1090//1090
f 1441//1441 1321//1321 1465//1465
f 231//231 207//207 301//301
f 1230//1230 1156//1156 1126//1126
f 1117//1117 1485//1485 51//51
f 1023//1023 912//912 420//420
f 1395//1395 1194//1194 217//217
f 764//764 675//675 760//760
f 12//12 272//272 1430//1430
f 313//313 851//851 443//443
f 80//80 1193//1193 1280//1280
f 1006//1006 926//926 956//956
f 352//352 673//673 458//458
f 313//313 443//443 991//991
f 313//313 1194//1194 139//139
f 589//589 1116//1116 90//90
f 991//991 1084//1084 138//138
f 468//468 853//853 537//537
f 145//145 611//611 742//742
f 900//900 914//914 477//477
f 348//348 367//367 1105//1105
f 1078//1078 633//633 1220//1220
f 138//138 1084//1084 1194//1194
f 315//315 323//323 800//800
f 1224//1224 1084//1084 235//235
f 1194//1194 1084//1084 236//236
f 216//216 1193//1193 1099//1099
f 835//835 839//839 243//243
f 909//909 584//584 708//708
f 426//426 404//404 434//434
f 772//772 637//637 638//638
f 313//313 139//139 274//274
f 772//772 638//638 992//992
f 928//928 386//386 874//874
f 249//249 934//934 1015//1015
f 116//116 1438//1438 141//141
f 1401//1401 1488//1488 1118//1118
f 349//349 752//752 320//320
f 772//772 992//992 788//788
f 291//291 1377//1377 290//290
f 667//667 1259//1259 1285//1285
f 1242//1242 101//101 1144//1144
f 127//127 816//816 1300//1300
f 1452//1452 950//950 858//858
f 1286//1286 1256//1256 1115//1115
f 852//852 535//535 378//378
f 825//825 425//425 755//755
f 852//852 738//738 535//535
f 1413//1413 949//949 1385//1385
f 1208//1208 204//204 1184//1184
f 31//31 859//859 387//387
f 727//727 564//564 650//650
f 226//226 475//475 1115//1115
f 724//724 723//723 408//408
f 1082//1082 1214//1214 130//130
f 1150//1150 474//474 1493//1493
f 203//203 1091//1091 1289//1289
f 1133//1133 1437//1437 1232//1232
f 1247//1247 757//757 555//555
f 1351//1351 106//106 67//67
f 367//367 1226//1226 1105//1105
f 502//502 407//407 415//415
f 991//991 788//788 358//358
f 564//564 595//595 481//481
f 276//276 275//275 1482//1482
f 1237//1237 21//21 1474//1474
f 655//655 563//563 707//707
f 654//654 602//602 707//707
f 1279//1279 154//154 208//208
f 276//276 1482//1482 1431//1431
f 676//676 556//556 481//481
f 1382//1382 829//829 1302//1302
f 599//599 887//887 565//565
f 466//466 562//562 757//757
f 907//907 698//698 601//601
f 142//142 7//7 1469//1469
f 622//622 329//329 624//624
f 739//739 990//990 509//509
f 264//264 1159//1159 1160//1160
f 803//803 807//807 401//401
f 776//776 995//995 1325//1325
f 301//301 86//86 1370//1370
f 1462//1462 27//27 4//4
f 36//36 344//344 1059//1059
f 1430//1430 272//272 13//13
f 276//276 1367//1367 1483//1483
f 1404//1404 5//5 19//19
f 296//296 69//69 787//787
f 486//486 705//705 594//594
f 210//210 314//314 1398//1398
f 688//688 640//640 1086//1086
f 925//925 385//385 566//566
f 1383//1383 297//297 1185//1185
f 841//841 761//761 79//79
f 909//909 1035//1035 584//584
f 597//597 596//596 482//482
f 314//314 1366//1366 84//84
f 1125//1125 1485//1485 251//251
f 163//163 1223//1223 1222//1222
f 759//759 924//924 410//410
f 1366//1366 1418//1418 1432//1432
f 1366//1366 1316//1316 43//43
f 1366//1366 1367//1367 84//84
f 567//567 403//403 721//721
f 1444//1444 251//251 108//108
f 1483//1483 1458//1458 48//48
f 63//63 1374//1374 298//298
f 989//989 852//852 788//788
f 715//715 449//449 663//663
f 1195//1195 84//84 1367//1367
f 577//577 1040//1040 383//383
f 1103//1103 234//234 82//82
f 53//53 56//56 1380//1380
f 197//197 1108//1108 100//100
f 1415//1415 1498//1498 1311//1311
f 222//222 320//320 1272//1272
f 663//663 668//668 712//712
f 1373//1373 118//118 180//180
f 1152//1152 1157//1157 1494//1494
f 32//32 1454//1454 1243//1243
f 630//630 759//759 410//410
f 1146//1146 1168//1168 1243//1243
f 1146//1146 46//46 1488//1488
f 989//989 441//441 736//736
f 1286//1286 1115//1115 1085//1085
f 1275//1275 201//201 1343//1343
f 676//676 455//455 374//374
f 173//173 1347//1347 1262//1262
f 1146//1146 1488//1488 1168//1168
f 299//299 1374//1374 71//71
f 1037//1037 1057//1057 935//935
f 533//533 377//377 233//233
f 1458//1458 1401//1401 48//48
f 31//31 1426//1426 1427//1427
f 1399//1399 827//827 1400//1400
f 621//621 407//407 454//454
f 573//573 36//36 694//694
f 1285//1285 1209//1209 639//639
f 639//639 640//640 469//469
f 1469//1469 252//252 1475//1475
f 1098//1098 1280//1280 1213//1213
f 1368//1368 122//122 1369//1369
f 1326//1326 1359//1359 128//128
f 632//632 410//410 483//483
f 333//333 764//764 760//760
f 85//85 1349//1349 141//141
f 254//254 116//116 141//141
f 1023//1023 420//420 490//490
f 1188//1188 187//187 306//306
f 61//61 1122//1122 47//47
f 1277//1277 1086//1086 640//640
f 1370//1370 1256//1256 1286//1286
f 52//52 1153//1153 1132//1132
f 1453//1453 1478//1478 268//268
f 759//759 1433//1433 1321//1321
f 763//763 331//331 352//352
f 642//642 395//395 937//937
f 789//789 773//773 970//970
f 370//370 618//618 526//526
f 1057//1057 952//952 735//735
f 1224//1224 1225//1225 1083//1083
f 1392//1392 132//132 1365//1365
f 1224//1224 217//217 236//236
f 665//665 365//365 364//364
f 984//984 439//439 849//849
f 1150//1150 1493//1493 1457//1457
f 547//547 553//553 879//879
f 579//579 882//882 553//553
f 207//207 1277//1277 1096//1096
f 1383//1383 1185//1185 72//72
f 228//228 1094//1094 292//292
f 776//776 798//798 491//491
f 729//729 500//500 844//844
f 798//798 512//512 853//853
f 1286//1286 1085//1085 1277//1277
f 416//416 838//838 913//913
f 521//521 781//781 522//522
f 1383//1383 280//280 297//297
f 774//774 996//996 855//855
f 884//884 649//649 698//698
f 537//537 512//512 298//298
f 508//508 507//507 1038//1038
f 1122//1122 1438//1438 1114//1114
f 670//670 688//688 1085//1085
f 350//350 700//700 628//628
f 598//598 351//351 375//375
f 666//666 898//898 895//895
f 737//737 787//787 605//605
f 1436//1436 1231//1231 1123//1123
f 598//598 886//886 887//887
f 32//32 1479//1479 1454//1454
f 803//803 1299//1299 1175//1175
f 1048//1048 808//808 403//403
f 384//384 403//403 567//567
f 137//137 1318//1318 1319//1319
f 1455//1455 1416//1416 1333//1333
f 1186//1186 14//14 1475//1475
f 1096//1096 1209//1209 71//71
f 1135//1135 1491//1491 92//92
f 328//328 371//371 329//329
f 828//828 800//800 967//967
f 1407//1407 1471//1471 1232//1232
f 722//722 1191//1191 830//830
f 1073//1073 1267//1267 1095//1095
f 807//807 782//782 523//523
f 784//784 843//843 979//979
f 27//27 92//92 5//5
f 265//265 1179//1179 292//292
f 244//244 927//927 1029//1029
f 384//384 567//567 919//919
f 919//919 588//588 877//877
f 462//462 681//681 435//435
f 567//567 721//721 687//687
f 1183//1183 153//153 1276//1276
f 759//759 1201//1201 199//199
f 191//191 1219//1219 1076//1076
f 969//969 369//369 754//754
f 1385//1385 949//949 809//809
f 1201//1201 714//714 1172//1172
f 163//163 164//164 1223//1223
f 806//806 722//722 781//781
f 806//806 781//781 403//403
f 755//755 348//348 610//610
f 368//368 369//369 969//969
f 368//368 402//402 453//453
f 455//455 601//601 374//374
f 262//262 1369//1369 261//261
f 578//578 567//567 359//359
f 1397//1397 851//851 313//313
f 715//715 663//663 712//712
f 865//865 954//954 883//883
f 1331//1331 1120//1120 1240//1240
f 544//544 1043//1043 915//915
f 1424//1424 285//285 55//55
f 479//479 648//648 757//757
f 561//561 595//595 888//888
f 1176//1176 1205//1205 258//258
f 1403//1403 239//239 123//123
f 1205//1205 293//293 258//258
f 811//811 960//960 1056//1056
f 1247//1247 1132//1132 1153//1153
f 337//337 485//485 634//634
f 1103//1103 1108//1108 197//197
f 31//31 1427//1427 30//30
f 716//716 1302//1302 965//965
f 1348//1348 1297//1297 71//71
f 1341//1341 296//296 125//125
f 1182//1182 1419//1419 1475//1475
f 1126//1126 900//900 477//477
f 285//285 1180//1180 25//25
f 1253//1253 1021//1021 787//787
f 1315//1315 1479//1479 270//270
f 70//70 828//828 1381//1381
f 1236//1236 1136//1136 1072//1072
f 205//205 1301//1301 1072//1072
f 1347//1347 65//65 1262//1262
f 721//721 781//781 687//687
f 492//492 669//669 539//539
f 1009//1009 726//726 839//839
f 733//733 438//438 439//439
f 348//348 538//538 367//367
f 492//492 347//347 669//669
f 1071//1071 229//229 24//24
f 405//405 920//920 999//999
f 745//745 364//364 365//365
f 31//31 387//387 868//868
f 975//975 376//376 959//959
f 294//294 1380//1380 123//123
f 460//460 634//634 459//459
f 386//386 863//863 927//927
f 20//20 1323//1323 1423//1423
f 486//486 907//907 561//561
f 682//682 463//463 501//501
f 456//456 838//838 409//409
f 492//492 539//539 424//424
f 1474//1474 1410//1410 1320//1320
f 948//948 1243//1243 1454//1454
f 1184//1184 204//204 1181//1181
f 492//492 423//423 779//779
f 630//630 433//433 360//360
f 54//54 9//9 56//56
f 1473//1473 1236//1236 54//54
f 1406//1406 1470//1470 2//2
f 597//597 874//874 957//957
f 521//521 522//522 753//753
f 186//186 1200//1200 155//155
f 619//619 766//766 843//843
f 693//693 742//742 1023//1023
f 279//279 1181//1181 294//294
f 1309//1309 1214//1214 1099//1099
f 260//260 25//25 1180//1180
f 1380//1380 1181//1181 259//259
f 67//67 1090//1090 91//91
f 395//395 552//552 1024//1024
f 998//998 918//918 898//898
f 784//784 302//302 493//493
f 767//767 671//671 353//353
f 389//389 1004//1004 243//243
f 1111//1111 1155//1155 1251//1251
f 174//174 65//65 1293//1293
f 1255//1255 1254//1254 1328//1328
f 586//586 691//691 881//881
f 1298//1298 122//122 1169//1169
f 1107//1107 1225//1225 340//340
f 1211//1211 1190//1190 305//305
f 646//646 580//580 1015//1015
f 777//777 511//511 722//722
f 1397//1397 829//829 851//851
f 1494//1494 1157//1157 1323//1323
f 797//797 942//942 490//490
f 1067//1067 169//169 1276//1276
f 539//539 522//522 616//616
f 1447//1447 1071//1071 24//24
f 803//803 1175//1175 714//714
f 684//684 438//438 733//733
f 1182//1182 252//252 1177//1177
f 1413//1413 1493//1493 897//897
f 1375//1375 1290//1290 169//169
f 347//347 593//593 696//696
f 1394//1394 1193//1193 136//136
f 1379//1379 1301//1301 205//205
f 1044//1044 998//998 382//382
f 519//519 551//551 748//748
f 1186//1186 1475//1475 1419//1419
f 683//683 1094//1094 1093//1093
f 1423//1423 1466//1466 1409//1409
f 486//486 561//561 706//706
f 931//931 1333//1333 1012//1012
f 1091//1091 1196//1196 523//523
f 267//267 503//503 1318//1318
f 683//683 464//464 682//682
f 925//925 878//878 1007//1007
f 1355//1355 1354//1354 258//258
f 1303//1303 1304//1304 63//63
f 1008//1008 838//838 813//813
f 127//127 732//732 981//981
f 141//141 1448//1448 1446//1446
f 1337//1337 1445//1445 126//126
f 1242//1242 1144//1144 100//100
f 127//127 1300//1300 126//126
f 899//899 644//644 944//944
f 69//69 1253//1253 787//787
f 776//776 491//491 995//995
f 1497//1497 94//94 39//39
f 943//943 237//237 794//794
f 528//528 953//953 388//388
f 257//257 229//229 1179//1179
f 705//705 926//926 594//594
f 774//774 855//855 993//993
f 174//174 145//145 1266//1266
f 366//366 775//775 444//444
f 655//655 1155//1155 563//563
f 1283//1283 746//746 419//419
f 846//846 980//980 1034//1034
f 732//732 1094//1094 682//682
f 603//603 908//908 707//707
f 121//121 1443//1443 1444//1444
f 315//315 277//277 278//278
f 1044//1044 451//451 918//918
f 840//840 977//977 674//674
f 1209//1209 640//640 639//639
f 604//604 909//909 603//603
f 1165//1165 1076//1076 1219//1219
f 1331//1331 60//60 1310//1310
f 774//774 946//946 996//996
f 273//273 407//407 267//267
f 564//564 481//481 556//556
f 806//806 403//403 1191//1191
f 487//487 1145//1145 1107//1107
f 954//954 482//482 883//883
f 1377//1377 170//170 1269//1269
f 1235//1235 916//916 9//9
f 1208//1208 286//286 204//204
f 521//521 753//753 687//687
f 1093//1093 227//227 686//686
f 824//824 802//802 402//402
f 982//982 1392//1392 1365//1365
f 408//408 564//564 727//727
f 1388//1388 1189//1189 728//728
f 254//254 141//141 1349//1349
f 582//582 581//581 903//903
f 1423//1423 23//23 1442//1442
f 1275//1275 38//38 1486//1486
f 425//425 827//827 423//423
f 321//321 446//446 325//325
f 937//937 1024//1024 857//857
f 670//670 166//166 524//524
f 550//550 896//896 549//549
f 746//746 745//745 365//365
f 257//257 126//126 24//24
f 308//308 1390//1390 195//195
f 776//776 1325//1325 1303//1303
f 745//745 549//549 896//896
f 149//149 178//178 1250//1250
f 40//40 1450//1450 314//314
f 114//114 289//289 1176//1176
f 966//966 450//450 422//422
f 966//966 400//400 515//515
f 1268//1268 1345//1345 171//171
f 142//142 1404//1404 1346//1346
f 665//665 717//717 365//365
f 1282//1282 215//215 1284//1284
f 720//720 123//123 239//239
f 1473//1473 1136//1136 1236//1236
f 591//591 896//896 898//898
f 451//451 518//518 918//918
f 902//902 1054//1054 959//959
f 1092//1092 1233//1233 1275//1275
f 1202//1202 1092//1092 1298//1298
f 1111//1111 1251//1251 1245//1245
f 326//326 495//495 677//677
f 1206//1206 181//181 180//180
f 630//630 360//360 759//759
f 1443//1443 144//144 1489//1489
f 215//215 1192//1192 83//83
f 1203//1203 1342//1342 1252//1252
f 759//759 614//614 1201//1201
f 1177//1177 112//112 1294//1294
f 742//742 693//693 223//223
f 1404//1404 1461//1461 5//5
f 12//12 103//103 134//134
f 1415//1415 1308//1308 1097//1097
f 524//524 607//607 576//576
f 524//524 475//475 607//607
f 576//576 1045//1045 575//575
f 1152//1152 1494//1494 1489//1489
f 719//719 969//969 718//718
f 1014//1014 1037//1037 393//393
f 1031//1031 929//929 649//649
f 866//866 410//410 865//865
f 1474//1474 1180//1180 285//285
f 237//237 1044//1044 382//382
f 225//225 1270//1270 1490//1490
f 1337//1337 126//126 1300//1300
f 535//535 358//358 378//378
f 503//503 267//267 407//407
f 852//852 378//378 788//788
f 333//333 652//652 702//702
f 982//982 436//436 980//980
f 1110//1110 1233//1233 1484//1484
f 1378//1378 180//180 181//181
f 165//165 272//272 134//134
f 1170//1170 1199//1199 106//106
f 882//882 695//695 643//643
f 786//786 818//818 988//988
f 335//335 363//363 372//372
f 373//373 454//454 756//756
f 958//958 838//838 244//244
f 718//718 969//969 613//613
f 1440//1440 1134//1134 1322//1322
f 1322//1322 1147//1147 1405//1405
f 948//948 919//919 641//641
f 974//974 528//528 671//671
f 1034//1034 391//391 600//600
f 710//710 67//67 966//966
f 230//230 1181//1181 204//204
f 801//801 849//849 438//438
f 1302//1302 118//118 1305//1305
f 368//368 969//969 826//826
f 1205//1205 289//289 1376//1376
f 1121//1121 101//101 1242//1242
f 1131//1131 47//47 1114//1114
f 521//521 687//687 781//781
f 152//152 230//230 204//204
f 28//28 1133//1133 119//119
f 621//621 415//415 407//407
f 635//635 413//413 846//846
f 1291//1291 1462//1462 1357//1357
f 135//135 129//129 1212//1212
f 81//81 266//266 129//129
f 942//942 945//945 1047//1047
f 775//775 526//526 799//799
f 703//703 624//624 372//372
f 1317//1317 186//186 1098//1098
f 987//987 986//986 432//432
f 1375//1375 1355//1355 293//293
f 1093//1093 1094//1094 227//227
f 801//801 70//70 1381//1381
f 1319//1319 984//984 1381//1381
f 137//137 1381//1381 1296//1296
f 589//589 1272//1272 513//513
f 1122//1122 1114//1114 47//47
f 828//828 967//967 1381//1381
f 814//814 844//844 767//767
f 715//715 137//137 1296//1296
f 862//862 838//838 958//958
f 715//715 1280//1280 1295//1295
f 948//948 1479//1479 1048//1048
f 973//973 730//730 499//499
f 460//460 844//844 634//634
f 61//61 1438//1438 1122//1122
f 890//890 509//509 737//737
f 307//307 1478//1478 306//306
f 513//513 1272//1272 320//320
f 33//33 1068//1068 1095//1095
f 669//669 522//522 539//539
f 715//715 967//967 449//449
f 755//755 686//686 1271//1271
f 115//115 227//227 1208//1208
f 1082//1082 130//130 156//156
f 434//434 404//404 498//498
f 296//296 787//787 990//990
f 405//405 428//428 920//920
f 282//282 278//278 109//109
f 1365//1365 132//132 310//310
f 1439//1439 288//288 1376//1376
f 1060//1060 1264//1264 1376//1376
f 22//22 1125//1125 6//6
f 577//577 881//881 1041//1041
f 368//368 667//667 639//639
f 517//517 590//590 589//589
f 786//786 961//961 442//442
f 1051//1051 242//242 731//731
f 716//716 661//661 447//447
f 328//328 983//983 502//502
f 43//43 32//32 1418//1418
f 1224//1224 236//236 1084//1084
f 114//114 1376//1376 289//289
f 114//114 68//68 1376//1376
f 127//127 265//265 292//292
f 458//458 673//673 675//675
f 810//810 354//354 821//821
f 308//308 1078//1078 194//194
f 1004//1004 440//440 812//812
f 1455//1455 1333//1333 1335//1335
f 1283//1283 312//312 1396//1396
f 851//851 638//638 637//637
f 85//85 141//141 256//256
f 751//751 750//750 341//341
f 657//657 525//525 744//744
f 1051//1051 731//731 952//952
f 661//661 345//345 361//361
f 366//366 444//444 789//789
f 384//384 1048//1048 403//403
f 743//743 894//894 545//545
f 1442//1442 1439//1439 1466//1466
f 589//589 90//90 1272//1272
f 589//589 875//875 1116//1116
f 1202//1202 1233//1233 1092//1092
f 966//966 67//67 450//450
f 1468//1468 1410//1410 21//21
f 253//253 1436//1436 124//124
f 687//687 359//359 567//567
f 931//931 436//436 310//310
f 1423//1423 1409//1409 51//51
f 1221//1221 1107//1107 1145//1145
f 140//140 1289//1289 176//176
f 349//349 320//320 179//179
f 159//159 192//192 190//190
f 468//468 318//318 853//853
f 271//271 133//133 1226//1226
f 1049//1049 927//927 1008//1008
f 1407//1407 47//47 1471//1471
f 295//295 1060//1060 263//263
f 34//34 1287//1287 1288//1288
f 34//34 1495//1495 55//55
f 1135//1135 1112//1112 37//37
f 35//35 1490//1490 757//757
f 1085//1085 688//688 1086//1086
f 825//825 827//827 425//425
f 651//651 813//813 456//456
f 28//28 1437//1437 1133//1133
f 85//85 256//256 1408//1408
f 141//141 1425//1425 1448//1448
f 1262//1262 65//65 174//174
f 74//74 154//154 209//209
f 324//324 670//670 524//524
f 1253//1253 1251//1251 89//89
f 486//486 884//884 698//698
f 225//225 1066//1066 1438//1438
f 1350//1350 1412//1412 1420//1420
f 1006//1006 862//862 926//926
f 262//262 261//261 277//277
f 245//245 1012//1012 868//868
f 315//315 278//278 520//520
f 64//64 1446//1446 26//26
f 532//532 334//334 375//375
f 173//173 1371//1371 1347//1347
f 475//475 166//166 1115//1115
f 331//331 375//375 351//351
f 142//142 1475//1475 14//14
f 1166//1166 1478//1478 1142//1142
f 937//937 239//239 947//947
f 1069//1069 1253//1253 69//69
f 1069//1069 113//113 1065//1065
f 23//23 288//288 1439//1439
f 1315//1315 1191//1191 808//808
f 167//167 180//180 118//118
f 700//700 629//629 628//628
f 544//544 1042//1042 1043//1043
f 240//240 1026//1026 858//858
f 1275//1275 1233//1233 38//38
f 1337//1337 247//247 1422//1422
f 834//834 357//357 698//698
f 1404//1404 19//19 1402//1402
f 211//211 1077//1077 1101//1101
f 1046//1046 571//571 570//570
f 1406//1406 1346//1346 1402//1402
f 702//702 906//906 887//887
f 301//301 1357//1357 1186//1186
f 291//291 290//290 801//801
f 823//823 1354//1354 1355//1355
f 1360//1360 1188//1188 1361//1361
f 196//196 100//100 1108//1108
f 1064//1064 1270//1270 225//225
f 805//805 943//943 778//778
f 943//943 1044//1044 237//237
f 932//932 247//247 250//250
f 1413//1413 897//897 574//574
f 150//150 468//468 177//177
f 1275//1275 1343//1343 1298//1298
f 724//724 495//495 723//723
f 372//372 363//363 703//703
f 644//644 696//696 901//901
f 299//299 298//298 1374//1374
f 1378//1378 1344//1344 1294//1294
f 1063//1063 1068//1068 1198//1198
f 1063//1063 1176//1176 258//258
f 893//893 692//692 823//823
f 296//296 1341//1341 113//113
f 366//366 370//370 775//775
f 1003//1003 930//930 962//962
f 175//175 149//149 1492//1492
f 659//659 476//476 592//592
f 340//340 467//467 685//685
f 1140//1140 558//558 1163//1163
f 516//516 898//898 666//666
f 942//942 797//797 1042//1042
f 65//65 1175//1175 1293//1293
f 1350//1350 1383//1383 72//72
f 638//638 143//143 125//125
f 622//622 832//832 329//329
f 1198//1198 1068//1068 1412//1412
f 430//430 977//977 833//833
f 1128//1128 1150//1150 1457//1457
f 1128//1128 545//545 474//474
f 1064//1064 1204//1204 757//757
f 482//482 885//885 883//883
f 1036//1036 873//873 602//602
f 780//780 1299//1299 120//120
f 1061//1061 1088//1088 1261//1261
f 777//777 722//722 830//830
f 290//290 70//70 801//801
f 451//451 1045//1045 345//345
f 365//365 822//822 421//421
f 182//182 322//322 1089//1089
f 751//751 968//968 774//774
f 724//724 785//785 837//837
f 28//28 1460//1460 1437//1437
f 7//7 1346//1346 1406//1406
f 1069//1069 296//296 113//113
f 1318//1318 439//439 984//984
f 262//262 277//277 290//290
f 941//941 612//612 573//573
f 814//814 354//354 534//534
f 1003//1003 459//459 930//930
f 1328//1328 1477//1477 1476//1476
f 964//964 282//282 317//317
f 1417//1417 1431//1431 1457//1457
f 966//966 422//422 400//400
f 572//572 574//574 543//543
f 68//68 1356//1356 1376//1376
f 538//538 424//424 539//539
f 1152//1152 1199//1199 1157//1157
f 655//655 1253//1253 89//89
f 899//899 1047//1047 945//945
f 1310//1310 1361//1361 1188//1188
f 718//718 997//997 943//943
f 862//862 381//381 838//838
f 1112//1112 54//54 37//37
f 292//292 1179//1179 286//286
f 798//798 853//853 343//343
f 1113//1113 1157//1157 1199//1199
f 410//410 924//924 865//865
f 1104//1104 197//197 101//101
f 518//518 451//451 345//345
f 1239//1239 1119//1119 1138//1138
f 954//954 904//904 580//580
f 1491//1491 19//19 5//5
f 865//865 1011//1011 954//954
f 1444//1444 1489//1489 18//18
f 165//165 1081//1081 217//217
f 301//301 1291//1291 1357//1357
f 1217//1217 1216//1216 1140//1140
f 1115//1115 1268//1268 226//226
f 578//578 359//359 945//945
f 347//347 1024//1024 593//593
f 1012//1012 1333//1333 868//868
f 80//80 1098//1098 1099//1099
f 692//692 893//893 322//322
f 1135//1135 92//92 1134//1134
f 1315//1315 1048//1048 1479//1479
f 988//988 818//818 1019//1019
f 1330//1330 13//13 1336//1336
f 1372//1372 1439//1439 1376//1376
f 1128//1128 1457//1457 1482//1482
f 173//173 121//121 1371//1371
f 1350//1350 66//66 1383//1383
f 145//145 742//742 223//223
f 627//627 628//628 677//677
f 170//170 254//254 1185//1185
f 1410//1410 1439//1439 1372//1372
f 165//165 217//217 1083//1083
f 321//321 964//964 470//470
f 1313//1313 971//971 842//842
f 658//658 370//370 970//970
f 550//550 549//549 1167//1167
f 205//205 1072//1072 1207//1207
f 296//296 990//990 739//739
f 211//211 1101//1101 765//765
f 22//22 51//51 1125//1125
f 1022//1022 570//570 472//472
f 317//317 201//201 1486//1486
f 931//931 245//245 867//867
f 253//253 1148//1148 1231//1231
f 1252//1252 202//202 172//172
f 942//942 996//996 490//490
f 1270//1270 757//757 1490//1490
f 797//797 490//490 420//420
f 693//693 1156//1156 223//223
f 1102//1102 1145//1145 485//485
f 194//194 1390//1390 308//308
f 338//338 246//246 653//653
f 1317//1317 1212//1212 129//129
f 1245//1245 1411//1411 2//2
f 915//915 1043//1043 912//912
f 996//996 946//946 490//490
f 750//750 515//515 341//341
f 1500//1500 1143//1143 1162//1162
f 1305//1305 118//118 1373//1373
f 1316//1316 314//314 1450//1450
f 446//446 608//608 325//325
f 238//238 526//526 643//643
f 528//528 478//478 620//620
f 932//932 411//411 435//435
f 1230//1230 1124//1124 1156//1156
f 747//747 1280//1280 668//668
f 550//550 1154//1154 1280//1280
f 1297//1297 1174//1174 1291//1291
f 468//468 1070//1070 318//318
f 750//750 741//741 515//515
f 150//150 1067//1067 1070//1070
f 1347//1347 148//148 200//200
f 531//531 626//626 674//674
f 1167//1167 1501//1501 1154//1154
f 182//182 1089//1089 1273//1273
f 1280//1280 712//712 668//668
f 274//274 419//419 963//963
f 547//547 660//660 876//876
f 1417//1417 1457//1457 3//3
f 1348//1348 71//71 1374//1374
f 173//173 1266//1266 144//144
f 1103//1103 197//197 1079//1079
f 1162//1162 1143//1143 1451//1451
f 367//367 538//538 777//777
f 555//555 648//648 480//480
f 644//644 899//899 359//359
f 294//294 1181//1181 1380//1380
f 1338//1338 401//401 523//523
f 1018//1018 708//708 1017//1017
f 617//617 755//755 425//425
f 1007//1007 878//878 871//871
f 431//431 494//494 833//833
f 608//608 525//525 325//325
f 254//254 170//170 225//225
f 1237//1237 1495//1495 1485//1485
f 420//420 912//912 1043//1043
f 346//346 804//804 611//611
f 1419//1419 86//86 1186//1186
f 222//222 1061//1061 179//179
f 348//348 161//161 610//610
f 491//491 711//711 995//995
f 1111//1111 1151//1151 1155//1155
f 653//653 869//869 435//435
f 434//434 336//336 619//619
f 1361//1361 1393//1393 1192//1192
f 665//665 364//364 896//896
f 1474//1474 21//21 1410//1410
f 1416//1416 1334//1334 1327//1327
f 1135//1135 1134//1134 1440//1440
f 1096//1096 640//640 1209//1209
f 1140//1140 1216//1216 558//558
f 920//920 620//620 478//478
f 419//419 421//421 796//796
f 896//896 895//895 898//898
f 323//323 967//967 800//800
f 546//546 694//694 473//473
f 820//820 409//409 838//838
f 296//296 739//739 125//125
f 455//455 595//595 601//601
f 139//139 1396//1396 274//274
f 443//443 637//637 991//991
f 478//478 647//647 920//920
f 1452//1452 1326//1326 921//921
f 663//663 749//749 668//668
f 860//860 858//858 1026//1026
f 522//522 781//781 616//616
f 834//834 1004//1004 812//812
f 352//352 327//327 761//761
f 916//916 947//947 56//56
f 1266//1266 223//223 1156//1156
f 31//31 1480//1480 1416//1416
f 1478//1478 1188//1188 306//306
f 1194//1194 236//236 217//217
f 1331//1331 1188//1188 1141//1141
f 1472//1472 1445//1445 1337//1337