# https://github.com/mikedh/trimesh
v 0.04599600 0.00068000 -0.04263700
v 0.01738300 0.02854400 0.01242900
v 0.04593700 -0.04254100 -0.01767300
v 0.00000000 -0.04254100 -0.03911200
v 0.01337600 -0.03646700 -0.04596600
v -0.04593700 -0.04254100 0.00414100
v -0.00626500 -0.04118900 0.03243400
v 0.00000000 -0.04125200 -0.04596600
v -0.01945300 0.02854400 -0.02500800
v 0.01472200 -0.02066900 -0.04596600
v -0.04289000 -0.04254100 0.00320600
v 0.02255000 0.02854400 0.00789000
v 0.03396300 -0.04254100 -0.00678600
v -0.04381300 -0.04254100 -0.01706300
v 0.00191100 0.04254100 -0.00651300
v 0.00579400 -0.04254100 0.03201800
v 0.03007400 -0.02066900 0.03243400
v 0.00949800 0.02854400 -0.03796900
v -0.04599600 -0.04118900 -0.01739200
v 0.04599600 -0.04118900 0.00386000
v -0.00957400 0.02854400 0.01536100
v -0.01948800 -0.04254100 -0.04597200
v 0.02439800 0.02854400 -0.01552500
v -0.03007400 -0.02066900 -0.04596600
v -0.01489100 -0.04254100 -0.04078800
v 0.04586500 -0.00655800 0.03243400
v 0.00782100 0.03171800 -0.00402700
v 0.00401600 0.02854400 -0.01270200
v -0.04578800 0.00780900 -0.04596600
v -0.00837900 0.03806800 -0.00028300
v 0.00683900 0.04105400 -0.01560500
v -0.00842100 0.03489300 -0.00252400
v -0.03827000 -0.04254100 -0.02304600
v -0.04266300 -0.04254100 -0.02735000
v -0.04599600 -0.02066900 -0.00676600
v 0.00222700 0.04251700 -0.01054600
v 0.00923500 0.04105400 -0.01301400
v 0.00593700 0.02854400 -0.01078200
v 0.00394900 0.04251700 -0.00874500
v 0.01367700 0.02854400 -0.00470500
v 0.01524400 0.02854400 -0.03754400
v 0.04183700 0.02847000 -0.04526900
v 0.04500400 0.02847000 -0.04154700
v 0.04599600 -0.04036200 0.02933100
v 0.04326500 0.02713300 -0.04589000
v -0.03246600 0.02854400 0.02004700
v -0.03053100 0.02854400 0.02111000
v -0.00752900 -0.02066900 -0.04596600
v -0.02699400 -0.04254100 -0.04490400
v -0.00220600 0.03171800 -0.01471800
v -0.04599600 0.00781000 -0.04263700
v -0.00347600 0.04228600 -0.00083400
v 0.04599600 -0.02909500 0.01592300
v -0.00648300 0.03806800 0.00161300
v -0.00424200 0.03489300 0.00165500
v -0.02406100 0.02854400 -0.01790000
v 0.00422000 0.02854400 0.02465100
v 0.01388500 0.02854400 0.01398300
v 0.00579400 -0.04254100 -0.04555100
v 0.02346100 0.02854400 0.00412700
v 0.04599600 -0.04118900 -0.01739200
v -0.04599600 -0.04118900 0.00386000
v -0.01388500 0.02854400 -0.02751500
v 0.04599600 -0.02909500 -0.00676600
v -0.03901200 -0.00655800 0.03243400
v -0.04460100 -0.04254100 0.00376000
v 0.00747800 -0.02909500 -0.04596600
v -0.04586500 -0.00655800 -0.04596600
v -0.00949800 0.02854400 0.02443700
v 0.00684000 -0.03646700 0.03243400
v 0.00957400 0.02854400 -0.02889200
v 0.04599600 -0.03460400 0.00223000
v 0.02152900 -0.02066900 0.03243400
v -0.04599600 -0.03833100 -0.00676600
v -0.02122700 0.02854400 0.01022000
v -0.04599600 -0.00655800 -0.04263700
v -0.02152900 -0.02066900 -0.04596600
v -0.04599600 -0.03091500 -0.01535600
v -0.04582500 0.00068000 -0.04596600
v 0.00135800 0.04254100 -0.00524200
v -0.02035700 -0.04201500 -0.04596600
v -0.01738100 -0.04254100 -0.04449900
v 0.04593700 -0.04254100 0.00414100
v -0.02047900 0.02854400 0.02332700
v -0.03903100 -0.04254100 -0.01498600
v -0.04599600 -0.02727500 -0.00676600
v 0.00000000 -0.03276000 0.03243400
v -0.00149500 0.04254100 -0.00809600
v 0.00626500 -0.04118900 0.03243400
v 0.01298900 -0.03833100 0.03243400
v -0.02113000 -0.01374600 -0.04596600
v 0.02113000 -0.01374600 0.03243400
v -0.04599600 0.00068000 -0.04263700
v -0.00747800 -0.02909500 -0.04596600
v -0.04593700 -0.04254100 -0.01767300
v -0.02480200 0.02854400 -0.00748600
v -0.04599600 -0.02066900 0.02910600
v 0.00000000 -0.03460400 -0.04596600
v 0.03903100 -0.04254100 -0.01498600
v -0.02113000 -0.01374600 0.03243400
v -0.01337600 -0.03646700 0.03243400
v 0.04599600 -0.04125200 -0.00687300
v -0.02047900 0.02854400 -0.03685900
v 0.02113000 -0.01374600 -0.04596600
v -0.03511100 0.02854400 -0.01818200
v -0.04599600 -0.02909500 0.00175600
v -0.02035700 -0.04201500 0.03243400
v -0.01032000 0.03806800 -0.00462500
v -0.01350400 0.02854400 -0.01103200
v -0.04599600 -0.03460400 0.02906600
v -0.00828200 0.04197400 -0.01094100
v -0.01088600 0.04105400 -0.00902500
v 0.00225900 0.04105400 0.00412000
v -0.00908900 0.03489300 -0.00423600
v 0.00000000 -0.02066900 -0.04596600
v 0.00417900 0.04197400 0.00152100
v 0.00588500 0.03171800 -0.00088100
v 0.01948800 -0.04254100 -0.04597200
v -0.00191200 0.03489300 0.00244700
v 0.02466400 0.02854400 0.02248800
v -0.00225800 0.04228600 -0.00029600
v 0.00001200 0.04251700 -0.00235100
v -0.00437000 0.04251700 -0.00646700
v 0.04599600 -0.01374600 -0.00676600
v -0.00628200 0.04228600 -0.00409400
v 0.04599600 -0.03833100 -0.03251300
v 0.04561200 0.02713300 0.03233700
v 0.00437200 0.02854400 0.00662600
v -0.00437200 0.02854400 -0.02015700
v -0.04533600 -0.04254100 0.01947800
v -0.03176700 -0.03275900 0.03243400
v -0.00588500 0.03171800 -0.01265100
v 0.00736200 -0.01374600 -0.04596600
v 0.01489100 -0.04254100 -0.04078800
v -0.00214100 0.03806800 0.00355400
v 0.00424200 0.03489300 0.00165500
v -0.04599600 -0.01374600 0.01359300
v 0.01097400 0.02854400 0.00182300
v -0.00187700 0.04197400 0.00230000
v 0.00593700 0.02854400 -0.00275000
v 0.03827000 -0.04254100 -0.02304600
v 0.00199200 0.04251700 -0.00282800
v 0.00349200 0.04228600 -0.00083400
v 0.04210500 -0.04254100 -0.03508000
v 0.02042300 -0.04254100 -0.04003600
v -0.04599600 -0.02066900 0.00171300
v -0.00392500 0.04251700 -0.00874500
v -0.00592300 0.04228600 -0.01024900
v -0.00842100 0.03489300 -0.01100800
v -0.03461400 0.02854400 -0.02547000
v -0.00894000 0.04197400 -0.00427700
v 0.03053100 0.02854400 0.02111000
v 0.00000000 0.04105400 0.00436600
v 0.04183700 0.02847000 0.03173800
v -0.02159300 -0.03934700 0.03243400
v 0.02159300 -0.03934700 -0.04596600
v 0.04599600 -0.04118900 -0.03330500
v 0.04326500 0.02713300 0.03235800
v 0.04599600 0.02098600 -0.04351700
v 0.01524400 0.02854400 0.02401200
v -0.00875900 0.02854400 -0.01773800
v -0.00401600 0.02854400 -0.01270200
v -0.00752900 -0.02066900 0.03243400
v -0.04202900 -0.04254100 0.02154100
v -0.01113200 0.04105400 -0.00676600
v 0.04599600 -0.02909500 -0.02945500
v -0.04599600 -0.02727400 0.02890800
v 0.00545100 0.04228600 -0.00255400
v -0.00414200 0.03806800 -0.01650100
v 0.00168200 0.03171800 0.00133900
v -0.02225600 -0.03460400 0.03243400
v -0.03376300 0.02854400 -0.03065000
v 0.02225600 -0.03460400 -0.04596600
v -0.00875500 0.03806800 -0.01268900
v -0.00384000 0.04228600 -0.01245300
v 0.04599600 0.00781000 -0.04263700
v 0.00000000 -0.01374600 -0.04596600
v 0.04599600 -0.02066900 -0.00676600
v -0.00810500 0.03171800 -0.00844800
v -0.00593700 0.02854400 -0.01078200
v -0.04183700 0.02847000 -0.04526900
v 0.03760100 0.02847000 0.03184600
v -0.04500400 0.02847000 -0.04154700
v -0.03157200 -0.04036200 0.03243400
v -0.04599600 -0.04036200 0.02933100
v -0.03924200 0.02713300 -0.04590300
v 0.03924200 0.02713300 0.03237100
v -0.04356000 0.02098600 0.03243400
v -0.03054700 0.02854400 -0.03464300
v 0.00648300 0.03806800 0.00161300
v -0.04021800 -0.04254100 0.02692100
v 0.02947700 -0.04254100 -0.04595600
v 0.00883900 0.04105400 0.00007300
v 0.01462400 -0.02909500 -0.04596600
v 0.00401600 0.02854400 -0.00082900
v -0.04599600 -0.03091500 0.01658600
v 0.00752900 -0.02066900 -0.04596600
v -0.02947700 -0.04254100 0.03242400
v -0.04599600 -0.02727500 0.01526100
v -0.00683900 0.04105400 -0.01560500
v 0.01439700 -0.01374600 -0.04596600
v 0.01133100 -0.04254100 -0.04552600
v 0.04599600 -0.00655800 -0.04263700
v -0.04252000 -0.04254100 0.01378900
v -0.01225100 -0.04118900 0.03243400
v 0.01225100 -0.04118900 -0.04596600
v 0.00626500 -0.04118900 -0.04596600
v 0.04599600 -0.03833100 -0.00676600
v -0.04599600 -0.03460400 0.00223000
v 0.00000000 0.02854400 0.02471600
v -0.04599600 -0.01374600 0.02910600
v -0.02473400 0.02854400 -0.01315100
v -0.00949800 0.02854400 -0.03796900
v 0.00703800 -0.03460400 -0.04596600
v -0.00623400 0.02854400 -0.02944600
v -0.01445400 -0.03091500 0.03243400
v -0.02152900 -0.02066900 0.03243400
v -0.04599600 -0.03833100 0.00293400
v -0.00684000 -0.03646700 0.03243400
v 0.04599600 -0.03460400 -0.00676600
v 0.00957400 0.02854400 0.01536100
v 0.02152900 -0.02066900 -0.04596600
v 0.02122700 0.02854400 0.01022000
v 0.04381300 -0.04254100 -0.01706300
v 0.00819600 0.00771800 0.06735500
v 0.07025700 0.02047400 0.00079900
v -0.02116800 -0.04254100 -0.02289900
v 0.02025600 0.00068000 0.03243400
v -0.02218300 -0.04134900 -0.01867400
v 0.00483400 0.02823500 -0.04568200
v -0.00483400 0.02823500 0.03215000
v 0.04599600 0.01458500 0.00521600
v 0.03045400 -0.00655800 0.03243400
v -0.03045400 -0.00655800 -0.04596600
v 0.02782100 -0.04254100 -0.00501400
v 0.00708300 0.00787100 0.06679900
v -0.00708300 0.00787100 0.06679900
v 0.03519000 0.02854400 -0.00897200
v 0.00477600 -0.04254100 0.02767100
v 0.00422000 0.02854400 -0.03818300
v -0.04599600 0.00781000 -0.01728900
v -0.00175200 -0.04254100 -0.03263400
v -0.00825300 -0.04254100 -0.03677400
v 0.00843300 -0.04254100 0.01793700
v -0.03922400 -0.01374600 -0.04596600
v -0.02212700 -0.03947000 -0.01864400
v 0.00585400 0.00640900 0.06242600
v -0.05786200 -0.00725300 -0.01433100
v -0.05692700 -0.00658400 -0.01361700
v 0.04561200 0.02792700 -0.01455600
v 0.00000000 0.02713300 -0.04593300
v -0.00515100 0.02098700 -0.04596600
v 0.00515100 0.02098700 0.03243400
v 0.01146400 0.01458500 0.03243400
v 0.04599600 0.00781000 0.00375700
v 0.04592200 -0.02066900 0.03243400
v 0.03922400 -0.01374600 0.03243400
v -0.03037000 0.00068000 0.03243400
v -0.01146400 0.01458500 0.03243400
v 0.04589800 -0.01374600 -0.04596600
v -0.00517800 -0.04254100 0.01870700
v -0.01364600 0.02719700 -0.04588200
v 0.01364600 0.02719700 0.03235000
v -0.00578500 0.00619400 0.06271000
v -0.00480100 0.00466400 0.06382800
v -0.05692700 -0.00658400 0.00033900
v -0.04561200 0.02792700 -0.01455600
v 0.03037000 0.00068000 -0.04596600
v -0.04592200 -0.02066900 0.03243400
v -0.04599600 0.00781000 0.00375700
v 0.02065600 -0.00655800 -0.04596600
v 0.04599600 0.00781000 -0.01728900
v 0.01242000 -0.04254100 -0.03613400
v -0.04599600 0.00068000 0.02910600
v 0.00000000 0.01458500 -0.04596600
v 0.00517800 -0.04254100 -0.03223900
v 0.03423200 0.02854400 0.01156700
v -0.01738100 -0.04254100 0.03096700
v -0.04520500 0.02854400 -0.01375900
v -0.01432600 0.02709000 -0.04595800
v 0.01319400 0.02823500 0.03212100
v 0.02324700 -0.03947000 -0.01956200
v 0.01335600 -0.03947000 -0.03047200
v -0.00371300 0.00381900 0.06461200
v 0.05786200 -0.00725300 -0.01412500
v 0.00725100 0.01676900 -0.04075000
v -0.05786200 -0.00725300 0.00059300
v -0.02148800 -0.03947000 0.00477000
v -0.01187800 -0.03947000 0.01536100
v -0.04593600 0.02713300 -0.01489400
v -0.01319400 0.02823500 -0.04565300
v -0.04599600 0.02098700 0.00690900
v 0.04599600 0.00068000 -0.02753900
v -0.00623500 0.00781000 0.03243400
v -0.04424900 -0.02066900 0.03243400
v -0.00775900 -0.04254100 -0.02350000
v -0.03235100 -0.04254100 -0.01868600
v -0.02782100 -0.04254100 -0.00501400
v -0.01432600 0.02709000 0.03242700
v -0.01156600 -0.04134900 -0.02135800
v -0.01153600 -0.03947000 -0.02825400
v -0.01519400 -0.03947000 -0.03161400
v -0.01335600 -0.03947000 -0.03047200
v -0.01734500 -0.04134900 -0.03217000
v 0.02370600 -0.03947000 0.00659000
v 0.02148800 -0.03947000 0.00477000
v 0.01523300 -0.04134900 0.00445700
v 0.02540400 -0.04134900 0.01057900
v 0.02491200 -0.04134900 0.01413700
v 0.00371300 0.00381900 0.06461200
v -0.00175500 0.00300700 0.06517800
v 0.00724400 0.02579100 -0.04084200
v 0.01319400 0.02823500 -0.04565300
v -0.04551400 0.02792700 0.01262500
v -0.01319400 0.02823500 0.03212100
v -0.04599600 0.02098700 -0.02044100
v -0.04599600 0.01458500 -0.00774100
v -0.04599600 0.00781000 -0.00681500
v -0.04599600 -0.02066900 -0.04263700
v 0.00000000 0.01458500 0.03243400
v -0.00623500 0.00781000 -0.04596600
v 0.01600900 -0.04254100 0.00263600
v -0.01136700 -0.04254100 -0.02145700
v -0.01146400 0.01458500 -0.04596600
v -0.01364600 0.02719700 0.03235000
v 0.01364600 0.02719700 -0.04588200
v -0.04495600 0.02854400 0.01153600
v -0.01073100 -0.04134900 -0.02411100
v -0.01077400 -0.03947000 -0.02622900
v -0.01951300 -0.04134900 -0.03209900
v 0.02484800 -0.03947000 0.00842800
v 0.01946300 -0.03947000 0.00400800
v 0.01734500 -0.04134900 0.00396500
v 0.02533300 -0.04134900 0.01274700
v 0.00480100 0.00466400 0.06382800
v 0.00000000 0.00277900 0.06535500
v 0.05692700 -0.00658400 0.00044200
v -0.04593200 0.02713300 0.01364900
v 0.02065600 -0.00655800 0.03243400
v -0.03037000 0.00068000 -0.04596600
v 0.00966200 -0.04254100 0.02763000
v 0.03037000 0.00068000 0.03243400
v -0.01242000 -0.04254100 -0.03613400
v -0.00211800 0.00423900 0.06970000
v 0.04589800 -0.01374600 0.03243400
v -0.01857100 -0.04254100 -0.03440900
v -0.01296600 -0.04254100 -0.02970700
v -0.04592200 -0.02066900 -0.04596600
v -0.02731900 -0.04254100 -0.01027000
v 0.02491200 -0.04134900 0.00846700
v -0.01946300 -0.03947000 -0.03203500
v 0.02526900 -0.03947000 0.01269700
v 0.01730100 -0.03947000 0.00393700
v 0.01951300 -0.04134900 0.00403600
v 0.00175500 0.00300700 0.06517800
v -0.00710500 -0.00658400 -0.05689600
v -0.04081200 0.01682500 -0.01433100
v -0.01080200 -0.04134900 -0.02627900
v -0.01070300 -0.03947000 -0.02406700
v 0.04182300 -0.02066900 0.03243400
v 0.01706900 -0.04254100 0.00049600
v 0.02225600 -0.03460400 0.03243400
v 0.00414200 0.03806800 -0.01650100
v 0.00569500 0.04228600 -0.01061300
v 0.00907000 0.04197400 -0.00864700
v 0.02947700 -0.04254100 0.03242400
v -0.03575200 -0.04254100 -0.04223500
v -0.00593700 0.02854400 -0.00275000
v -0.01097400 0.02854400 0.00182300
v 0.04599600 -0.02066900 0.00171300
v 0.00752900 -0.02066900 0.03243400
v 0.00937800 0.03489300 -0.00611900
v 0.00385600 0.04228600 -0.01245300
v -0.04210500 -0.04254100 -0.03508000
v 0.00000000 0.03489300 -0.01618700
v 0.03575200 -0.04254100 0.02870400
v 0.04202900 -0.04254100 0.02154100
v -0.02947700 -0.04254100 -0.04595600
v 0.01113200 0.04105400 -0.00676600
v 0.01462400 -0.02909500 0.03243400
v 0.03760100 0.02847000 -0.04537700
v -0.04183700 0.02847000 0.03173800
v -0.04599600 -0.04118900 -0.03330500
v -0.00021400 -0.00600000 0.02946100
v -0.03924200 0.02713300 0.03237100
v 0.03924200 0.02713300 -0.04590300
v -0.04356000 0.02098600 -0.04596600
v -0.04599600 0.02098600 -0.04351700
v -0.01943000 0.02854400 0.01147600
v 0.00000000 0.04105400 -0.01789800
v -0.00875900 0.02854400 0.00420700
v -0.00401600 0.02854400 -0.00082900
v 0.00000000 -0.01374600 0.03243400
v 0.03054700 0.02854400 -0.03464300
v 0.04599600 -0.01374600 0.01359300
v 0.00188500 0.04197400 -0.01583100
v -0.01738300 0.02854400 0.01242900
v 0.04599600 -0.02727400 0.02890800
v -0.04599600 -0.02909500 -0.02945500
v -0.01390200 -0.00655800 0.03243400
v -0.04599600 0.00781000 0.02910600
v 0.01390200 -0.00655800 -0.04596600
v -0.04599600 -0.00655800 0.01373600
v 0.02807800 -0.04254100 -0.02913300
v 0.04560200 -0.04254100 -0.04586900
v -0.02699400 -0.04254100 0.03137200
v -0.02406000 0.02713300 -0.04592200
v 0.02263200 0.02847000 0.03201100
v -0.02263200 0.02847000 -0.04554300
v 0.04035400 -0.03833100 -0.04596600
v 0.04599600 -0.04118900 -0.04291800
v 0.02526900 -0.03947000 -0.02622900
v 0.02450700 -0.03947000 -0.02825400
v 0.02212700 -0.03947000 -0.03093100
v 0.01946300 -0.03947000 -0.03203500
v 0.01734500 -0.04134900 -0.03217000
v 0.02540400 -0.04134900 -0.02411100
v 0.02456900 -0.04134900 -0.02135800
v -0.00672800 0.01303300 0.06280100
v -0.00424100 0.01093400 0.05903800
v -0.00870100 0.01130600 0.06361700
v -0.00870100 0.00880100 0.06603600
v 0.00732700 0.01533500 -0.06014800
v -0.01391600 -0.03947000 0.00511200
v -0.01951300 -0.04134900 0.00403600
v -0.01187800 -0.03947000 0.00715000
v -0.01101300 -0.04134900 0.01344200
v 0.04591600 0.02713300 0.02366900
v -0.04599600 0.02098600 0.01580600
v 0.04599600 0.00781000 -0.02799700
v -0.00673300 0.00068000 0.03243400
v -0.04599600 0.00068000 0.00271700
v -0.04009000 -0.03275900 0.03243400
v -0.04590200 -0.03091500 0.03243400
v -0.00819600 0.00725300 0.06675500
v -0.00659100 0.00643000 0.06793200
v -0.00627300 0.00544200 0.06911800
v -0.00538500 0.00585000 0.06819400
v -0.00627300 0.00497800 0.06851800
v -0.00419400 0.00439300 0.06946500
v -0.03093500 -0.04254100 -0.02397800
v 0.04599600 0.00068000 0.01400700
v -0.01785200 -0.04254100 -0.01173400
v -0.04585600 -0.03460400 -0.04596600
v 0.00710900 -0.00655800 0.03243400
v 0.04460900 0.02854400 -0.03438700
v -0.02218300 -0.04134900 -0.03099300
v 0.01395200 -0.04134900 0.00514200
v 0.02422700 -0.04134900 0.01541700
v -0.00230100 0.01187000 0.05810100
v 0.00475200 0.01536500 0.06094400
v 0.00840800 -0.01103700 0.02946100
v 0.00439500 -0.02381800 0.02946100
v 0.00177000 -0.02512500 0.02946100
v -0.05991100 0.01519800 -0.01361700
v 0.02245900 0.02098600 0.03243400
v -0.02245900 0.02098600 -0.04596600
v 0.04599600 -0.00655800 0.00213500
v 0.00000000 0.00068000 0.03243400
v -0.02065600 -0.00655800 -0.04596600
v -0.04599600 -0.03460400 -0.04259800
v 0.03461400 0.02854400 -0.02547000
v 0.04599600 0.01458500 0.01509100
v 0.03928300 -0.02909500 0.03243400
v -0.03928200 -0.02909400 -0.04596600
v 0.04281700 -0.04254100 0.03238000
v 0.00897700 -0.04254100 -0.00224300
v -0.04599600 0.00068000 0.01400700
v 0.03010200 -0.04254100 -0.03776100
v 0.03575200 -0.04254100 -0.04223500
v -0.01316600 0.00068000 0.03243400
v -0.03575200 -0.04254100 0.02870400
v -0.03010100 -0.04254100 0.02422900
v 0.04599600 -0.03460400 -0.04259800
v -0.03184500 0.02753200 -0.04576400
v 0.04460900 0.02854400 0.02085500
v -0.04588200 -0.03833100 0.03243400
v -0.00339500 0.01641700 0.05965800
v -0.00393400 -0.01111000 0.02946100
v -0.01018800 -0.01740600 0.02946100
v -0.06017800 0.01533500 0.00042300
v -0.02147200 -0.04134900 0.01784200
v -0.02422700 -0.04134900 0.01541700
v 0.01316600 0.00068000 -0.04596600
v -0.00710900 -0.00655800 0.03243400
v -0.04599600 -0.00655800 0.00213500
v 0.00000000 -0.04254100 -0.00676600
v -0.04599600 0.01458500 0.01509100
v 0.03115900 0.01458400 0.03243400
v -0.02403200 -0.04254100 -0.03213900
v -0.01842000 -0.04254100 -0.00803600
v 0.02804900 -0.04254100 0.01560100
v 0.03162800 -0.03460400 0.03243400
v 0.01432600 0.02709000 -0.04595800
v 0.04377700 -0.04111400 0.03243400
v -0.02090200 -0.04134900 -0.03167800
v -0.02330600 -0.04134900 -0.03007200
v 0.02330600 -0.04134900 0.01654000
v 0.00221500 0.01596200 0.06053300
v 0.00159500 0.01223900 0.05809000
v 0.00942100 -0.01363800 0.02946100
v -0.00072700 -0.02276600 0.02946100
v 0.00995600 -0.01548900 0.02946100
v -0.06031200 0.01540300 -0.01433100
v 0.00613900 -0.04254100 0.00090200
v -0.03115900 0.01458400 -0.04596600
v 0.04585600 -0.03460400 0.03243400
v -0.00897700 -0.04254100 -0.01128800
v -0.04023200 -0.04254100 -0.04045400
v -0.04596700 -0.04254100 -0.04286100
v -0.04281700 -0.04254100 -0.04591200
v 0.02320500 0.02753200 -0.04579500
v -0.03760100 0.02847000 0.03184600
v 0.04478100 0.02854400 -0.02475700
v -0.04581500 -0.04118900 -0.04596600
v -0.02534000 -0.03947000 -0.02406700
v -0.02533300 -0.04134900 -0.02627900
v -0.01335600 -0.03947000 -0.01910300
v -0.01519400 -0.03947000 -0.01796100
v -0.01734500 -0.04134900 -0.01749700
v 0.01730100 -0.03947000 0.01857400
v 0.01119500 -0.03947000 0.00842800
v 0.01279700 -0.03947000 0.00603100
v 0.01073100 -0.04134900 0.01057900
v 0.01951300 -0.04134900 0.01856700
v -0.00173100 0.01728100 0.05994800
v 0.00737600 0.01429800 0.06225800
v 0.00585900 0.00869000 0.06081400
v 0.00000000 0.01695100 0.05924400
v 0.00846300 -0.01960600 0.02946100
v 0.00673200 -0.02220000 0.02946100
v 0.00819600 0.01285400 0.06289800
v 0.00000000 -0.00655800 -0.04596600
v -0.04599600 0.00781000 0.01446500
v 0.02116800 -0.04254100 -0.02289900
v -0.02103900 0.01458500 0.03243400
v 0.01621900 -0.04254100 -0.02756700
v -0.02025600 0.00068000 0.03243400
v -0.04560200 -0.04254100 0.03233800
v -0.03062300 -0.04254100 0.02941600
v -0.02403000 -0.04254100 0.01860700
v 0.02406000 0.02713300 0.03239000
v 0.04528200 0.02813200 0.02203300
v -0.04511400 0.02843300 -0.03525800
v -0.04377700 -0.04111300 0.03243400
v -0.04035400 -0.03833100 0.03243400
v -0.07073900 0.02071900 0.00033900
v -0.02148800 -0.03947000 0.01774100
v -0.02416600 -0.03947000 0.01536100
v -0.04591600 0.02713300 -0.03720100
v 0.04599600 0.02098600 -0.02933800
v -0.03211100 0.02098600 0.03243400
v 0.04590200 -0.03091500 -0.04596600
v 0.04009100 -0.03275900 -0.04596600
v -0.00749400 -0.04254100 -0.00066400
v 0.02103900 0.01458500 -0.04596600
v 0.04599600 0.00068000 -0.00676600
v 0.00673300 0.00068000 -0.04596600
v 0.04599600 -0.02727400 -0.04244000
v -0.02804800 -0.04254100 0.01560100
v 0.04459000 -0.04254100 -0.04070200
v 0.04596700 -0.04254100 -0.04286100
v 0.04023200 -0.04254100 -0.04045400
v -0.03465700 -0.04254100 0.02170700
v 0.03246600 0.02854400 0.02004700
v -0.02320500 0.02753200 -0.04579500
v -0.04478100 0.02854400 -0.02475700
v 0.04400200 0.02854400 0.03144500
v 0.04588200 -0.03833100 -0.04596600
v 0.04581500 -0.04118900 -0.04596600
v 0.02084900 -0.03947000 -0.03161400
v 0.01523300 -0.04134900 -0.03167800
v -0.00737600 0.01429800 0.06225800
v -0.00585900 0.00869000 0.06081400
v -0.00854000 0.01059500 0.06482000
v -0.00432700 -0.01946300 0.02946100
v -0.00716000 -0.02220000 0.02946100
v -0.01519400 -0.03947000 0.00442900
v -0.01734500 -0.04134900 0.00396500
v -0.01119500 -0.03947000 0.00842800
v -0.01073100 -0.04134900 0.01057900
v 0.03056200 0.00781000 -0.04596600
v -0.04592800 -0.02727400 0.03243400
v -0.03056200 0.00781000 0.03243400
v 0.02566100 -0.04254100 0.02543200
v 0.00775900 -0.04254100 0.00996900
v 0.03062300 -0.04254100 0.02941600
v 0.01689600 -0.04254100 0.01363500
v -0.04560200 -0.04254100 -0.04586900
v -0.04402200 -0.04254100 -0.04440600
v 0.04049800 -0.03646700 0.03243400
v 0.02406000 0.02713300 -0.04592200
v -0.04377700 -0.04111300 -0.04596600
v -0.04035400 -0.03833100 -0.04596600
v -0.04599600 -0.04118900 -0.04291800
v -0.02450700 -0.03947000 -0.02825400
v -0.02460700 -0.04134900 -0.02142900
v -0.01951300 -0.04134900 -0.01756800
v 0.02148800 -0.03947000 0.01774100
v 0.01187800 -0.03947000 0.00715000
v 0.01101300 -0.04134900 0.01344200
v 0.01523300 -0.04134900 0.01814600
v 0.00000000 0.01689500 0.06011400
v 0.00672800 0.01303300 0.06280100
v -0.00173100 0.01681600 0.05934900
v 0.00824200 -0.02094800 0.02946100
v -0.00718900 0.01533500 -0.06014800
v -0.04591600 0.02713300 0.02366900
v -0.03211100 0.02098600 -0.04596600
v -0.02103900 0.01458500 -0.04596600
v 0.04599600 -0.00655800 0.01373600
v 0.04599600 0.00068000 0.00271700
v 0.00000000 -0.00655800 0.03243400
v -0.02025600 0.00068000 -0.04596600
v 0.02103900 0.01458500 0.03243400
v 0.04599600 0.02098600 0.01580600
v 0.04599600 0.00781000 0.02910600
v 0.00673300 0.00068000 0.03243400
v -0.01600900 -0.04254100 -0.01616800
v -0.04599600 0.00781000 -0.02799700
v 0.00000000 0.00412900 0.06969700
v 0.00173100 0.00305800 0.07000500
v -0.04599600 -0.00655800 -0.01566700
v 0.03056200 0.00781000 0.03243400
v 0.04561700 0.02753200 -0.03618000
v -0.04460900 0.02854400 0.02085500
v 0.04588200 -0.03833100 0.03243400
v 0.04581500 -0.04118900 0.03243400
v -0.02084900 -0.03947000 -0.03161400
v 0.02324600 -0.03947000 0.01648100
v 0.00230100 0.01187000 0.05810100
v 0.00000000 0.01612800 0.06023300
v 0.00000000 0.01238400 0.05791500
v -0.00219800 -0.02512500 0.02946100
v 0.06017800 0.01533500 0.00056100
v -0.07073900 0.02071900 -0.01433100
v -0.02324700 -0.03947000 -0.03001200
v -0.02320500 0.02753200 0.03226400
v 0.04599600 0.02098600 0.02998500
v 0.00127000 -0.04254100 0.01165400
v -0.04599600 -0.03091500 -0.04248600
v 0.02042300 -0.04254100 0.02650400
v -0.03056200 0.00781000 -0.04596600
v -0.04590200 -0.03091500 -0.04596600
v 0.03767800 -0.04254100 -0.04593600
v 0.03118700 0.02847000 0.03193700
v 0.02403300 -0.04254100 -0.03213900
v -0.03504700 -0.04254100 0.03125500
v -0.03118700 0.02847000 -0.04546900
v -0.03913000 -0.04118900 0.03243400
v 0.03263700 -0.03833100 -0.04596600
v 0.03913000 -0.04118900 -0.04596600
v 0.02330600 -0.04134900 -0.03007200
v -0.00339500 0.01688200 0.06025800
v -0.01038300 -0.01548900 0.02946100
v -0.02330600 -0.04134900 0.01654000
v -0.01282900 -0.04134900 0.00606300
v 0.01295100 -0.04134900 -0.01949600
v -0.03280100 0.02713300 -0.04591300
v 0.00756300 -0.04254100 -0.01321500
v 0.01990400 0.00781000 -0.04596600
v 0.03376300 0.02854400 -0.03065000
v -0.01391400 -0.04254100 -0.01901800
v -0.03724100 -0.04254100 -0.02967900
v 0.03010100 -0.04254100 0.02422900
v -0.03010200 -0.04254100 -0.03776100
v 0.01264100 -0.04254100 0.00670600
v -0.04459000 -0.04254100 -0.04070200
v 0.01316600 0.00068000 0.03243400
v -0.03184500 0.02753200 0.03223200
v -0.04516000 0.02823500 0.02827800
v -0.04400200 0.02854400 0.03144500
v -0.04599600 -0.03833100 -0.04275000
v -0.01946300 -0.03947000 -0.01754000
v -0.02423900 -0.03947000 -0.02082000
v -0.02456900 -0.04134900 -0.02830900
v 0.01096100 -0.03947000 0.01331300
v 0.01190800 -0.04134900 0.00718600
v 0.01519400 -0.03947000 0.01808200
v 0.02154300 -0.04134900 0.01780300
v 0.00746900 0.01128200 0.06398600
v 0.00751900 0.00900800 0.06591900
v 0.00339500 0.01641700 0.05965800
v -0.00021400 -0.01548900 0.02946100
v 0.00854000 0.01059500 0.06482000
v 0.00173100 0.01728100 0.05994800
v -0.00710500 0.02071900 -0.07070900
v 0.00737600 0.01383400 0.06165900
v -0.04591300 0.02713300 0.02998600
v 0.04590200 -0.03091500 0.03243400
v -0.04599600 -0.00655800 -0.00676600
v 0.03253600 0.02854400 -0.03359200
v 0.02407300 -0.04254100 0.03004200
v -0.01316600 0.00068000 -0.04596600
v -0.00710900 -0.00655800 -0.04596600
v -0.04599600 0.01458500 -0.02862300
v -0.01221400 0.02854400 -0.01301000
v 0.04114100 0.00780900 -0.04596600
v 0.00672200 0.02854400 0.00563000
v -0.02282500 0.02854400 -0.02147900
v 0.00837900 0.03806800 -0.00028300
v -0.00168200 0.03171800 0.00133900
v -0.04599600 -0.03460400 0.01822400
v -0.00436900 0.04105400 -0.01703500
v -0.00712400 0.02854400 -0.00627500
v -0.01472200 -0.02066900 0.03243400
v -0.00782100 0.03171800 -0.00402700
v -0.03253600 0.02854400 -0.03359200
v -0.00708400 0.03489300 -0.01300400
v 0.02699400 -0.04254100 -0.04490400
v -0.03926100 0.02098600 0.03243400
v 0.04266300 -0.04254100 -0.02735000
v 0.03724100 -0.04254100 -0.02967900
v 0.00624800 0.04105400 0.00246900
v -0.00923500 0.04105400 -0.01301400
v 0.02407300 -0.04254100 -0.04357400
v -0.00424200 0.03489300 -0.01518700
v -0.04050000 -0.04254100 0.03111700
v 0.01026900 0.04105400 -0.00239700
v 0.00000000 0.02854400 0.00034700
v 0.03184500 0.02753200 0.03223200
v -0.00659900 -0.00847900 0.02946100
v -0.00397300 -0.00672200 0.02946100
v 0.04082800 -0.01275800 -0.01390200
v -0.04082800 -0.01275800 0.00037000
v -0.04591300 0.02713300 -0.04351800
v -0.04326500 0.02713300 -0.04589000
v -0.04529900 0.02809500 -0.04524600
v 0.03926100 0.02098600 -0.04596600
v -0.00687600 0.03171800 -0.01141800
v 0.00465200 0.03171800 0.00011000
v 0.00665200 0.03489300 -0.00011400
v 0.00842100 0.03489300 -0.00252400
v -0.00698800 0.03806800 -0.01470200
v -0.04064200 -0.03460400 -0.04596600
v -0.02263200 0.02847000 0.03201100
v -0.02807800 -0.04254100 -0.02913300
v -0.04592800 -0.02727400 -0.04596600
v 0.02403000 -0.04254100 0.01860700
v -0.01809400 -0.04254100 -0.00301100
v 0.04560200 -0.04254100 0.03233800
v 0.01489100 -0.04254100 0.02725600
v -0.02406000 0.02713300 0.03239000
v 0.02263200 0.02847000 -0.04554300
v -0.04528200 0.02813200 0.02203300
v 0.04511400 0.02843300 -0.03525800
v -0.02212700 -0.03947000 -0.03093100
v 0.02416500 -0.03947000 0.01536100
v 0.01391600 -0.03947000 0.00511200
v -0.00159400 0.01223900 0.05809000
v 0.00424100 0.01093400 0.05903800
v -0.00221500 0.01596200 0.06053300
v -0.00021400 -0.02531400 0.02946100
v 0.00343500 -0.01978500 0.02946100
v 0.00942100 -0.01734100 0.02946100
v -0.07073900 0.02071900 -0.01361700
v -0.07025700 0.02047400 -0.01433100
v 0.04591600 0.02713300 -0.03720100
v -0.04599600 0.02098600 -0.02933800
v -0.04599600 0.00068000 -0.00676600
v -0.01390200 -0.00655800 -0.04596600
v 0.01738100 -0.04254100 0.03096700
v 0.04599600 0.00781000 0.01446500
v -0.00613900 -0.04254100 -0.01443400
v -0.00673300 0.00068000 -0.04596600
v -0.04599600 -0.02727400 -0.04244000
v 0.03190700 -0.03091500 0.03243400
v 0.01390200 -0.00655800 0.03243400
v 0.03504700 -0.04254100 -0.04478700
v 0.04599600 -0.00655800 -0.01566700
v -0.04281700 -0.04254100 0.03238000
v 0.02320500 0.02753200 0.03226400
v -0.03760100 0.02847000 -0.04537700
v -0.04561700 0.02753200 -0.03618000
v -0.04460900 0.02854400 -0.03438700
v -0.04581500 -0.04118900 0.03243400
v 0.03157200 -0.04036200 -0.04596600
v 0.02324700 -0.03947000 -0.03001200
v 0.01341900 -0.03947000 -0.01905200
v -0.00883500 -0.01103700 0.02946100
v -0.00760800 -0.01473500 0.02946100
v -0.01018800 -0.01357300 0.02946100
v 0.06017800 0.01533500 -0.01395500
v -0.07025700 0.02047400 0.00059300
v -0.02324700 -0.03947000 0.01648100
v -0.01279700 -0.03947000 0.00603100
v -0.04599600 0.02098600 0.02998500
v 0.04592800 -0.02727400 -0.04596600
v 0.04585600 -0.03460400 -0.04596600
v 0.04599600 -0.03091500 -0.04248600
v 0.01857100 -0.04254100 0.02087800
v 0.02699400 -0.04254100 0.03137200
v -0.03468700 -0.04254100 -0.03524000
v -0.04050000 -0.04254100 -0.04465000
v -0.00987600 -0.04254100 -0.00625600
v -0.03118700 0.02847000 0.03193700
v 0.03118700 0.02847000 -0.04546900
v -0.04524100 0.02854400 0.03139600
v 0.04538700 0.02813200 -0.02589800
v 0.03210500 -0.03934700 0.03243400
v 0.03913000 -0.04118900 0.03243400
v -0.04588200 -0.03833100 -0.04596600
v -0.01730100 -0.03947000 -0.01746900
v -0.02526900 -0.03947000 -0.02622900
v -0.02540400 -0.04134900 -0.02411100
v -0.01523300 -0.04134900 -0.01798900
v -0.01339000 -0.04134900 -0.01913400
v 0.01122300 -0.04134900 0.00846700
v 0.01946300 -0.03947000 0.01850300
v 0.01070300 -0.03947000 0.01053500
v 0.01282900 -0.04134900 0.00606300
v 0.01734500 -0.04134900 0.01863900
v 0.00339500 0.01688200 0.06025800
v 0.00759200 0.01078500 0.06454200
v 0.00870100 0.01130500 0.06361700
v 0.00600100 0.01494800 0.06134600
v 0.00173100 0.01681600 0.05934900
v 0.00618500 -0.01492500 0.02946100
v 0.00870100 0.00880100 0.06603600
v -0.00735900 0.02047400 -0.07022700
v -0.03280100 0.02713300 0.03238100
v 0.04592800 -0.02727400 0.03243400
v 0.01990400 0.00781000 0.03243400
v 0.04599600 0.01458500 0.02968000
v -0.03913000 -0.04118900 -0.04596600
v -0.01706900 -0.04254100 -0.01402800
v -0.04599600 0.00068000 -0.01624900
v 0.03767800 -0.04254100 0.03240400
v 0.04590700 0.02703700 -0.02705100
v -0.01026900 0.04105400 -0.00239700
v -0.00665200 0.03489300 -0.00011400
v -0.03872800 0.00780900 -0.04596600
v 0.00708400 0.03489300 -0.01300400
v -0.00883900 0.04105400 0.00007300
v -0.00436900 0.04105400 0.00350300
v 0.02035700 -0.04201500 0.03243400
v 0.00220600 0.03171800 -0.01471800
v 0.00383400 0.04251700 -0.00452300
v 0.00698800 0.03806800 -0.01470200
v 0.00875500 0.03806800 -0.01268900
v 0.00687600 0.03171800 -0.01141800
v 0.00712400 0.02854400 -0.00627500
v 0.04599600 -0.03460400 0.01822400
v 0.00810500 0.03171800 -0.00844800
v 0.00000000 0.02854400 -0.01387900
v 0.04529900 0.02809500 -0.04524600
v 0.00673200 -0.00877900 0.02946100
v 0.04083400 -0.01276800 0.00047800
v -0.04077500 -0.01266000 -0.01361700
v 0.04591300 0.02713300 -0.04351800
v 0.04356100 0.02098600 0.03243400
v -0.00672200 0.02854400 0.00563000
v 0.00465200 0.03171800 -0.01364200
v 0.03872800 0.00780900 0.03243400
v 0.02047900 0.02854400 -0.03685900
v -0.00220200 0.04251700 -0.01054600
v 0.04050000 -0.04254100 0.03111700
v -0.00624800 0.04105400 0.00246900
v -0.02407300 -0.04254100 -0.04357400
v -0.02065600 -0.00655800 0.03243400
v 0.00710900 -0.00655800 -0.04596600
v 0.04599600 0.01458500 -0.02862300
v 0.03093500 -0.04254100 -0.02397800
v 0.04599600 -0.00655800 -0.00676600
v 0.04281700 -0.04254100 -0.04591200
v -0.02407300 -0.04254100 0.03004200
v -0.00550800 -0.04254100 0.01081600
v 0.04516000 0.02823500 0.02827800
v 0.04599600 -0.03833100 -0.04275000
v 0.02534000 -0.03947000 -0.02406700
v 0.02450700 -0.03947000 -0.02132100
v 0.01951300 -0.04134900 -0.03209900
v 0.01730100 -0.03947000 -0.03210600
v 0.02218300 -0.04134900 -0.03099300
v 0.02533300 -0.04134900 -0.02627900
v 0.02456900 -0.04134900 -0.02830900
v -0.00746900 0.01128200 0.06398600
v -0.00751900 0.00900800 0.06591900
v -0.00475200 0.01536500 0.06094400
v -0.00737600 0.01383400 0.06165900
v -0.00819600 0.01285400 0.06289800
v -0.00397300 -0.02425700 0.02946100
v -0.00889000 -0.01960600 0.02946100
v 0.00720800 0.02071900 -0.07070900
v -0.01395200 -0.04134900 0.00514200
v -0.01190800 -0.04134900 0.00718600
v -0.01946300 -0.03947000 0.00400800
v -0.01098500 -0.03947000 0.01339000
v 0.04591300 0.02713300 0.02998600
v -0.02245900 0.02098600 0.03243400
v 0.02245900 0.02098600 -0.04596600
v -0.01038500 -0.04254100 0.00858400
v 0.00000000 0.00068000 -0.04596600
v 0.00538500 0.00585000 0.06819400
v -0.00173100 0.00305800 0.07000500
v 0.00419400 0.00439300 0.06946500
v -0.00588500 0.03171800 -0.00088100
v 0.01032000 0.03806800 -0.00462500
v 0.00536200 0.03806800 -0.01589600
v 0.02131900 0.02854400 -0.02376100
v -0.00214100 0.03806800 -0.01708600
v -0.02466400 0.02854400 0.02248800
v 0.00629800 0.04228600 -0.00409400
v -0.00225800 0.04228600 -0.01323500
v 0.00225900 0.04105400 -0.01765200
v 0.04599600 -0.03460400 0.02906600
v 0.00191200 0.03489300 -0.01597900
v 0.01088600 0.04105400 -0.00902500
v 0.04533600 -0.04254100 0.01947800
v 0.00973500 0.03806800 -0.01090800
v 0.01516000 0.02854400 -0.02698800
v 0.03465800 -0.04254100 0.02170700
v -0.03767800 -0.04254100 -0.04593600
v 0.00923300 0.04197400 -0.00612900
v 0.00921300 0.03489300 -0.00867800
v -0.04377300 0.02813200 0.03184900
v -0.04599600 -0.03833100 -0.03251300
v -0.03210500 -0.03934600 -0.04596600
v 0.00380100 -0.00918500 0.02946100
v 0.00170300 -0.00618200 0.02946100
v -0.04116600 -0.02660700 -0.01433100
v -0.04561100 0.02713300 0.03233700
v 0.03280100 0.02713300 -0.04591300
v 0.00588500 0.03171800 -0.01265100
v -0.04599600 -0.01374600 -0.00676600
v -0.02239800 -0.02727400 -0.04596600
v 0.00000400 0.04197400 -0.01603600
v -0.01516000 0.02854400 0.01345600
v -0.00736200 -0.01374600 -0.04596600
v 0.02239800 -0.02727400 0.03243400
v -0.00465200 0.03171800 0.00011000
v 0.00436900 0.04105400 -0.01703500
v -0.00187700 0.04197400 -0.01583100
v -0.00687600 0.03171800 -0.00211400
v 0.02282500 0.02854400 -0.02147900
v 0.00683300 0.04228600 -0.00629500
v 0.01026900 0.04105400 -0.01113500
v 0.00894800 0.04197400 -0.00427700
v 0.00424200 0.03489300 -0.01518700
v 0.01055300 0.03806800 -0.00676600
v 0.04021800 -0.04254100 0.02692100
v 0.01097400 0.02854400 -0.01535500
v 0.00842100 0.03489300 -0.01100800
v 0.00672200 0.02854400 -0.01916200
v -0.04599600 -0.02066900 -0.01524500
v 0.03184500 0.02753200 -0.04576400
v -0.04533700 0.02779500 0.03192600
v 0.04599600 -0.04118900 0.01977300
v 0.00417600 -0.00692100 0.02946100
v 0.04111300 -0.02667300 0.00051300
v -0.04103300 -0.02677100 -0.01361700
v -0.04326500 0.02713300 0.03235800
v -0.03926100 0.02098600 -0.04596600
v 0.00000000 0.03806800 -0.01731900
v 0.01738600 0.02854400 -0.02596100
v 0.00875900 0.02854400 -0.01773800
v 0.01945300 0.02854400 -0.02500800
v -0.01472200 -0.02066900 -0.04596600
v 0.03926100 0.02098600 0.03243400
v 0.00000800 0.04228600 -0.01358000
v 0.04578800 0.00780900 0.03243400
v 0.02466400 0.02854400 -0.03601900
v 0.02270600 -0.03091500 0.03243400
v -0.03504700 -0.04254100 -0.04478700
v -0.02248100 -0.03275900 -0.04596600
v 0.03176700 -0.03275900 -0.04596600
v 0.03355600 0.02854400 0.01703600
v 0.04050000 -0.04254100 -0.04465000
v 0.01857100 -0.04254100 -0.03440900
v 0.04402200 -0.04254100 -0.04440600
v 0.00987600 -0.04254100 -0.00727500
v -0.04585600 -0.03460400 0.03243400
v -0.03710300 -0.04254100 0.01614200
v -0.01601500 -0.04254100 0.00227900
v -0.02566100 -0.04254100 0.02543200
v 0.01432600 0.02709000 0.03242700
v 0.04524100 0.02854400 0.03139600
v 0.04377700 -0.04111400 -0.04596600
v 0.02090200 -0.04134900 -0.03167800
v 0.01519400 -0.03947000 -0.03161400
v -0.00759200 0.01078500 0.06454200
v -0.00600100 0.01494800 0.06134600
v -0.00567100 -0.02338000 0.02946100
v -0.00867000 -0.02094800 0.02946100
v 0.00756500 0.02047400 -0.07022700
v -0.01523300 -0.04134900 0.00445700
v -0.01122300 -0.04134900 0.00846700
v -0.01730100 -0.03947000 0.00393700
v -0.01070300 -0.03947000 0.01053500
v -0.04538700 0.02813200 -0.02589800
v 0.04599600 0.00068000 -0.01624900
v 0.03902700 -0.02727400 -0.04596600
v -0.03115900 0.01458400 0.03243400
v -0.03902600 -0.02727400 0.03243400
v 0.03115900 0.01458400 -0.04596600
v -0.04590600 0.02703700 -0.02705100
v -0.04599600 0.01458500 0.02968000
v 0.00277100 -0.04254100 -0.01622000
v 0.00659200 0.00643000 0.06793200
v 0.00627300 0.00544200 0.06911800
v 0.00908900 0.03489300 -0.00423600
v -0.00508100 0.02854400 -0.00168500
v -0.02794000 0.02854400 0.02174100
v 0.00658600 0.04228600 -0.00859000
v 0.02794200 0.02854400 -0.03527300
v 0.00417900 0.04197400 -0.01505200
v 0.00829000 0.04197400 -0.01094100
v -0.04533600 -0.04254100 -0.03301000
v 0.01032000 0.03806800 -0.00890700
v 0.03504700 -0.04254100 0.03125500
v 0.00227400 0.04228600 -0.01323500
v -0.00191200 0.03489300 -0.01597900
v 0.00214100 0.03806800 -0.01708600
v 0.01088600 0.04105400 -0.00450700
v -0.03836600 0.02753200 0.03219300
v 0.03836600 0.02753200 -0.04572500
v 0.04599600 -0.03833100 0.01898100
v -0.00077800 -0.00995900 0.02946100
v -0.00213000 -0.00618200 0.02946100
v -0.00713600 -0.01275800 -0.04079800
v 0.03211100 0.02098600 0.03243400
v -0.04576100 0.02098600 -0.04596600
v -0.00225900 0.04105400 -0.01765200
v 0.00508100 0.02854400 -0.01184700
v 0.04576600 0.01458400 0.03243400
v -0.03063000 -0.04201500 -0.04596600
v -0.03062300 -0.04254100 -0.04294800
v 0.04599600 -0.03091500 0.02895500
v 0.03063000 -0.04201500 0.03243400
v 0.00325300 0.03171800 0.00088000
v 0.00000000 0.03171800 0.00152200
v -0.04599600 -0.02066900 0.01351700
v -0.00578800 0.03489300 -0.01424600
v -0.00565700 0.04105400 -0.01639700
v -0.00236500 0.02854400 -0.00001300
v -0.00825100 0.03171800 -0.00619700
v -0.04599600 -0.01374600 0.00185100
v -0.00675300 0.02854400 -0.00440100
v -0.02255200 -0.02909500 0.03243400
v -0.00790400 0.04105400 -0.01467000
v 0.03468700 -0.04254100 -0.03524000
v 0.00943300 0.03806800 -0.00201400
v -0.04383000 0.02823500 -0.04528000
v -0.04562800 0.02753200 -0.04259900
v -0.03263700 -0.03833100 0.03243400
v -0.04599600 -0.03833100 0.02921800
v -0.00586400 -0.00732000 0.02946100
v 0.03280100 0.02713300 0.03238100
v -0.04561100 0.02713300 -0.04586900
v 0.00749300 0.03806800 0.00072700
v 0.00790400 0.04105400 0.00113800
v -0.00736200 -0.01374600 0.03243400
v 0.04599600 0.01458500 -0.04321200
v -0.04459000 -0.04254100 0.02717000
v -0.03767800 -0.04254100 0.03240400
v 0.04599600 -0.03460400 -0.03175600
v 0.02255200 -0.02909500 -0.04596600
v -0.02131900 0.02854400 -0.02376100
v -0.00536200 0.03806800 -0.01589600
v 0.00819600 0.00725300 0.06675500
v 0.00627300 0.00497800 0.06851800
v 0.00211800 0.00423900 0.06970000
v 0.00000000 0.00292300 0.07010900
v 0.00000000 0.00338800 0.07070900
v -0.00819600 0.00771800 0.06735500
v -0.04589800 -0.01374600 -0.04596600
v -0.00413400 -0.04254100 -0.03703900
v 0.01296600 -0.04254100 0.01617500
v 0.02392400 -0.04254100 0.00480100
v -0.03396300 -0.04254100 -0.00678600
v 0.00513500 0.02713300 -0.04593200
v -0.00513500 0.02713300 0.03240000
v -0.02090200 -0.04134900 -0.01798900
v -0.02330600 -0.04134900 -0.01959500
v 0.01190800 -0.04134900 0.01541700
v 0.01295100 -0.04134900 0.01663900
v 0.04086600 0.02579600 -0.01390200
v -0.04086600 0.02579600 0.00037000
v -0.04599600 0.02098700 -0.00961800
v 0.00000000 0.02098700 0.03243400
v 0.00000000 0.02854400 -0.03824800
v -0.04599600 -0.01374600 -0.04263700
v 0.00568700 0.01458500 0.03243400
v 0.01219300 0.00781000 0.03243400
v -0.01219300 0.00781000 -0.04596600
v -0.02401800 -0.04254100 -0.01833200
v -0.02560500 -0.04254100 -0.01428300
v -0.04599600 0.01458500 -0.01874800
v 0.00206700 -0.04254100 0.02454400
v 0.07073900 0.02071900 0.00044200
v 0.07073900 0.02071900 -0.01387100
v -0.00568700 0.01458500 0.03243400
v 0.04599600 -0.01374600 -0.04263700
v 0.04599600 0.01458500 -0.01874800
v 0.02401800 -0.04254100 -0.01833200
v 0.01001500 -0.04254100 -0.03099400
v 0.00757400 -0.04254100 -0.04010800
v -0.03080100 -0.04254100 0.01044400
v -0.02392400 -0.04254100 0.00480100
v -0.02042300 -0.04254100 0.02650400
v -0.01190800 -0.04134900 0.01541700
v 0.01339000 -0.04134900 -0.03053200
v 0.04087200 0.02579100 0.00047800
v -0.04080800 0.02585100 -0.01361700
v -0.02154300 -0.04134900 0.00480000
v 0.02330600 -0.04134900 -0.01959500
v 0.04599600 0.02098700 -0.00961800
v -0.01226800 0.02098600 0.03243400
v 0.01226800 0.02098600 -0.04596600
v -0.03803400 -0.04254100 0.00949100
v 0.00000000 0.00781000 -0.04596600
v 0.00550800 -0.04254100 -0.02434800
v 0.07025700 0.02047400 -0.01412500
v -0.04599600 -0.00655800 0.02910600
v -0.03334600 -0.04254100 -0.00082900
v -0.01219300 0.00781000 0.03243400
v 0.03477900 0.02854400 0.00331000
v -0.01149000 -0.04254100 0.01681800
v -0.01170800 -0.04254100 0.03245200
v 0.01156600 -0.04134900 -0.02830900
v 0.01519400 -0.03947000 -0.01796100
v 0.01180400 -0.03947000 -0.02082000
v 0.02090200 -0.04134900 -0.01798900
v 0.04078500 0.01677600 -0.01389600
v 0.00756500 -0.00725300 -0.05783200
v -0.04078500 0.01677600 0.00036400
v -0.01951300 -0.04134900 0.01856700
v -0.01339100 -0.04134900 0.01700100
v -0.02376600 -0.04134900 0.00662400
v -0.02533300 -0.04134900 0.01274700
v -0.02484800 -0.03947000 0.01408300
v 0.00513500 0.02713300 0.03240000
v -0.00513500 0.02713300 -0.04593200
v 0.00000000 0.02098700 -0.04596600
v 0.04599600 -0.00655800 -0.02726800
v 0.00568700 0.01458500 -0.04596600
v 0.01219300 0.00781000 -0.04596600
v -0.00568700 0.01458500 -0.04596600
v 0.00175200 -0.04254100 0.01910200
v 0.01785200 -0.04254100 -0.00179800
v -0.03350900 -0.04254100 -0.01272900
v 0.02376600 -0.04134900 0.00662400
v 0.00825300 -0.04254100 0.02324200
v -0.01153600 -0.03947000 -0.02132100
v -0.01730100 -0.03947000 -0.03210600
v -0.01156600 -0.04134900 -0.02830900
v -0.01339000 -0.04134900 -0.03053200
v -0.01523300 -0.04134900 -0.03167800
v 0.02484800 -0.03947000 0.01408300
v 0.02534000 -0.03947000 0.01053500
v 0.01519400 -0.03947000 0.00442900
v 0.02154300 -0.04134900 0.00480000
v 0.04078100 0.01676900 0.00048600
v -0.00735900 -0.00725300 -0.05783200
v -0.04074000 0.01669700 -0.01361700
v 0.01226800 0.02098600 0.03243400
v -0.01226800 0.02098600 -0.04596600
v 0.00000000 0.00781000 0.03243400
v 0.03511100 0.02854400 -0.01818200
v 0.04599600 -0.00655800 0.02910600
v 0.03080100 -0.04254100 0.01044400
v -0.04599600 -0.00655800 -0.02726800
v 0.06934400 -0.01547200 0.00056100
v 0.06934400 -0.01547200 -0.01395500
v -0.01026900 0.04105400 -0.01113500
v -0.00906200 0.04197400 -0.00864700
v -0.01395900 0.02854400 -0.00625100
v -0.00937800 0.03489300 -0.00611900
v -0.00681700 0.04228600 -0.00629500
v -0.01055300 0.03806800 -0.00676600
v 0.00000000 0.03489300 0.00265500
v 0.00000000 0.03806800 0.00378700
v 0.00875900 0.02854400 0.00420700
v 0.02047900 0.02854400 0.02332700
v 0.00436900 0.04105400 0.00350300
v 0.00000800 0.04228600 0.00004900
v -0.00380900 0.04251700 -0.00452300
v 0.00188500 0.04197400 0.00230000
v -0.04599600 -0.04118900 0.01977300
v -0.04111300 -0.02667300 0.00039000
v 0.04533700 0.02779500 0.03192600
v 0.04356000 0.02098600 -0.04596600
v -0.01097400 0.02854400 -0.01535500
v -0.02466400 0.02854400 -0.03601900
v 0.04599600 -0.02066900 -0.01524500
v -0.00672200 0.02854400 -0.01916200
v 0.02035700 -0.04201500 -0.04596600
v -0.03872800 0.00780900 0.03243400
v -0.04576600 0.01458400 0.03243400
v 0.00687600 0.03171800 -0.00211400
v -0.00465200 0.03171800 -0.01364200
v -0.00196800 0.04251700 -0.00282800
v 0.01248300 0.02854400 -0.00151100
v 0.00181600 0.02854400 0.00723200
v 0.04147000 -0.00655800 -0.04596600
v -0.00957400 0.02854400 -0.02889200
v 0.03235100 -0.04254100 -0.01868600
v -0.04062000 -0.02726900 0.00028800
v -0.01948800 -0.04254100 0.03244000
v 0.04599600 -0.03460400 -0.01576200
v 0.04111300 -0.02667300 -0.01392100
v 0.00732700 -0.01547200 -0.06931400
v 0.00949800 0.02854400 0.02443700
v 0.04599600 -0.02066900 -0.02704900
v -0.03007400 -0.02066900 0.03243400
v -0.04582500 0.00068000 0.03243400
v 0.03007400 -0.02066900 -0.04596600
v -0.00747800 -0.02909500 0.03243400
v -0.00149000 0.02854400 0.01626200
v 0.04536300 -0.04254100 -0.00707500
v -0.01261000 0.02854400 0.01451000
v -0.03901200 -0.00655800 -0.04596600
v -0.00579400 -0.04254100 -0.04555100
v -0.04062000 -0.02726900 -0.01361700
v 0.04062000 -0.02726900 0.00041000
v -0.00718900 -0.01547200 -0.06931400
v -0.00297900 0.02854400 -0.02974600
v 0.04599600 -0.03091500 0.00182400
v -0.00422000 0.02854400 0.02465100
v 0.01261000 0.02854400 -0.02804100
v 0.03901200 -0.00655800 0.03243400
v -0.04599600 -0.03460400 -0.01576200
v -0.04599600 -0.02066900 -0.02704900
v -0.04536300 -0.04254100 -0.00707500
v 0.04252000 -0.04254100 0.01378900
v 0.04495600 0.02854400 0.01153600
v 0.04592200 -0.02066900 -0.04596600
v 0.01347200 -0.04254100 -0.01940700
v -0.00757400 -0.04254100 0.02657600
v 0.01946300 -0.03947000 -0.01754000
v 0.02212700 -0.03947000 -0.01864400
v 0.01077400 -0.03947000 -0.02622900
v 0.01073100 -0.04134900 -0.02411100
v 0.05692700 -0.00658400 -0.01387100
v -0.01730100 -0.03947000 0.01857400
v -0.01519400 -0.03947000 0.01808200
v -0.02534000 -0.03947000 0.01053500
v 0.01734500 -0.04134900 -0.01749700
v 0.00000000 0.02713300 0.03240100
v 0.04593200 0.02713300 0.01364900
v 0.00515100 0.02098700 -0.04596600
v -0.00515100 0.02098700 0.03243400
v -0.00422000 0.02854400 -0.03818300
v 0.01146400 0.01458500 -0.04596600
v -0.03922400 -0.01374600 0.03243400
v -0.02484800 -0.03947000 0.00842800
v -0.03216300 -0.04254100 0.00514400
v 0.04520600 0.02854400 -0.01375900
v -0.01689600 -0.04254100 -0.02716700
v 0.01242000 -0.04254100 0.02260200
v 0.02560500 -0.04254100 0.00075100
v -0.00843300 -0.04254100 -0.03146900
v -0.02084900 -0.03947000 -0.01796100
v -0.02324700 -0.03947000 -0.01956200
v 0.01187800 -0.03947000 0.01536100
v 0.01341900 -0.03947000 0.01699100
v 0.05786200 -0.00725300 0.00079900
v -0.00713000 0.01677600 -0.04075400
v -0.05692700 -0.00658400 -0.01433100
v 0.04593600 0.02713300 -0.01489400
v 0.00000000 0.02823500 -0.04569200
v 0.04599600 0.02098700 0.00690900
v 0.04599600 0.00068000 0.02910600
v 0.00623500 0.00781000 0.03243400
v -0.04599600 0.00068000 -0.02753900
v -0.01990400 0.00781000 -0.04596600
v 0.02116800 -0.04254100 0.00936700
v 0.04599600 -0.02066900 -0.04263700
v -0.01990400 0.00781000 0.03243400
v -0.01242000 -0.04254100 0.02260200
v 0.02084900 -0.03947000 -0.01796100
v 0.01153600 -0.03947000 -0.02825400
v 0.01523300 -0.04134900 -0.01798900
v 0.01152800 -0.04134900 -0.02142900
v -0.00713600 0.02579600 -0.04083600
v -0.02370600 -0.03947000 0.00659000
v -0.01335600 -0.03947000 0.01694000
v -0.01946300 -0.03947000 0.01850300
v -0.02526900 -0.03947000 0.01269700
v -0.02491200 -0.04134900 0.01413700
v 0.00000000 0.02823500 0.03216000
v 0.04551400 0.02792700 0.01262500
v 0.04599600 0.02098700 -0.02044100
v 0.00623500 0.00781000 -0.04596600
v 0.04599600 0.01458500 -0.00774100
v 0.04599600 0.00781000 -0.00681500
v -0.00579400 -0.04254100 0.03201800
v -0.00417100 0.04197400 -0.01505200
v 0.04576600 0.01458400 -0.04596600
v 0.04578800 0.00780900 -0.04596600
v -0.00325300 0.03171800 0.00088000
v 0.00655000 0.04197400 -0.00022000
v 0.00508100 0.02854400 -0.00168500
v -0.00654200 0.04197400 -0.01331200
v 0.03062300 -0.04254100 -0.04294800
v 0.02566100 -0.04254100 -0.03896400
v -0.04596700 -0.04254100 0.02933000
v -0.04402200 -0.04254100 0.03087400
v -0.00686600 0.02854400 -0.00867000
v -0.00764600 0.03171800 -0.01001900
v 0.00873700 0.04166700 -0.00209700
v -0.04599600 -0.04201500 0.02944200
v -0.03836600 0.02753200 -0.04572500
v 0.03836600 0.02753200 0.03219300
v -0.04576100 0.02098600 0.03243400
v 0.03211100 0.02098600 -0.04596600
v 0.04599600 -0.01374600 -0.01538300
v 0.03063000 -0.04201500 -0.04596600
v -0.00508100 0.02854400 -0.01184700
v 0.00236500 0.02854400 -0.00001300
v -0.03063000 -0.04201500 0.03243400
v -0.00314100 0.04251700 -0.00361300
v 0.00236500 0.02854400 -0.01351900
v -0.03888500 0.01458400 -0.04596600
v -0.00790400 0.04105400 0.00113800
v -0.00943300 0.03806800 -0.00201400
v 0.00655000 0.04197400 -0.01331200
v 0.00487600 0.04228600 -0.01163300
v 0.00000000 0.03171800 -0.01505400
v 0.04459000 -0.04254100 0.02717000
v 0.04596700 -0.04254100 0.02933000
v -0.04599600 -0.01374600 -0.01538300
v 0.00790400 0.04105400 -0.01467000
v 0.00686600 0.02854400 -0.00867000
v 0.00825100 0.03171800 -0.00619700
v 0.04383000 0.02823500 -0.04528000
v -0.00715500 -0.02667300 -0.04108200
v 0.04576100 0.02098600 0.03243400
v -0.01439700 -0.01374600 -0.04596600
v -0.03107300 -0.02727400 -0.04596600
v 0.03888500 0.01458400 0.03243400
v 0.03107400 -0.02727400 0.03243400
v -0.00654200 0.04197400 -0.00022000
v -0.00483300 0.04228600 -0.00192500
v -0.03190600 -0.03091500 -0.04596600
v -0.00475200 0.03806800 0.00266700
v 0.04599600 -0.04201500 0.02944200
v 0.01304400 0.02854400 -0.01121200
v -0.03880500 0.00068000 -0.04596600
v 0.00152700 0.04254100 -0.00809600
v -0.00132500 0.04254100 -0.00524200
v -0.02042300 -0.04254100 -0.04003600
v 0.00001600 0.04254100 -0.00867600
v -0.04599600 -0.03833100 -0.01646600
v -0.00705400 -0.02726900 -0.04058900
v -0.06953100 -0.01560600 -0.01361700
v -0.02424900 0.02854400 -0.00109900
v -0.01524400 0.02854400 0.02401200
v -0.00623400 0.02854400 0.01591400
v 0.03880500 0.00068000 0.03243400
v -0.04599600 -0.01374600 -0.02712500
v 0.03803400 -0.04254100 0.00949100
v 0.01943000 0.02854400 0.01147600
v -0.04586500 -0.00655800 0.03243400
v 0.00000000 -0.04254100 -0.04555900
v 0.02424900 0.02854400 -0.00109900
v 0.04582500 0.00068000 -0.04596600
v -0.01479300 -0.02727500 0.03243400
v 0.04599600 -0.03833100 -0.01646600
v 0.00727900 -0.02667300 -0.04108200
v -0.06934400 -0.01547200 0.00042300
v 0.00623400 0.02854400 0.01591400
v -0.01738600 0.02854400 -0.02596100
v 0.04599600 -0.01374600 -0.02712500
v -0.03881700 -0.04254100 0.00139000
v 0.03062100 -0.01374600 -0.04596600
v -0.03062100 -0.01374600 0.03243400
v -0.03519000 0.02854400 -0.00897200
v 0.00940200 -0.04254100 -0.02277400
v 0.02646200 -0.04254100 -0.01227600
v -0.04589800 -0.01374600 0.03243400
v -0.01689600 -0.04254100 0.01363500
v -0.01857100 -0.04254100 0.02087800
v 0.01080200 -0.04134900 -0.02627900
v 0.01730100 -0.03947000 -0.01746900
v 0.00720800 -0.00658400 -0.05689600
v -0.01523300 -0.04134900 0.01814600
v -0.01734500 -0.04134900 0.01863900
v -0.02491200 -0.04134900 0.00846700
v -0.02540400 -0.04134900 0.01057900
v 0.01951300 -0.04134900 -0.01756800
v 0.02218300 -0.04134900 -0.01867400
v 0.00483400 0.02823500 0.03215000
v -0.00483400 0.02823500 -0.04568200
v 0.03045400 -0.00655800 -0.04596600
v 0.01653900 -0.04254100 -0.01509800
v 0.02025600 0.00068000 -0.04596600
v -0.03045400 -0.00655800 0.03243400
v -0.02116800 -0.04254100 0.00936700
v 0.01070300 -0.03947000 -0.02406700
v 0.02794000 0.02854400 0.02174100
v -0.01439700 -0.01374600 0.03243400
v -0.00973500 0.03806800 -0.01090800
v 0.00191200 0.03489300 0.00244700
v -0.00656900 0.04228600 -0.00859000
v 0.00214100 0.03806800 0.00355400
v -0.01032000 0.03806800 -0.00890700
v -0.00225900 0.04105400 0.00412000
v 0.00454800 0.04228600 -0.00161000
v 0.04533600 -0.04254100 -0.03301000
v 0.00475200 0.03806800 0.00266700
v 0.00227400 0.04228600 -0.00029600
v -0.03888500 0.01458400 0.03243400
v 0.01738100 -0.04254100 -0.04449900
v -0.00514700 0.04228600 -0.01130500
v -0.00921300 0.03489300 -0.00867800
v 0.00000400 0.04197400 0.00250500
v 0.04377300 0.02813200 0.03184900
v -0.04599600 -0.03833100 0.01898100
v 0.00724400 -0.01276800 -0.04080300
v 0.04576100 0.02098600 -0.04596600
v -0.02794200 0.02854400 -0.03527300
v -0.03107300 -0.02727400 0.03243400
v -0.04578800 0.00780900 0.03243400
v -0.01088600 0.04105400 -0.00450700
v -0.00922500 0.04197400 -0.00612900
v 0.03888500 0.01458400 -0.04596600
v 0.03107300 -0.02727400 -0.04596600
v -0.04599600 -0.03091500 0.02895500
v -0.00090800 0.02854400 0.00729100
v -0.04599600 0.01458500 0.00521600
v 0.03939600 -0.02066900 -0.04596600
v 0.01811500 -0.04254100 -0.00956800
v -0.01489100 -0.04254100 0.02725600
v -0.04092500 0.02574100 -0.01433100
v -0.00601200 0.00747800 0.06150200
v -0.03939600 -0.02066900 0.03243400
v -0.02560500 -0.04254100 0.00075100
v -0.00127000 -0.04254100 -0.02518600
v 0.00001600 0.04254100 -0.00485500
v -0.04599600 -0.03275900 -0.00676600
v 0.00623400 0.02854400 -0.02944600
v 0.04460100 -0.04254100 0.00376000
v -0.00684000 -0.03646700 -0.04596600
v -0.00187800 0.04254100 -0.00651300
v -0.01225100 -0.04118900 -0.04596600
v 0.04599600 -0.03833100 0.00293400
v 0.01225100 -0.04118900 0.03243400
v -0.06925100 -0.01540500 -0.01433100
v -0.00045400 0.02854400 -0.02079300
v -0.03423200 0.02854400 0.01156700
v 0.04599600 -0.01374600 0.02910600
v 0.01170800 -0.04254100 0.03245200
v 0.00000000 -0.02727500 0.03243400
v 0.01439700 -0.01374600 0.03243400
v 0.00675300 0.02854400 -0.00440100
v -0.03162700 -0.03460400 -0.04596600
v 0.00316500 0.04251700 -0.00361300
v -0.04599600 -0.03460400 -0.03175600
v 0.00565700 0.04105400 -0.01639700
v -0.04576600 0.01458400 -0.04596600
v -0.00417100 0.04197400 0.00152100
v 0.00578800 0.03489300 -0.01424600
v 0.04599600 -0.02066900 0.01351700
v 0.04599600 -0.03833100 0.02921800
v 0.04402200 -0.04254100 0.03087400
v -0.02566100 -0.04254100 -0.03896400
v 0.00439400 0.04251700 -0.00646700
v 0.00764600 0.03171800 -0.01001900
v -0.03355600 0.02854400 0.01703600
v -0.00437200 0.02854400 0.00662600
v 0.00437200 0.02854400 -0.02015700
v 0.04562800 0.02753200 -0.04259900
v 0.02159300 -0.03934700 0.03243400
v -0.02159300 -0.03934700 -0.04596600
v -0.04088100 -0.01285600 -0.01433100
v 0.04561200 0.02713300 -0.04586900
v -0.01248300 0.02854400 -0.00151100
v 0.00000000 -0.02066900 0.03243400
v 0.00001200 0.04251700 -0.01118000
v -0.00873200 0.04166700 -0.00209700
v -0.00236500 0.02854400 -0.01351900
v -0.04599600 0.01458500 -0.04321200
v 0.04599600 -0.01374600 0.00185100
v 0.01948800 -0.04254100 0.03244000
v -0.00749300 0.03806800 0.00072700
v 0.00736200 -0.01374600 0.03243400
v 0.03710300 -0.04254100 0.01614200
v 0.02480200 0.02854400 -0.00748600
v 0.01376400 -0.03460400 0.03243400
v 0.04599600 -0.02727500 0.00168900
v 0.03216300 -0.04254100 0.00514400
v -0.01337600 -0.03646700 -0.04596600
v 0.00747800 -0.02909500 0.03243400
v 0.01472200 -0.02066900 0.03243400
v -0.02300600 0.02854400 0.00600800
v -0.00626500 -0.04118900 -0.04596600
v -0.04599600 -0.04125200 -0.00687300
v 0.00000000 -0.04125200 0.03243400
v -0.04062000 -0.02726900 -0.01433100
v 0.00149000 0.02854400 -0.02979400
v -0.03477900 0.02854400 0.00331000
v 0.04599600 -0.02066900 0.02910600
v -0.00966200 -0.04254100 -0.04116200
v 0.00297900 0.02854400 0.01621400
v 0.04586500 -0.00655800 -0.04596600
v 0.03350900 -0.04254100 -0.01272900
v 0.04599600 -0.02909500 -0.01528800
v 0.03880500 0.00068000 -0.04596600
v -0.03880500 0.00068000 0.03243400
v -0.01524400 0.02854400 -0.03754400
v 0.00000000 -0.02909500 -0.04596600
v 0.04120400 -0.04254100 -0.00686200
v -0.01133100 -0.04254100 -0.04552600
v 0.03334600 -0.04254100 -0.00082900
v -0.00477600 -0.04254100 -0.04120300
v 0.04085400 -0.04254100 0.00229800
v -0.04120400 -0.04254100 -0.00686200
v 0.03062100 -0.01374600 0.03243400
v -0.03062100 -0.01374600 -0.04596600
v 0.04582500 0.00068000 0.03243400
v 0.00000000 -0.04254100 0.03202700
v -0.01462400 -0.02909500 -0.04596600
v -0.04599600 -0.02727500 -0.01522100
vn 0.99965025 0.00093514 -0.02642930
vn 0.00000000 1.00000000 0.00000000
vn 0.69745773 -0.71648732 -0.01409403
vn 0.00000000 -1.00000000 0.00000000
vn 0.00000000 0.00000000 -1.00000000
vn -0.69745608 -0.71648688 0.01419717
vn 0.01818731 -0.13040586 0.99129387
vn 0.00000000 -0.15274878 -0.98826505
vn 0.00000000 1.00000000 0.00000000
vn 0.00000000 0.00000000 -1.00000000
vn 0.00000000 -1.00000000 0.00000000
vn 0.00000000 1.00000000 0.00000000
vn 0.00000000 -1.00000000 0.00000000
vn 0.00000000 -1.00000000 0.00000000
vn 0.00560801 0.99998411 0.00057749
vn -0.01600159 -0.80876902 0.58790868
vn 0.00000000 0.00000000 1.00000000
vn -0.00175260 0.99983313 -0.01818377
vn -0.99962467 -0.02618999 -0.00803740
vn 0.99962465 -0.02619112 0.00803594
vn 0.00000000 1.00000000 0.00000000
vn 0.00154191 -0.70358789 -0.71060657
vn 0.00000000 1.00000000 0.00000000
vn 0.00000000 0.00000000 -1.00000000
vn 0.00000000 -1.00000000 0.00000000
vn 0.69257086 0.00211514 0.72134675
vn 0.89090937 -0.34163137 0.29927998
vn 0.41976822 0.60827610 -0.67364295
vn -0.68353650 0.00068167 -0.72991602
vn -0.77446676 -0.27184549 0.57122785
vn 0.54318135 0.43595854 -0.71756127
vn -0.82987390 -0.33855067 0.44350056
vn 0.00000000 -1.00000000 0.00000000
vn 0.00000000 -1.00000000 0.00000000
vn -1.00000000 0.00000000 0.00000000
vn 0.02851540 0.99847162 -0.04734227
vn 0.74612590 0.43598820 -0.50320018
vn 0.67754082 0.61055823 -0.41006961
vn 0.05039049 0.99839305 -0.02592502
vn 0.00000000 1.00000000 0.00000000
vn 0.00032425 0.99999063 -0.00431790
vn 0.07903524 0.83475776 -0.54491552
vn 0.44057254 0.89668639 -0.04300416
vn 0.99969545 -0.00201129 0.02459600
vn 0.00711276 0.25367720 -0.96726278
vn -0.00780961 0.99996943 -0.00039653
vn 0.00000000 1.00000000 0.00000000
vn 0.00000000 0.00000000 -1.00000000
vn 0.00000000 -1.00000000 0.00000000
vn -0.25540325 -0.34316039 -0.90388612
vn -0.99956224 -0.00031807 -0.02958416
vn -0.05901677 0.99369184 0.09536012
vn 1.00000000 0.00000000 0.00000000
vn -0.56692499 -0.28027530 0.77462366
vn -0.43533557 -0.32650257 0.83897498
vn 0.00000000 1.00000000 0.00000000
vn 0.00051932 0.99978413 0.02077090
vn 0.00000000 1.00000000 0.00000000
vn 0.00210112 -0.80440392 -0.59407906
vn 0.00000000 1.00000000 0.00000000
vn 0.99962467 -0.02618999 -0.00803740
vn -0.99962465 -0.02619112 0.00803594
vn 0.00000000 1.00000000 0.00000000
vn 1.00000000 0.00000000 0.00000000
vn 0.00000000 0.00000000 1.00000000
vn 0.00000000 -1.00000000 0.00000000
vn 0.00000000 0.00000000 -1.00000000
vn -0.69257514 0.00211529 -0.72134264
vn 0.00175260 0.99983313 0.01818377
vn 0.00000000 0.00000000 1.00000000
vn 0.00000000 1.00000000 0.00000000
vn 1.00000000 0.00000000 0.00000000
vn 0.00000000 0.00000000 1.00000000
vn -1.00000000 0.00000000 0.00000000
vn 0.00000000 1.00000000 0.00000000
vn -0.99981951 0.00083023 -0.01898055
vn 0.00000000 0.00000000 -1.00000000
vn -1.00000000 0.00000000 0.00000000
vn -0.68812798 0.00239846 -0.72558537
vn 0.00405439 0.99998250 0.00430736
vn -0.00074968 0.00437017 -0.99999017
vn 0.00000000 -1.00000000 0.00000000
vn 0.69745608 -0.71648688 0.01419717
vn -0.00049373 0.99999309 0.00368568
vn 0.00000000 -1.00000000 0.00000000
vn -1.00000000 0.00000000 0.00000000
vn 0.00000000 0.00000000 1.00000000
vn -0.00444228 0.99998258 -0.00388642
vn -0.01818731 -0.13040586 0.99129387
vn 0.00000000 0.00000000 1.00000000
vn 0.00000000 0.00000000 -1.00000000
vn 0.00000000 0.00000000 1.00000000
vn -0.99969106 0.00100118 -0.02483500
vn 0.00000000 0.00000000 -1.00000000
vn -0.69745773 -0.71648732 -0.01409403
vn 0.00000000 1.00000000 0.00000000
vn -0.99993103 0.00044945 0.01173586
vn 0.00000000 0.00000000 -1.00000000
vn 0.00000000 -1.00000000 0.00000000
vn 0.00000000 0.00000000 1.00000000
vn 0.00000000 0.00000000 1.00000000
vn 0.97740354 -0.21137586 -0.00160060
vn -0.00048933 0.99999168 -0.00405018
vn 0.00000000 0.00000000 -1.00000000
vn 0.00000000 1.00000000 0.00000000
vn -1.00000000 0.00000000 0.00000000
vn -0.00074968 0.00437017 0.99999017
vn -0.94389643 -0.26120127 0.20207280
vn 0.00000000 1.00000000 0.00000000
vn -0.99982038 -0.00113524 0.01891886
vn -0.26321488 0.95523925 -0.13504034
vn -0.88438468 0.43347617 -0.17309577
vn 0.17896744 0.43300584 0.88344586
vn -0.90958918 -0.33574349 0.24479344
vn 0.00000000 0.00000000 -1.00000000
vn 0.13444679 0.95443393 0.26642060
vn 0.66746669 -0.33011816 0.66746552
vn -0.00154191 -0.70358789 -0.71060657
vn -0.20130511 -0.33228951 0.92144448
vn 0.00062550 0.99999403 0.00339859
vn -0.03206988 0.99377250 0.10671340
vn 0.00141343 0.99831083 0.05808174
vn -0.05631796 0.99840861 0.00291979
vn 1.00000000 0.00000000 0.00000000
vn -0.11651597 0.99107852 0.06471003
vn 1.00000000 0.00000000 0.00000000
vn 0.63237223 0.30729467 0.71110854
vn 0.00000000 1.00000000 0.00000000
vn 0.00000000 1.00000000 0.00000000
vn -0.52384600 -0.85169891 -0.01394036
vn 0.00000000 0.00000000 1.00000000
vn -0.66295526 -0.33086013 -0.67158164
vn 0.00000000 0.00000000 -1.00000000
vn 0.00000000 -1.00000000 0.00000000
vn -0.20861935 -0.26218568 0.94219777
vn 0.42472696 -0.33692760 0.84028971
vn -1.00000000 0.00000000 0.00000000
vn 0.00000000 1.00000000 0.00000000
vn -0.06091516 0.95476583 0.29105248
vn 0.67193902 0.60429340 0.42816753
vn 0.00000000 -1.00000000 0.00000000
vn 0.02204613 0.99843859 0.05132589
vn 0.05797011 0.99360302 0.09691491
vn 0.00000000 -1.00000000 0.00000000
vn 0.00000000 -1.00000000 0.00000000
vn -1.00000000 0.00000000 0.00000000
vn -0.04981644 0.99844621 -0.02496977
vn -0.09781487 0.99363431 -0.05588481
vn -0.84598580 -0.33520945 -0.41465968
vn -0.00025115 0.99999980 -0.00057404
vn -0.27791382 0.95533751 0.10046968
vn -0.00000232 0.99999689 0.00249388
vn -0.00001974 0.42818950 0.90368897
vn 0.00072554 0.82256407 0.56867198
vn 0.00000000 0.00000000 1.00000000
vn 0.00000000 0.00000000 -1.00000000
vn 0.97693485 -0.21298105 0.01540678
vn 0.01043628 0.24082976 0.97051126
vn 0.99869922 0.00790001 -0.05037309
vn -0.00314052 0.99989687 0.01401397
vn 0.00000000 1.00000000 0.00000000
vn -0.42831826 0.60407292 -0.67204120
vn 0.00000000 0.00000000 1.00000000
vn 0.00000000 -1.00000000 0.00000000
vn -0.90124130 0.43328963 -0.00492092
vn 1.00000000 0.00000000 0.00000000
vn -0.99995269 0.00016905 0.00972585
vn 0.09693274 0.99298183 0.06775792
vn -0.35058002 -0.26556347 -0.89809225
vn 0.18535779 -0.33515862 0.92374844
vn 0.00000000 0.00000000 1.00000000
vn -0.00419272 0.99998144 -0.00441996
vn 0.00000000 0.00000000 -1.00000000
vn -0.79176090 -0.25984213 -0.55280805
vn -0.06290242 0.99374298 -0.09229396
vn 0.99950067 0.00015475 -0.03159732
vn 0.00000000 0.00000000 -1.00000000
vn 1.00000000 0.00000000 0.00000000
vn -0.92598006 -0.34251858 -0.15887717
vn -0.67608211 0.60446052 -0.42135549
vn -0.07747014 0.84748081 -0.52514251
vn 0.00705678 0.81933905 0.57326584
vn -0.41988993 0.90603773 -0.05280215
vn 0.00000000 0.00000000 1.00000000
vn -0.99956338 0.00177616 0.02949396
vn -0.00786565 0.22940863 -0.97329842
vn 0.00530052 0.22294276 0.97481713
vn -0.00029025 0.00587289 0.99998271
vn -0.00367470 0.99998671 -0.00361665
vn 0.57264586 -0.27188123 0.77340631
vn 0.00000000 -1.00000000 0.00000000
vn 0.00025331 -0.71377895 -0.70037101
vn 0.85892395 0.37458629 0.34919157
vn 0.00000000 0.00000000 -1.00000000
vn 0.42819946 0.60427533 0.67193492
vn -1.00000000 0.00000000 0.00000000
vn 0.00000000 0.00000000 -1.00000000
vn -0.00025331 -0.71377895 0.70037101
vn -1.00000000 0.00000000 0.00000000
vn -0.54141191 0.44603816 -0.71268724
vn 0.00000000 0.00000000 -1.00000000
vn -0.00986672 -0.81093380 -0.58505471
vn 0.99978961 0.00100145 -0.02048757
vn 0.00000000 -1.00000000 0.00000000
vn -0.00044715 0.00621996 0.99998056
vn -0.01658710 -0.13693933 -0.99044055
vn 0.00171475 -0.14917901 -0.98880872
vn 1.00000000 0.00000000 0.00000000
vn -1.00000000 0.00000000 0.00000000
vn 0.00005160 0.99978183 0.02088768
vn -0.99988103 0.00083045 0.01540261
vn 0.00000000 1.00000000 0.00000000
vn -0.00082999 0.99979625 -0.02016843
vn 0.00000000 0.00000000 -1.00000000
vn 0.00000000 1.00000000 0.00000000
vn 0.00000000 0.00000000 1.00000000
vn 0.00000000 0.00000000 1.00000000
vn -1.00000000 0.00000000 0.00000000
vn 0.00000000 0.00000000 1.00000000
vn 1.00000000 0.00000000 0.00000000
vn 0.00000000 1.00000000 0.00000000
vn 0.00000000 0.00000000 -1.00000000
vn 0.00000000 1.00000000 0.00000000
vn 0.00000000 -1.00000000 0.00000000
vn 0.54335867 0.17000703 0.82210642
vn 0.27347099 0.30693097 0.91159585
vn 0.00000000 -1.00000000 0.00000000
vn 0.00000000 0.00000000 1.00000000
vn -0.40617196 -0.68455696 0.60531488
vn 0.00191691 0.76842396 -0.63993823
vn -0.00191691 0.76842396 0.63993823
vn 1.00000000 0.00000000 0.00000000
vn 0.00000000 0.00000000 1.00000000
vn 0.00000000 0.00000000 -1.00000000
vn 0.00000000 -1.00000000 0.00000000
vn -0.65796269 0.59586752 0.46046389
vn 0.60242376 0.65010353 0.46308856
vn 0.00000000 1.00000000 0.00000000
vn 0.00000000 -1.00000000 0.00000000
vn 0.00037011 0.99978910 -0.02053355
vn -1.00000000 0.00000000 0.00000000
vn 0.00000000 -1.00000000 0.00000000
vn 0.00000000 -1.00000000 0.00000000
vn 0.00000000 -1.00000000 0.00000000
vn 0.00000000 0.00000000 -1.00000000
vn -0.40230130 0.68693572 0.60520491
vn -0.59018475 0.57879763 0.56273907
vn 0.00000000 0.00000000 -1.00000000
vn 0.77961611 0.62625428 -0.00207351
vn 0.88350267 0.46840675 -0.00425973
vn -0.00041466 0.11041825 -0.99388512
vn 0.00044004 0.00237052 -0.99999709
vn -0.00045712 0.00235516 0.99999712
vn 0.00000000 0.00000000 1.00000000
vn 1.00000000 0.00000000 0.00000000
vn 0.69912609 0.00066332 0.71499809
vn 0.00000000 0.00000000 1.00000000
vn 0.00000000 0.00000000 1.00000000
vn 0.00000000 0.00000000 1.00000000
vn 0.69711952 0.00194521 -0.71695229
vn 0.00000000 -1.00000000 0.00000000
vn -0.00139736 0.40638688 -0.91370003
vn 0.00134103 0.40904693 0.91251236
vn 0.60425852 0.61535431 0.50617262
vn 0.46620885 0.76242357 0.44873111
vn 0.51732533 0.41830234 0.74659068
vn -0.88335944 0.46869364 -0.00154067
vn 0.00000000 0.00000000 -1.00000000
vn -0.69965727 0.00115162 0.71447770
vn -1.00000000 0.00000000 0.00000000
vn 0.00000000 0.00000000 -1.00000000
vn 1.00000000 0.00000000 0.00000000
vn 0.00000000 -1.00000000 0.00000000
vn -0.99965004 0.00093523 0.02643702
vn 0.00000000 0.00000000 -1.00000000
vn 0.00000000 -1.00000000 0.00000000
vn 0.00099582 0.99999712 0.00218467
vn 0.00000000 -1.00000000 0.00000000
vn -0.47831591 0.87818420 0.00252840
vn -0.00112881 0.30466308 -0.95245952
vn -0.00404712 0.76620802 0.64257987
vn 0.53173848 0.68273662 0.50112363
vn -0.48745350 0.67655213 -0.55196585
vn 0.34621416 0.86805877 0.35582261
vn -0.04829483 0.04002022 -0.99803106
vn 0.57968630 -0.55104361 0.60026222
vn 0.04829076 0.04003488 0.99803067
vn -0.36779474 0.67247026 -0.64227002
vn 0.61616517 0.67341008 0.40848421
vn -0.98001420 0.19892286 -0.00136612
vn 0.00402452 0.76620295 -0.64258606
vn -0.99998625 0.00524397 0.00009865
vn 1.00000000 0.00000000 0.00000000
vn 0.00000000 0.00000000 1.00000000
vn 0.00000000 0.00000000 1.00000000
vn 0.00000000 -1.00000000 0.00000000
vn 0.00000000 -1.00000000 0.00000000
vn 0.00000000 -1.00000000 0.00000000
vn -0.00004955 0.30826753 0.95129970
vn 0.65171109 -0.67431458 0.34723552
vn 0.64227002 0.67247026 -0.36779474
vn 0.28245075 0.68080843 -0.67581170
vn 0.48748018 0.67658490 -0.55190212
vn 0.07140167 -0.66721084 -0.74143880
vn 0.55196585 0.67655213 -0.48745350
vn 0.36780827 0.67247269 -0.64225973
vn -0.25537878 -0.68661382 -0.68069313
vn 0.74141711 -0.66724834 -0.07127632
vn 0.68555141 -0.67010137 0.28457584
vn -0.37486231 0.87341016 0.31085839
vn 0.16011652 0.93254241 0.32361606
vn 0.56793986 0.63097656 0.52850062
vn -0.00858766 0.76256190 -0.64685826
vn -0.81850547 0.57449043 0.00309042
vn 0.00859016 0.76256194 0.64685817
vn -0.99998144 0.00605990 -0.00063805
vn -1.00000000 0.00000000 0.00000000
vn -1.00000000 0.00000000 0.00000000
vn -0.99993965 0.00011409 -0.01098524
vn 0.00000000 0.00000000 1.00000000
vn 0.00000000 0.00000000 -1.00000000
vn 0.00000000 -1.00000000 0.00000000
vn 0.00000000 -1.00000000 0.00000000
vn 0.00000000 0.00000000 -1.00000000
vn -0.00006484 0.40812407 0.91292647
vn 0.00009021 0.40543592 -0.91412346
vn -0.40415791 0.91468745 0.00180246
vn 0.72831797 -0.67872832 0.09423797
vn 0.72965139 0.66872459 -0.14288551
vn -0.12286423 -0.66493742 -0.73672424
vn 0.67573463 0.68081983 -0.28260763
vn 0.14285790 0.66872030 -0.72966073
vn -0.06998654 -0.68510670 -0.72507289
vn 0.73676558 -0.66488430 0.12290382
vn -0.39940555 0.78549620 0.47272711
vn -0.00869841 0.96646163 0.25666372
vn -0.55096177 0.44851273 0.70375952
vn -0.96807689 0.25060551 0.00489954
vn 0.00000000 0.00000000 1.00000000
vn 0.00000000 0.00000000 -1.00000000
vn 0.00000000 -1.00000000 0.00000000
vn 0.00000000 0.00000000 1.00000000
vn 0.00000000 -1.00000000 0.00000000
vn -0.01901146 0.85741959 0.51426667
vn 0.69625779 0.00164819 0.71778992
vn 0.00000000 -1.00000000 0.00000000
vn 0.00000000 -1.00000000 0.00000000
vn -0.69912849 0.00066341 -0.71499575
vn 0.00000000 -1.00000000 0.00000000
vn 0.69214525 -0.66352285 -0.28402884
vn -0.11634401 0.69263823 -0.71184011
vn 0.71187968 0.69258425 0.11642330
vn -0.07384413 0.67258664 -0.73632483
vn 0.14599021 -0.67564772 -0.72262509
vn -0.18441025 0.94338631 0.27570843
vn -0.74531092 0.42062637 0.51728628
vn 0.57428152 -0.49526209 -0.65185597
vn 0.72261681 -0.67565068 -0.14601749
vn 0.73969270 0.66561995 0.09901915
vn 0.00000000 0.00000000 1.00000000
vn 0.00000000 -1.00000000 0.00000000
vn 0.00000000 0.00000000 1.00000000
vn 0.34618276 -0.27090987 -0.89820117
vn 0.09325281 0.99380999 -0.06037899
vn 0.29318416 0.95413960 -0.06050345
vn 0.00025331 -0.71377895 0.70037101
vn 0.00000000 -1.00000000 0.00000000
vn -0.67193492 0.60427533 0.42819946
vn 0.00000000 1.00000000 0.00000000
vn 1.00000000 0.00000000 0.00000000
vn 0.00000000 0.00000000 1.00000000
vn 0.93845540 -0.34254467 0.04432398
vn 0.06176569 0.99366004 -0.09394000
vn 0.00000000 -1.00000000 0.00000000
vn 0.00350162 -0.33979666 -0.94049241
vn 0.00000000 -1.00000000 0.00000000
vn 0.00000000 -1.00000000 0.00000000
vn -0.00025331 -0.71377895 -0.70037101
vn 0.90315984 0.42930171 -0.00153070
vn 0.00000000 0.00000000 1.00000000
vn 0.01091404 0.82124239 -0.57047508
vn -0.00429995 0.83229031 0.55432332
vn -0.97693485 -0.21298105 0.01540678
vn 0.00003260 0.46252451 -0.88660649
vn -0.00255523 0.21621432 0.97634258
vn 0.00255523 0.21621432 -0.97634258
vn -0.00052703 0.00688565 -0.99997615
vn -0.99883673 0.00656511 -0.04777110
vn 0.00000000 1.00000000 0.00000000
vn -0.00004654 0.42828036 -0.90364591
vn 0.00000000 1.00000000 0.00000000
vn -0.43375571 0.60127427 0.67106276
vn 0.00000000 0.00000000 1.00000000
vn 0.00496232 0.99992158 -0.01149783
vn 1.00000000 0.00000000 0.00000000
vn 0.06098517 0.95473472 -0.29113988
vn 0.00000000 1.00000000 0.00000000
vn 0.99994499 -0.00101030 0.01044049
vn -1.00000000 0.00000000 0.00000000
vn 0.00000000 0.00000000 1.00000000
vn -0.99950037 0.00015550 0.03160685
vn 0.00000000 0.00000000 -1.00000000
vn -1.00000000 0.00000000 0.00000000
vn 0.00000000 -1.00000000 0.00000000
vn 0.51089587 -0.63761257 -0.57657230
vn 0.00000000 -1.00000000 0.00000000
vn -0.00190987 0.16030684 -0.98706538
vn -0.00028408 0.79248912 0.60988598
vn 0.00027282 0.79219185 -0.61027207
vn 0.00000000 0.00000000 -1.00000000
vn 0.99890589 -0.02027622 -0.04214131
vn 0.71362916 0.68629547 -0.14047046
vn 0.63491768 0.69441218 -0.33863146
vn 0.39566841 0.70152933 -0.59270829
vn 0.11642330 0.69258425 -0.71187968
vn -0.07127632 -0.66724834 -0.74141711
vn 0.74438749 -0.66083554 0.09583138
vn 0.67136598 -0.66448224 0.32822413
vn 0.49818196 0.25540472 0.82860314
vn 0.44357862 0.15783584 0.88222778
vn -0.96129607 0.23598637 0.14219811
vn -0.75443503 0.33647664 0.56357009
vn 0.90657626 -0.25415763 0.33693232
vn 0.40930572 0.67694676 -0.61172863
vn -0.14601749 -0.67565068 -0.72261681
vn 0.61178001 0.67698316 -0.40916870
vn 0.71221124 -0.67483462 0.19327022
vn 0.95842060 0.28535676 0.00121322
vn -0.99997879 0.00651302 0.00001981
vn 1.00000000 0.00000000 0.00000000
vn 0.00000000 0.00000000 1.00000000
vn -1.00000000 0.00000000 0.00000000
vn 0.00000000 0.00000000 1.00000000
vn -0.69685714 -0.00438543 0.71719655
vn -0.83611912 -0.43325791 0.33644079
vn -0.21806647 0.57228119 0.79053226
vn -0.51126432 0.17688331 0.84102384
vn 0.49323303 0.84325391 0.21364463
vn -0.78654259 -0.49324756 0.37156104
vn -0.08824499 0.23454877 0.96809075
vn 0.00000000 -1.00000000 0.00000000
vn 1.00000000 0.00000000 0.00000000
vn 0.00000000 -1.00000000 0.00000000
vn -0.69129057 0.00056105 -0.72257667
vn 0.00000000 0.00000000 1.00000000
vn 0.12535957 0.99209177 0.00623614
vn -0.41278725 -0.66963026 -0.61741558
vn -0.39946010 -0.69436679 -0.59857029
vn 0.61728201 -0.66966386 0.41293249
vn 0.38583561 -0.25815174 0.88571359
vn 0.17971522 0.72450584 0.66542747
vn 0.56271528 0.27372893 -0.78001537
vn 0.44008591 -0.76256382 -0.47415273
vn 0.23359926 -0.87085439 -0.43248585
vn 0.71613880 -0.63032927 -0.29971692
vn 0.00012777 0.00367059 0.99999326
vn -0.00012777 0.00367059 -0.99999326
vn 1.00000000 0.00000000 0.00000000
vn 0.00000000 0.00000000 1.00000000
vn 0.00000000 0.00000000 -1.00000000
vn -0.99979846 0.00140831 -0.02002633
vn 0.00000000 1.00000000 0.00000000
vn 1.00000000 0.00000000 0.00000000
vn 0.00000000 0.00000000 1.00000000
vn 0.00000000 0.00000000 -1.00000000
vn 0.00185414 -0.72048177 0.69347140
vn 0.00000000 -1.00000000 0.00000000
vn -1.00000000 0.00000000 0.00000000
vn 0.00000000 -1.00000000 0.00000000
vn 0.00000000 -1.00000000 0.00000000
vn 0.00000000 0.00000000 1.00000000
vn 0.00000000 -1.00000000 0.00000000
vn 0.00000000 -1.00000000 0.00000000
vn 0.99982037 -0.00113434 -0.01891907
vn -0.00581517 0.33084113 -0.94366855
vn 0.23645542 0.97132209 0.02494477
vn -0.69789474 -0.00574671 0.71617728
vn -0.54475445 0.67195080 -0.50172174
vn 0.00000000 0.00000000 -1.00000000
vn -0.77653315 -0.31795270 -0.54396907
vn 0.32041943 -0.26087644 0.91064531
vn -0.34884526 -0.66231788 0.66305506
vn -0.61732906 -0.66975330 0.41271704
vn 0.00000000 0.00000000 -1.00000000
vn 0.00000000 0.00000000 1.00000000
vn -1.00000000 0.00000000 0.00000000
vn 0.00000000 -1.00000000 0.00000000
vn -1.00000000 0.00000000 0.00000000
vn 0.00000000 0.00000000 1.00000000
vn 0.00000000 -1.00000000 0.00000000
vn 0.00000000 -1.00000000 0.00000000
vn 0.00000000 -1.00000000 0.00000000
vn 0.00000000 0.00000000 1.00000000
vn 0.00004015 0.30530492 -0.95225464
vn -0.00036500 -0.01834691 0.99983161
vn -0.28463104 -0.67023393 -0.68539890
vn -0.54669628 -0.66236679 -0.51224350
vn 0.51230352 -0.66236716 0.54663959
vn -0.14464463 -0.06369414 0.98743151
vn -0.16616853 0.00332595 0.98609176
vn 0.61883222 0.19518915 -0.76088625
vn 0.00000000 0.00000000 -1.00000000
vn 0.78718842 -0.08298346 -0.61110404
vn 0.20136331 -0.15079284 -0.96784004
vn 0.00000000 -1.00000000 0.00000000
vn 0.00000000 0.00000000 -1.00000000
vn 0.69128965 0.00055946 0.72257754
vn 0.00000000 -1.00000000 0.00000000
vn 0.00000000 -1.00000000 0.00000000
vn -0.71071629 -0.70235160 -0.03980694
vn -0.00188872 -0.72047289 -0.69348053
vn 0.00597146 0.29134424 -0.95659964
vn -0.00930653 0.82118914 0.57058022
vn 0.27847455 0.96039510 -0.00965267
vn -0.69111680 -0.08282526 -0.71798158
vn -0.72268600 0.68383858 0.10044766
vn -0.73831530 -0.65793011 -0.14838630
vn 0.49362261 0.66316346 0.56262860
vn 0.28698758 0.66427154 0.69020392
vn 0.06998654 -0.68510670 0.72507289
vn -0.07251633 0.69044146 0.71974438
vn -0.69357848 0.67106171 -0.26196388
vn -0.52053636 0.67693321 -0.52038766
vn -0.73343165 -0.67817872 -0.04638576
vn 0.14848978 -0.65793744 0.73828796
vn -0.00826390 0.98570968 0.16825024
vn 0.46879358 0.80432548 0.36509329
vn -0.62788497 0.33303098 0.70345635
vn -0.05535243 0.93857494 -0.34060708
vn 0.72695499 -0.18072708 -0.66247578
vn 0.51866249 -0.69856942 -0.49294014
vn 0.70680827 0.60311025 0.36970271
vn 0.00000000 0.00000000 -1.00000000
vn -1.00000000 0.00000000 0.00000000
vn 0.00000000 -1.00000000 0.00000000
vn 0.00000000 0.00000000 1.00000000
vn 0.00000000 -1.00000000 0.00000000
vn 0.00000000 0.00000000 1.00000000
vn -0.49890421 -0.64118290 0.58307726
vn 0.00000000 -1.00000000 0.00000000
vn 0.00000000 -1.00000000 0.00000000
vn 0.00196431 0.15930119 0.98722808
vn 0.69920052 0.71491486 0.00392132
vn -0.59403611 0.80443219 -0.00315605
vn 0.00036927 -0.01832697 0.99983198
vn 0.00000000 0.00000000 1.00000000
vn -0.69838105 0.55471603 0.45227650
vn -0.34009602 0.69410937 0.63446582
vn -0.59305851 0.70130801 0.39553594
vn -0.94662289 0.32234099 -0.00118194
vn 0.99997879 0.00651302 -0.00001981
vn -0.00016886 0.00414003 0.99999142
vn 0.69685928 -0.00438414 -0.71719448
vn 0.00000000 0.00000000 -1.00000000
vn 0.00000000 -1.00000000 0.00000000
vn 0.00000000 0.00000000 -1.00000000
vn 1.00000000 0.00000000 0.00000000
vn 0.00000000 0.00000000 -1.00000000
vn 0.99995268 0.00016799 -0.00972674
vn 0.00000000 -1.00000000 0.00000000
vn 0.00000000 -1.00000000 0.00000000
vn 0.71071629 -0.70235160 -0.03980694
vn 0.00000000 -1.00000000 0.00000000
vn 0.00000000 -1.00000000 0.00000000
vn 0.00000000 1.00000000 0.00000000
vn -0.00292446 0.28218368 -0.95935594
vn -0.27818960 0.96049405 -0.00785728
vn 0.01993061 0.92147642 0.38792265
vn 0.69789474 -0.00574671 -0.71617728
vn 0.69378684 -0.07870288 -0.71586709
vn 0.27243894 0.70088734 -0.65919190
vn -0.28402884 -0.66352285 -0.69214525
vn -0.46879358 0.80432548 0.36509329
vn 0.60659385 0.33114195 0.72276477
vn -0.63014059 0.48167459 0.60902580
vn 0.00000000 0.00000000 -1.00000000
vn -0.54832774 -0.66920066 -0.50150490
vn 0.26196388 0.67106171 -0.69357848
vn 0.07011040 -0.68506935 -0.72509622
vn 0.69350497 0.67108913 -0.26208823
vn 0.73342529 -0.67819713 -0.04621686
vn 0.00000000 0.00000000 -1.00000000
vn -0.70049904 -0.00085146 0.71365284
vn 0.00000000 0.00000000 1.00000000
vn 0.00000000 -1.00000000 0.00000000
vn 0.00000000 -1.00000000 0.00000000
vn 0.00000000 -1.00000000 0.00000000
vn 0.00000000 -1.00000000 0.00000000
vn -0.51089587 -0.63761257 -0.57657230
vn 0.00000000 -1.00000000 0.00000000
vn 0.00000000 0.00000000 1.00000000
vn 0.00178552 0.15826551 -0.98739498
vn 0.00036927 -0.01832697 -0.99983198
vn 0.00000000 0.00000000 -1.00000000
vn -0.99896579 -0.02369573 -0.03880535
vn -0.63490523 0.69439750 -0.33868490
vn -0.68158286 -0.66100703 0.31387021
vn -0.12077356 -0.68260629 0.72073740
vn 0.33863146 0.69441218 0.63491768
vn -0.61172863 0.67694676 -0.40930572
vn -0.71167962 -0.67481725 0.19527876
vn -0.28740973 -0.66372409 0.69055483
vn -0.05889647 0.74197510 0.66783543
vn -0.50270616 0.25930574 0.82464966
vn -0.13236657 0.81548782 -0.56343473
vn 0.71655240 -0.50693585 -0.47913328
vn -0.90801337 -0.26546969 0.32409499
vn -0.95703862 0.28994298 0.00318692
vn -0.00018472 0.00447438 -0.99998997
vn 0.00000000 0.00000000 -1.00000000
vn 1.00000000 0.00000000 0.00000000
vn 1.00000000 0.00000000 0.00000000
vn 0.00000000 0.00000000 1.00000000
vn 0.00000000 0.00000000 -1.00000000
vn 0.00000000 0.00000000 1.00000000
vn 0.99998432 0.00559131 0.00031654
vn 0.99956193 -0.00031630 0.02959468
vn 0.00000000 0.00000000 1.00000000
vn 0.00000000 -1.00000000 0.00000000
vn -1.00000000 0.00000000 0.00000000
vn -0.00674148 0.98468474 0.17421401
vn 0.33740138 -0.46371639 0.81922367
vn -1.00000000 0.00000000 0.00000000
vn 0.00000000 0.00000000 1.00000000
vn 0.83908121 0.54400002 -0.00258760
vn -0.24656316 0.96889144 0.02135387
vn 0.69552147 -0.00349048 0.71849684
vn 0.68672386 -0.07149341 0.72339411
vn -0.27254477 0.70091688 -0.65911673
vn 0.49146525 0.69505526 0.52474765
vn -0.21426233 -0.19974217 0.95613530
vn -0.00075523 -0.18935974 0.98190749
vn 0.00558183 0.01681706 0.99984300
vn -0.23406165 -0.87158973 -0.43075108
vn -0.33693306 -0.25417292 0.90657170
vn -0.63099446 0.51018894 -0.58442556
vn -0.52480297 0.69505466 -0.49140702
vn -0.00587405 0.29048047 0.95686289
vn 0.99883673 0.00656511 0.04777110
vn 0.00000000 -1.00000000 0.00000000
vn -0.99988494 -0.00138361 -0.01510630
vn 0.00000000 -1.00000000 0.00000000
vn 0.00000000 0.00000000 -1.00000000
vn -0.69875535 -0.00551821 -0.71533943
vn 0.00205899 -0.71576089 -0.69834240
vn 0.00436509 0.80428827 0.59422330
vn 0.00000000 -1.00000000 0.00000000
vn 0.00000000 -1.00000000 0.00000000
vn -0.00435048 0.80425860 -0.59426356
vn -0.00180266 -0.01364320 0.99990530
vn 0.00000000 0.00000000 -1.00000000
vn 0.00180218 -0.01364314 -0.99990530
vn 0.54663959 -0.66236716 -0.51230352
vn -0.41202258 0.86953984 0.27228268
vn -0.75495369 -0.03186473 -0.65500348
vn -0.51124566 -0.66205561 0.54800569
vn 0.50876846 -0.69437813 -0.50891421
vn -0.50431440 -0.68179614 0.52992547
vn -0.00298041 0.18790620 -0.98218246
vn 0.00000000 -1.00000000 0.00000000
vn 0.00000000 0.00000000 -1.00000000
vn 0.00063928 0.99999918 -0.00110667
vn 0.00000000 -1.00000000 0.00000000
vn 0.00000000 -1.00000000 0.00000000
vn 0.00000000 -1.00000000 0.00000000
vn 0.00000000 -1.00000000 0.00000000
vn 0.00000000 -1.00000000 0.00000000
vn 0.00000000 -1.00000000 0.00000000
vn 0.00000000 0.00000000 1.00000000
vn -0.00480261 0.33039147 0.94383177
vn -0.51310122 0.85779086 -0.03036409
vn -0.02061750 0.92137475 0.38812819
vn -0.99984448 0.00087185 -0.01761430
vn -0.11860428 0.67501862 0.72820525
vn -0.63637912 0.68009488 0.36399528
vn -0.65987550 -0.66306854 -0.35341822
vn -0.72088362 0.66809193 0.18433660
vn -0.59852033 -0.69433281 -0.39959401
vn -0.28066452 0.68135866 0.67600133
vn 0.35336314 -0.66308451 0.65988895
vn -0.96519400 -0.24720656 0.08537833
vn -0.54076993 0.60029853 0.58924491
vn 0.54879296 0.66416648 -0.50765064
vn 0.00000000 0.00000000 -1.00000000
vn 0.63816107 0.47156738 0.60858413
vn 0.10475473 0.97065720 0.21645104
vn -0.45160433 0.55383979 -0.69951056
vn 0.76562009 0.51728504 -0.38241609
vn -0.95121278 0.30407476 0.05227601
vn 0.69875327 -0.00551685 0.71534148
vn -1.00000000 0.00000000 0.00000000
vn 0.00353583 0.99993444 -0.01089117
vn 0.00000000 -1.00000000 0.00000000
vn 0.00000000 0.00000000 -1.00000000
vn 0.00000000 0.00000000 -1.00000000
vn -1.00000000 0.00000000 0.00000000
vn 0.00000000 1.00000000 0.00000000
vn 0.00000000 0.00000000 -1.00000000
vn 0.00000000 1.00000000 0.00000000
vn 0.00000000 1.00000000 0.00000000
vn 0.82210284 -0.22320154 0.52376330
vn -0.18080705 -0.33946816 0.92307647
vn -1.00000000 0.00000000 0.00000000
vn -0.32412927 0.43673077 -0.83917010
vn -0.78653706 0.61660400 0.03404357
vn 0.00000000 0.00000000 1.00000000
vn -0.88892321 -0.34442362 0.30197333
vn -0.01142541 0.99990461 -0.00776039
vn -0.71506372 -0.33881077 -0.61146638
vn 0.00000000 -1.00000000 0.00000000
vn -0.00019943 0.00492796 0.99998784
vn 0.00000000 -1.00000000 0.00000000
vn 0.00000000 -1.00000000 0.00000000
vn 0.50038909 0.44024638 0.74551585
vn -0.74419790 0.43214284 -0.50933491
vn 0.00000000 -1.00000000 0.00000000
vn -0.40504860 -0.34064848 -0.84846582
vn 0.00000000 -1.00000000 0.00000000
vn 0.70873020 0.37743327 0.59602486
vn -0.00000000 0.60528530 0.79600861
vn 0.00578674 0.33078142 0.94368965
vn -0.41466212 0.32879794 -0.84849705
vn -0.13386786 0.43564948 -0.89010613
vn -0.66938746 0.44805538 -0.59259329
vn 0.66746594 0.44771835 0.59501050
vn -0.92427316 0.37473406 -0.07275653
vn -0.01101462 0.25811160 -0.96605232
vn -0.49729388 0.77024152 -0.39928286
vn 0.00019943 0.00492796 -0.99998784
vn -0.78230560 -0.33686333 -0.52394757
vn 0.52486969 -0.33429826 0.78278764
vn 0.66918926 -0.33913931 0.66118852
vn 0.83255457 -0.32597357 0.44787736
vn -0.64751077 -0.26921347 -0.71291929
vn 0.00000000 0.00000000 -1.00000000
vn -0.00026931 0.79215036 0.61032592
vn 0.00000000 -1.00000000 0.00000000
vn -0.70100838 -0.00255003 -0.71314847
vn 0.00000000 -1.00000000 0.00000000
vn 0.00000000 -1.00000000 0.00000000
vn 0.49890421 -0.64118290 0.58307726
vn 0.00000000 -1.00000000 0.00000000
vn -0.00179001 0.15715641 0.98757210
vn 0.00025978 0.79185702 -0.61070648
vn -0.70306901 0.71111968 0.00166746
vn 0.59412475 0.80436961 -0.00230350
vn -0.39560780 0.70152929 -0.59274878
vn 0.59266021 0.70155495 0.39569499
vn -0.40916870 0.67698316 -0.61178001
vn 0.15460194 -0.09110698 0.98376713
vn -0.48314914 0.14217656 0.86391708
vn 0.16436026 -0.03204926 0.98587958
vn -0.00045497 -0.89672590 -0.44258610
vn 0.00000000 0.00000000 -1.00000000
vn 0.75142866 -0.28287367 -0.59610189
vn -0.77619672 0.63048928 -0.00138604
vn 0.00000000 0.00000000 -1.00000000
vn 0.94720788 0.32061869 0.00093916
vn -0.99997438 0.00715414 0.00022617
vn -1.00000000 0.00000000 0.00000000
vn 0.00000000 0.00000000 -1.00000000
vn 0.00000000 -1.00000000 0.00000000
vn 1.00000000 0.00000000 0.00000000
vn 0.00000000 -1.00000000 0.00000000
vn 0.00000000 0.00000000 -1.00000000
vn -0.99994498 -0.00101049 -0.01044120
vn 0.00000000 0.00000000 1.00000000
vn 0.00000000 0.00000000 1.00000000
vn 0.00000000 -1.00000000 0.00000000
vn 1.00000000 0.00000000 0.00000000
vn -0.00185512 -0.72047516 0.69347826
vn 0.00292096 0.28154986 0.95954215
vn -0.00705776 0.81960672 -0.57288307
vn -0.82800990 0.56063831 -0.00918097
vn -0.09951454 0.99502095 -0.00549301
vn -0.68813525 -0.06884253 0.72230920
vn 0.00000000 0.00000000 -1.00000000
vn 0.52474765 0.69505526 -0.49146525
vn -0.46309295 0.67010790 0.58008648
vn -0.50603540 0.31926427 -0.80124809
vn 0.00000000 0.00000000 -1.00000000
vn -0.68982892 0.15117217 -0.70801345
vn -0.32409944 -0.26548358 -0.90800772
vn -0.20814577 0.24700048 0.94639638
vn -0.49110677 0.69453045 0.52577713
vn 0.52038766 0.67693321 -0.52053636
vn -0.99869774 0.00793095 0.05039759
vn 0.70049958 -0.00085265 -0.71365230
vn 0.69051969 -0.00289215 -0.72330782
vn 0.99992197 -0.00068687 -0.01247287
vn 0.00000000 -1.00000000 0.00000000
vn 0.00000000 -1.00000000 0.00000000
vn 0.00000000 -1.00000000 0.00000000
vn 0.00000000 -1.00000000 0.00000000
vn 0.00000000 -1.00000000 0.00000000
vn -0.00490581 0.80542914 0.59267177
vn 0.00491041 0.80542956 -0.59267117
vn -0.60008156 0.74005428 0.30368040
vn 0.75268105 0.65832846 -0.00865343
vn 0.00000000 0.00000000 1.00000000
vn 0.00180218 -0.01364314 0.99990530
vn -0.69517558 -0.00249335 -0.71883566
vn 0.07384413 0.67258664 0.73632483
vn -0.71363836 0.68629146 -0.14044331
vn -0.74418177 -0.66137404 0.09369029
vn 0.27944966 -0.68022388 0.67764546
vn 0.48262193 -0.68104978 0.55067892
vn -0.68076956 -0.68658357 -0.25525634
vn 0.14047046 0.68629547 0.71362916
vn -0.74406041 0.66613399 -0.05137717
vn -0.50891421 -0.69437813 -0.50876846
vn -0.07132145 -0.66695991 0.74167225
vn 0.41194979 0.86959648 0.27221193
vn -0.59402326 0.46579107 0.65587732
vn 0.96534594 0.22576730 0.13090586
vn 0.33039143 0.92724243 0.17624693
vn 0.19513400 0.77582669 -0.60001306
vn 0.00000000 0.00000000 -1.00000000
vn 0.77782649 0.34543688 0.52503268
vn -0.94639637 0.24700048 -0.20814579
vn -0.00129003 0.18365961 0.98298906
vn 0.70100807 -0.00255079 0.71314878
vn 0.00000000 0.00000000 1.00000000
vn 0.99917641 -0.00074924 0.04057020
vn -0.00180266 -0.01364320 -0.99990530
vn 0.00000000 -1.00000000 0.00000000
vn -1.00000000 0.00000000 0.00000000
vn 0.00205899 -0.71576089 0.69834240
vn 0.97319115 0.22998631 -0.00229956
vn -0.69984118 0.39968562 0.59200822
vn -0.66118852 -0.33913931 0.66918926
vn 0.00000000 0.00000000 -1.00000000
vn 0.71965494 -0.33380178 -0.60882932
vn -0.79881619 0.42841571 0.42231822
vn -0.33796931 0.42184263 0.84132368
vn 0.00074968 0.00437017 0.99999017
vn 0.25514335 -0.34332368 -0.90389752
vn 0.04981364 0.99842286 0.02589215
vn 0.64774418 -0.26454149 -0.71445453
vn 0.79321920 -0.26431468 -0.54858094
vn 0.78401069 -0.34491984 -0.51609839
vn 0.78906890 0.61294934 0.04078443
vn 1.00000000 0.00000000 0.00000000
vn 0.92774393 -0.33345412 -0.16762921
vn -0.00000000 0.61135021 -0.79136017
vn 0.48103942 0.78422038 -0.39191768
vn 0.41276063 0.38209607 -0.82681997
vn -0.66736281 0.44686189 0.59576953
vn 0.81060980 0.57199235 -0.12544522
vn 0.95900584 0.28075741 -0.03851071
vn 0.00052704 0.00688574 0.99997615
vn 0.00000000 1.00000000 0.00000000
vn 0.48999438 -0.34585566 -0.80018083
vn 0.00000000 0.00000000 1.00000000
vn 0.00049393 0.99999309 -0.00368570
vn -0.02731944 0.99844531 -0.04858605
vn 0.00000000 -1.00000000 0.00000000
vn -0.50347235 0.43855760 0.74443457
vn 0.00000000 -1.00000000 0.00000000
vn 0.00000000 0.00000000 1.00000000
vn 0.00000000 0.00000000 -1.00000000
vn 1.00000000 0.00000000 0.00000000
vn 0.00000000 -1.00000000 0.00000000
vn 1.00000000 0.00000000 0.00000000
vn 0.00188775 -0.72047950 -0.69347367
vn 0.00000000 -1.00000000 0.00000000
vn 0.00000000 -1.00000000 0.00000000
vn 0.52320056 0.85169513 -0.02960694
vn 0.99977177 -0.00111488 -0.02133469
vn 0.72351720 0.68340677 0.09735526
vn 0.65667590 0.67983695 0.32649423
vn 0.12294791 -0.66487932 -0.73676271
vn -0.07249008 0.69033223 -0.71985180
vn 0.41285016 -0.66962945 -0.61737440
vn 0.73830686 -0.65793333 -0.14841400
vn 0.65988895 -0.66308451 -0.35336314
vn 0.96519400 -0.24720656 0.08537833
vn 0.52151537 0.57168767 0.63339950
vn -0.23284943 0.71134562 0.66315047
vn -0.76379084 0.52003260 -0.38234755
vn -0.69733420 0.60269543 0.38792168
vn -0.39299639 -0.78545694 -0.47813307
vn -0.71017123 -0.19952703 -0.67516352
vn 0.40350045 0.56660896 -0.71843001
vn 0.39959401 -0.69433281 -0.59852033
vn 0.59857029 -0.69436679 -0.39946010
vn -0.14288551 0.66872459 -0.72965139
vn 0.71808073 0.66952010 0.19000761
vn 0.93615504 0.34411768 0.07208864
vn -0.00070978 0.00277811 0.99999589
vn 0.00069043 0.00279993 -0.99999584
vn 0.00000000 -1.00000000 0.00000000
vn 0.00000000 0.00000000 -1.00000000
vn -0.49680960 0.83249098 0.24523251
vn -0.23180765 -0.38030270 0.89534076
vn 0.15284418 0.23515067 0.95986604
vn -0.66746552 -0.33011816 0.66746669
vn 0.94283157 -0.25940086 0.20923629
vn 0.50000793 -0.26207999 -0.82541272
vn 0.00000000 1.00000000 0.00000000
vn -0.18833147 -0.26242952 -0.94639421
vn -0.00060844 0.99999505 0.00308688
vn 0.11672726 0.99167326 0.05439579
vn -0.03205843 0.99406781 -0.10392997
vn 0.17628866 0.43097996 -0.88497378
vn 0.99979850 0.00140539 0.02002454
vn 0.19855680 -0.34093773 -0.91887793
vn 0.88355411 0.43274726 -0.17905852
vn 0.52384600 -0.85169891 -0.01394036
vn 0.89126353 -0.26384517 -0.36882930
vn 0.00000000 1.00000000 0.00000000
vn 0.00000000 -1.00000000 0.00000000
vn -0.00205899 -0.71576089 -0.69834240
vn 0.29592751 0.95509360 0.01493738
vn 0.92333440 -0.33947523 -0.17947189
vn -0.04171850 0.56554739 0.82365995
vn -1.00000000 0.00000000 0.00000000
vn 0.00000000 0.00000000 -1.00000000
vn 0.00000000 0.00000000 -1.00000000
vn 0.09368560 0.45896929 -0.88349884
vn 0.40401181 -0.62742453 -0.66566728
vn -0.63493006 0.28126982 0.71954924
vn 0.00128346 0.18366060 -0.98298888
vn 0.66567719 -0.34032137 -0.66411990
vn -1.00000000 0.00000000 0.00000000
vn 0.00000000 0.00000000 -1.00000000
vn 0.00002289 0.95428859 -0.29888676
vn 0.00000000 1.00000000 0.00000000
vn 0.00000000 0.00000000 -1.00000000
vn 0.00000000 0.00000000 1.00000000
vn -0.52816257 -0.33073891 0.78208444
vn 0.32777068 0.43344131 -0.83946115
vn -0.06425007 0.95403079 -0.29274081
vn -0.79143712 -0.33350209 0.51225350
vn 0.00000000 1.00000000 0.00000000
vn 0.11175756 0.99371819 0.00586507
vn 0.83439367 0.43239151 -0.34179641
vn 0.27458377 0.95676628 0.09592727
vn 0.39569259 -0.34324830 -0.85182626
vn 0.96306357 -0.26921153 -0.00580624
vn 0.00000000 -1.00000000 0.00000000
vn 0.00000000 1.00000000 0.00000000
vn 0.84388503 -0.34055728 -0.41458267
vn 0.00000000 1.00000000 0.00000000
vn -1.00000000 0.00000000 0.00000000
vn 0.00475405 0.33027646 -0.94387227
vn -0.58159528 0.58363579 0.56667115
vn 0.97693463 -0.21297914 -0.01544703
vn 0.24624442 0.45097782 -0.85789434
vn -0.45841923 -0.68917814 0.56114641
vn 0.55487908 -0.82197854 -0.12829843
vn -0.00620945 0.23788425 0.97127366
vn -0.00029848 0.00545952 -0.99998505
vn -0.00001024 -0.26252193 -0.96492603
vn 0.00000000 1.00000000 0.00000000
vn 0.00000000 1.00000000 0.00000000
vn 0.00000000 1.00000000 0.00000000
vn 0.00000000 0.00000000 -1.00000000
vn 0.00029848 0.00545952 0.99998505
vn -0.00108199 0.99395891 -0.10974754
vn 0.68353051 0.00068363 0.72992162
vn 0.00060853 0.99999505 -0.00308606
vn 0.00000000 0.00000000 1.00000000
vn 0.00000000 -1.00000000 0.00000000
vn 0.00000000 0.00000000 -1.00000000
vn 0.00000000 0.00000000 -1.00000000
vn 0.01075644 0.99994175 -0.00088850
vn 0.00000000 -1.00000000 0.00000000
vn 0.00000000 -1.00000000 0.00000000
vn 0.00000000 -1.00000000 0.00000000
vn 0.00000000 -1.00000000 0.00000000
vn -0.69051969 -0.00289215 0.72330782
vn 0.00000000 -1.00000000 0.00000000
vn 0.00000000 -1.00000000 0.00000000
vn 0.00000000 -1.00000000 0.00000000
vn 0.00117328 0.30761050 0.95151164
vn 0.60074444 0.73815715 0.30696927
vn -0.00036500 -0.01834691 -0.99983161
vn 0.28452093 -0.67020639 -0.68547154
vn -0.28260763 0.68081983 -0.67573463
vn 0.58070950 0.49139011 0.64908570
vn -0.33063123 0.92742570 0.17482722
vn -0.46519274 -0.75077217 -0.46897428
vn -0.71429616 -0.51798290 -0.47061100
vn 0.91159585 0.30693097 -0.27347099
vn 0.25525634 -0.68658357 -0.68076956
vn 0.68069313 -0.68661382 -0.25537878
vn 0.07397241 0.67254458 -0.73635037
vn 0.74412290 0.66613777 -0.05041406
vn -0.76132400 0.64837011 -0.00140489
vn 1.00000000 0.00000000 0.00000000
vn 0.00000000 0.00000000 -1.00000000
vn 0.00000000 0.00000000 1.00000000
vn 0.00000000 0.00000000 1.00000000
vn 0.00000000 0.00000000 -1.00000000
vn -0.97456098 0.22412192 0.00051326
vn -0.99907986 -0.00197540 0.04284318
vn 0.00000000 -1.00000000 0.00000000
vn 0.24512288 0.60196783 0.75996678
vn 0.51104387 0.17687894 0.84115873
vn 0.90971190 -0.33414177 0.24652288
vn -0.56369908 0.60372501 0.56370157
vn -0.00011174 0.99999651 0.00264136
vn 0.10792399 0.99377503 -0.02763345
vn 0.00231717 0.99999171 -0.00334699
vn 0.13368407 0.95558943 -0.26263551
vn 0.26600012 0.95465122 -0.13373477
vn -0.52384538 -0.85169927 0.01394181
vn 0.94601593 -0.26675943 -0.18410126
vn 0.00000000 -1.00000000 0.00000000
vn 0.03379377 0.99384721 -0.10547847
vn -0.19856265 -0.34000065 -0.91922382
vn 0.19192925 -0.26664553 -0.94449104
vn 0.88721430 0.42399665 0.18187257
vn -0.01094674 0.38950113 0.92096093
vn 0.01402098 0.39348237 -0.91922524
vn 1.00000000 0.00000000 0.00000000
vn 0.00000000 0.00000000 -1.00000000
vn -0.09214766 0.45846326 -0.88392321
vn -0.59261248 0.44806618 0.66936324
vn 0.00018472 0.00447438 0.99998997
vn -0.67214697 0.01105906 -0.74033516
vn -0.17899713 0.43324820 -0.88332102
vn 0.56355973 0.60376462 -0.56379847
vn 0.67622348 0.00012867 0.73669654
vn -0.00108971 -0.01219862 -0.99992500
vn 0.00000000 -1.00000000 0.00000000
vn 0.99988485 -0.00138326 0.01511190
vn 0.00108971 -0.01219862 0.99992500
vn 0.35964861 -0.33464049 0.87101585
vn -0.00000101 -0.34150780 0.93987894
vn -1.00000000 0.00000000 0.00000000
vn -0.57265318 -0.33498585 -0.74823313
vn -0.45544704 0.44216596 -0.77269480
vn -0.24115681 0.60807629 0.75636408
vn -0.93777511 -0.34298710 0.05420048
vn -1.00000000 0.00000000 0.00000000
vn -0.74984817 0.61080107 0.25426319
vn 0.00000000 0.00000000 1.00000000
vn -0.65797761 0.42702113 -0.62025673
vn 0.00000000 -1.00000000 0.00000000
vn 0.85976134 -0.17695287 0.47905963
vn -0.08242909 0.86464120 -0.49558152
vn -0.82811318 0.56053848 -0.00501749
vn 0.00000000 0.00000000 1.00000000
vn -0.99977158 -0.00113779 0.02134240
vn -0.41471947 0.42950174 -0.80220696
vn 0.00298041 0.18790620 0.98218246
vn -0.62681056 0.29395543 -0.72159457
vn 0.68062583 -0.27100404 0.68066533
vn 0.62420896 0.43898871 0.64626007
vn 0.00000000 0.00000000 1.00000000
vn 0.99907977 -0.00197880 -0.04284512
vn 0.00000000 -1.00000000 0.00000000
vn -0.00205899 -0.71576089 0.69834240
vn 1.00000000 0.00000000 0.00000000
vn 0.00000000 0.00000000 -1.00000000
vn 0.00000000 1.00000000 0.00000000
vn -0.50111413 -0.27471145 -0.82062064
vn 0.83377002 -0.43994347 0.33358252
vn 0.78265759 -0.49546958 0.37677180
vn 0.03041949 0.85113016 0.52407262
vn -0.09577271 -0.75752363 0.64574418
vn -0.13806402 -0.06422216 0.98833893
vn -0.54400852 0.21630820 0.81071912
vn -0.69626098 0.00164831 -0.71778682
vn 0.00000000 -1.00000000 0.00000000
vn 0.00000000 -1.00000000 0.00000000
vn 0.00000000 -1.00000000 0.00000000
vn 0.00000000 -1.00000000 0.00000000
vn 0.00127493 0.11491871 -0.99337408
vn -0.00126242 0.11492173 0.99337375
vn -0.27945860 -0.68672933 0.67104822
vn -0.53271002 -0.67876380 0.50546981
vn -0.62162277 -0.67555070 0.39650520
vn -0.49587950 -0.67247832 0.54943283
vn -0.52918806 0.63095224 -0.56732643
vn 0.52805368 0.63018957 0.56922792
vn -0.99998776 0.00494651 0.00004509
vn 0.00002157 0.00270730 0.99999634
vn -0.00005160 0.99978183 -0.02088768
vn -0.99989898 0.00061912 -0.01420034
vn 0.00000000 0.00000000 1.00000000
vn 0.00000000 0.00000000 1.00000000
vn 0.00000000 0.00000000 -1.00000000
vn 0.00000000 -1.00000000 0.00000000
vn 0.00000000 -1.00000000 0.00000000
vn -1.00000000 0.00000000 0.00000000
vn 0.00000000 -1.00000000 0.00000000
vn 0.71843001 0.56660896 0.40350045
vn 0.69951056 0.55383979 -0.45160433
vn 0.00000000 0.00000000 1.00000000
vn 0.99988110 0.00083037 -0.01539817
vn 1.00000000 0.00000000 0.00000000
vn 0.00000000 -1.00000000 0.00000000
vn 0.00000000 -1.00000000 0.00000000
vn 0.00000000 -1.00000000 0.00000000
vn 0.00000000 -1.00000000 0.00000000
vn 0.00000000 -1.00000000 0.00000000
vn 0.00000000 -1.00000000 0.00000000
vn 0.61510128 -0.67099952 0.41401698
vn -0.48880975 -0.66767313 -0.56149588
vn -0.52853507 0.63097310 0.56791164
vn 0.64227839 0.75995298 -0.09974936
vn -0.37249836 -0.67187838 -0.64017530
vn 0.54001249 -0.67477382 0.50305745
vn 0.99998764 0.00496788 -0.00020530
vn 0.00055192 0.00125581 0.99999906
vn -0.00053130 0.00131223 -0.99999900
vn 0.00000000 -1.00000000 0.00000000
vn 0.00000000 0.00000000 -1.00000000
vn 0.00000000 -1.00000000 0.00000000
vn 0.20814577 0.24700048 -0.94639638
vn -0.99978948 0.00100155 0.02049350
vn 0.00000000 -1.00000000 0.00000000
vn 0.00000000 0.00000000 1.00000000
vn 0.00000000 1.00000000 0.00000000
vn 0.00000000 -1.00000000 0.00000000
vn 0.00362690 -0.70217346 0.71199668
vn -0.64016567 -0.67187995 -0.37251207
vn -0.28506574 0.66472215 0.69056642
vn -0.64312381 0.66082491 0.38691370
vn 0.27956665 -0.68675437 0.67097759
vn -0.60087706 -0.55163892 -0.57848186
vn 0.99624058 0.04315642 0.07511472
vn 0.60020605 -0.55014964 0.58059286
vn -0.14760150 -0.65803060 0.73838305
vn 0.46700954 -0.67391480 0.57248662
vn -0.56142786 -0.66770962 -0.48883803
vn -0.73671767 -0.66495901 0.12278677
vn -0.65909767 0.70097948 0.27242987
vn 0.00034115 0.11530286 0.99333032
vn -0.00036852 0.11528572 -0.99333230
vn -0.00002157 0.00270730 -0.99999634
vn 1.00000000 0.00000000 0.00000000
vn 0.00000000 0.00000000 -1.00000000
vn 0.00000000 0.00000000 -1.00000000
vn 0.00000000 0.00000000 -1.00000000
vn 0.00000000 -1.00000000 0.00000000
vn 0.00000000 -1.00000000 0.00000000
vn 0.00000000 -1.00000000 0.00000000
vn 0.56149588 -0.66767313 -0.48880975
vn 0.00000000 -1.00000000 0.00000000
vn 0.66441395 0.65705482 0.35613630
vn 0.07261678 0.69029039 -0.71987915
vn 0.64017530 -0.67187838 -0.37249836
vn 0.48883803 -0.66770962 -0.56142786
vn 0.28387099 -0.66350232 -0.69222968
vn 0.65916076 0.70094355 0.27236966
vn 0.71985180 0.69033223 -0.07249008
vn -0.26208823 0.67108913 -0.69350497
vn 0.37251207 -0.67187995 -0.64016567
vn -0.60020836 -0.55104060 0.57974493
vn -0.99803399 0.03998576 0.04826284
vn 0.72528628 -0.68263176 -0.08929547
vn 0.00046296 0.00087700 0.99999951
vn -0.00045036 0.00095063 -0.99999945
vn 0.00000000 0.00000000 1.00000000
vn 0.00000000 1.00000000 0.00000000
vn 0.99981940 0.00083031 0.01898643
vn 0.00000000 -1.00000000 0.00000000
vn -1.00000000 0.00000000 0.00000000
vn 0.65222396 -0.46533448 0.59838761
vn 0.65342155 -0.46217534 -0.59952834
vn -0.83422521 0.42995872 -0.34525904
vn -0.29408785 0.95419039 -0.05507309
vn 0.00000000 1.00000000 0.00000000
vn -0.93883038 -0.34152661 0.04423907
vn -0.11180733 0.99369582 0.00822984
vn -0.96466842 -0.26346313 -0.00141786
vn 0.00000286 -0.33595463 0.94187817
vn 0.00001024 -0.26252193 0.96492603
vn 0.00000000 1.00000000 0.00000000
vn 0.00048909 0.99999168 0.00405016
vn 0.33970262 0.43086068 0.83603900
vn 0.00068876 0.99390641 0.11022511
vn -0.05066157 0.99837280 0.02617552
vn 0.06437618 0.95392721 0.29305049
vn -0.97693463 -0.21297914 -0.01544703
vn 0.45762128 -0.68884894 0.56220094
vn 0.60960432 0.55247381 0.56846746
vn 0.00029025 0.00587289 -0.99998271
vn 0.00000000 1.00000000 0.00000000
vn -0.00062555 0.99999403 -0.00339772
vn 1.00000000 0.00000000 0.00000000
vn 0.00000000 1.00000000 0.00000000
vn 0.00074968 0.00437017 -0.99999017
vn 0.00000000 0.00000000 1.00000000
vn -0.67787279 -0.00111427 0.73517837
vn 0.79143933 -0.33351966 0.51223863
vn -0.49958881 -0.33700134 -0.79802326
vn -0.02332485 0.99845534 0.05042703
vn 0.00000000 1.00000000 0.00000000
vn 0.00000000 1.00000000 0.00000000
vn 0.00000000 0.00000000 -1.00000000
vn 0.00000000 1.00000000 0.00000000
vn 0.00000000 -1.00000000 0.00000000
vn -0.00000000 -0.00000000 0.00000000
vn -0.00080450 -0.70364046 0.71055574
vn 1.00000000 0.00000000 0.00000000
vn -0.45918097 -0.69051544 -0.55887500
vn 0.59838672 -0.46533876 -0.65222172
vn 0.00082999 0.99979625 0.02016843
vn 1.00000000 0.00000000 0.00000000
vn 0.00000000 0.00000000 1.00000000
vn -0.68927905 0.00231195 0.72449226
vn 0.00000000 0.00000000 -1.00000000
vn 0.00000000 0.00000000 1.00000000
vn 0.00000000 1.00000000 0.00000000
vn 0.51545147 -0.85691310 0.00311686
vn 0.00000000 1.00000000 0.00000000
vn 0.00000000 0.00000000 -1.00000000
vn -0.00210112 -0.80440392 -0.59407906
vn 0.00000000 0.00000000 -0.00000000
vn 0.00000000 0.00000000 0.00000000
vn -0.59952752 -0.46217966 -0.65341926
vn 0.00000000 1.00000000 0.00000000
vn 1.00000000 0.00000000 0.00000000
vn -0.00037011 0.99978910 0.02053355
vn 0.00000000 1.00000000 0.00000000
vn 0.00000000 0.00000000 1.00000000
vn -1.00000000 0.00000000 0.00000000
vn -1.00000000 0.00000000 0.00000000
vn -0.51545147 -0.85691310 0.00311686
vn 0.00000000 -1.00000000 0.00000000
vn 0.40129800 0.91593984 0.00375721
vn 0.69965928 0.00115248 -0.71447573
vn 0.00000000 -1.00000000 0.00000000
vn 0.00000000 -1.00000000 0.00000000
vn 0.11852465 0.67507306 0.72816775
vn 0.40232792 0.68689387 0.60523471
vn -0.72966073 0.66872030 -0.14285790
vn -0.72808818 -0.67926533 0.09212069
vn -0.51737130 0.42062230 -0.74525420
vn 0.07256912 0.69048056 0.71970155
vn 0.28257455 0.68083402 0.67573416
vn -0.71987915 0.69029039 -0.07261678
vn -0.07011040 -0.68506935 0.72509622
vn 0.00041466 0.11041825 0.99388512
vn 0.96937705 0.24557392 0.00125966
vn 0.00002173 0.00274356 -0.99999624
vn -0.00002173 0.00274356 0.99999624
vn -0.00051932 0.99978413 -0.02077090
vn 0.00000000 0.00000000 -1.00000000
vn 0.00000000 0.00000000 1.00000000
vn -0.67581170 0.68080843 -0.28245075
vn 0.00000000 -1.00000000 0.00000000
vn 0.47619203 0.87934127 0.00026786
vn 0.00000000 -1.00000000 0.00000000
vn 0.00000000 -1.00000000 0.00000000
vn 0.00000000 -1.00000000 0.00000000
vn 0.00000000 -1.00000000 0.00000000
vn -0.27763423 0.68459075 0.67398423
vn -0.51730721 0.68724642 0.50998589
vn -0.61831960 0.67644454 0.40012955
vn -0.45170653 0.68529495 0.57125480
vn -0.07515900 0.04320266 0.99623524
vn -0.57847573 -0.55160975 0.60090973
vn 0.42125550 0.34184327 -0.84005177
vn 0.97992459 0.19932027 -0.00438571
vn -0.00055552 0.76563648 -0.64327325
vn 0.99998686 0.00512597 0.00004759
vn 0.99969087 0.00100128 0.02484267
vn 0.00000000 0.00000000 1.00000000
vn -1.00000000 0.00000000 0.00000000
vn 0.00000000 0.00000000 -1.00000000
vn 0.00000000 -1.00000000 0.00000000
vn 0.99993108 0.00045031 -0.01173194
vn 0.00000000 0.00000000 1.00000000
vn 0.00000000 -1.00000000 0.00000000
vn 0.27774228 0.68462296 0.67390699
vn -0.64225973 0.67247269 -0.36780827
vn -0.28280045 -0.68034103 0.67613607
vn -0.66608139 -0.67670601 0.31369501
vn -0.56733154 0.63097880 0.52915090
vn -0.55190212 0.67658490 -0.48748018
vn 0.46461403 0.68361828 0.56284976
vn -0.14052683 0.68633442 0.71358060
vn -0.71183060 0.69265337 0.11631207
vn -0.68545690 -0.67011782 0.28476473
vn 0.00055552 0.76563648 0.64327325
vn 0.81735110 0.57612820 0.00367105
vn 0.99997313 0.00733026 0.00006421
vn 0.00000000 0.00000000 -1.00000000
vn 1.00000000 0.00000000 0.00000000
vn 1.00000000 0.00000000 0.00000000
vn 0.01600159 -0.80876902 0.58790868
vn -0.13397419 0.95499828 -0.26463033
vn 0.67787408 -0.00111697 -0.73517718
vn 0.68503918 0.00160731 -0.72850446
vn -0.36084558 -0.33604764 0.86997842
vn 0.21150180 0.95696584 0.19870425
vn 0.56370157 0.60372501 0.56369908
vn -0.20727101 0.95613737 -0.20697840
vn 0.00000000 -1.00000000 0.00000000
vn 0.00000000 -1.00000000 0.00000000
vn -0.69676344 -0.71654665 0.03288773
vn 0.00000000 -1.00000000 0.00000000
vn -0.76895532 0.60872770 -0.19534151
vn -0.86924778 -0.33924432 -0.35961310
vn 0.49287743 0.80152867 0.33856112
vn -0.99779434 -0.04371002 0.04995884
vn -0.01119284 0.38814829 -0.92152896
vn 0.01014671 0.38773304 0.92171586
vn -0.67446930 0.01203488 0.73820480
vn 0.00016886 0.00414003 -0.99999142
vn 1.00000000 0.00000000 0.00000000
vn 0.00108971 -0.01219862 -0.99992500
vn -0.56349507 0.60380298 -0.56382202
vn 0.24510196 0.61044559 0.75318073
vn -0.00108971 -0.01219862 0.99992500
vn -0.03992819 0.99832416 0.04188806
vn 0.24689412 0.62208443 -0.74300354
vn 0.00000000 0.00000000 -1.00000000
vn -0.62257001 0.43642471 0.64956913
vn -0.87731292 -0.21741768 0.42784530
vn 0.20848091 0.95597770 -0.20650023
vn 0.07843545 0.99394345 -0.07696944
vn 0.00359457 -0.34522356 -0.93851360
vn 0.00000000 -1.00000000 0.00000000
vn 0.69676344 -0.71654665 0.03288773
vn -1.00000000 0.00000000 0.00000000
vn 0.65128999 0.43267439 -0.62338930
vn 0.76463033 0.60955838 -0.20923440
vn 0.94009781 -0.33529030 0.06161587
vn 0.06825688 0.87886744 -0.47215784
vn -0.55887269 -0.69049748 0.45921079
vn 0.67214625 0.01104632 0.74033600
vn 0.00000000 0.00000000 -1.00000000
vn 0.00000000 0.00000000 -1.00000000
vn 0.00000000 0.00000000 1.00000000
vn 0.00000000 0.00000000 1.00000000
vn -0.21095511 0.95978787 0.18521661
vn -0.09756832 0.99233930 0.07578349
vn 0.00000000 0.00000000 -1.00000000
vn -0.41477110 -0.27593478 0.86707839
vn 0.99779434 -0.04371002 0.04995884
vn 0.00000000 1.00000000 0.00000000
vn 0.00000000 0.00000000 -1.00000000
vn 0.00445473 0.99998250 -0.00389287
vn -0.00371742 0.99998371 0.00433091
vn 0.00000000 -1.00000000 0.00000000
vn 0.00000230 0.99998403 -0.00565156
vn -1.00000000 0.00000000 0.00000000
vn 0.00000000 0.00000000 0.00000000
vn -0.79993870 -0.56590059 -0.19963617
vn 0.00000000 1.00000000 0.00000000
vn -0.00032425 0.99999063 0.00431790
vn 0.00000000 1.00000000 0.00000000
vn 0.00000000 0.00000000 1.00000000
vn -1.00000000 0.00000000 0.00000000
vn 0.00000000 -1.00000000 0.00000000
vn 0.00000000 1.00000000 0.00000000
vn -0.69365655 0.00235663 0.72030204
vn 0.00000000 -0.80631783 -0.59148250
vn 0.00000000 1.00000000 0.00000000
vn 0.68928461 0.00231211 -0.72448698
vn 0.00000000 0.00000000 1.00000000
vn 1.00000000 0.00000000 0.00000000
vn 0.56113898 -0.68917151 0.45843830
vn -0.64917592 -0.46064405 0.60529140
vn 0.00000000 1.00000000 0.00000000
vn 0.00000000 1.00000000 0.00000000
vn 1.00000000 0.00000000 0.00000000
vn 0.00000000 -1.00000000 0.00000000
vn 0.00000000 0.00000000 -1.00000000
vn 0.00000000 0.00000000 1.00000000
vn 0.00000000 1.00000000 0.00000000
vn 0.00000000 -1.00000000 0.00000000
vn 0.00000000 -1.00000000 0.00000000
vn -0.69711636 0.00194511 0.71695536
vn 0.00000000 -1.00000000 0.00000000
vn 0.00000000 -1.00000000 0.00000000
vn -0.72262509 -0.67564772 -0.14599021
vn -0.07397241 0.67254458 0.73635037
vn 0.70384465 0.44851930 0.55084766
vn 0.28404454 -0.66354156 0.69212087
vn 0.07137862 -0.66700234 0.74162860
vn -0.69222968 -0.66350232 -0.28387099
vn -0.74143880 -0.66721084 -0.07140167
vn 0.12069011 -0.68266407 0.72069665
vn 0.40620133 -0.68451463 0.60534304
vn 0.00130560 0.76834114 0.64003920
vn -0.00130560 0.76834114 -0.64003920
vn 0.00000000 0.00000000 -1.00000000
vn 0.00000000 -1.00000000 0.00000000
vn 0.00000000 0.00000000 -1.00000000
vn 0.00000000 0.00000000 1.00000000
vn 0.00000000 -1.00000000 0.00000000
vn -0.73887154 0.66605431 0.10217873
vn 0.00065050 0.99999533 0.00298733
vn 0.00000000 0.00000000 1.00000000
vn -0.89145052 -0.26926879 -0.36443145
vn 0.20375366 -0.33555949 0.91971967
vn -0.10752642 0.99384559 -0.02662722
vn 0.20405655 -0.26667168 0.94193797
vn -0.94449104 -0.26664553 -0.19192925
vn -0.18285964 0.42659481 0.88576477
vn 0.07384288 0.99360181 0.08545570
vn 0.52384538 -0.85169927 0.01394181
vn 0.41097415 -0.26976599 0.87081948
vn 0.03108528 0.99388052 0.10599629
vn 0.00000000 0.00000000 1.00000000
vn 0.00000000 -1.00000000 0.00000000
vn -0.08289973 0.99376838 -0.07451202
vn -0.92343510 -0.33641454 -0.18464255
vn 0.00003493 0.95425473 0.29899482
vn 0.04908470 0.55570873 0.82992680
vn -1.00000000 0.00000000 0.00000000
vn 0.59574792 0.44686142 0.66738242
vn 0.67445126 0.01198043 -0.73822217
vn -0.00064862 0.99999532 -0.00298872
vn 0.00000000 0.00000000 1.00000000
vn -0.68503239 0.00160717 0.72851084
vn -0.88376915 0.43183578 0.18019419
vn -0.29561310 0.95520098 0.01428193
vn 0.00000000 0.00000000 -1.00000000
vn 0.00000000 0.00000000 -1.00000000
vn -0.99992191 -0.00068807 0.01247796
vn 0.00000000 1.00000000 0.00000000
vn -1.00000000 0.00000000 0.00000000
vn 0.00000000 0.00000000 -1.00000000
vn 0.00000000 -1.00000000 0.00000000
vn 0.00000000 -1.00000000 0.00000000
vn 0.47792275 0.59039119 -0.65040609
vn 0.90890962 0.24516371 0.33731004
vn 0.00000000 0.00000000 1.00000000
vn 0.00000000 -1.00000000 0.00000000
vn 0.00000000 -1.00000000 0.00000000
vn 0.00000156 0.99998471 0.00552976
vn -1.00000000 0.00000000 0.00000000
vn 0.00000000 1.00000000 0.00000000
vn 0.00000000 -1.00000000 0.00000000
vn 0.00000000 0.00000000 -1.00000000
vn -0.00555404 0.99998448 0.00044118
vn 0.01658710 -0.13693933 -0.99044055
vn 1.00000000 0.00000000 0.00000000
vn 0.00044715 0.00621996 0.99998056
vn -0.52763853 -0.36899933 -0.76513860
vn 0.00000000 1.00000000 0.00000000
vn 0.00000000 1.00000000 0.00000000
vn 0.99989892 0.00061918 0.01420474
vn -0.00362690 -0.70217346 0.71199668
vn 0.00000000 0.00000000 1.00000000
vn 0.00000000 0.00000000 1.00000000
vn 0.74982814 0.61080301 0.25431761
vn 0.00000000 0.00000000 -1.00000000
vn 0.04069209 0.99834233 0.04070312
vn -1.00000000 0.00000000 0.00000000
vn 0.45837973 0.43464935 -0.77522124
vn -0.67622348 0.00012867 -0.73669654
vn -0.13561889 0.95497818 0.26386396
vn 0.57398130 -0.33748329 -0.74609014
vn 1.00000000 0.00000000 0.00000000
vn 0.99984419 0.00084601 0.01763198
vn 0.00000000 -1.00000000 0.00000000
vn 0.00000000 -1.00000000 0.00000000
vn 0.05649472 0.99839861 0.00292729
vn 0.86592390 -0.34538117 -0.36178397
vn -0.00257711 0.99998754 0.00427475
vn 0.00000000 1.00000000 0.00000000
vn 0.00000000 1.00000000 0.00000000
vn 0.82624215 0.56328628 0.00569805
vn 0.00000000 0.00000000 1.00000000
vn 0.00000000 0.00000000 -1.00000000
vn 0.62126736 0.36359854 -0.69413469
vn 0.62975817 0.27304630 -0.72722099
vn 0.00000000 1.00000000 0.00000000
vn 0.00000000 0.00000000 1.00000000
vn -0.00218071 0.99827664 -0.05864296
vn -0.47360952 0.83100742 0.29175452
vn -0.24003012 0.61682717 -0.74960642
vn -0.99917641 -0.00074994 -0.04057025
vn 1.00000000 0.00000000 0.00000000
vn 0.00080450 -0.70364046 0.71055574
vn -0.67852207 -0.26656717 0.68450694
vn 0.00000000 0.00000000 1.00000000
vn 0.00000000 -1.00000000 0.00000000
vn 0.00000000 1.00000000 0.00000000
vn 0.00000000 0.00000000 1.00000000
vn 1.00000000 0.00000000 0.00000000
vn 0.00000000 -1.00000000 0.00000000
vn 0.00000000 0.00000000 -1.00000000
vn 0.00000000 0.00000000 1.00000000
vn 0.00000000 0.00000000 1.00000000
vn 0.00000000 1.00000000 0.00000000
vn -0.00171475 -0.14917901 -0.98880872
vn -0.97740354 -0.21137586 -0.00160060
vn -0.00000000 -0.15279967 0.98825718
vn -0.00000000 0.00000000 0.00000000
vn 0.00000000 1.00000000 0.00000000
vn 0.00000000 1.00000000 0.00000000
vn 0.99993962 0.00011388 0.01098860
vn 0.00000000 -1.00000000 0.00000000
vn 0.00000000 1.00000000 0.00000000
vn 0.69366079 0.00235676 -0.72029796
vn 0.00000000 -1.00000000 0.00000000
vn 1.00000000 0.00000000 0.00000000
vn 0.00000000 0.00000000 -1.00000000
vn 0.00000000 0.00000000 1.00000000
vn 0.00314052 0.99989687 -0.01401397
vn 0.00000000 0.00000000 -1.00000000
vn 0.00000000 -1.00000000 0.00000000
vn 0.00986672 -0.81093380 -0.58505471
vn 0.00000000 -1.00000000 0.00000000
vn 0.00000000 -1.00000000 0.00000000
vn 0.00000000 -1.00000000 0.00000000
vn 0.00000000 -1.00000000 0.00000000
vn 0.00000000 0.00000000 1.00000000
vn 0.00000000 0.00000000 -1.00000000
vn 0.68812237 0.00239831 0.72559069
vn 0.00000000 -0.80628688 0.59152470
vn 0.00000000 0.00000000 -1.00000000
vn -1.00000000 0.00000000 0.00000000
f 1338//1338 935//935 942//942
f 43//43 692//692 662//662
f 1174//1174 58//58 160//160
f 138//138 1173//1173 2//2
f 152//152 1391//1391 154//154
f 911//911 962//962 1220//1220
f 240//240 18//18 313//313
f 157//157 1400//1400 562//562
f 1203//1203 1362//1362 57//57
f 1479//1479 1117//1117 238//238
f 1117//1117 1226//1226 238//238
f 238//238 1226//1226 1248//1248
f 1135//1135 770//770 1307//1307
f 1368//1368 1492//1492 1347//1347
f 1211//1211 902//902 84//84
f 1196//1196 215//215 213//213
f 1501//1501 213//213 291//291
f 397//397 1003//1003 928//928
f 1196//1196 63//63 1186//1186
f 1196//1196 1501//1501 63//63
f 779//779 1273//1273 1121//1121
f 1501//1501 409//409 103//103
f 967//967 868//868 277//277
f 213//213 1243//1243 1384//1384
f 1003//1003 47//47 672//672
f 1003//1003 672//672 382//382
f 1326//1326 394//394 846//846
f 1316//1316 32//32 30//30
f 424//424 786//786 885//885
f 1510//1510 245//245 1212//1212
f 56//56 109//109 700//700
f 150//150 56//56 172//172
f 63//63 1363//1363 161//161
f 1184//1184 1412//1412 1363//1363
f 9//9 1058//1058 1183//1183
f 1232//1232 1374//1374 1233//1233
f 1193//1193 138//138 223//223
f 565//565 12//12 223//223
f 977//977 868//868 967//967
f 701//701 1042//1042 1301//1301
f 23//23 935//935 1338//1338
f 955//955 911//911 956//956
f 888//888 581//581 989//989
f 955//955 1005//1005 911//911
f 1495//1495 1209//1209 210//210
f 181//181 189//189 1412//1412
f 1376//1376 1125//1125 423//423
f 699//699 128//128 221//221
f 689//689 947//947 671//671
f 408//408 1174//1174 160//160
f 1479//1479 238//238 23//23
f 1440//1440 1462//1462 1432//1432
f 670//670 736//736 796//796
f 240//240 1081//1081 1491//1491
f 96//96 1167//1167 212//212
f 105//105 96//96 212//212
f 639//639 1328//1328 1025//1025
f 999//999 606//606 530//530
f 1356//1356 277//277 1117//1117
f 56//56 1167//1167 109//109
f 150//150 105//105 212//212
f 75//75 1486//1486 1460//1460
f 842//842 1446//1446 1193//1193
f 1211//1211 84//84 21//21
f 1348//1348 84//84 796//796
f 101//101 219//219 1208//1208
f 1349//1349 69//69 1209//1209
f 152//152 223//223 1353//1353
f 364//364 1318//1318 36//36
f 844//844 842//842 1324//1324
f 12//12 60//60 1193//1193
f 1289//1289 729//729 1182//1182
f 954//954 1013//1013 907//907
f 1319//1319 837//837 845//845
f 999//999 335//335 894//894
f 1406//1406 1170//1170 1397//1397
f 138//138 2//2 1353//1353
f 1168//1168 1170//1170 1406//1406
f 1168//1168 1406//1406 179//179
f 840//840 833//833 839//839
f 823//823 624//624 489//489
f 27//27 372//372 1001//1001
f 27//27 1446//1446 1325//1325
f 193//193 1301//1301 1292//1292
f 1325//1325 1446//1446 842//842
f 707//707 1038//1038 934//934
f 55//55 931//931 1291//1291
f 746//746 799//799 625//625
f 720//720 702//702 1035//1035
f 584//584 536//536 993//993
f 671//671 1460//1460 626//626
f 966//966 1057//1057 1418//1418
f 1030//1030 136//136 170//170
f 954//954 375//375 901//901
f 1012//1012 901//901 375//375
f 1168//1168 1036//1036 114//114
f 707//707 705//705 1038//1038
f 707//707 32//32 114//114
f 1324//1324 38//38 841//841
f 1190//1190 732//732 117//117
f 120//120 182//182 1391//1391
f 839//839 1453//1453 899//899
f 720//720 1031//1031 702//702
f 1168//1168 108//108 1170//1170
f 54//54 831//831 1336//1336
f 1336//1336 831//831 55//55
f 55//55 831//831 931//931
f 739//739 791//791 588//588
f 1012//1012 169//169 901//901
f 699//699 221//221 58//58
f 126//126 411//411 869//869
f 897//897 1002//1002 931//931
f 231//231 210//210 1219//1219
f 1059//1059 169//169 717//717
f 412//412 875//875 876//876
f 1472//1472 162//162 1191//1191
f 731//731 117//117 732//732
f 27//27 1001//1001 733//733
f 383//383 1008//1008 19//19
f 939//939 363//363 899//899
f 659//659 609//609 186//186
f 281//281 1203//1203 1383//1383
f 860//860 538//538 1388//1388
f 1066//1066 348//348 1082//1082
f 1397//1397 1393//1393 149//149
f 710//710 192//192 769//769
f 1453//1453 833//833 924//924
f 755//755 818//818 503//503
f 28//28 853//853 1024//1024
f 1172//1172 1171//1171 1396//1396
f 111//111 148//148 1294//1294
f 1202//1202 985//985 1125//1125
f 1399//1399 116//116 1292//1292
f 714//714 1292//1292 116//116
f 1350//1350 1511//1511 961//961
f 153//153 113//113 1178//1178
f 143//143 1402//1402 116//116
f 1458//1458 936//936 1004//1004
f 1188//1188 1403//1403 1414//1414
f 390//390 927//927 905//905
f 1169//1169 123//123 1395//1395
f 734//734 717//717 1033//1033
f 1406//1406 1397//1397 149//149
f 1167//1167 1038//1038 705//705
f 938//938 914//914 936//936
f 488//488 787//787 429//429
f 85//85 33//33 297//297
f 121//121 1192//1192 52//52
f 121//121 52//52 1452//1452
f 1308//1308 645//645 192//192
f 838//838 168//168 903//903
f 1196//1196 213//213 1501//1501
f 1032//1032 137//137 146//146
f 644//644 444//444 641//641
f 1169//1169 1395//1395 1166//1166
f 866//866 278//278 406//406
f 151//151 1416//1416 1415//1415
f 18//18 1432//1432 41//41
f 527//527 604//604 532//532
f 700//700 697//697 1058//1058
f 200//200 1294//1294 1034//1034
f 71//71 855//855 41//41
f 838//838 1399//1399 168//168
f 1264//1264 1083//1083 1158//1158
f 628//628 466//466 741//741
f 659//659 407//407 457//457
f 1470//1470 1011//1011 960//960
f 305//305 1142//1142 1152//1152
f 28//28 837//837 853//853
f 1407//1407 1176//1176 139//139
f 378//378 22//22 49//49
f 858//858 1452//1452 1333//1333
f 773//773 181//181 1412//1412
f 1023//1023 1288//1288 933//933
f 1266//1266 694//694 614//614
f 782//782 881//881 780//780
f 872//872 415//415 571//571
f 1288//1288 704//704 1034//1034
f 1458//1458 838//838 903//903
f 938//938 903//903 1301//1301
f 856//856 960//960 904//904
f 738//738 348//348 465//465
f 651//651 777//777 156//156
f 396//396 1011//1011 1006//1006
f 1168//1168 114//114 108//108
f 396//396 1006//1006 932//932
f 396//396 932//932 905//905
f 476//476 1226//1226 1117//1117
f 1334//1334 1312//1312 1177//1177
f 628//628 741//741 1337//1337
f 1007//1007 37//37 1317//1317
f 15//15 1340//1340 1343//1343
f 928//928 852//852 391//391
f 122//122 142//142 1430//1430
f 1175//1175 116//116 113//113
f 175//175 1294//1294 1405//1405
f 772//772 721//721 646//646
f 1428//1428 1247//1247 1115//1115
f 1474//1474 1454//1454 370//370
f 216//216 1208//1208 1358//1358
f 856//856 88//88 1343//1343
f 364//364 1317//1317 1318//1318
f 122//122 1430//1430 1192//1192
f 403//403 1037//1037 137//137
f 1165//1165 111//111 715//715
f 856//856 147//147 88//88
f 549//549 1246//1246 1237//1237
f 839//839 31//31 1323//1323
f 910//910 937//937 1009//1009
f 559//559 1268//1268 166//166
f 190//190 714//714 1401//1401
f 1020//1020 1154//1154 1327//1327
f 734//734 1040//1040 200//200
f 1165//1165 1393//1393 112//112
f 1450//1450 899//899 932//932
f 1081//1081 1217//1217 1491//1491
f 834//834 30//30 1315//1315
f 396//396 905//905 927//927
f 905//905 932//932 363//363
f 1357//1357 1195//1195 1499//1499
f 1471//1471 834//834 1333//1333
f 1118//1118 892//892 867//867
f 797//797 946//946 744//744
f 750//750 752//752 420//420
f 1014//1014 1042//1042 898//898
f 1372//1372 541//541 560//560
f 190//190 1051//1051 714//714
f 1059//1059 1034//1034 169//169
f 1165//1165 715//715 174//174
f 1165//1165 174//174 1393//1393
f 514//514 1159//1159 1248//1248
f 675//675 747//747 637//637
f 1272//1272 283//283 1120//1120
f 1170//1170 108//108 1415//1415
f 1364//1364 1185//1185 1204//1204
f 686//686 813//813 817//817
f 723//723 605//605 1019//1019
f 379//379 898//898 940//940
f 830//830 108//108 1316//1316
f 497//497 637//637 747//747
f 629//629 447//447 747//747
f 1441//1441 626//626 1460//1460
f 734//734 174//174 715//715
f 1023//1023 954//954 901//901
f 830//830 1316//1316 1471//1471
f 431//431 485//485 459//459
f 1513//1513 926//926 77//77
f 840//840 1323//1323 37//37
f 1336//1336 135//135 1398//1398
f 27//27 1325//1325 372//372
f 1009//1009 908//908 940//940
f 1038//1038 1468//1468 368//368
f 1324//1324 842//842 1338//1338
f 195//195 128//128 699//699
f 28//28 1024//1024 956//956
f 966//966 1418//1418 554//554
f 60//60 277//277 1356//1356
f 369//369 1002//1002 368//368
f 1440//1440 1472//1472 845//845
f 247//247 751//751 631//631
f 1440//1440 129//129 1472//1472
f 1157//1157 407//407 280//280
f 734//734 1033//1033 709//709
f 623//623 1162//1162 1351//1351
f 1017//1017 1455//1455 948//948
f 1472//1472 129//129 162//162
f 1438//1438 836//836 1464//1464
f 856//856 1405//1405 147//147
f 842//842 40//40 1338//1338
f 720//720 170//170 1031//1031
f 852//852 1035//1035 392//392
f 720//720 1035//1035 1461//1461
f 195//195 1310//1310 128//128
f 1261//1261 1081//1081 230//230
f 140//140 138//138 1446//1446
f 1193//1193 1446//1446 138//138
f 140//140 1173//1173 138//138
f 827//827 1265//1265 1162//1162
f 1445//1445 1485//1485 92//92
f 180//180 1309//1309 161//161
f 180//180 161//161 1183//1183
f 916//916 798//798 947//947
f 977//977 1408//1408 1181//1181
f 176//176 430//430 293//293
f 799//799 1248//1248 250//250
f 565//565 152//152 568//568
f 1378//1378 1127//1127 656//656
f 267//267 314//314 327//327
f 1330//1330 465//465 348//348
f 216//216 1039//1039 171//171
f 207//207 98//98 214//214
f 1370//1370 13//13 235//235
f 775//775 105//105 150//150
f 1138//1138 324//324 1157//1157
f 207//207 8//8 98//98
f 120//120 1391//1391 2//2
f 1299//1299 109//109 1167//1167
f 685//685 503//503 501//501
f 560//560 1098//1098 1389//1389
f 1258//1258 607//607 286//286
f 1282//1282 1248//1248 1226//1226
f 490//490 1249//1249 737//737
f 479//479 781//781 780//780
f 53//53 843//843 1218//1218
f 27//27 140//140 1446//1446
f 1222//1222 1449//1449 917//917
f 78//78 1449//1449 1222//1222
f 1102//1102 572//572 658//658
f 972//972 110//110 1046//1046
f 742//742 1250//1250 791//791
f 434//434 110//110 972//972
f 446//446 662//662 462//462
f 1312//1312 1341//1341 1177//1177
f 90//90 362//362 1480//1480
f 1464//1464 362//362 90//90
f 963//963 1480//1480 362//362
f 100//100 1367//1367 1205//1205
f 1255//1255 305//305 306//306
f 1380//1380 1379//1379 656//656
f 56//56 212//212 1167//1167
f 918//918 735//735 1447//1447
f 1476//1476 1315//1315 30//30
f 1007//1007 1004//1004 365//365
f 176//176 1290//1290 1289//1289
f 1454//1454 1493//1493 398//398
f 957//957 942//942 900//900
f 1313//1313 944//944 1462//1462
f 1419//1419 703//703 110//110
f 771//771 539//539 718//718
f 62//62 6//6 130//130
f 789//789 553//553 474//474
f 1279//1279 1130//1130 1280//1280
f 1059//1059 717//717 734//734
f 736//736 315//315 69//69
f 136//136 1394//1394 170//170
f 1200//1200 1056//1056 166//166
f 830//830 1415//1415 108//108
f 153//153 1172//1172 113//113
f 67//67 5//5 214//214
f 154//154 1391//1391 182//182
f 900//900 662//662 692//692
f 70//70 90//90 1480//1480
f 356//356 1154//1154 1020//1020
f 380//380 70//70 1480//1480
f 1489//1489 87//87 219//219
f 208//208 220//220 1437//1437
f 114//114 1316//1316 108//108
f 546//546 131//131 433//433
f 546//546 1045//1045 131//131
f 1479//1479 1356//1356 1117//1117
f 619//619 508//508 826//826
f 633//633 499//499 632//632
f 750//750 632//632 752//752
f 27//27 1190//1190 140//140
f 1030//1030 1310//1310 731//731
f 739//739 585//585 791//791
f 1326//1326 42//42 1005//1005
f 795//795 443//443 508//508
f 1447//1447 965//965 1465//1465
f 918//918 1447//1447 1465//1465
f 39//39 364//364 36//36
f 734//734 709//709 174//174
f 1489//1489 219//219 7//7
f 1513//1513 1434//1434 1483//1483
f 1228//1228 1386//1386 660//660
f 36//36 373//373 1011//1011
f 1343//1343 36//36 1470//1470
f 858//858 54//54 1336//1336
f 830//830 1471//1471 1415//1415
f 966//966 651//651 173//173
f 1137//1137 661//661 1387//1387
f 1299//1299 1183//1183 697//697
f 323//323 296//296 764//764
f 966//966 173//173 1057//1057
f 274//274 1206//1206 1414//1414
f 28//28 944//944 1313//1313
f 811//811 749//749 448//448
f 461//461 673//673 1449//1449
f 1178//1178 1176//1176 1407//1407
f 627//627 44//44 1455//1455
f 131//131 171//171 1039//1039
f 647//647 1296//1296 469//469
f 673//673 917//917 1449//1449
f 399//399 461//461 1449//1449
f 509//509 367//367 666//666
f 553//553 789//789 554//554
f 379//379 1014//1014 898//898
f 1085//1085 694//694 1266//1266
f 562//562 1400//1400 561//561
f 1464//1464 800//800 493//493
f 1451//1451 832//832 29//29
f 628//628 627//627 495//495
f 1339//1339 29//29 832//832
f 1251//1251 1140//1140 235//235
f 1339//1339 79//79 29//29
f 689//689 608//608 429//429
f 1212//1212 79//79 1339//1339
f 710//710 769//769 1295//1295
f 1212//1212 68//68 79//79
f 1357//1357 698//698 1290//1290
f 32//32 934//934 831//831
f 387//387 1451//1451 1022//1022
f 1368//1368 1347//1347 96//96
f 639//639 1025//1025 824//824
f 824//824 1025//1025 961//961
f 26//26 1263//1263 1511//1511
f 1074//1074 1146//1146 358//358
f 1442//1442 1160//1160 345//345
f 136//136 1401//1401 1394//1394
f 389//389 46//46 47//47
f 1021//1021 489//489 959//959
f 342//342 1350//1350 854//854
f 956//956 942//942 957//957
f 592//592 326//326 313//313
f 257//257 1221//1221 1509//1509
f 172//172 700//700 708//708
f 1495//1495 1362//1362 128//128
f 1435//1435 88//88 147//147
f 795//795 491//491 443//443
f 1135//1135 1//1 293//293
f 1364//1364 203//203 1135//1135
f 1364//1364 1204//1204 1093//1093
f 216//216 171//171 101//101
f 765//765 893//893 533//533
f 1093//1093 1204//1204 1268//1268
f 476//476 277//277 868//868
f 591//591 507//507 690//690
f 1328//1328 127//127 851//851
f 959//959 1331//1331 851//851
f 551//551 159//159 850//850
f 1455//1455 843//843 906//906
f 1417//1417 729//729 1289//1289
f 218//218 1409//1409 703//703
f 540//540 648//648 472//472
f 382//382 513//513 902//902
f 1417//1417 1289//1289 698//698
f 120//120 2//2 58//58
f 700//700 109//109 697//697
f 1357//1357 1499//1499 698//698
f 1227//1227 1422//1422 260//260
f 1227//1227 788//788 1422//1422
f 253//253 1080//1080 320//320
f 1321//1321 741//741 1456//1456
f 750//750 420//420 450//450
f 1264//1264 1158//1158 459//459
f 393//393 445//445 613//613
f 1484//1484 87//87 70//70
f 371//371 1444//1444 1484//1484
f 1021//1021 456//456 615//615
f 924//924 833//833 841//841
f 801//801 828//828 466//466
f 15//15 1448//1448 838//838
f 195//195 699//699 1173//1173
f 823//823 489//489 615//615
f 342//342 339//339 233//233
f 342//342 624//624 228//228
f 1509//1509 92//92 73//73
f 930//930 17//17 73//73
f 1107//1107 1285//1285 1283//1283
f 1286//1286 1094//1094 1285//1285
f 911//911 1005//1005 962//962
f 1286//1286 272//272 1094//1094
f 904//904 960//960 933//933
f 175//175 904//904 1288//1288
f 557//557 864//864 991//991
f 767//767 362//362 493//493
f 456//456 1156//1156 254//254
f 856//856 1470//1470 960//960
f 918//918 594//594 735//735
f 770//770 864//864 124//124
f 1378//1378 656//656 1377//1377
f 1167//1167 96//96 1347//1347
f 897//897 934//934 368//368
f 64//64 1498//1498 1185//1185
f 639//639 616//616 428//428
f 1108//1108 890//890 536//536
f 1291//1291 1035//1035 702//702
f 1389//1389 974//974 1372//1372
f 538//538 1116//1116 1269//1269
f 50//50 845//845 1472//1472
f 399//399 1449//1449 78//78
f 251//251 1384//1384 1261//1261
f 332//332 354//354 333//333
f 860//860 100//100 400//400
f 9//9 1183//1183 1363//1363
f 217//217 1392//1392 100//100
f 217//217 706//706 1392//1392
f 1043//1043 727//727 728//728
f 818//818 754//754 684//684
f 1134//1134 1241//1241 1136//1136
f 1134//1134 1136//1136 275//275
f 1450//1450 839//839 899//899
f 160//160 58//58 221//221
f 1409//1409 1046//1046 110//110
f 861//861 893//893 558//558
f 742//742 642//642 762//762
f 861//861 533//533 893//893
f 133//133 177//177 533//533
f 219//219 87//87 1208//1208
f 366//366 1475//1475 792//792
f 860//860 1388//1388 1367//1367
f 1504//1504 1213//1213 1494//1494
f 316//316 1088//1088 1079//1079
f 241//241 317//317 1088//1088
f 481//481 1155//1155 1126//1126
f 241//241 827//827 318//318
f 623//623 760//760 827//827
f 1257//1257 226//226 635//635
f 111//111 1395//1395 148//148
f 371//371 1485//1485 1445//1445
f 900//900 942//942 935//935
f 1025//1025 1331//1331 854//854
f 39//39 1004//1004 364//364
f 35//35 945//945 1514//1514
f 294//294 320//320 1092//1092
f 372//372 940//940 898//898
f 918//918 825//825 594//594
f 1286//1286 1285//1285 255//255
f 698//698 1289//1289 1290//1290
f 1496//1496 1195//1195 1357//1357
f 99//99 1197//1197 141//141
f 913//913 964//964 794//794
f 232//232 1262//1262 463//463
f 965//965 1513//1513 1483//1483
f 442//442 612//612 255//255
f 1301//1301 903//903 1292//1292
f 442//442 611//611 612//612
f 369//369 391//391 1002//1002
f 1343//1343 1430//1430 80//80
f 1098//1098 1099//1099 1389//1389
f 241//241 1088//1088 620//620
f 1348//1348 736//736 69//69
f 241//241 620//620 1265//1265
f 150//150 172//172 183//183
f 595//595 589//589 510//510
f 1299//1299 1167//1167 705//705
f 943//943 844//844 1459//1459
f 1442//1442 345//345 256//256
f 1068//1068 791//791 1250//1250
f 948//948 1455//1455 44//44
f 1223//1223 945//945 1322//1322
f 689//689 429//429 787//787
f 797//797 744//744 41//41
f 1012//1012 717//717 169//169
f 1514//1514 945//945 399//399
f 151//151 1415//1415 1471//1471
f 993//993 536//536 890//890
f 676//676 637//637 497//497
f 1189//1189 1305//1305 997//997
f 401//401 1414//1414 1189//1189
f 274//274 1414//1414 401//401
f 1211//1211 928//928 902//902
f 939//939 1013//1013 363//363
f 201//201 402//402 104//104
f 1114//1114 1354//1354 1206//1206
f 211//211 1354//1354 1114//1114
f 1371//1371 1354//1354 211//211
f 232//232 763//763 255//255
f 167//167 583//583 269//269
f 993//993 890//890 552//552
f 422//422 878//878 575//575
f 55//55 1291//1291 119//119
f 584//584 1269//1269 536//536
f 211//211 137//137 1032//1032
f 506//506 953//953 609//609
f 860//860 1367//1367 100//100
f 1171//1171 702//702 1031//1031
f 217//217 1205//1205 1413//1413
f 1249//1249 346//346 347//347
f 293//293 991//991 770//770
f 1236//1236 549//549 1235//1235
f 259//259 1092//1092 1242//1242
f 5//5 207//207 214//214
f 1476//1476 831//831 54//54
f 1469//1469 1208//1208 1444//1444
f 259//259 1116//1116 1092//1092
f 401//401 1189//1189 997//997
f 372//372 898//898 1001//1001
f 1178//1178 113//113 116//116
f 1062//1062 896//896 310//310
f 431//431 400//400 485//485
f 1052//1052 1392//1392 706//706
f 163//163 1052//1052 706//706
f 476//476 543//543 1226//1226
f 1166//1166 112//112 1416//1416
f 615//615 254//254 1084//1084
f 218//218 703//703 209//209
f 823//823 669//669 228//228
f 167//167 269//269 97//97
f 1445//1445 339//339 768//768
f 1435//1435 123//123 1177//1177
f 1445//1445 92//92 339//339
f 73//73 1485//1485 380//380
f 930//930 73//73 380//380
f 403//403 486//486 1037//1037
f 1138//1138 252//252 275//275
f 1297//1297 1179//1179 130//130
f 369//369 368//368 1468//1468
f 42//42 381//381 962//962
f 1506//1506 1067//1067 243//243
f 765//765 321//321 893//893
f 1130//1130 1380//1380 656//656
f 594//594 444//444 735//735
f 765//765 533//533 695//695
f 900//900 935//935 662//662
f 1338//1338 1479//1479 23//23
f 1476//1476 30//30 831//831
f 695//695 533//533 177//177
f 1413//1413 131//131 1039//1039
f 695//695 177//177 929//929
f 1196//1196 1186//1186 129//129
f 115//115 48//48 929//929
f 1080//1080 1242//1242 1092//1092
f 1502//1502 48//48 115//115
f 497//497 747//747 447//447
f 1502//1502 94//94 48//48
f 836//836 1475//1475 366//366
f 627//627 1455//1455 906//906
f 664//664 374//374 793//793
f 363//363 932//932 899//899
f 53//53 906//906 843//843
f 488//488 270//270 534//534
f 133//133 201//201 10//10
f 193//193 701//701 1301//1301
f 323//323 764//764 663//663
f 1319//1319 845//845 50//50
f 1037//1037 146//146 137//137
f 1356//1356 1338//1338 40//40
f 344//344 621//621 336//336
f 217//217 1039//1039 706//706
f 1326//1326 45//45 1016//1016
f 106//106 1032//1032 146//146
f 506//506 643//643 1314//1314
f 106//106 199//199 1032//1032
f 1217//1217 215//215 129//129
f 1122//1122 1230//1230 1271//1271
f 954//954 907//907 375//375
f 158//158 851//851 127//127
f 1311//1311 650//650 1055//1055
f 1300//1300 1299//1299 179//179
f 1299//1299 180//180 1183//1183
f 198//198 406//406 1199//1199
f 627//627 906//906 507//507
f 939//939 853//853 837//837
f 620//620 51//51 93//93
f 455//455 1155//1155 481//481
f 775//775 150//150 183//183
f 1244//1244 1241//1241 1109//1109
f 294//294 471//471 431//431
f 17//17 1509//1509 73//73
f 35//35 86//86 146//146
f 1201//1201 950//950 724//724
f 249//249 266//266 725//725
f 470//470 563//563 469//469
f 430//430 272//272 991//991
f 556//556 1244//1244 1109//1109
f 879//879 722//722 982//982
f 1470//1470 36//36 1011//1011
f 1431//1431 78//78 1222//1222
f 998//998 1429//1429 1112//1112
f 217//217 100//100 1205//1205
f 1490//1490 921//921 951//951
f 1490//1490 951//951 921//921
f 642//642 585//585 693//693
f 442//442 255//255 763//763
f 1435//1435 1343//1343 88//88
f 1015//1015 796//796 513//513
f 730//730 709//709 132//132
f 1089//1089 1229//1229 261//261
f 142//142 80//80 1430//1430
f 943//943 910//910 915//915
f 184//184 1311//1311 155//155
f 943//943 841//841 833//833
f 620//620 696//696 51//51
f 948//948 44//44 1337//1337
f 1085//1085 610//610 324//324
f 1300//1300 1406//1406 149//149
f 1210//1210 83//83 1433//1433
f 998//998 764//764 1429//1429
f 1184//1184 1363//1363 63//63
f 957//957 692//692 394//394
f 572//572 980//980 873//873
f 1272//1272 1374//1374 1232//1232
f 1421//1421 270//270 488//488
f 1374//1374 658//658 1233//1233
f 1486//1486 1347//1347 1492//1492
f 1125//1125 985//985 423//423
f 479//479 684//684 781//781
f 1478//1478 912//912 492//492
f 167//167 199//199 196//196
f 289//289 1101//1101 427//427
f 451//451 751//751 604//604
f 180//180 730//730 1309//1309
f 1151//1151 448//448 749//749
f 1074//1074 328//328 300//300
f 1088//1088 696//696 620//620
f 66//66 1224//1224 11//11
f 206//206 1187//1187 118//118
f 1208//1208 87//87 1444//1444
f 1156//1156 253//253 1083//1083
f 644//644 641//641 766//766
f 70//70 89//89 1438//1438
f 682//682 685//685 814//814
f 457//457 1157//1157 324//324
f 979//979 571//571 414//414
f 1394//1394 1031//1031 170//170
f 565//565 223//223 152//152
f 12//12 1193//1193 223//223
f 1298//1298 718//718 539//539
f 1202//1202 1125//1125 1410//1410
f 502//502 753//753 634//634
f 1122//1122 571//571 415//415
f 325//325 231//231 315//315
f 1078//1078 1104//1104 756//756
f 1385//1385 260//260 1366//1366
f 1300//1300 730//730 180//180
f 570//570 411//411 405//405
f 922//922 947//947 689//689
f 1216//1216 1154//1154 607//607
f 664//664 33//33 34//34
f 1223//1223 319//319 766//766
f 1015//1015 952//952 385//385
f 879//879 752//752 654//654
f 18//18 41//41 744//744
f 1473//1473 51//51 696//696
f 1236//1236 1235//1235 1377//1377
f 198//198 1311//1311 1055//1055
f 346//346 25//25 343//343
f 1473//1473 759//759 388//388
f 889//889 868//868 127//127
f 39//39 36//36 1340//1340
f 1380//1380 1246//1246 1379//1379
f 156//156 1187//1187 206//206
f 894//894 310//310 896//896
f 1346//1346 951//951 1361//1361
f 1338//1338 38//38 1324//1324
f 1189//1189 1414//1414 1403//1403
f 1447//1447 735//735 465//465
f 505//505 322//322 667//667
f 295//295 1371//1371 269//269
f 236//236 225//225 682//682
f 1089//1089 261//261 1139//1139
f 709//709 1033//1033 1191//1191
f 164//164 1054//1054 130//130
f 185//185 1179//1179 1302//1302
f 1076//1076 808//808 678//678
f 918//918 1026//1026 825//825
f 591//591 800//800 801//801
f 1264//1264 254//254 1083//1083
f 397//397 391//391 389//389
f 27//27 733//733 1190//1190
f 1189//1189 188//188 1305//1305
f 360//360 1332//1332 464//464
f 1332//1332 930//930 963//963
f 218//218 209//209 74//74
f 551//551 862//862 159//159
f 763//763 463//463 617//617
f 528//528 751//751 247//247
f 405//405 970//970 968//968
f 524//524 810//810 522//522
f 1419//1419 196//196 703//703
f 857//857 466//466 828//828
f 757//757 504//504 248//248
f 1053//1053 1411//1411 159//159
f 164//164 191//191 1054//1054
f 342//342 233//233 1350//1350
f 694//694 695//695 761//761
f 74//74 209//209 1431//1431
f 867//867 1139//1139 261//261
f 1134//1134 252//252 1133//1133
f 1044//1044 728//728 1049//1049
f 289//289 888//888 549//549
f 726//726 1044//1044 1049//1049
f 821//821 638//638 670//670
f 1287//1287 1119//1119 1229//1229
f 1394//1394 1401//1401 1396//1396
f 397//397 928//928 391//391
f 688//688 532//532 452//452
f 643//643 340//340 832//832
f 1350//1350 1221//1221 1511//1511
f 1350//1350 961//961 854//854
f 1379//1379 1246//1246 1276//1276
f 669//669 768//768 228//228
f 974//974 1428//1428 740//740
f 966//966 554//554 410//410
f 1025//1025 854//854 961//961
f 977//977 565//565 568//568
f 959//959 489//489 1331//1331
f 1329//1329 460//460 761//761
f 838//838 1448//1448 1399//1399
f 545//545 771//771 650//650
f 387//387 1022//1022 1049//1049
f 431//431 459//459 1158//1158
f 291//291 1384//1384 1133//1133
f 1158//1158 1083//1083 320//320
f 1493//1493 395//395 1442//1442
f 69//69 1219//1219 1209//1209
f 923//923 592//592 512//512
f 1153//1153 1103//1103 1077//1077
f 163//163 1208//1208 1469//1469
f 958//958 77//77 91//91
f 1510//1510 234//234 91//91
f 1201//1201 724//724 285//285
f 189//189 708//708 1058//1058
f 176//176 1//1 1290//1290
f 23//23 1159//1159 462//462
f 323//323 663//663 1249//1249
f 165//165 1415//1415 1416//1416
f 165//165 1397//1397 1170//1170
f 506//506 609//609 610//610
f 1245//1245 65//65 1371//1371
f 1223//1223 399//399 945//945
f 198//198 648//648 406//406
f 440//440 438//438 436//436
f 104//104 1207//1207 222//222
f 886//886 656//656 657//657
f 1169//1169 1166//1166 1416//1416
f 76//76 68//68 1066//1066
f 1003//1003 902//902 928//928
f 1349//1349 1209//1209 1420//1420
f 1074//1074 497//497 447//447
f 941//941 912//912 377//377
f 1229//1229 1424//1424 1270//1270
f 151//151 1471//1471 125//125
f 1360//1360 1202//1202 1410//1410
f 974//974 555//555 892//892
f 1427//1427 994//994 1205//1205
f 83//83 909//909 1433//1433
f 1510//1510 91//91 77//77
f 856//856 1343//1343 1470//1470
f 557//557 612//612 458//458
f 863//863 141//141 1197//1197
f 1122//1122 1375//1375 1230//1230
f 194//194 197//197 10//10
f 1122//1122 282//282 871//871
f 1188//1188 584//584 993//993
f 271//271 1366//1366 104//104
f 487//487 998//998 660//660
f 518//518 519//519 807//807
f 1391//1391 1353//1353 2//2
f 432//432 691//691 486//486
f 739//739 665//665 585//585
f 432//432 270//270 760//760
f 247//247 574//574 1426//1426
f 352//352 334//334 308//308
f 546//546 433//433 477//477
f 784//784 547//547 1361//1361
f 1240//1240 1260//1260 250//250
f 74//74 1431//1431 1344//1344
f 23//23 462//462 935//935
f 867//867 555//555 640//640
f 232//232 255//255 1285//1285
f 1065//1065 436//436 237//237
f 163//163 1469//1469 393//393
f 135//135 119//119 1172//1172
f 976//976 1132//1132 253//253
f 1122//1122 873//873 980//980
f 1090//1090 1077//1077 1103//1103
f 739//739 492//492 912//912
f 1156//1156 1083//1083 254//254
f 1439//1439 756//756 636//636
f 1023//1023 390//390 954//954
f 460//460 340//340 614//614
f 1257//1257 337//337 848//848
f 95//95 19//19 1008//1008
f 484//484 1284//1284 1137//1137
f 688//688 816//816 527//527
f 789//789 869//869 569//569
f 803//803 674//674 520//520
f 1338//1338 942//942 38//38
f 1385//1385 271//271 1387//1387
f 1488//1488 1344//1344 19//19
f 583//583 295//295 269//269
f 1076//1076 307//307 333//333
f 651//651 156//156 173//173
f 1038//1038 368//368 934//934
f 1184//1184 103//103 649//649
f 964//964 367//367 794//794
f 1308//1308 192//192 1187//1187
f 1218//1218 843//843 72//72
f 879//879 420//420 752//752
f 1286//1286 255//255 612//612
f 1486//1486 1468//1468 1347//1347
f 1231//1231 1271//1271 1382//1382
f 802//802 595//595 673//673
f 9//9 1412//1412 189//189
f 1426//1426 574//574 264//264
f 1030//1030 170//170 1310//1310
f 451//451 499//499 500//500
f 804//804 596//596 517//517
f 1081//1081 1243//1243 1217//1217
f 797//797 1016//1016 946//946
f 150//150 212//212 56//56
f 281//281 408//408 160//160
f 278//278 1100//1100 1424//1424
f 754//754 530//530 531//531
f 386//386 45//45 1182//1182
f 886//886 657//657 426//426
f 446//446 462//462 514//514
f 1203//1203 160//160 221//221
f 1239//1239 1242//1242 1080//1080
f 163//163 393//393 1052//1052
f 1203//1203 221//221 1362//1362
f 877//877 419//419 981//981
f 1450//1450 31//31 839//839
f 679//679 1256//1256 602//602
f 922//922 1305//1305 952//952
f 891//891 1109//1109 494//494
f 639//639 428//428 889//889
f 659//659 457//457 609//609
f 1255//1255 677//677 1075//1075
f 385//385 952//952 188//188
f 1342//1342 82//82 25//25
f 549//549 786//786 424//424
f 1072//1072 1242//1242 1239//1239
f 224//224 1210//1210 1503//1503
f 797//797 381//381 1016//1016
f 1211//1211 852//852 928//928
f 143//143 116//116 1399//1399
f 1071//1071 1109//1109 1241//1241
f 307//307 1151//1151 353//353
f 923//923 729//729 1306//1306
f 1096//1096 276//276 1097//1097
f 1468//1468 1167//1167 1347//1347
f 1153//1153 1124//1124 783//783
f 540//540 406//406 648//648
f 609//609 953//953 186//186
f 1129//1129 1105//1105 656//656
f 1009//1009 940//940 372//372
f 490//490 737//737 793//793
f 619//619 227//227 663//663
f 50//50 1472//1472 1191//1191
f 1012//1012 1319//1319 50//50
f 1255//1255 809//809 599//599
f 1474//1474 864//864 458//458
f 829//829 1283//1283 758//758
f 1423//1423 1370//1370 235//235
f 1007//1007 365//365 908//908
f 1134//1134 1133//1133 251//251
f 868//868 1181//1181 127//127
f 358//358 359//359 328//328
f 1188//1188 993//993 1403//1403
f 757//757 636//636 1425//1425
f 923//923 1306//1306 592//592
f 726//726 1049//1049 1022//1022
f 134//134 1404//1404 145//145
f 1267//1267 1161//1161 492//492
f 93//93 51//51 79//79
f 922//922 787//787 1305//1305
f 1504//1504 25//25 82//82
f 1135//1135 203//203 1//1
f 316//316 996//996 759//759
f 1411//1411 1182//1182 45//45
f 968//968 470//470 769//769
f 487//487 795//795 508//508
f 316//316 290//290 996//996
f 897//897 931//931 831//831
f 1071//1071 1241//1241 251//251
f 603//603 499//499 686//686
f 531//531 606//606 1061//1061
f 570//570 569//569 869//869
f 723//723 1018//1018 722//722
f 281//281 263//263 772//772
f 325//325 315//315 743//743
f 115//115 177//177 197//197
f 1107//1107 829//829 1260//1260
f 456//456 1048//1048 542//542
f 480//480 575//575 655//655
f 386//386 1182//1182 729//729
f 461//461 641//641 444//444
f 551//551 850//850 758//758
f 1328//1328 889//889 127//127
f 115//115 197//197 67//67
f 1408//1408 158//158 1181//1181
f 995//995 698//698 582//582
f 397//397 47//47 1003//1003
f 523//523 749//749 811//811
f 894//894 335//335 310//310
f 338//338 745//745 314//314
f 1076//1076 524//524 808//808
f 379//379 914//914 1014//1014
f 379//379 940//940 908//908
f 228//228 768//768 339//339
f 958//958 91//91 1329//1329
f 1467//1467 159//159 1411//1411
f 1070//1070 298//298 1115//1115
f 1285//1285 1094//1094 1283//1283
f 618//618 459//459 613//613
f 866//866 540//540 975//975
f 1076//1076 602//602 1256//1256
f 743//743 638//638 821//821
f 1503//1503 1497//1497 99//99
f 656//656 579//579 986//986
f 292//292 429//429 608//608
f 624//624 1331//1331 489//489
f 613//613 485//485 1052//1052
f 1050//1050 193//193 1051//1051
f 1074//1074 300//300 807//807
f 503//503 818//818 501//501
f 664//664 793//793 737//737
f 799//799 250//250 1260//1260
f 1239//1239 1132//1132 1383//1383
f 1072//1072 1239//1239 1281//1281
f 242//242 1429//1429 296//296
f 743//743 890//890 299//299
f 1465//1465 965//965 1483//1483
f 1420//1420 1209//1209 1194//1194
f 545//545 477//477 776//776
f 1073//1073 246//246 229//229
f 802//802 461//461 444//444
f 905//905 363//363 1013//1013
f 1305//1305 787//787 997//997
f 625//625 758//758 1463//1463
f 1122//1122 1231//1231 282//282
f 596//596 675//675 637//637
f 1106//1106 1382//1382 658//658
f 689//689 671//671 608//608
f 1368//1368 96//96 105//105
f 907//907 939//939 837//837
f 1266//1266 506//506 610//610
f 1501//1501 103//103 63//63
f 935//935 462//462 662//662
f 1467//1467 846//846 850//850
f 1308//1308 777//777 652//652
f 208//208 102//102 61//61
f 479//479 1018//1018 684//684
f 265//265 237//237 436//436
f 1355//1355 1213//1213 8//8
f 774//774 1044//1044 726//726
f 1297//1297 1054//1054 1298//1298
f 923//923 512//512 946//946
f 1074//1074 358//358 328//328
f 872//872 658//658 416//416
f 512//512 592//592 313//313
f 537//537 1228//1228 1369//1369
f 262//262 291//291 1133//1133
f 475//475 407//407 659//659
f 265//265 436//436 284//284
f 1015//1015 916//916 952//952
f 331//331 350//350 1142//1142
f 262//262 566//566 291//291
f 76//76 1066//1066 1082//1082
f 1072//1072 299//299 1108//1108
f 921//921 849//849 951//951
f 861//861 201//201 133//133
f 1015//1015 385//385 670//670
f 1282//1282 1240//1240 250//250
f 580//580 989//989 987//987
f 281//281 1132//1132 263//263
f 1045//1045 171//171 131//131
f 1071//1071 230//230 326//326
f 268//268 1195//1195 1385//1385
f 1495//1495 128//128 1194//1194
f 1323//1323 1317//1317 37//37
f 142//142 1399//1399 1448//1448
f 829//829 625//625 799//799
f 775//775 567//567 105//105
f 262//262 280//280 407//407
f 268//268 1387//1387 661//661
f 825//825 511//511 593//593
f 403//403 1114//1114 274//274
f 1288//1288 904//904 933//933
f 1326//1326 1016//1016 381//381
f 683//683 817//817 813//813
f 656//656 427//427 1101//1101
f 1071//1071 326//326 494//494
f 1343//1343 1341//1341 1430//1430
f 599//599 809//809 680//680
f 1104//1104 1155//1155 357//357
f 976//976 542//542 263//263
f 1281//1281 57//57 210//210
f 325//325 743//743 299//299
f 1366//1366 1207//1207 104//104
f 326//326 230//230 313//313
f 592//592 494//494 326//326
f 126//126 869//869 474//474
f 433//433 434//434 972//972
f 773//773 475//475 1303//1303
f 1078//1078 547//547 784//784
f 773//773 649//649 475//475
f 226//226 1103//1103 635//635
f 653//653 658//658 874//874
f 1488//1488 6//6 62//62
f 1129//1129 656//656 1379//1379
f 881//881 419//419 573//573
f 802//802 673//673 461//461
f 920//920 384//384 817//817
f 877//877 981//981 574//574
f 1107//1107 1260//1260 1262//1262
f 550//550 759//759 996//996
f 454//454 1063//1063 753//753
f 1096//1096 1097//1097 273//273
f 393//393 613//613 1052//1052
f 976//976 1156//1156 542//542
f 1076//1076 678//678 811//811
f 656//656 885//885 657//657
f 185//185 1046//1046 1409//1409
f 789//789 474//474 869//869
f 1442//1442 395//395 611//611
f 1062//1062 1064//1064 622//622
f 232//232 463//463 763//763
f 7//7 101//101 205//205
f 1259//1259 849//849 1466//1466
f 709//709 1191//1191 132//132
f 157//157 1359//1359 61//61
f 1017//1017 20//20 1437//1437
f 748//748 449//449 309//309
f 396//396 927//927 960//960
f 289//289 549//549 1277//1277
f 1457//1457 859//859 1342//1342
f 14//14 1508//1508 1224//1224
f 455//455 481//481 266//266
f 216//216 1358//1358 1039//1039
f 1120//1120 658//658 1374//1374
f 338//338 608//608 745//745
f 174//174 709//709 149//149
f 756//756 1346//1346 547//547
f 343//343 243//243 1252//1252
f 416//416 658//658 572//572
f 580//580 987//987 886//886
f 125//125 1169//1169 1416//1416
f 1313//1313 1462//1462 845//845
f 1236//1236 1128//1128 1277//1277
f 951//951 849//849 725//725
f 338//338 314//314 290//290
f 1360//1360 1020//1020 1327//1327
f 982//982 780//780 880//880
f 1502//1502 214//214 98//98
f 453//453 754//754 531//531
f 455//455 504//504 357//357
f 434//434 994//994 583//583
f 1078//1078 756//756 547//547
f 1360//1360 1410//1410 1020//1020
f 1020//1020 1410//1410 1376//1376
f 1010//1010 857//857 828//828
f 1224//1224 1508//1508 11//11
f 1079//1079 338//338 290//290
f 958//958 48//48 94//94
f 982//982 880//880 573//573
f 1223//1223 766//766 399//399
f 488//488 997//997 787//787
f 948//948 1337//1337 1321//1321
f 383//383 510//510 1008//1008
f 986//986 579//579 578//578
f 173//173 5//5 194//194
f 1076//1076 498//498 680//680
f 302//302 304//304 1145//1145
f 546//546 477//477 650//650
f 1021//1021 615//615 489//489
f 222//222 1057//1057 10//10
f 927//927 933//933 960//960
f 950//950 848//848 724//724
f 416//416 572//572 873//873
f 337//337 635//635 1234//1234
f 1458//1458 903//903 936//936
f 1292//1292 903//903 168//168
f 730//730 132//132 1309//1309
f 1072//1072 1108//1108 1242//1242
f 1491//1491 1432//1432 18//18
f 224//224 712//712 1400//1400
f 656//656 785//785 549//549
f 312//312 286//286 423//423
f 675//675 1253//1253 674//674
f 1074//1074 229//229 1254//1254
f 790//790 788//788 559//559
f 858//858 1333//1333 1315//1315
f 107//107 1199//1199 205//205
f 337//337 1234//1234 724//724
f 46//46 1460//1460 671//671
f 1153//1153 1077//1077 1124//1124
f 1304//1304 187//187 1408//1408
f 767//767 963//963 362//362
f 955//955 956//956 957//957
f 1308//1308 652//652 645//645
f 1097//1097 59//59 202//202
f 289//289 427//427 888//888
f 510//510 590//590 668//668
f 1059//1059 734//734 200//200
f 931//931 392//392 1291//1291
f 190//190 1050//1050 1051//1051
f 1438//1438 1464//1464 90//90
f 921//921 1466//1466 849//849
f 9//9 189//189 1058//1058
f 281//281 1383//1383 1132//1132
f 720//720 1194//1194 1310//1310
f 43//43 1463//1463 846//846
f 1153//1153 635//635 1103//1103
f 1051//1051 193//193 1292//1292
f 1124//1124 1113//1113 783//783
f 312//312 884//884 1275//1275
f 1217//1217 1440//1440 1491//1491
f 417//417 418//418 658//658
f 248//248 1259//1259 1466//1466
f 805//805 597//597 516//516
f 1206//1206 1354//1354 1500//1500
f 498//498 599//599 680//680
f 808//808 600//600 678//678
f 478//478 654//654 526//526
f 1029//1029 828//828 801//801
f 656//656 986//986 885//885
f 1244//1244 1137//1137 1136//1136
f 872//872 979//979 658//658
f 603//603 529//529 605//605
f 881//881 573//573 880//880
f 314//314 745//745 327//327
f 523//523 678//678 600//600
f 75//75 1460//1460 46//46
f 591//591 464//464 493//493
f 499//499 813//813 686//686
f 1082//1082 348//348 319//319
f 1162//1162 1082//1082 1351//1351
f 510//510 668//668 1008//1008
f 770//770 124//124 1307//1307
f 1138//1138 1157//1157 252//252
f 644//644 735//735 444//444
f 249//249 455//455 266//266
f 863//863 404//404 713//713
f 143//143 142//142 1402//1402
f 870//870 871//871 417//417
f 743//743 821//821 552//552
f 776//776 539//539 771//771
f 143//143 1399//1399 142//142
f 549//549 1131//1131 483//483
f 1364//1364 1307//1307 1185//1185
f 605//605 478//478 526//526
f 284//284 438//438 440//440
f 1119//1119 1424//1424 1229//1229
f 1410//1410 1125//1125 1376//1376
f 999//999 530//530 1060//1060
f 974//974 892//892 1372//1372
f 916//916 382//382 672//672
f 284//284 440//440 311//311
f 528//528 247//247 682//682
f 858//858 1476//1476 54//54
f 550//550 388//388 759//759
f 1118//1118 1373//1373 1372//1372
f 247//247 311//311 336//336
f 888//888 427//427 581//581
f 28//28 1313//1313 837//837
f 1360//1360 1216//1216 1202//1202
f 267//267 290//290 314//314
f 1090//1090 1091//1091 1077//1077
f 1319//1319 375//375 837//837
f 120//120 58//58 1174//1174
f 482//482 656//656 1127//1127
f 691//691 1322//1322 925//925
f 273//273 1097//1097 134//134
f 535//535 404//404 863//863
f 949//949 816//816 847//847
f 804//804 675//675 596//596
f 172//172 708//708 728//728
f 482//482 1127//1127 548//548
f 356//356 1020//1020 1376//1376
f 1191//1191 162//162 132//132
f 577//577 984//984 883//883
f 978//978 865//865 652//652
f 1267//1267 667//667 322//322
f 1439//1439 636//636 757//757
f 1497//1497 1197//1197 99//99
f 1303//1303 475//475 659//659
f 1409//1409 110//110 703//703
f 134//134 202//202 1404//1404
f 1047//1047 478//478 723//723
f 742//742 341//341 1250//1250
f 1130//1130 656//656 1280//1280
f 288//288 1276//1276 549//549
f 570//570 869//869 411//411
f 139//139 1452//1452 835//835
f 733//733 1001//1001 898//898
f 1477//1477 1445//1445 768//768
f 1253//1253 1073//1073 598//598
f 1147//1147 301//301 1146//1146
f 64//64 1185//1185 178//178
f 312//312 423//423 985//985
f 1368//1368 567//567 279//279
f 545//545 776//776 771//771
f 1033//1033 717//717 1191//1191
f 920//920 949//949 919//919
f 502//502 576//576 684//684
f 1407//1407 139//139 1398//1398
f 1122//1122 1274//1274 658//658
f 1216//1216 1327//1327 1154//1154
f 242//242 1112//1112 1429//1429
f 983//983 439//439 577//577
f 305//305 1152//1152 306//306
f 977//977 1181//1181 868//868
f 1303//1303 1043//1043 181//181
f 1119//1119 278//278 1424//1424
f 1440//1440 845//845 1462//1462
f 707//707 934//934 32//32
f 174//174 149//149 1393//1393
f 1214//1214 951//951 1180//1180
f 1214//1214 1180//1180 951//951
f 522//522 600//600 808//808
f 818//818 919//919 847//847
f 547//547 1346//1346 1361//1361
f 55//55 119//119 135//135
f 943//943 833//833 840//840
f 239//239 16//16 1512//1512
f 984//984 436//436 435//435
f 195//195 731//731 1310//1310
f 553//553 554//554 992//992
f 412//412 1122//1122 870//870
f 518//518 675//675 519//519
f 1096//1096 1369//1369 1112//1112
f 784//784 481//481 1126//1126
f 1381//1381 1238//1238 658//658
f 165//165 112//112 1397//1397
f 1019//1019 529//529 384//384
f 184//184 546//546 650//650
f 545//545 650//650 477//477
f 1368//1368 279//279 1492//1492
f 1007//1007 908//908 937//937
f 1074//1074 1254//1254 675//675
f 1436//1436 1465//1465 1483//1483
f 93//93 79//79 68//68
f 486//486 691//691 925//925
f 925//925 1322//1322 945//945
f 1078//1078 784//784 1126//1126
f 560//560 564//564 973//973
f 531//531 530//530 606//606
f 1258//1258 286//286 1275//1275
f 24//24 77//77 926//926
f 1047//1047 723//723 722//722
f 26//26 345//345 1160//1160
f 1107//1107 232//232 1285//1285
f 268//268 1499//1499 1195//1195
f 647//647 969//969 1296//1296
f 360//360 256//256 345//345
f 788//788 1227//1227 559//559
f 29//29 79//79 51//51
f 515//515 802//802 593//593
f 84//84 513//513 796//796
f 1438//1438 89//89 1443//1443
f 1023//1023 704//704 1288//1288
f 343//343 1494//1494 243//243
f 1015//1015 513//513 916//916
f 551//551 758//758 1283//1283
f 554//554 1418//1418 992//992
f 879//879 982//982 419//419
f 247//247 310//310 335//335
f 1330//1330 1335//1335 465//465
f 1255//1255 522//522 810//810
f 405//405 411//411 562//562
f 1326//1326 846//846 1467//1467
f 1184//1184 63//63 103//103
f 983//983 440//440 439//439
f 675//675 246//246 1253//1253
f 454//454 622//622 1063//1063
f 1076//1076 680//680 525//525
f 1397//1397 112//112 1393//1393
f 558//558 893//893 1111//1111
f 800//800 591//591 493//493
f 247//247 750//750 450//450
f 70//70 1438//1438 90//90
f 1357//1357 1290//1290 1//1
f 1076//1076 350//350 308//308
f 999//999 225//225 236//236
f 772//772 263//263 542//542
f 619//619 764//764 508//508
f 580//580 426//426 549//549
f 1232//1232 1233//1233 1390//1390
f 1330//1330 348//348 24//24
f 360//360 345//345 257//257
f 1047//1047 879//879 478//478
f 259//259 536//536 1269//1269
f 378//378 81//81 22//22
f 76//76 1162//1162 1265//1265
f 708//708 700//700 1058//1058
f 549//549 578//578 988//988
f 199//199 106//106 196//196
f 1404//1404 710//710 716//716
f 716//716 1295//1295 1296//1296
f 782//782 780//780 781//781
f 185//185 1409//1409 1179//1179
f 428//428 543//543 889//889
f 621//621 1064//1064 1062//1062
f 222//222 1207//1207 1418//1418
f 879//879 419//419 420//420
f 224//224 1503//1503 99//99
f 772//772 542//542 721//721
f 1192//1192 1430//1430 1341//1341
f 1257//1257 848//848 1163//1163
f 656//656 425//425 579//579
f 451//451 813//813 499//499
f 748//748 1255//1255 630//630
f 611//611 458//458 612//612
f 1074//1074 1148//1148 1147//1147
f 1076//1076 811//811 448//448
f 1425//1425 357//357 504//504
f 242//242 296//296 1252//1252
f 422//422 575//575 480//480
f 1076//1076 334//334 309//309
f 742//742 791//791 642//642
f 337//337 724//724 848//848
f 619//619 663//663 764//764
f 413//413 876//876 653//653
f 1508//1508 1115//1115 1365//1365
f 920//920 817//817 683//683
f 858//858 1315//1315 1476//1476
f 211//211 1032//1032 97//97
f 1200//1200 166//166 1498//1498
f 184//184 1045//1045 546//546
f 264//264 574//574 981//981
f 802//802 515//515 595//595
f 1168//1168 179//179 1036//1036
f 1439//1439 248//248 1466//1466
f 1200//1200 208//208 1359//1359
f 1454//1454 53//53 370//370
f 1337//1337 741//741 1321//1321
f 386//386 1016//1016 45//45
f 216//216 101//101 1208//1208
f 247//247 336//336 355//355
f 1349//1349 21//21 1348//1348
f 919//919 684//684 1018//1018
f 643//643 832//832 1314//1314
f 1330//1330 24//24 926//926
f 217//217 1413//1413 1039//1039
f 1255//1255 600//600 522//522
f 510//510 589//589 590//590
f 480//480 655//655 781//781
f 512//512 744//744 946//946
f 412//412 413//413 1122//1122
f 451//451 500//500 751//751
f 49//49 859//859 1027//1027
f 1342//1342 859//859 82//82
f 1493//1493 1442//1442 256//256
f 577//577 436//436 984//984
f 916//916 922//922 952//952
f 651//651 410//410 777//777
f 1293//1293 195//195 1173//1173
f 823//823 1084//1084 669//669
f 1378//1378 1278//1278 1127//1127
f 323//323 1249//1249 347//347
f 617//617 824//824 961//961
f 929//929 48//48 1329//1329
f 484//484 1137//1137 1387//1387
f 484//484 558//558 1284//1284
f 344//344 336//336 311//311
f 675//675 301//301 303//303
f 424//424 885//885 986//986
f 998//998 1369//1369 660//660
f 685//685 532//532 604//604
f 938//938 719//719 1014//1014
f 603//603 752//752 632//632
f 722//722 1018//1018 479//479
f 672//672 47//47 798//798
f 1060//1060 755//755 819//819
f 325//325 1072//1072 231//231
f 502//502 882//882 576//576
f 1223//1223 1322//1322 1351//1351
f 1047//1047 722//722 879//879
f 1108//1108 259//259 1242//1242
f 434//434 1419//1419 110//110
f 603//603 605//605 526//526
f 586//586 505//505 667//667
f 782//782 655//655 421//421
f 424//424 986//986 578//578
f 1118//1118 1372//1372 892//892
f 344//344 895//895 1063//1063
f 1333//1333 52//52 1334//1334
f 249//249 504//504 455//455
f 1089//1089 1512//1512 1229//1229
f 1222//1222 917//917 1344//1344
f 163//163 706//706 1358//1358
f 358//358 329//329 359//359
f 688//688 847//847 816//816
f 247//247 631//631 500//500
f 1176//1176 1402//1402 142//142
f 1071//1071 251//251 1261//1261
f 1255//1255 1256//1256 679//679
f 695//695 929//929 761//761
f 1091//1091 1113//1113 1077//1077
f 917//917 19//19 1344//1344
f 190//190 732//732 1050//1050
f 1348//1348 796//796 736//736
f 1457//1457 346//346 490//490
f 976//976 253//253 1156//1156
f 404//404 535//535 537//537
f 974//974 1099//1099 1428//1428
f 268//268 1385//1385 1387//1387
f 1421//1421 429//429 292//292
f 881//881 880//880 780//780
f 1272//1272 1120//1120 1374//1374
f 1255//1255 306//306 332//332
f 881//881 421//421 575//575
f 765//765 1085//1085 321//321
f 1336//1336 1398//1398 835//835
f 722//722 479//479 780//780
f 671//671 745//745 608//608
f 1499//1499 582//582 698//698
f 247//247 335//335 999//999
f 1062//1062 622//622 896//896
f 944//944 1220//1220 1462//1462
f 292//292 338//338 1079//1079
f 14//14 95//95 1008//1008
f 1074//1074 597//597 805//805
f 916//916 513//513 382//382
f 487//487 764//764 998//998
f 741//741 857//857 1456//1456
f 1255//1255 1076//1076 1256//1256
f 598//598 520//520 674//674
f 133//133 10//10 197//197
f 432//432 760//760 691//691
f 1190//1190 733//733 732//732
f 964//964 49//49 1027//1027
f 879//879 654//654 478//478
f 1062//1062 310//310 355//355
f 685//685 501//501 815//815
f 1373//1373 1424//1424 1100//1100
f 790//790 166//166 1056//1056
f 265//265 247//247 264//264
f 1370//1370 1423//1423 1386//1386
f 675//675 329//329 301//301
f 1220//1220 962//962 855//855
f 1065//1065 435//435 436//436
f 1019//1019 384//384 1018//1018
f 299//299 890//890 1108//1108
f 785//785 548//548 549//549
f 1172//1172 119//119 1171//1171
f 1255//1255 1151//1151 749//749
f 1234//1234 635//635 783//783
f 1274//1274 1233//1233 658//658
f 126//126 474//474 1056//1056
f 268//268 661//661 582//582
f 920//920 683//683 949//949
f 1486//1486 1492//1492 1441//1441
f 1505//1505 235//235 13//13
f 1134//1134 251//251 1241//1241
f 818//818 530//530 754//754
f 451//451 949//949 683//683
f 1371//1371 65//65 1354//1354
f 685//685 681//681 814//814
f 685//685 814//814 681//681
f 1261//1261 1243//1243 1081//1081
f 591//591 495//495 627//627
f 544//544 990//990 567//567
f 451//451 816//816 949//949
f 505//505 640//640 555//555
f 288//288 1129//1129 1276//1276
f 1413//1413 994//994 433//433
f 1436//1436 81//81 1465//1465
f 1506//1506 4//4 1067//1067
f 820//820 607//607 1258//1258
f 958//958 1329//1329 48//48
f 721//721 1048//1048 1304//1304
f 1263//1263 763//763 617//617
f 1378//1378 1235//1235 1278//1278
f 249//249 849//849 1259//1259
f 990//990 996//996 267//267
f 1385//1385 1195//1195 260//260
f 1122//1122 779//779 1121//1121
f 628//628 44//44 627//627
f 675//675 516//516 597//597
f 1326//1326 1005//1005 394//394
f 815//815 501//501 452//452
f 790//790 553//553 788//788
f 148//148 1405//1405 1294//1294
f 265//265 284//284 247//247
f 229//229 246//246 1254//1254
f 509//509 590//590 367//367
f 74//74 1488//1488 62//62
f 167//167 196//196 1419//1419
f 154//154 1408//1408 568//568
f 866//866 1100//1100 278//278
f 889//889 543//543 868//868
f 621//621 1062//1062 355//355
f 764//764 296//296 1429//1429
f 999//999 1000//1000 1061//1061
f 1210//1210 1507//1507 1503//1503
f 158//158 127//127 1181//1181
f 1060//1060 819//819 225//225
f 1273//1273 658//658 1238//1238
f 611//611 395//395 458//458
f 556//556 995//995 582//582
f 467//467 361//361 322//322
f 1076//1076 309//309 449//449
f 413//413 653//653 778//778
f 344//344 311//311 440//440
f 1373//1373 1270//1270 1424//1424
f 157//157 61//61 1400//1400
f 241//241 318//318 317//317
f 723//723 1019//1019 1018//1018
f 502//502 634//634 882//882
f 258//258 1500//1500 65//65
f 498//498 630//630 599//599
f 457//457 407//407 1157//1157
f 774//774 990//990 544//544
f 389//389 75//75 46//46
f 154//154 1304//1304 1408//1408
f 1175//1175 1396//1396 1401//1401
f 249//249 1259//1259 504//504
f 1104//1104 1425//1425 636//636
f 1274//1274 1390//1390 1233//1233
f 1023//1023 901//901 704//704
f 1305//1305 188//188 952//952
f 1152//1152 354//354 306//306
f 955//955 394//394 1005//1005
f 633//633 632//632 750//750
f 528//528 604//604 751//751
f 233//233 339//339 92//92
f 1136//1136 1137//1137 1284//1284
f 603//603 632//632 499//499
f 239//239 341//341 16//16
f 535//535 1386//1386 1228//1228
f 285//285 724//724 1234//1234
f 35//35 1514//1514 86//86
f 71//71 41//41 1432//1432
f 957//957 900//900 692//692
f 46//46 798//798 47//47
f 1257//1257 1163//1163 226//226
f 1201//1201 950//950 1215//1215
f 1201//1201 1215//1215 950//950
f 152//152 154//154 568//568
f 391//391 852//852 392//392
f 1239//1239 1383//1383 1281//1281
f 136//136 731//731 732//732
f 491//491 795//795 740//740
f 1006//1006 31//31 1450//1450
f 891//891 592//592 1306//1306
f 451//451 604//604 816//816
f 1074//1074 807//807 806//806
f 883//883 422//422 480//480
f 1211//1211 1461//1461 852//852
f 1447//1447 465//465 1335//1335
f 765//765 694//694 1085//1085
f 185//185 1302//1302 776//776
f 1090//1090 1103//1103 226//226
f 1309//1309 162//162 161//161
f 4//4 242//242 1067//1067
f 294//294 431//431 1158//1158
f 446//446 514//514 799//799
f 453//453 896//896 622//622
f 251//251 1133//1133 1384//1384
f 455//455 357//357 1155//1155
f 757//757 1425//1425 504//504
f 1484//1484 70//70 380//380
f 247//247 420//420 574//574
f 1492//1492 279//279 327//327
f 827//827 760//760 318//318
f 247//247 284//284 311//311
f 409//409 566//566 649//649
f 1439//1439 1466//1466 921//921
f 383//383 19//19 917//917
f 1366//1366 1422//1422 1207//1207
f 7//7 219//219 101//101
f 384//384 529//529 817//817
f 685//685 819//819 503//503
f 422//422 237//237 878//878
f 1244//1244 1136//1136 1241//1241
f 958//958 1513//1513 77//77
f 247//247 633//633 750//750
f 721//721 542//542 1048//1048
f 453//453 622//622 454//454
f 156//156 777//777 1308//1308
f 473//473 540//540 472//472
f 132//132 162//162 1309//1309
f 1028//1028 53//53 398//398
f 66//66 6//6 1224//1224
f 807//807 519//519 806//806
f 120//120 646//646 182//182
f 914//914 1004//1004 936//936
f 287//287 481//481 1361//1361
f 454//454 753//753 502//502
f 816//816 604//604 527//527
f 1485//1485 1484//1484 380//380
f 7//7 1119//1119 1287//1287
f 163//163 1358//1358 1208//1208
f 1194//1194 128//128 1310//1310
f 446//446 43//43 662//662
f 1122//1122 1232//1232 1390//1390
f 240//240 1491//1491 18//18
f 1074//1074 496//496 330//330
f 404//404 537//537 647//647
f 549//549 1278//1278 1235//1235
f 531//531 1061//1061 896//896
f 820//820 1258//1258 1275//1275
f 1282//1282 1226//1226 543//543
f 184//184 650//650 1311//1311
f 1355//1355 8//8 59//59
f 977//977 967//967 565//565
f 1017//1017 72//72 843//843
f 518//518 300//300 1144//1144
f 1436//1436 22//22 81//81
f 218//218 1179//1179 1409//1409
f 151//151 125//125 1416//1416
f 1214//1214 1180//1180 1198//1198
f 1214//1214 1198//1198 1180//1180
f 726//726 388//388 550//550
f 287//287 725//725 266//266
f 657//657 885//885 786//786
f 601//601 1076//1076 1075//1075
f 408//408 646//646 1174//1174
f 1129//1129 1379//1379 1276//1276
f 990//990 267//267 279//279
f 920//920 1018//1018 384//384
f 1130//1130 1237//1237 1380//1380
f 603//603 686//686 529//529
f 528//528 681//681 604//604
f 1279//1279 1237//1237 1130//1130
f 1074//1074 447//447 496//496
f 185//185 776//776 1046//1046
f 912//912 941//941 665//665
f 686//686 817//817 529//529
f 1279//1279 1280//1280 1131//1131
f 1514//1514 78//78 86//86
f 136//136 190//190 1401//1401
f 289//289 1277//1277 1101//1101
f 515//515 593//593 511//511
f 1304//1304 1048//1048 187//187
f 43//43 625//625 1463//1463
f 847//847 452//452 818//818
f 1123//1123 1381//1381 658//658
f 223//223 138//138 1353//1353
f 726//726 1022//1022 388//388
f 379//379 365//365 914//914
f 909//909 377//377 1225//1225
f 1148//1148 303//303 1147//1147
f 613//613 459//459 485//485
f 1262//1262 616//616 463//463
f 356//356 1376//1376 423//423
f 1019//1019 605//605 529//529
f 1272//1272 1232//1232 1122//1122
f 610//610 609//609 457//457
f 1107//1107 1283//1283 829//829
f 1266//1266 614//614 643//643
f 881//881 575//575 981//981
f 1228//1228 537//537 535//535
f 1272//1272 1122//1122 283//283
f 778//778 653//653 874//874
f 1022//1022 1451//1451 388//388
f 1024//1024 853//853 924//924
f 101//101 155//155 205//205
f 1339//1339 340//340 234//234
f 1102//1102 980//980 572//572
f 1408//1408 187//187 158//158
f 743//743 315//315 638//638
f 883//883 480//480 781//781
f 1255//1255 599//599 630//630
f 1078//1078 1155//1155 1104//1104
f 1076//1076 308//308 334//334
f 413//413 778//778 1122//1122
f 866//866 975//975 1100//1100
f 999//999 894//894 896//896
f 252//252 280//280 1133//1133
f 773//773 1303//1303 181//181
f 840//840 839//839 1323//1323
f 1303//1303 659//659 186//186
f 983//983 882//882 440//440
f 1365//1365 1247//1247 1110//1110
f 1122//1122 415//415 873//873
f 173//173 194//194 1057//1057
f 723//723 478//478 605//605
f 742//742 1443//1443 341//341
f 620//620 93//93 1265//1265
f 514//514 1248//1248 799//799
f 916//916 947//947 382//382
f 916//916 382//382 947//947
f 1330//1330 926//926 965//965
f 248//248 504//504 1259//1259
f 356//356 423//423 607//607
f 584//584 1500//1500 258//258
f 292//292 608//608 338//338
f 1121//1121 1273//1273 1238//1238
f 1487//1487 8//8 1213//1213
f 1121//1121 1238//1238 1375//1375
f 518//518 807//807 300//300
f 555//555 974//974 740//740
f 284//284 436//436 438//438
f 1255//1255 353//353 1151//1151
f 1371//1371 211//211 97//97
f 412//412 870//870 875//875
f 685//685 604//604 814//814
f 654//654 752//752 526//526
f 1381//1381 1375//1375 1238//1238
f 870//870 417//417 875//875
f 414//414 778//778 874//874
f 767//767 1332//1332 963//963
f 743//743 552//552 890//890
f 178//178 1185//1185 1307//1307
f 247//247 450//450 420//420
f 63//63 161//161 1186//1186
f 883//883 435//435 422//422
f 469//469 1296//1296 1295//1295
f 1037//1037 486//486 925//925
f 872//872 416//416 415//415
f 126//126 1056//1056 1359//1359
f 1299//1299 705//705 1036//1036
f 416//416 873//873 415//415
f 1122//1122 658//658 779//779
f 549//549 424//424 578//578
f 252//252 1157//1157 280//280
f 992//992 1207//1207 1422//1422
f 1076//1076 812//812 602//602
f 1024//1024 38//38 942//942
f 1255//1255 1075//1075 1076//1076
f 1076//1076 448//448 307//307
f 727//727 186//186 953//953
f 648//648 718//718 472//472
f 176//176 1053//1053 430//430
f 1065//1065 237//237 422//422
f 476//476 1117//1117 277//277
f 528//528 682//682 814//814
f 1122//1122 1271//1271 1231//1231
f 580//580 549//549 989//989
f 975//975 473//473 541//541
f 1189//1189 1403//1403 711//711
f 94//94 98//98 1434//1434
f 209//209 703//703 196//196
f 1339//1339 832//832 340//340
f 603//603 526//526 752//752
f 1212//1212 245//245 68//68
f 1255//1255 332//332 353//353
f 966//966 410//410 651//651
f 1474//1474 458//458 395//395
f 556//556 582//582 661//661
f 1389//1389 1372//1372 560//560
f 1188//1188 1206//1206 1500//1500
f 264//264 878//878 237//237
f 1255//1255 331//331 305//305
f 1371//1371 97//97 269//269
f 43//43 846//846 692//692
f 437//437 436//436 439//439
f 1255//1255 352//352 1150//1150
f 629//629 351//351 496//496
f 1149//1149 352//352 1255//1255
f 213//213 215//215 1243//1243
f 1439//1439 921//921 1346//1346
f 209//209 196//196 106//106
f 1343//1343 1340//1340 36//36
f 591//591 801//801 495//495
f 656//656 1128//1128 1377//1377
f 690//690 1028//1028 398//398
f 633//633 500//500 499//499
f 720//720 1420//1420 1194//1194
f 867//867 640//640 1139//1139
f 748//748 1149//1149 1255//1255
f 675//675 1254//1254 246//246
f 676//676 497//497 1074//1074
f 511//511 794//794 589//589
f 1467//1467 850//850 159//159
f 675//675 1145//1145 351//351
f 76//76 1265//1265 93//93
f 1080//1080 1092//1092 320//320
f 1255//1255 679//679 521//521
f 955//955 957//957 394//394
f 1439//1439 757//757 248//248
f 446//446 746//746 43//43
f 943//943 1459//1459 841//841
f 1489//1489 7//7 1287//1287
f 715//715 111//111 1294//1294
f 525//525 809//809 521//521
f 1021//1021 187//187 1048//1048
f 1010//1010 587//587 376//376
f 943//943 840//840 910//910
f 1072//1072 1281//1281 231//231
f 805//805 516//516 804//804
f 820//820 1275//1275 687//687
f 748//748 630//630 449//449
f 644//644 738//738 465//465
f 385//385 188//188 711//711
f 601//601 1075//1075 677//677
f 262//262 407//407 566//566
f 722//722 780//780 982//982
f 1043//1043 186//186 727//727
f 1514//1514 399//399 78//78
f 253//253 320//320 1083//1083
f 1326//1326 1467//1467 45//45
f 748//748 309//309 1149//1149
f 1149//1149 309//309 334//334
f 642//642 791//791 585//585
f 26//26 1160//1160 1263//1263
f 1087//1087 826//826 443//443
f 1400//1400 144//144 561//561
f 1076//1076 333//333 354//354
f 476//476 868//868 543//543
f 523//523 811//811 678//678
f 121//121 1452//1452 139//139
f 524//524 522//522 808//808
f 656//656 1101//1101 1128//1128
f 468//468 432//432 486//486
f 468//468 534//534 432//432
f 412//412 876//876 413//413
f 451//451 683//683 813//813
f 1074//1074 1073//1073 229//229
f 288//288 1105//1105 1129//1129
f 60//60 40//40 1193//1193
f 1478//1478 1352//1352 1225//1225
f 969//969 537//537 273//273
f 1478//1478 377//377 912//912
f 1253//1253 246//246 1073//1073
f 675//675 803//803 519//519
f 276//276 4//4 1097//1097
f 1104//1104 357//357 1425//1425
f 426//426 657//657 786//786
f 1211//1211 21//21 1461//1461
f 629//629 747//747 675//675
f 675//675 674//674 803//803
f 580//580 886//886 426//426
f 1417//1417 1306//1306 729//729
f 1253//1253 598//598 674//674
f 1096//1096 273//273 537//537
f 1136//1136 1284//1284 275//275
f 742//742 762//762 1443//1443
f 1330//1330 965//965 1335//1335
f 751//751 500//500 631//631
f 213//213 1384//1384 291//291
f 359//359 1144//1144 328//328
f 329//329 1146//1146 301//301
f 806//806 519//519 803//803
f 1255//1255 1150//1150 331//331
f 328//328 1144//1144 300//300
f 183//183 172//172 728//728
f 694//694 761//761 614//614
f 907//907 837//837 375//375
f 1299//1299 697//697 109//109
f 356//356 607//607 1154//1154
f 574//574 420//420 419//419
f 1239//1239 1080//1080 1132//1132
f 587//587 585//585 665//665
f 1147//1147 303//303 301//301
f 887//887 425//425 1105//1105
f 760//760 270//270 318//318
f 569//569 554//554 789//789
f 1282//1282 250//250 1248//1248
f 1148//1148 302//302 303//303
f 922//922 689//689 787//787
f 1045//1045 155//155 171//171
f 456//456 542//542 1156//1156
f 1029//1029 801//801 800//800
f 36//36 1318//1318 373//373
f 312//312 985//985 884//884
f 331//331 1150//1150 350//350
f 208//208 61//61 1359//1359
f 434//434 583//583 1419//1419
f 755//755 503//503 819//819
f 5//5 156//156 206//206
f 1076//1076 525//525 812//812
f 42//42 962//962 1005//1005
f 775//775 544//544 567//567
f 287//287 1361//1361 1180//1180
f 1458//1458 1004//1004 39//39
f 948//948 909//909 20//20
f 762//762 1475//1475 1443//1443
f 642//642 693//693 762//762
f 1203//1203 57//57 1383//1383
f 639//639 824//824 616//616
f 1006//1006 373//373 1317//1317
f 276//276 1112//1112 242//242
f 1065//1065 422//422 435//435
f 1513//1513 94//94 1434//1434
f 1200//1200 220//220 208//208
f 668//668 374//374 1008//1008
f 567//567 990//990 279//279
f 684//684 754//754 502//502
f 316//316 1079//1079 290//290
f 733//733 898//898 1042//1042
f 676//676 517//517 596//596
f 207//207 206//206 202//202
f 619//619 1086//1086 227//227
f 1131//1131 1280//1280 483//483
f 410//410 652//652 777//777
f 162//162 129//129 1186//1186
f 916//916 672//672 798//798
f 1163//1163 950//950 1164//1164
f 1106//1106 658//658 418//418
f 707//707 1036//1036 705//705
f 973//973 164//164 204//204
f 1297//1297 130//130 1054//1054
f 1336//1336 55//55 135//135
f 208//208 1437//1437 102//102
f 1385//1385 1366//1366 271//271
f 1436//1436 1504//1504 22//22
f 1487//1487 1436//1436 1434//1434
f 358//358 1146//1146 329//329
f 1190//1190 117//117 1293//1293
f 1021//1021 1048//1048 456//456
f 671//671 626//626 745//745
f 992//992 1418//1418 1207//1207
f 209//209 106//106 1431//1431
f 1434//1434 1436//1436 1483//1483
f 1293//1293 117//117 195//195
f 15//15 80//80 1448//1448
f 257//257 26//26 1221//1221
f 1404//1404 716//716 145//145
f 591//591 690//690 464//464
f 720//720 1461//1461 1420//1420
f 595//595 383//383 673//673
f 850//850 1463//1463 758//758
f 1058//1058 697//697 1183//1183
f 818//818 755//755 530//530
f 383//383 917//917 673//673
f 1326//1326 381//381 42//42
f 1255//1255 523//523 600//600
f 218//218 62//62 1179//1179
f 802//802 594//594 593//593
f 287//287 266//266 481//481
f 621//621 355//355 336//336
f 102//102 1437//1437 20//20
f 157//157 411//411 126//126
f 569//569 978//978 652//652
f 432//432 534//534 270//270
f 70//70 1489//1489 89//89
f 332//332 306//306 354//354
f 862//862 1053//1053 159//159
f 805//805 804//804 517//517
f 829//829 758//758 625//625
f 1300//1300 149//149 730//730
f 247//247 355//355 310//310
f 477//477 1046//1046 776//776
f 184//184 155//155 1045//1045
f 247//247 999//999 236//236
f 1487//1487 1434//1434 8//8
f 66//66 204//204 130//130
f 977//977 568//568 1408//1408
f 1219//1219 210//210 1209//1209
f 482//482 548//548 785//785
f 1017//1017 948//948 20//20
f 775//775 183//183 544//544
f 1284//1284 558//558 1111//1111
f 372//372 1325//1325 915//915
f 675//675 303//303 302//302
f 446//446 799//799 746//746
f 1282//1282 543//543 428//428
f 1015//1015 670//670 796//796
f 1071//1071 494//494 1109//1109
f 477//477 433//433 972//972
f 550//550 996//996 990//990
f 1123//1123 1271//1271 1230//1230
f 100//100 1392//1392 400//400
f 154//154 182//182 1304//1304
f 342//342 228//228 339//339
f 1044//1044 544//544 183//183
f 330//330 496//496 351//351
f 774//774 544//544 1044//1044
f 844//844 1324//1324 1459//1459
f 844//844 915//915 1325//1325
f 721//721 1304//1304 182//182
f 71//71 1432//1432 1462//1462
f 29//29 51//51 1473//1473
f 156//156 1308//1308 1187//1187
f 482//482 785//785 656//656
f 1372//1372 1373//1373 541//541
f 285//285 1234//1234 783//783
f 976//976 263//263 1132//1132
f 1044//1044 183//183 728//728
f 317//317 292//292 1079//1079
f 975//975 540//540 473//473
f 176//176 293//293 1//1
f 1262//1262 1240//1240 616//616
f 1055//1055 771//771 718//718
f 257//257 1509//1509 17//17
f 399//399 641//641 461//461
f 124//124 178//178 1307//1307
f 842//842 1193//1193 40//40
f 930//930 380//380 963//963
f 1009//1009 937//937 908//908
f 947//947 798//798 671//671
f 473//473 472//472 191//191
f 790//790 1056//1056 474//474
f 473//473 191//191 564//564
f 1334//1334 52//52 1192//1192
f 1471//1471 1333//1333 1334//1334
f 1489//1489 1512//1512 16//16
f 1441//1441 1460//1460 1486//1486
f 472//472 718//718 1298//1298
f 624//624 854//854 1331//1331
f 1487//1487 1504//1504 1436//1436
f 125//125 1177//1177 123//123
f 1134//1134 275//275 252//252
f 1074//1074 806//806 520//520
f 285//285 783//783 1164//1164
f 153//153 135//135 1172//1172
f 1489//1489 16//16 89//89
f 1288//1288 1034//1034 1294//1294
f 1400//1400 712//712 144//144
f 814//814 604//604 681//681
f 518//518 1144//1144 675//675
f 198//198 1055//1055 648//648
f 148//148 147//147 1405//1405
f 538//538 471//471 1116//1116
f 802//802 444//444 594//594
f 1478//1478 1225//1225 377//377
f 982//982 573//573 419//419
f 166//166 1268//1268 1204//1204
f 1070//1070 349//349 298//298
f 552//552 711//711 1403//1403
f 1003//1003 382//382 902//902
f 1459//1459 1324//1324 841//841
f 741//741 466//466 857//857
f 453//453 531//531 896//896
f 164//164 130//130 204//204
f 1222//1222 1344//1344 1431//1431
f 515//515 589//589 595//595
f 198//198 1199//1199 107//107
f 528//528 814//814 681//681
f 71//71 1220//1220 855//855
f 67//67 197//197 194//194
f 560//560 973//973 1098//1098
f 361//361 1140//1140 1251//1251
f 1349//1349 1420//1420 1461//1461
f 1421//1421 318//318 270//270
f 1281//1281 1383//1383 57//57
f 1298//1298 1054//1054 191//191
f 242//242 1252//1252 1067//1067
f 1163//1163 848//848 950//950
f 1302//1302 539//539 776//776
f 321//321 1111//1111 893//893
f 487//487 555//555 795//795
f 1332//1332 17//17 930//930
f 825//825 913//913 511//511
f 332//332 333//333 353//353
f 29//29 1473//1473 1451//1451
f 1098//1098 973//973 1110//1110
f 1098//1098 1110//1110 1247//1247
f 50//50 1191//1191 717//717
f 485//485 400//400 1392//1392
f 1428//1428 298//298 740//740
f 839//839 833//833 1453//1453
f 1428//1428 1115//1115 298//298
f 1365//1365 1110//1110 11//11
f 35//35 925//925 945//945
f 979//979 414//414 874//874
f 713//713 712//712 141//141
f 66//66 11//11 204//204
f 996//996 290//290 267//267
f 1026//1026 378//378 913//913
f 628//628 1337//1337 44//44
f 1482//1482 1507//1507 1352//1352
f 1328//1328 851//851 1025//1025
f 882//882 634//634 440//440
f 975//975 541//541 1373//1373
f 727//727 1049//1049 728//728
f 298//298 491//491 740//740
f 152//152 1353//1353 1391//1391
f 730//730 149//149 709//709
f 765//765 695//695 694//694
f 386//386 946//946 1016//1016
f 1089//1089 244//244 1143//1143
f 1493//1493 256//256 822//822
f 1323//1323 31//31 1317//1317
f 794//794 590//590 589//589
f 1106//1106 418//418 282//282
f 1030//1030 731//731 136//136
f 1478//1478 1161//1161 1352//1352
f 76//76 1082//1082 1162//1162
f 1444//1444 87//87 1484//1484
f 1188//1188 1500//1500 584//584
f 1367//1367 1427//1427 1205//1205
f 1469//1469 1444//1444 371//371
f 15//15 1458//1458 39//39
f 405//405 562//562 970//970
f 238//238 1248//1248 1159//1159
f 122//122 121//121 1176//1176
f 393//393 1469//1469 1477//1477
f 1297//1297 1298//1298 539//539
f 1070//1070 1141//1141 349//349
f 1508//1508 1141//1141 1070//1070
f 240//240 313//313 230//230
f 1010//1010 828//828 366//366
f 1510//1510 1212//1212 234//234
f 1090//1090 226//226 1163//1163
f 1087//1087 1086//1086 826//826
f 656//656 483//483 1280//1280
f 106//106 146//146 86//86
f 907//907 1013//1013 939//939
f 390//390 1013//1013 954//954
f 1417//1417 698//698 995//995
f 1261//1261 1384//1384 1243//1243
f 91//91 460//460 1329//1329
f 387//387 1314//1314 1451//1451
f 1057//1057 194//194 10//10
f 563//563 144//144 1041//1041
f 165//165 1416//1416 112//112
f 85//85 297//297 1141//1141
f 121//121 139//139 1176//1176
f 1318//1318 1317//1317 373//373
f 1224//1224 6//6 1488//1488
f 844//844 1325//1325 842//842
f 734//734 715//715 1040//1040
f 1180//1180 1361//1361 951//951
f 488//488 534//534 997//997
f 205//205 1199//1199 1119//1119
f 1266//1266 643//643 506//506
f 14//14 1224//1224 95//95
f 923//923 946//946 386//386
f 195//195 117//117 731//731
f 891//891 556//556 1109//1109
f 891//891 1306//1306 995//995
f 1069//1069 1161//1161 1267//1267
f 1149//1149 334//334 352//352
f 1478//1478 492//492 1161//1161
f 644//644 766//766 738//738
f 884//884 1202//1202 687//687
f 1216//1216 687//687 1202//1202
f 989//989 581//581 987//987
f 91//91 234//234 460//460
f 1017//1017 843//843 1455//1455
f 615//615 456//456 254//254
f 883//883 781//781 576//576
f 865//865 968//968 645//645
f 487//487 505//505 555//555
f 1069//1069 1482//1482 1161//1161
f 911//911 1220//1220 944//944
f 693//693 792//792 762//762
f 1068//1068 1250//1250 244//244
f 1097//1097 202//202 134//134
f 1122//1122 778//778 414//414
f 623//623 1351//1351 1322//1322
f 1135//1135 293//293 770//770
f 559//559 1227//1227 1268//1268
f 1378//1378 1377//1377 1235//1235
f 570//570 405//405 865//865
f 993//993 552//552 1403//1403
f 15//15 838//838 1458//1458
f 1481//1481 64//64 178//178
f 797//797 855//855 381//381
f 664//664 737//737 441//441
f 1279//1279 1131//1131 549//549
f 437//437 440//440 436//436
f 1380//1380 1237//1237 1246//1246
f 825//825 593//593 594//594
f 1496//1496 260//260 1195//1195
f 910//910 1009//1009 915//915
f 345//345 26//26 257//257
f 576//576 781//781 684//684
f 1074//1074 1147//1147 1146//1146
f 1321//1321 1320//1320 909//909
f 1122//1122 414//414 571//571
f 1124//1124 1077//1077 1113//1113
f 1027//1027 666//666 367//367
f 282//282 418//418 871//871
f 467//467 1140//1140 361//361
f 381//381 855//855 962//962
f 1108//1108 536//536 259//259
f 639//639 889//889 1328//1328
f 1502//1502 67//67 214//214
f 344//344 1064//1064 621//621
f 1498//1498 64//64 220//220
f 224//224 99//99 141//141
f 1473//1473 696//696 759//759
f 619//619 826//826 1086//1086
f 298//298 349//349 491//491
f 1178//1178 1402//1402 1176//1176
f 153//153 1407//1407 1398//1398
f 1506//1506 1355//1355 4//4
f 1468//1468 1038//1038 1167//1167
f 884//884 687//687 1275//1275
f 1097//1097 4//4 1355//1355
f 7//7 205//205 1119//1119
f 682//682 225//225 819//819
f 470//470 469//469 1295//1295
f 1210//1210 1433//1433 1507//1507
f 739//739 588//588 492//492
f 1481//1481 1218//1218 64//64
f 1457//1457 666//666 1027//1027
f 998//998 1112//1112 1369//1369
f 929//929 1329//1329 761//761
f 1171//1171 1031//1031 1394//1394
f 883//883 984//984 435//435
f 699//699 58//58 1173//1173
f 1293//1293 1173//1173 140//140
f 1069//1069 361//361 1251//1251
f 1114//1114 1206//1206 274//274
f 1352//1352 1507//1507 1225//1225
f 1456//1456 376//376 941//941
f 1508//1508 1070//1070 1115//1115
f 243//243 1067//1067 1252//1252
f 983//983 576//576 882//882
f 1236//1236 1277//1277 549//549
f 650//650 771//771 1055//1055
f 1087//1087 297//297 1086//1086
f 5//5 206//206 207//207
f 1249//1249 663//663 227//227
f 1069//1069 1267//1267 322//322
f 1474//1474 370//370 124//124
f 1505//1505 1503//1503 1507//1507
f 1250//1250 341//341 1143//1143
f 1076//1076 1142//1142 350//350
f 1026//1026 81//81 378//378
f 1300//1300 180//180 1299//1299
f 891//891 995//995 556//556
f 565//565 967//967 12//12
f 317//317 1079//1079 1088//1088
f 916//916 947//947 922//922
f 509//509 666//666 793//793
f 470//470 970//970 563//563
f 1122//1122 980//980 283//283
f 1300//1300 179//179 1406//1406
f 1496//1496 203//203 1093//1093
f 61//61 102//102 3//3
f 557//557 458//458 864//864
f 1423//1423 235//235 1140//1140
f 1255//1255 749//749 523//523
f 644//644 465//465 735//735
f 1218//1218 72//72 64//64
f 1243//1243 215//215 1217//1217
f 224//224 141//141 712//712
f 714//714 1175//1175 1401//1401
f 201//201 222//222 10//10
f 509//509 793//793 374//374
f 101//101 171//171 155//155
f 330//330 1145//1145 304//304
f 316//316 696//696 1088//1088
f 265//265 264//264 237//237
f 1190//1190 1293//1293 140//140
f 1497//1497 1370//1370 1197//1197
f 1127//1127 1278//1278 548//548
f 978//978 569//569 570//570
f 975//975 1373//1373 1100//1100
f 660//660 1369//1369 1228//1228
f 114//114 32//32 1316//1316
f 943//943 915//915 844//844
f 1041//1041 647//647 469//469
f 647//647 537//537 969//969
f 475//475 566//566 407//407
f 224//224 1400//1400 3//3
f 1196//1196 129//129 215//215
f 175//175 1288//1288 1294//1294
f 364//364 1007//1007 1317//1317
f 1074//1074 330//330 304//304
f 1245//1245 1427//1427 1367//1367
f 733//733 1042//1042 732//732
f 675//675 302//302 1145//1145
f 863//863 713//713 141//141
f 1362//1362 221//221 128//128
f 1255//1255 521//521 809//809
f 247//247 1426//1426 264//264
f 1090//1090 1163//1163 1091//1091
f 369//369 1468//1468 1486//1486
f 891//891 494//494 592//592
f 295//295 583//583 1427//1427
f 1473//1473 388//388 1451//1451
f 1366//1366 260//260 1422//1422
f 1161//1161 1482//1482 1352//1352
f 823//823 228//228 624//624
f 1084//1084 1264//1264 618//618
f 823//823 615//615 1084//1084
f 1089//1089 239//239 1512//1512
f 1351//1351 1082//1082 319//319
f 295//295 1427//1427 1245//1245
f 577//577 439//439 436//436
f 1200//1200 1498//1498 220//220
f 595//595 510//510 383//383
f 601//601 524//524 1076//1076
f 736//736 638//638 315//315
f 1447//1447 1335//1335 965//965
f 14//14 33//33 85//85
f 443//443 826//826 508//508
f 938//938 1301//1301 719//719
f 1084//1084 618//618 669//669
f 1023//1023 933//933 390//390
f 829//829 799//799 1260//1260
f 95//95 1488//1488 19//19
f 812//812 525//525 521//521
f 1087//1087 1141//1141 297//297
f 1028//1028 507//507 906//906
f 396//396 960//960 1011//1011
f 227//227 1086//1086 441//441
f 1165//1165 1166//1166 111//111
f 690//690 398//398 822//822
f 690//690 507//507 1028//1028
f 165//165 1170//1170 1415//1415
f 297//297 33//33 441//441
f 198//198 107//107 1311//1311
f 1024//1024 942//942 956//956
f 773//773 1412//1412 1184//1184
f 1428//1428 1099//1099 1247//1247
f 83//83 20//20 909//909
f 1441//1441 1492//1492 327//327
f 626//626 327//327 745//745
f 664//664 34//34 374//374
f 1502//1502 98//98 94//94
f 1069//1069 322//322 361//361
f 433//433 994//994 434//434
f 133//133 197//197 177//177
f 1089//1089 1139//1139 244//244
f 1041//1041 469//469 563//563
f 822//822 464//464 690//690
f 1138//1138 1111//1111 321//321
f 241//241 1265//1265 827//827
f 535//535 1095//1095 1386//1386
f 283//283 980//980 1102//1102
f 535//535 863//863 1095//1095
f 1435//1435 147//147 123//123
f 693//693 587//587 792//792
f 556//556 661//661 1244//1244
f 667//667 1267//1267 588//588
f 601//601 677//677 810//810
f 1505//1505 13//13 1503//1503
f 910//910 840//840 37//37
f 1118//1118 1229//1229 1270//1270
f 918//918 81//81 1026//1026
f 563//563 970//970 561//561
f 28//28 956//956 944//944
f 713//713 1041//1041 144//144
f 679//679 602//602 812//812
f 122//122 1192//1192 121//121
f 58//58 2//2 1173//1173
f 897//897 368//368 1002//1002
f 125//125 123//123 1169//1169
f 634//634 753//753 895//895
f 1069//1069 1251//1251 1482//1482
f 1421//1421 317//317 318//318
f 352//352 308//308 1150//1150
f 1074//1074 520//520 598//598
f 969//969 273//273 134//134
f 258//258 1388//1388 538//538
f 1481//1481 370//370 53//53
f 1110//1110 204//204 11//11
f 498//498 449//449 630//630
f 969//969 134//134 145//145
f 325//325 299//299 1072//1072
f 801//801 466//466 495//495
f 1042//1042 719//719 1301//1301
f 909//909 1225//1225 1433//1433
f 1006//1006 1011//1011 373//373
f 1210//1210 102//102 83//83
f 157//157 562//562 411//411
f 239//239 1089//1089 1143//1143
f 1286//1286 557//557 272//272
f 790//790 559//559 166//166
f 341//341 1443//1443 16//16
f 120//120 1174//1174 646//646
f 1479//1479 1338//1338 1356//1356
f 875//875 658//658 876//876
f 1074//1074 675//675 597//597
f 207//207 202//202 59//59
f 525//525 680//680 809//809
f 467//467 322//322 505//505
f 173//173 156//156 5//5
f 782//782 781//781 655//655
f 200//200 1040//1040 1294//1294
f 738//738 766//766 319//319
f 514//514 462//462 1159//1159
f 1017//1017 1437//1437 72//72
f 969//969 145//145 1296//1296
f 897//897 831//831 934//934
f 1010//1010 792//792 587//587
f 818//818 684//684 919//919
f 295//295 1245//1245 1371//1371
f 1435//1435 1177//1177 1341//1341
f 125//125 1471//1471 1334//1334
f 278//278 1119//1119 1199//1199
f 1148//1148 304//304 302//302
f 1299//1299 1036//1036 179//179
f 247//247 500//500 633//633
f 389//389 391//391 369//369
f 405//405 968//968 865//865
f 1349//1349 1348//1348 69//69
f 122//122 1176//1176 142//142
f 1026//1026 913//913 825//825
f 774//774 726//726 550//550
f 1063//1063 622//622 1064//1064
f 46//46 671//671 798//798
f 421//421 655//655 575//575
f 577//577 883//883 576//576
f 1364//1364 1093//1093 203//203
f 1404//1404 202//202 118//118
f 629//629 496//496 447//447
f 1442//1442 611//611 1160//1160
f 442//442 763//763 1263//1263
f 1123//1123 1382//1382 1271//1271
f 862//862 430//430 1053//1053
f 821//821 385//385 711//711
f 983//983 577//577 576//576
f 206//206 118//118 202//202
f 1236//1236 1377//1377 1128//1128
f 201//201 104//104 222//222
f 939//939 899//899 1453//1453
f 161//161 1363//1363 1183//1183
f 999//999 896//896 1000//1000
f 618//618 613//613 445//445
f 1012//1012 375//375 1319//1319
f 884//884 985//985 1202//1202
f 1122//1122 1121//1121 1375//1375
f 487//487 660//660 971//971
f 1009//1009 372//372 915//915
f 360//360 17//17 1332//1332
f 1029//1029 800//800 836//836
f 1257//1257 635//635 337//337
f 294//294 1158//1158 320//320
f 1263//1263 617//617 1511//1511
f 475//475 649//649 566//566
f 967//967 60//60 12//12
f 276//276 242//242 4//4
f 249//249 725//725 849//849
f 1085//1085 1266//1266 610//610
f 472//472 1298//1298 191//191
f 125//125 1334//1334 1177//1177
f 35//35 1037//1037 925//925
f 770//770 991//991 864//864
f 506//506 1314//1314 953//953
f 281//281 772//772 408//408
f 333//333 307//307 353//353
f 710//710 1295//1295 716//716
f 557//557 991//991 272//272
f 910//910 37//37 937//937
f 788//788 992//992 1422//1422
f 1364//1364 1135//1135 1307//1307
f 892//892 555//555 867//867
f 1438//1438 1475//1475 836//836
f 1510//1510 77//77 24//24
f 371//371 1484//1484 1485//1485
f 629//629 675//675 351//351
f 1074//1074 805//805 517//517
f 21//21 84//84 1348//1348
f 821//821 670//670 385//385
f 820//820 687//687 1216//1216
f 1421//1421 488//488 429//429
f 1101//1101 1277//1277 1128//1128
f 403//403 468//468 486//486
f 261//261 1118//1118 867//867
f 1138//1138 321//321 324//324
f 1122//1122 871//871 870//870
f 541//541 564//564 560//560
f 713//713 404//404 1041//1041
f 767//767 493//493 464//464
f 222//222 1418//1418 1057//1057
f 1454//1454 395//395 1493//1493
f 1471//1471 1316//1316 834//834
f 1503//1503 13//13 1497//1497
f 1096//1096 1112//1112 276//276
f 1122//1122 1390//1390 1274//1274
f 1489//1489 70//70 87//87
f 83//83 102//102 20//20
f 1150//1150 308//308 350//350
f 73//73 92//92 1485//1485
f 641//641 399//399 766//766
f 487//487 971//971 467//467
f 1464//1464 493//493 362//362
f 1505//1505 1251//1251 235//235
f 1138//1138 275//275 1111//1111
f 175//175 1405//1405 856//856
f 1244//1244 661//661 1137//1137
f 162//162 1186//1186 161//161
f 1487//1487 1213//1213 1504//1504
f 258//258 538//538 1269//1269
f 305//305 331//331 1142//1142
f 443//443 491//491 349//349
f 247//247 236//236 682//682
f 167//167 1419//1419 583//583
f 858//858 1336//1336 835//835
f 591//591 627//627 507//507
f 1043//1043 728//728 708//708
f 959//959 851//851 158//158
f 1025//1025 851//851 1331//1331
f 866//866 406//406 540//540
f 287//287 1180//1180 725//725
f 713//713 144//144 712//712
f 1214//1214 951//951 1490//1490
f 1214//1214 1490//1490 951//951
f 676//676 1074//1074 517//517
f 389//389 369//369 75//75
f 348//348 1066//1066 245//245
f 343//343 25//25 1494//1494
f 347//347 346//346 343//343
f 239//239 1143//1143 341//341
f 175//175 856//856 904//904
f 1508//1508 1365//1365 11//11
f 710//710 118//118 192//192
f 1006//1006 1450//1450 932//932
f 1007//1007 937//937 37//37
f 142//142 1448//1448 80//80
f 941//941 1320//1320 1456//1456
f 1404//1404 118//118 710//710
f 286//286 607//607 423//423
f 670//670 638//638 736//736
f 231//231 1281//1281 210//210
f 1495//1495 210//210 57//57
f 1497//1497 13//13 1370//1370
f 872//872 571//571 979//979
f 60//60 1356//1356 40//40
f 69//69 315//315 1219//1219
f 307//307 448//448 1151//1151
f 1439//1439 1346//1346 756//756
f 1210//1210 3//3 102//102
f 453//453 454//454 502//502
f 360//360 257//257 17//17
f 153//153 1178//1178 1407//1407
f 721//721 182//182 646//646
f 1200//1200 1359//1359 1056//1056
f 784//784 1361//1361 481//481
f 1164//1164 1113//1113 1091//1091
f 1008//1008 374//374 34//34
f 549//549 548//548 1278//1278
f 278//278 1199//1199 406//406
f 330//330 351//351 1145//1145
f 773//773 1184//1184 649//649
f 948//948 1321//1321 909//909
f 971//971 660//660 1423//1423
f 1024//1024 924//924 38//38
f 586//586 667//667 1068//1068
f 1461//1461 1035//1035 852//852
f 821//821 711//711 552//552
f 656//656 987//987 581//581
f 634//634 895//895 440//440
f 656//656 1105//1105 425//425
f 1501//1501 291//291 409//409
f 804//804 516//516 675//675
f 342//342 854//854 624//624
f 1358//1358 706//706 1039//1039
f 938//938 1014//1014 914//914
f 1050//1050 701//701 193//193
f 445//445 768//768 669//669
f 938//938 936//936 903//903
f 71//71 1462//1462 1220//1220
f 9//9 1363//1363 1412//1412
f 628//628 495//495 466//466
f 1502//1502 115//115 67//67
f 616//616 824//824 463//463
f 569//569 410//410 554//554
f 973//973 204//204 1110//1110
f 445//445 1477//1477 768//768
f 1493//1493 822//822 398//398
f 939//939 1453//1453 853//853
f 1197//1197 1370//1370 1095//1095
f 1495//1495 57//57 1362//1362
f 999//999 1060//1060 225//225
f 271//271 104//104 402//402
f 1043//1043 708//708 189//189
f 941//941 377//377 1320//1320
f 312//312 1275//1275 286//286
f 1178//1178 116//116 1402//1402
f 1201//1201 1164//1164 950//950
f 1457//1457 1027//1027 859//859
f 918//918 1465//1465 81//81
f 1454//1454 398//398 53//53
f 1498//1498 1204//1204 1185//1185
f 61//61 3//3 1400//1400
f 1491//1491 1440//1440 1432//1432
f 1423//1423 1140//1140 971//971
f 1489//1489 1287//1287 1512//1512
f 281//281 160//160 1203//1203
f 470//470 1295//1295 769//769
f 467//467 971//971 1140//1140
f 979//979 874//874 658//658
f 1333//1333 1452//1452 52//52
f 1453//1453 924//924 853//853
f 569//569 652//652 410//410
f 1074//1074 598//598 1073//1073
f 313//313 18//18 744//744
f 1000//1000 896//896 1061//1061
f 1504//1504 1494//1494 25//25
f 1289//1289 1411//1411 1053//1053
f 617//617 961//961 1511//1511
f 376//376 665//665 941//941
f 1326//1326 846//846 42//42
f 1326//1326 42//42 846//846
f 224//224 3//3 1210//1210
f 1188//1188 1414//1414 1206//1206
f 501//501 818//818 452//452
f 1123//1123 658//658 1382//1382
f 762//762 792//792 1475//1475
f 779//779 658//658 1273//1273
f 653//653 876//876 658//658
f 1102//1102 658//658 1120//1120
f 1055//1055 718//718 648//648
f 707//707 114//114 1036//1036
f 782//782 421//421 881//881
f 53//53 1028//1028 906//906
f 1076//1076 354//354 1152//1152
f 968//968 769//769 645//645
f 1417//1417 995//995 1306//1306
f 267//267 327//327 279//279
f 84//84 902//902 513//513
f 1500//1500 1354//1354 65//65
f 1172//1172 1396//1396 113//113
f 1433//1433 1225//1225 1507//1507
f 756//756 1104//1104 636//636
f 920//920 919//919 1018//1018
f 739//739 912//912 665//665
f 1505//1505 1482//1482 1251//1251
f 541//541 473//473 564//564
f 815//815 452//452 532//532
f 283//283 1102//1102 1120//1120
f 66//66 130//130 6//6
f 1118//1118 1270//1270 1373//1373
f 1106//1106 1231//1231 1382//1382
f 887//887 288//288 549//549
f 240//240 230//230 1081//1081
f 549//549 888//888 989//989
f 294//294 1116//1116 471//471
f 371//371 1445//1445 1477//1477
f 1076//1076 449//449 498//498
f 601//601 810//810 524//524
f 417//417 658//658 875//875
f 1107//1107 1262//1262 232//232
f 1245//1245 1388//1388 65//65
f 732//732 1042//1042 701//701
f 485//485 1392//1392 1052//1052
f 584//584 258//258 1269//1269
f 1360//1360 1327//1327 1216//1216
f 858//858 835//835 1452//1452
f 437//437 439//439 440//440
f 1349//1349 1461//1461 21//21
f 259//259 1269//1269 1116//1116
f 484//484 402//402 558//558
f 1165//1165 112//112 1166//1166
f 978//978 570//570 865//865
f 1213//1213 1506//1506 1494//1494
f 1068//1068 667//667 588//588
f 1333//1333 834//834 1315//1315
f 1509//1509 233//233 92//92
f 1438//1438 1443//1443 1475//1475
f 1474//1474 124//124 864//864
f 22//22 1504//1504 82//82
f 968//968 970//970 470//470
f 862//862 272//272 430//430
f 967//967 277//277 60//60
f 563//563 561//561 144//144
f 238//238 1159//1159 23//23
f 1262//1262 1260//1260 1240//1240
f 294//294 1092//1092 1116//1116
f 806//806 803//803 520//520
f 1099//1099 974//974 1389//1389
f 1249//1249 227//227 737//737
f 139//139 835//835 1398//1398
f 14//14 34//34 33//33
f 887//887 988//988 425//425
f 220//220 64//64 72//72
f 1076//1076 1152//1152 1142//1142
f 1291//1291 392//392 1035//1035
f 956//956 911//911 944//944
f 67//67 194//194 5//5
f 1087//1087 349//349 1141//1141
f 846//846 394//394 692//692
f 1106//1106 282//282 1231//1231
f 484//484 1387//1387 271//271
f 562//562 561//561 970//970
f 487//487 467//467 505//505
f 949//949 847//847 919//919
f 157//157 126//126 1359//1359
f 220//220 72//72 1437//1437
f 1464//1464 836//836 800//800
f 857//857 376//376 1456//1456
f 871//871 418//418 417//417
f 716//716 1296//1296 145//145
f 119//119 702//702 1171//1171
f 965//965 926//926 1513//1513
f 1421//1421 292//292 317//317
f 1320//1320 377//377 909//909
f 492//492 588//588 1267//1267
f 999//999 1061//1061 606//606
f 887//887 1105//1105 288//288
f 359//359 329//329 675//675
f 1321//1321 1456//1456 1320//1320
f 551//551 1094//1094 862//862
f 192//192 645//645 769//769
f 207//207 59//59 8//8
f 1010//1010 376//376 857//857
f 1014//1014 719//719 1042//1042
f 973//973 564//564 164//164
f 76//76 93//93 68//68
f 1279//1279 549//549 1237//1237
f 1029//1029 366//366 828//828
f 409//409 649//649 103//103
f 261//261 1229//1229 1118//1118
f 1010//1010 366//366 792//792
f 720//720 1310//1310 170//170
f 425//425 988//988 579//579
f 409//409 291//291 566//566
f 1068//1068 588//588 791//791
f 1334//1334 1192//1192 1312//1312
f 901//901 169//169 704//704
f 676//676 596//596 637//637
f 1451//1451 1314//1314 832//832
f 1029//1029 836//836 366//366
f 1095//1095 1370//1370 1386//1386
f 53//53 1218//1218 1481//1481
f 1327//1327 1345//1345 1360//1360
f 1327//1327 1360//1360 1345//1345
f 914//914 365//365 1004//1004
f 75//75 369//369 1486//1486
f 610//610 457//457 324//324
f 1192//1192 1341//1341 1312//1312
f 1509//1509 1221//1221 233//233
f 861//861 558//558 402//402
f 62//62 130//130 1179//1179
f 682//682 819//819 685//685
f 1469//1469 371//371 1477//1477
f 453//453 502//502 754//754
f 863//863 1197//1197 1095//1095
f 586//586 1068//1068 244//244
f 1510//1510 24//24 245//245
f 1096//1096 537//537 1369//1369
f 1250//1250 1143//1143 244//244
f 1505//1505 1507//1507 1482//1482
f 887//887 549//549 988//988
f 431//431 471//471 400//400
f 487//487 508//508 764//764
f 296//296 347//347 1252//1252
f 1413//1413 433//433 131//131
f 1413//1413 1205//1205 994//994
f 587//587 665//665 376//376
f 1139//1139 640//640 586//586
f 617//617 463//463 824//824
f 397//397 389//389 47//47
f 913//913 794//794 511//511
f 553//553 992//992 788//788
f 1078//1078 1126//1126 1155//1155
f 505//505 586//586 640//640
f 26//26 1511//1511 1221//1221
f 515//515 511//511 589//589
f 1087//1087 443//443 349//349
f 865//865 645//645 652//652
f 347//347 343//343 1252//1252
f 15//15 1343//1343 80//80
f 1051//1051 1292//1292 714//714
f 1365//1365 1115//1115 1247//1247
f 136//136 732//732 190//190
f 1180//1180 951//951 725//725
f 1481//1481 178//178 370//370
f 1342//1342 25//25 346//346
f 1071//1071 1261//1261 230//230
f 1213//1213 1355//1355 1506//1506
f 360//360 464//464 822//822
f 881//881 981//981 419//419
f 1098//1098 1247//1247 1099//1099
f 14//14 85//85 1508//1508
f 1097//1097 1355//1355 59//59
f 512//512 313//313 744//744
f 1457//1457 490//490 666//666
f 1006//1006 1317//1317 31//31
f 460//460 234//234 340//340
f 1021//1021 959//959 187//187
f 245//245 1066//1066 68//68
f 1093//1093 1268//1268 260//260
f 1512//1512 1287//1287 1229//1229
f 623//623 827//827 1162//1162
f 387//387 1049//1049 727//727
f 211//211 1114//1114 137//137
f 262//262 1133//1133 280//280
f 1496//1496 1357//1357 203//203
f 164//164 564//564 191//191
f 1217//1217 129//129 1440//1440
f 49//49 22//22 82//82
f 1311//1311 107//107 155//155
f 1346//1346 921//921 951//951
f 253//253 1132//1132 1080//1080
f 74//74 1344//1344 1488//1488
f 1399//1399 1292//1292 168//168
f 49//49 82//82 859//859
f 484//484 271//271 402//402
f 268//268 582//582 1499//1499
f 344//344 440//440 895//895
f 344//344 1063//1063 1064//1064
f 963//963 380//380 1480//1480
f 846//846 1463//1463 850//850
f 181//181 1043//1043 189//189
f 861//861 133//133 533//533
f 1164//1164 783//783 1113//1113
f 404//404 647//647 1041//1041
f 774//774 550//550 990//990
f 860//860 471//471 538//538
f 1457//1457 1342//1342 346//346
f 1050//1050 732//732 701//701
f 323//323 347//347 296//296
f 797//797 41//41 855//855
f 460//460 614//614 761//761
f 555//555 740//740 795//795
f 693//693 585//585 587//587
f 583//583 994//994 1427//1427
f 964//964 1027//1027 367//367
f 1163//1163 1164//1164 1091//1091
f 715//715 1294//1294 1040//1040
f 153//153 1398//1398 135//135
f 192//192 118//118 1187//1187
f 346//346 1249//1249 490//490
f 1059//1059 200//200 1034//1034
f 923//923 386//386 729//729
f 913//913 378//378 964//964
f 1034//1034 704//704 169//169
f 1123//1123 1230//1230 1381//1381
f 1297//1297 1302//1302 1179//1179
f 1474//1474 395//395 1454//1454
f 772//772 646//646 408//408
f 8//8 1434//1434 98//98
f 1212//1212 1339//1339 234//234
f 794//794 367//367 590//590
f 1395//1395 147//147 148//148
f 981//981 575//575 878//878
f 264//264 981//981 878//878
f 837//837 1313//1313 845//845
f 172//172 56//56 700//700
f 679//679 812//812 521//521
f 390//390 933//933 927//927
f 1441//1441 327//327 626//626
f 1431//1431 86//86 78//78
f 1189//1189 711//711 188//188
f 490//490 793//793 666//666
f 1063//1063 895//895 753//753
f 166//166 1204//1204 1498//1498
f 1255//1255 810//810 677//677
f 218//218 74//74 62//62
f 958//958 94//94 1513//1513
f 32//32 831//831 30//30
f 688//688 527//527 532//532
f 1245//1245 1367//1367 1388//1388
f 668//668 590//590 509//509
f 316//316 759//759 696//696
f 1508//1508 85//85 1141//1141
f 668//668 509//509 374//374
f 227//227 441//441 737//737
f 1201//1201 285//285 1164//1164
f 1289//1289 1182//1182 1411//1411
f 442//442 1263//1263 1160//1160
f 578//578 579//579 988//988
f 442//442 1160//1160 611//611
f 464//464 1332//1332 767//767
f 664//664 441//441 33//33
f 390//390 905//905 1013//1013
f 297//297 441//441 1086//1086
f 1286//1286 612//612 557//557
f 1085//1085 324//324 321//321
f 738//738 319//319 348//348
f 1467//1467 1411//1411 45//45
f 89//89 16//16 1443//1443
f 231//231 1219//1219 315//315
f 1303//1303 186//186 1043//1043
f 643//643 614//614 340//340
f 1506//1506 243//243 1494//1494
f 1012//1012 50//50 717//717
f 746//746 625//625 43//43
f 623//623 691//691 760//760
f 1282//1282 428//428 1240//1240
f 1395//1395 123//123 147//147
f 1495//1495 1194//1194 1209//1209
f 14//14 1008//1008 34//34
f 115//115 929//929 177//177
f 623//623 1322//1322 691//691
f 387//387 727//727 953//953
f 106//106 86//86 1431//1431
f 959//959 158//158 187//187
f 1224//1224 1488//1488 95//95
f 1230//1230 1375//1375 1381//1381
f 176//176 1289//1289 1053//1053
f 862//862 1094//1094 272//272
f 551//551 1283//1283 1094//1094
f 688//688 452//452 847//847
f 877//877 574//574 419//419
f 370//370 178//178 124//124
f 1223//1223 1351//1351 319//319
f 1139//1139 586//586 244//244
f 1435//1435 1341//1341 1343//1343
f 360//360 822//822 256//256
f 359//359 675//675 1144//1144
f 428//428 616//616 1240//1240
f 293//293 430//430 991//991
f 1171//1171 1394//1394 1396//1396
f 656//656 581//581 427//427
f 861//861 402//402 201//201
f 886//886 987//987 656//656
f 387//387 953//953 1314//1314
f 790//790 474//474 553//553
f 1227//1227 260//260 1268//1268
f 477//477 972//972 1046//1046
f 391//391 392//392 1002//1002
f 1357//1357 1//1 203//203
f 378//378 49//49 964//964
f 714//714 116//116 1175//1175
f 820//820 1216//1216 607//607
f 924//924 841//841 38//38
f 393//393 1477//1477 445//445
f 167//167 97//97 199//199
f 35//35 146//146 1037//1037
f 364//364 1004//1004 1007//1007
f 379//379 908//908 365//365
f 1074//1074 304//304 1148//1148
f 199//199 97//97 1032//1032
f 1297//1297 539//539 1302//1302
f 834//834 1316//1316 30//30
f 860//860 400//400 471//471
f 403//403 137//137 1114//1114
f 931//931 1002//1002 392//392
f 1368//1368 105//105 567//567
f 685//685 815//815 532//532
f 1496//1496 1093//1093 260//260
f 403//403 274//274 468//468
f 107//107 205//205 155//155
f 15//15 39//39 1340//1340
f 656//656 549//549 483//483
f 1153//1153 783//783 635//635
f 426//426 786//786 549//549
f 468//468 274//274 401//401
f 1284//1284 1111//1111 275//275
f 549//549 1276//1276 1246//1246
f 468//468 401//401 534//534
f 401//401 997//997 534//534
f 618//618 1264//1264 459//459
f 119//119 1291//1291 702//702
f 1350//1350 233//233 1221//1221
f 1084//1084 254//254 1264//1264
f 111//111 1166//1166 1395//1395
f 660//660 1386//1386 1423//1423
f 618//618 445//445 669//669
f 348//348 245//245 24//24
f 258//258 65//65 1388//1388
f 1175//1175 113//113 1396//1396
f 1060//1060 530//530 755//755