# https://github.com/mikedh/trimesh
v 0.06686500 0.03187200 -0.01364200
v 0.06740200 -0.03281100 0.02716400
v 0.06568400 0.01835900 -0.00107800
v 0.06060600 -0.03476500 0.03160400
v 0.06686500 0.03931800 -0.00862700
v 0.06740200 -0.03338300 0.02578300
v 0.06186900 -0.00215800 0.03160400
v 0.06060600 0.00390100 0.03160400
v 0.06740200 -0.00529200 0.02854500
v 0.06394100 -0.00520700 0.03248200
v 0.06256000 -0.00382600 0.03248200
v 0.06740200 -0.00195700 0.02716400
v 0.06451300 0.00390100 0.03248200
v 0.06568400 0.03187200 -0.00107800
v 0.06186900 0.00223400 0.03248200
v 0.06740200 0.00386000 0.02883200
v -0.02628900 0.01835900 0.02888900
v 0.01750800 -0.03931800 -0.00107800
v -0.02628900 0.03813700 0.00245100
v -0.01753000 -0.03931800 -0.03375600
v -0.02325100 0.00528300 0.03248200
v 0.02052500 -0.00244400 -0.03422300
v 0.02328800 0.00252000 -0.03422300
v -0.06688700 0.03931800 -0.00862700
v -0.06735000 -0.03338300 0.02578300
v -0.02628900 0.03931800 0.00245100
v -0.02187000 0.00585500 0.03248200
v 0.02190700 0.00194800 -0.03422300
v 0.01995300 0.00390100 -0.03422300
v 0.06186900 -0.03309700 0.03160400
v 0.06256000 -0.03476500 0.03248200
v 0.06394100 -0.03614600 0.03248200
v 0.06740200 -0.03614600 0.02854500
v 0.06394100 -0.00244400 0.03160400
v 0.06186900 -0.00549300 0.03248200
v 0.06451300 -0.00382600 0.03248200
v 0.06740200 -0.00391000 0.02911800
v -0.06735000 -0.00586400 0.02716400
v -0.06688700 0.03613700 0.01562500
v -0.06735000 -0.00391000 0.02521100
v -0.06156100 0.00585500 0.03248200
v 0.02328800 -0.03614600 -0.03422300
v 0.01750800 -0.03931800 -0.02511600
v -0.05806000 0.03931800 0.00245100
v -0.00001100 0.01835900 -0.03104500
v 0.03790300 0.00098900 -0.03459000
v -0.02382300 -0.00382600 0.03248200
v 0.02626700 0.01877800 -0.03217800
v -0.02325100 -0.00244400 0.03160400
v -0.02048900 0.00252000 0.03160400
v -0.02608000 -0.00001100 0.03115200
v 0.04064200 0.00010800 -0.03547200
v -0.05960700 -0.03476500 0.03160400
v -0.06017900 -0.03338300 0.03248200
v 0.06686500 0.03613700 0.01562500
v 0.06394100 0.00252000 0.03160400
v 0.06060600 -0.00382600 0.03248200
v 0.05803800 -0.00001600 0.03159900
v 0.06740200 -0.00586400 0.02716400
v 0.06740200 -0.00391000 0.02521100
v 0.06686500 0.03931800 0.00647100
v 0.06686500 0.01877800 0.03002200
v 0.06186900 0.00556900 0.03160400
v 0.05665400 -0.00000000 0.03025800
v -0.00001100 0.03813700 -0.00107800
v -0.06735000 0.00386000 -0.03071800
v 0.02190700 -0.03281100 0.03160400
v -0.01753000 -0.00800000 0.03120600
v 0.02190700 -0.03476500 0.03248200
v 0.02052500 -0.03614600 0.03248200
v -0.06688700 -0.00001600 -0.03375600
v -0.00452200 0.00217300 0.03156700
v -0.00001100 0.02874700 0.02227600
v 0.02626700 0.01877800 0.03002200
v 0.01750800 0.03813700 -0.00460700
v -0.02187000 -0.00187200 -0.03422300
v 0.01750800 0.03931800 -0.00107800
v -0.06294200 -0.03614600 -0.03422300
v -0.02382300 0.00390100 -0.03422300
v -0.06156100 -0.03476500 -0.03455200
v -0.02566200 -0.00000000 -0.03241400
v 0.02626700 0.03509700 0.01502000
v -0.00001100 0.02874700 -0.02443300
v 0.02626700 0.03931800 0.00647100
v 0.02190700 -0.03671800 -0.03422300
v 0.01995300 -0.03476500 -0.03422300
v -0.06017900 0.00528300 0.03248200
v -0.06735000 -0.00529200 0.02854500
v 0.02626700 -0.03931800 -0.03375600
v -0.00001100 -0.03931800 0.02296000
v -0.01711300 -0.00000000 -0.03241400
v -0.05806000 0.01835900 0.02888900
v -0.05806000 0.03813700 0.00245100
v -0.06688700 -0.03931800 0.03159900
v -0.06735000 -0.03671800 0.02716400
v -0.06735000 -0.03476500 0.02521100
v 0.02328800 -0.00520700 -0.03422300
v -0.02187000 0.00585500 0.03160400
v 0.02626700 -0.03931800 -0.00107800
v 0.01709000 -0.00000000 -0.03241400
v -0.06688700 0.03931800 -0.00107800
v -0.06156100 -0.00187200 0.03160400
v -0.06735000 0.00593200 0.02578300
v -0.02628900 0.02913600 -0.02488500
v -0.02628900 0.03613700 -0.01778100
v -0.05960700 0.00390100 0.03160400
v -0.06156100 -0.00382600 0.03248200
v -0.02187000 -0.03281100 0.03248200
v -0.02048900 -0.03614600 0.03160400
v -0.06294200 -0.00520700 0.03248200
v -0.01753000 -0.03813700 0.02296000
v -0.00001100 -0.00000000 -0.03241400
v -0.06688700 0.02952400 0.02318100
v -0.06017900 -0.00244400 0.03160400
v -0.02382300 -0.03476500 0.03160400
v -0.05960700 -0.00382600 0.03248200
v -0.01753000 0.01877800 -0.03217800
v -0.02325100 -0.03338300 0.03248200
v -0.06688700 0.03931800 -0.00460700
v -0.05806000 -0.00001600 0.03159900
v -0.00001100 -0.00001700 -0.03375600
v -0.06294200 0.00252000 0.03160400
v -0.02628900 0.03509700 0.01502000
v -0.02628900 0.01877800 0.03002200
v -0.06735000 -0.03338300 0.02854500
v 0.02386000 0.00390100 -0.03422300
v 0.02190700 -0.00187200 -0.03422300
v -0.06688700 -0.03055900 0.03159900
v -0.02628900 0.03931800 0.00647100
v 0.02564000 -0.00000000 -0.03241400
v 0.01750800 -0.00800000 -0.03257500
v 0.01750800 -0.03813700 -0.00107800
v 0.06394100 0.00252000 -0.03422300
v 0.06256000 0.00390100 -0.03455200
v 0.05803800 -0.00001600 -0.03375600
v 0.06740200 -0.00529200 -0.03043200
v 0.06740200 -0.00252900 -0.02766900
v 0.05803800 0.03613700 0.01562500
v 0.06186900 -0.00549300 0.03160400
v 0.06451300 -0.00382600 0.03160400
v 0.06394100 -0.00244400 0.03248200
v 0.06773100 0.00455100 0.02716400
v 0.06686500 -0.00001600 0.03159900
v 0.06740200 -0.00252900 0.02854500
v 0.06740200 0.00259700 -0.02905000
v 0.06740200 0.00386000 -0.02738300
v 0.06186900 -0.00215800 -0.03422300
v 0.06686500 -0.03931800 -0.00107800
v 0.06060600 0.00390100 -0.03422300
v 0.06527000 -0.00000000 -0.02413000
v 0.06186900 -0.00549300 -0.03422300
v 0.06451300 -0.00382600 -0.03422300
v 0.06686500 -0.00001600 -0.03375600
v 0.06740200 0.00386000 -0.03071800
v 0.06394100 -0.00244400 -0.03422300
v 0.06686500 -0.00001700 -0.02511600
v 0.06773100 0.00455100 -0.02905000
v 0.06527000 -0.00000000 0.02197300
v 0.06686500 -0.00001700 0.02296000
v 0.06568400 0.00754300 -0.00107800
v -0.02628900 0.03813700 -0.00842700
v -0.06688700 0.01877800 0.03002200
v -0.05960700 -0.00382600 0.03160400
v -0.06017900 -0.00244400 0.03248200
v -0.06294200 0.00252000 0.03248200
v -0.06156100 0.00390100 0.03248200
v -0.02325100 -0.03338300 0.03160400
v -0.02382300 -0.03476500 0.03248200
v -0.05667600 -0.00000000 0.03025800
v -0.02628900 -0.03055900 0.03120600
v -0.00001100 -0.00800000 -0.03257500
v -0.00001100 -0.03813700 -0.00107800
v -0.06688700 0.03931800 0.00647100
v -0.06156100 -0.00187200 0.03248200
v -0.05960700 0.00390100 0.03248200
v -0.02187000 -0.03281100 0.03160400
v -0.02048900 -0.03614600 0.03248200
v -0.06294200 -0.00520700 0.03160400
v -0.02187000 -0.03476500 0.03248200
v -0.05806000 -0.00800000 0.03120600
v -0.00001100 -0.00800000 -0.03375600
v -0.06688700 0.03187200 0.01148600
v -0.06688700 0.02874700 0.01536800
v 0.03809900 -0.00509400 -0.03412000
v -0.06156100 -0.03476500 0.03248200
v -0.02048900 -0.00520700 0.03160400
v -0.06156100 -0.03281100 0.03160400
v -0.02382300 0.00390100 0.03248200
v 0.01750800 0.01877800 -0.03217800
v -0.02628900 -0.00800000 0.03110800
v -0.00001100 -0.03813700 -0.02511600
v -0.00001100 -0.03055900 -0.03257500
v -0.02187000 -0.00187200 0.03248200
v -0.06294200 -0.03614600 0.03248200
v -0.06570600 0.03187200 -0.01364200
v -0.02382300 -0.00382600 0.03160400
v 0.02052500 0.00528300 -0.03422300
v -0.06017900 -0.03338300 0.03160400
v -0.02048900 0.00252000 0.03248200
v -0.02187000 0.00390100 0.03248200
v 0.01750800 -0.03813700 0.02296000
v -0.05806000 -0.03055900 0.03110800
v -0.00001100 -0.03055900 -0.03375600
v -0.05806000 0.03813700 -0.00842700
v -0.02325100 -0.00244400 0.03248200
v -0.05960700 -0.03476500 0.03248200
v 0.06568400 0.02874700 -0.00107800
v 0.06394100 -0.00520700 0.03160400
v 0.06186900 -0.00215800 0.03248200
v 0.06740200 0.00386000 0.02549700
v 0.06740200 0.00259700 0.02716400
v 0.06527000 -0.00000000 0.03025800
v 0.05803800 -0.00800000 0.03110800
v 0.06060600 0.00390100 0.03248200
v 0.06060600 -0.03476500 0.03248200
v 0.06740200 -0.03671800 0.02716400
v 0.06740200 -0.03476500 0.02521100
v 0.05803800 -0.03055900 0.03120600
v 0.05803800 0.03813700 -0.00842700
v 0.06686500 -0.03931800 0.03159900
v -0.06735000 -0.00529200 -0.02766900
v 0.01750800 0.03613700 -0.01778100
v 0.02386000 -0.03476500 0.03248200
v -0.06735000 -0.00252900 -0.03043200
v -0.06767900 -0.00391000 -0.02905000
v -0.06688700 -0.03055900 -0.00107800
v 0.02328800 -0.03338300 0.03160400
v -0.06294200 0.00528300 -0.03422300
v 0.01750800 0.02913600 -0.02488500
v 0.02626700 -0.03055900 0.03110800
v -0.06688700 -0.00800000 -0.02511600
v -0.00422700 0.00088000 0.03156700
v 0.02626700 0.03813700 -0.00842700
v -0.00001100 0.03813700 -0.00460700
v -0.04749700 0.00531600 -0.03421800
v 0.01750800 0.03931800 -0.00460700
v -0.02048900 0.00252000 -0.03422300
v -0.02325100 -0.00244400 -0.03422300
v 0.01750800 0.03813700 -0.00107800
v 0.02052500 0.00528300 0.03248200
v -0.05960700 -0.03476500 -0.03422300
v -0.02187000 0.00390100 -0.03455200
v -0.02628900 -0.00001600 -0.03375600
v -0.06688700 -0.00800000 0.02296000
v 0.02626700 0.03813700 0.00627100
v 0.01750800 0.02913600 0.02272900
v 0.02190700 0.00585500 0.03248200
v 0.02626700 0.03931800 0.00245100
v -0.06017900 -0.03614600 -0.03422300
v -0.01991600 0.00390100 -0.03422300
v -0.02187000 0.00194800 -0.03422300
v -0.06570600 -0.00800000 0.02296000
v 0.01750800 0.00759800 0.03120600
v -0.02628900 0.03931800 -0.00107800
v -0.02628900 0.03813700 -0.00460700
v -0.06735000 -0.03614600 0.02578300
v -0.06688700 0.03613700 -0.01778100
v -0.06767900 -0.03476500 0.02716400
v 0.03809900 0.00531600 -0.03421800
v 0.02386000 -0.00382600 -0.03422300
v -0.06688700 0.02952400 -0.02533700
v -0.02048900 0.00528300 0.03160400
v -0.01753000 -0.03055900 -0.03375600
v 0.02626700 -0.00800000 -0.03257500
v 0.02626700 -0.03813700 -0.00107800
v 0.02052500 -0.03614600 -0.03422300
v -0.06735000 -0.00391000 0.02911800
v 0.02190700 -0.03476500 -0.03455200
v -0.00001100 -0.03813700 0.02296000
v 0.01750800 -0.03055900 -0.03375600
v -0.05806000 0.01877800 0.03002200
v -0.05806000 0.03931800 0.00647100
v -0.05806000 0.03509700 0.01502000
v -0.06735000 -0.03281100 0.02716400
v 0.02328800 -0.00244400 -0.03422300
v -0.02048900 0.00528300 0.03248200
v -0.02628900 0.03813700 0.00627100
v 0.02190700 0.00390100 -0.03455200
v 0.02052500 0.00252000 -0.03422300
v 0.02626700 -0.00001600 -0.03375600
v 0.01750800 -0.00800000 -0.03375600
v -0.06735000 -0.00529200 0.02578300
v -0.06688700 -0.00800000 0.03159900
v -0.06294200 0.00528300 0.03248200
v -0.06767900 -0.00391000 0.02716400
v 0.02386000 -0.03476500 -0.03422300
v -0.01753000 -0.00001600 -0.03375600
v 0.01750800 -0.03055900 -0.03257500
v 0.01750800 -0.03813700 -0.02511600
v -0.05806000 0.03813700 0.00627100
v -0.06570600 -0.03055900 -0.00107800
v -0.06735000 -0.00391000 -0.02709700
v -0.06735000 -0.00586400 -0.02905000
v 0.02328800 -0.03614600 0.03248200
v 0.01750800 -0.03931800 0.03159900
v -0.06156100 0.00585500 -0.03422300
v -0.06529300 -0.00000000 -0.03241400
v -0.06570600 -0.00800000 -0.02511600
v -0.05806000 0.00754300 -0.03257500
v -0.00442400 -0.00183800 0.03156700
v -0.00422700 -0.00348400 0.03267400
v 0.00309000 0.00542200 0.03156700
v 0.00095500 0.00676000 0.03156700
v 0.02328800 0.00528300 -0.03422300
v -0.01991600 -0.00382600 0.03160400
v -0.02187000 -0.00577900 0.03160400
v -0.02048900 -0.00244400 0.03248200
v -0.02325100 0.00252000 0.03248200
v -0.06351400 -0.03476500 0.03248200
v -0.06294200 -0.03338300 0.03160400
v -0.02628900 0.03613700 0.01562500
v -0.00001100 -0.03931800 -0.02511600
v 0.02626700 0.00762600 -0.03375600
v -0.05806000 0.03931800 -0.00862700
v 0.01750800 0.01835900 -0.03104500
v -0.06156100 -0.03671800 0.03248200
v 0.02190700 0.00585500 -0.03422300
v -0.02187000 0.00194800 0.03248200
v -0.06688700 0.03187200 -0.01364200
v -0.02325100 -0.00520700 0.03160400
v -0.06017900 -0.03614600 0.03248200
v -0.01991600 0.00390100 0.03248200
v 0.01750800 -0.03931800 0.02296000
v 0.02626700 0.00754300 -0.03257500
v -0.02382300 -0.00382600 -0.03422300
v 0.01750800 0.01877800 0.03002200
v 0.02052500 0.00528300 0.03160400
v 0.02626700 0.03931800 -0.00107800
v -0.06017900 -0.03338300 -0.03422300
v 0.01750800 0.03931800 0.00647100
v -0.02628900 -0.00800000 -0.03257500
v -0.05806000 -0.03055900 -0.03375600
v -0.02628900 -0.03813700 -0.00107800
v 0.02626700 0.03813700 -0.00460700
v 0.01750800 0.03509700 0.01502000
v -0.00001100 0.03813700 -0.00842700
v -0.00001100 -0.03055900 0.03100900
v 0.06394100 -0.00520700 -0.03422300
v 0.06256000 -0.00382600 -0.03455200
v 0.05803800 -0.00800000 -0.03375600
v -0.02628900 0.03931800 -0.00460700
v -0.01753000 -0.03813700 -0.02511600
v -0.06735000 -0.03476500 0.02911800
v 0.02052500 -0.00520700 -0.03422300
v -0.02628900 0.03813700 -0.00107800
v -0.02628900 0.02913600 0.02272900
v 0.02190700 -0.00382600 -0.03455200
v 0.01750800 -0.00001600 -0.03375600
v 0.02626700 -0.00800000 -0.03375600
v -0.01753000 -0.03055900 -0.03257500
v 0.06568400 -0.00800000 -0.02511600
v 0.04592300 0.00531600 -0.03412000
v 0.06060600 -0.00382600 -0.03422300
v 0.06527000 -0.00000000 -0.03241400
v 0.05803800 -0.00800000 -0.03257500
v 0.05803800 -0.03813700 -0.00107800
v 0.06568400 -0.03055900 -0.00107800
v 0.06740200 -0.00586400 -0.02905000
v 0.06740200 -0.00391000 -0.02709700
v 0.02328800 -0.03338300 -0.03422300
v -0.06735000 -0.00195700 0.02716400
v -0.06570600 0.03187200 -0.00107800
v -0.06735000 0.00386000 0.02883200
v -0.06294200 0.00528300 0.03160400
v -0.01753000 -0.00800000 -0.03257500
v 0.02626700 -0.03055900 -0.03375600
v -0.05806000 0.03813700 -0.00460700
v -0.05806000 0.03931800 -0.00107800
v -0.01753000 -0.03813700 -0.00107800
v -0.02187000 -0.00577900 -0.03422300
v 0.02328800 0.00528300 0.03160400
v -0.06688700 0.00754300 -0.00107800
v -0.01991600 -0.00382600 -0.03422300
v -0.06294200 -0.03338300 -0.03422300
v 0.01750800 0.03931800 0.00245100
v 0.02626700 0.00759100 0.03110800
v -0.05806000 -0.03931800 -0.02511600
v -0.01753000 0.03509700 -0.01717700
v -0.06294200 -0.03338300 0.03248200
v -0.02325100 0.00252000 0.03160400
v -0.02187000 -0.00577900 0.03248200
v -0.01991600 -0.00382600 0.03248200
v -0.05806000 -0.03931800 0.03159900
v -0.00001100 -0.03931800 -0.03375600
v -0.02048900 -0.00244400 0.03160400
v -0.06351400 -0.03476500 0.03160400
v 0.03790300 0.00010800 -0.03547200
v 0.02626700 -0.03931800 0.02296000
v 0.01750800 0.00754300 -0.03257500
v 0.04064200 0.00098900 -0.03459000
v -0.06156100 -0.03671800 0.03160400
v -0.06688700 0.02874700 -0.01752400
v -0.02048900 -0.00520700 0.03248200
v -0.06156100 -0.03281100 0.03248200
v -0.02187000 -0.00382600 0.03248200
v -0.05806000 0.02913600 -0.02488500
v -0.02382300 0.00390100 0.03160400
v 0.03796600 0.00003000 -0.03437600
v 0.02626700 -0.03813700 0.02296000
v -0.05806000 0.03613700 -0.01778100
v -0.02187000 -0.00187200 0.03160400
v -0.06294200 -0.03614600 0.03160400
v -0.06570600 0.02874700 -0.01752400
v -0.06767900 0.00455100 -0.02905000
v 0.01750800 -0.03055900 0.03120600
v 0.02190700 -0.03281100 0.03248200
v 0.02626700 0.03613700 -0.01778100
v 0.02052500 -0.03614600 0.03160400
v -0.05806000 -0.03813700 0.02296000
v -0.06688700 -0.00001700 -0.02511600
v -0.00083200 0.00538500 0.03293800
v -0.00452200 0.00205600 0.03267400
v 0.02626700 0.02913600 -0.02488500
v -0.00001100 0.03509700 0.01502000
v 0.01750800 0.03813700 -0.00842700
v 0.01995300 -0.03476500 0.03160400
v -0.06735000 0.00259700 -0.02905000
v -0.06735000 0.00386000 -0.02738300
v 0.02190700 -0.03671800 0.03160400
v 0.02052500 -0.03338300 0.03248200
v -0.00001100 0.03813700 0.00245100
v -0.06688700 -0.03931800 -0.00107800
v -0.05806000 -0.03931800 0.02296000
v -0.06529300 -0.00000000 -0.02413000
v -0.00067800 0.00676000 0.03267400
v -0.00276200 0.00542000 0.03267400
v -0.00422700 0.00323200 0.03267400
v -0.00001100 0.01835900 0.02888900
v 0.02626700 -0.03931800 0.03159900
v 0.02190700 -0.03281100 -0.03422300
v -0.06735000 -0.00252900 0.02854500
v -0.06767900 0.00455100 0.02716400
v 0.02626700 -0.03813700 -0.02511600
v -0.01753000 -0.00800000 -0.03375600
v 0.02626700 -0.03055900 -0.03257500
v -0.06688700 -0.00001600 0.03159900
v -0.05806000 0.02913600 0.02272900
v -0.05806000 0.03813700 -0.00107800
v -0.05806000 0.03931800 -0.00460700
v -0.02628900 0.03509700 -0.01717700
v -0.06735000 0.00386000 0.02549700
v -0.05806000 0.00759100 0.03110800
v 0.02052500 -0.03338300 -0.03422300
v -0.06735000 0.00259700 0.02716400
v -0.06017900 0.00528300 0.03160400
v 0.02626700 -0.03931800 -0.02511600
v -0.06529300 -0.00000000 0.03025800
v -0.00001100 0.00754300 -0.03375600
v -0.06570600 0.02874700 -0.00107800
v -0.03967200 0.00531600 -0.03412000
v 0.02626700 0.03931800 -0.00460700
v -0.06570600 0.00754300 -0.00107800
v -0.02187000 -0.00382600 -0.03455200
v -0.02048900 -0.00520700 -0.03422300
v -0.06156100 -0.03281100 -0.03422300
v -0.02628900 -0.00800000 -0.03375600
v -0.05806000 -0.03055900 -0.03257500
v -0.05806000 -0.03813700 -0.02511600
v -0.06688700 -0.00001700 0.02296000
v -0.06529300 -0.00000000 0.02197300
v 0.02626700 0.02913600 0.02272900
v 0.02626700 0.03813700 -0.00107800
v 0.01750800 0.03813700 0.00627100
v 0.07708900 -0.00517500 0.00121700
v 0.04338000 -0.00005900 -0.03442300
v 0.05803800 0.01835900 -0.03104500
v 0.06686500 0.01835900 -0.02394900
v -0.06570600 -0.00800000 -0.00107800
v -0.01753000 0.03931800 -0.00862700
v 0.02328800 0.00252000 0.03248200
v -0.04769200 -0.00000800 -0.03447400
v 0.02190700 -0.00577900 0.03160400
v 0.01995300 -0.00382600 0.03160400
v 0.02052500 -0.00244400 0.03248200
v -0.02325100 0.00528300 -0.03422300
v 0.01709000 -0.00000000 0.03025800
v -0.06570600 -0.03055900 -0.02511600
v -0.02628900 0.00762600 -0.03375600
v -0.06954100 -0.00556000 -0.00061900
v -0.07066300 -0.00389400 -0.00086200
v -0.07054400 -0.00526400 -0.00116500
v -0.06990600 -0.00375800 -0.00140200
v -0.07554900 -0.00412800 0.00314000
v -0.07311400 -0.00517500 0.00351200
v -0.07502600 -0.00517500 0.00223300
v -0.07311400 -0.00412800 0.00246500
v -0.04221500 0.00098900 -0.03459000
v -0.06799100 -0.00334500 -0.00395500
v -0.06762200 -0.00573000 -0.00651200
v -0.06762200 -0.00769500 0.00065200
v -0.00001100 0.03509700 -0.01717700
v 0.02626700 0.03613700 0.01562500
v 0.02328800 0.00252000 0.03160400
v 0.01995300 -0.00382600 0.03248200
v 0.02190700 -0.00577900 0.03248200
v 0.02052500 -0.00244400 0.03160400
v -0.02628900 -0.03931800 0.02296000
v -0.06911200 -0.00251700 -0.00127100
v -0.07126000 -0.00401300 0.00213400
v -0.07072300 -0.00508600 0.00306300
v -0.06913900 -0.00517500 0.00121700
v -0.07702900 -0.00396700 -0.00333800
v -0.07612600 -0.00493200 0.00066100
v -0.07607800 -0.00430100 -0.00278900
v -0.06779000 -0.00181000 -0.00401300
v -0.06762200 -0.00769500 0.00238300
v -0.01753000 -0.03931800 0.03159900
v 0.02386000 0.00390100 0.03160400
v -0.03947600 0.00098900 -0.03459000
v -0.01753000 0.03613700 -0.01778100
v 0.02190700 -0.00382600 0.03248200
v -0.06688700 -0.03055900 -0.03375600
v 0.02052500 -0.00520700 0.03248200
v 0.02190700 -0.00187200 0.03160400
v -0.04749700 -0.00509400 -0.03412000
v -0.06911500 -0.00253300 -0.00081300
v -0.07607800 -0.00430100 0.00063300
v -0.06904000 -0.00401300 0.00127400
v -0.07067900 -0.00412800 0.00314000
v -0.07691500 -0.00519100 -0.00327300
v -0.07120200 -0.00517500 0.00223300
v -0.07612600 -0.00493200 -0.00281700
v -0.06771400 -0.00232300 -0.00507400
v -0.06751700 -0.00769500 0.00411300
v -0.02628900 -0.03813700 0.02296000
v -0.01753000 0.02913600 -0.02488500
v -0.06735000 -0.03671800 -0.02905000
v 0.02190700 0.00194800 0.03160400
v 0.01995300 0.00390100 0.03160400
v -0.06735000 -0.03476500 -0.02709700
v -0.02628900 0.01835900 -0.03104500
v 0.02328800 -0.00520700 0.03248200
v -0.06688700 -0.03931800 -0.02511600
v -0.06529300 -0.00000000 -0.00107800
v -0.06796600 -0.00218100 -0.00149000
v -0.07718100 -0.00398800 -0.00107800
v -0.07311400 -0.00396700 -0.00559900
v -0.07496900 -0.00401300 -0.00429000
v -0.07550500 -0.00508600 -0.00521900
v -0.07639300 -0.00524000 0.00081500
v -0.07311400 -0.00493200 -0.00455600
v -0.06760800 -0.00044600 0.00009600
v -0.06762200 -0.00334500 0.00323700
v -0.06799100 -0.00576200 0.00254500
v 0.01750800 0.03613700 0.01562500
v -0.03947600 0.00010800 -0.03547200
v -0.06688700 0.00754300 0.02296000
v -0.06735000 -0.03338300 -0.02766900
v -0.04769200 0.00098900 -0.03459000
v -0.06735000 -0.03614600 -0.03043200
v 0.02190700 0.00194800 0.03248200
v 0.01995300 0.00390100 0.03248200
v 0.02328800 -0.00520700 0.03160400
v -0.06688700 -0.03931800 -0.03375600
v -0.02187000 0.00585500 -0.03422300
v -0.02628900 0.00754300 -0.03257500
v -0.06796700 -0.00585600 0.00002800
v -0.06814300 -0.00381500 -0.00136600
v -0.06919900 -0.00396700 -0.00333800
v -0.07067900 -0.00412800 -0.00529600
v -0.07708900 -0.00517500 0.00121700
v -0.07120200 -0.00517500 -0.00439000
v -0.04221500 -0.00005900 -0.03442300
v -0.04495400 0.00010800 -0.03547200
v -0.06754800 -0.00232300 0.00291700
v -0.06757600 -0.00769500 -0.00626900
v -0.06688700 0.01835900 0.02179300
v -0.04769200 0.00010800 -0.03547200
v 0.02626700 -0.00800000 0.03120600
v 0.02386000 0.00390100 0.03248200
v 0.02190700 -0.00187200 0.03248200
v 0.02052500 -0.00520700 0.03160400
v -0.04749700 0.00011100 -0.03416900
v 0.01750800 -0.00001600 0.03159900
v -0.06688700 -0.03055900 -0.02511600
v -0.06945400 -0.00554700 -0.00131500
v -0.07008000 -0.00371400 -0.00043400
v -0.07067900 -0.00382200 -0.00120800
v -0.07052300 -0.00525200 -0.00090400
v -0.07496900 -0.00401300 0.00213400
v -0.07311400 -0.00401300 0.00362600
v -0.07550500 -0.00508600 0.00306300
v -0.07311400 -0.00508600 0.00255400
v -0.04495400 0.00098900 -0.03459000
v -0.06762200 -0.00334500 -0.00539300
v -0.06799100 -0.00595500 -0.00399200
v -0.06743800 -0.00777100 -0.00172700
v -0.06735000 -0.03281100 -0.02905000
v -0.06735000 -0.03476500 -0.03100400
v 0.02190700 0.00390100 0.03248200
v 0.02052500 0.00252000 0.03248200
v 0.02386000 -0.00382600 0.03160400
v 0.02328800 -0.00244400 0.03248200
v -0.03967200 -0.00509400 -0.03421800
v -0.02048900 0.00528300 -0.03422300
v -0.06804400 -0.00559400 -0.00132800
v -0.07718800 -0.00401300 0.00127400
v -0.07126000 -0.00401300 -0.00429000
v -0.06931300 -0.00519100 -0.00327300
v -0.07072300 -0.00508600 -0.00521900
v -0.04221500 0.00010800 -0.03547200
v -0.04495400 -0.00005900 -0.03442300
v -0.06799100 -0.00334500 0.00036000
v -0.06788000 -0.00182700 0.00180000
v -0.06762200 -0.00769500 -0.00453900
v -0.01753000 0.03813700 -0.00842700
v -0.06570600 0.01835900 0.02179300
v -0.01753000 -0.03055900 0.03110800
v -0.06017900 -0.00520700 -0.03422300
v -0.06688700 0.00754300 -0.02511600
v -0.06688700 -0.03931800 0.02296000
v -0.00063400 -0.00204600 0.03298800
v 0.00121100 0.00417900 0.03272500
v -0.00282300 0.00088000 0.03267400
v 0.00298800 0.00205600 0.03267400
v 0.00449000 0.00193800 0.03156700
v -0.00312200 -0.00567500 0.03156700
v -0.05806000 -0.03931800 -0.00107800
v -0.06688700 0.01835900 -0.02394900
v -0.06017900 -0.00244400 -0.03422300
v -0.02382300 -0.03476500 -0.03422300
v -0.06294200 0.00252000 -0.03422300
v -0.06156100 0.00390100 -0.03455200
v -0.00018800 0.00021100 0.03125600
v -0.05806000 -0.00001600 -0.03375600
v -0.00078900 -0.00607500 0.03302800
v -0.00023500 -0.00375800 0.03491300
v -0.00289600 -0.00426800 0.03267400
v 0.00089400 -0.00701200 0.03267400
v 0.00348400 0.00440800 0.03156700
v 0.00419500 0.00323200 0.03267400
v -0.00282300 -0.00113200 0.03156700
v -0.01753000 0.03813700 0.00627100
v -0.06570600 0.00754300 -0.02511600
v -0.02325100 -0.03338300 -0.03422300
v -0.01753000 0.03813700 -0.00460700
v -0.05960700 -0.00382600 -0.03422300
v -0.01753000 0.03931800 -0.00107800
v -0.05806000 -0.00800000 -0.03257500
v -0.02628900 -0.03055900 -0.03375600
v -0.00022900 -0.00249700 0.03425600
v -0.00295400 -0.00191600 0.03267400
v -0.00351600 -0.00466000 0.03156700
v 0.00095500 -0.00701200 0.03156700
v -0.00071800 0.00088000 0.03267400
v 0.00148600 0.00205600 0.03267400
v 0.00286400 0.00401600 0.03267400
v 0.00419500 0.00323200 0.03156700
v -0.05806000 -0.03813700 -0.00107800
v -0.02187000 -0.03281100 -0.03422300
v -0.06735000 0.00593200 -0.02766900
v -0.01753000 0.03931800 -0.00460700
v -0.06688700 0.01877800 -0.03217800
v -0.01753000 0.03813700 -0.00107800
v -0.06156100 -0.00382600 -0.03455200
v -0.06294200 -0.00520700 -0.03422300
v -0.05667600 -0.00000000 -0.03241400
v -0.05806000 -0.00800000 -0.03375600
v -0.02628900 -0.03055900 -0.03257500
v -0.02628900 -0.03813700 -0.02511600
v 0.00021500 -0.00249700 0.03425600
v 0.00419500 -0.00348400 0.03267400
v 0.00292200 -0.00191600 0.03267400
v -0.00037800 -0.00750600 0.03128800
v 0.00348400 -0.00466000 0.03156700
v 0.00439200 -0.00199400 0.03156700
v -0.00289600 0.00401600 0.03267400
v -0.00076700 0.00205600 0.03267400
v 0.00138800 0.00088000 0.03267400
v -0.01753000 0.02913600 0.02272900
v 0.00419500 0.00088000 0.03156700
v -0.06735000 0.00650400 -0.02905000
v -0.02048900 -0.03338300 -0.03422300
v -0.06351400 -0.00382600 -0.03422300
v -0.06156100 -0.00577900 -0.03422300
v -0.02628900 -0.03931800 -0.02511600
v 0.00077500 -0.00203200 0.03302400
v 0.00295500 -0.00586000 0.03156700
v -0.00078900 0.00404800 0.03271400
v -0.00302000 0.00205600 0.03267400
v 0.00279100 0.00088000 0.03267400
v -0.01753000 0.00759100 0.03110800
v 0.02626700 0.03509700 -0.01717700
v -0.06570600 -0.03055900 0.02296000
v -0.06294200 -0.00244400 -0.03422300
v 0.00419500 0.00088000 0.03267400
v -0.06735000 0.00593200 -0.03043200
v -0.02187000 -0.03671800 -0.03422300
v -0.01753000 0.03813700 0.00245100
v -0.01991600 -0.03476500 -0.03422300
v -0.02628900 -0.03931800 -0.03375600
v -0.06017900 0.00252000 -0.03422300
v 0.00022100 -0.00529600 0.03454600
v 0.00126900 -0.00407200 0.03267400
v 0.00273000 -0.00567300 0.03267400
v 0.00279100 0.00088000 0.03156700
v 0.00138800 -0.00113200 0.03156700
v -0.01753000 0.01835900 0.02888900
v -0.01753000 0.03931800 0.00647100
v -0.01753000 0.01877800 0.03002200
v -0.05960700 0.00390100 -0.03422300
v -0.06156100 -0.00187200 -0.03422300
v -0.02048900 -0.03614600 -0.03422300
v -0.02187000 -0.03476500 -0.03455200
v -0.06688700 -0.03055900 0.02296000
v 0.00085600 -0.00611500 0.03304000
v -0.00004400 -0.00400100 0.03547200
v 0.00021200 -0.00376400 0.03495400
v 0.00440300 -0.00196200 0.03267400
v 0.00286400 -0.00426800 0.03267400
v -0.00071200 -0.00701200 0.03267400
v 0.00419500 -0.00348400 0.03156700
v 0.00138800 0.00088000 0.03156700
v -0.00351600 0.00440800 0.03156700
v 0.00279100 -0.00113200 0.03156700
v -0.01753000 0.03509700 0.01502000
v -0.01753000 0.03931800 0.00245100
v -0.06688700 0.00762600 -0.03375600
v -0.06351400 0.00390100 -0.03422300
v -0.02325100 -0.03614600 -0.03422300
v -0.06156100 0.00194800 -0.03422300
v 0.01750800 0.03509700 -0.01717700
v -0.00023600 -0.00531100 0.03455200
v -0.00065900 -0.00407200 0.03267400
v -0.00276200 -0.00567300 0.03267400
v 0.00449000 0.00205600 0.03267400
v -0.00282300 0.00088000 0.03156700
v -0.00071800 -0.00113200 0.03156700
v -0.06570600 0.01835900 -0.02394900
v 0.06394100 -0.03338300 -0.03422300
v 0.06686500 -0.03055900 -0.02511600
v 0.05803800 -0.03931800 -0.02511600
v 0.06670200 -0.00585800 -0.00651200
v 0.06780900 -0.00334500 -0.00539300
v 0.06749400 -0.00779700 -0.00165500
v 0.06780900 -0.00595500 -0.00399200
v 0.06670200 -0.00769500 0.00065200
v 0.06997800 -0.00371600 -0.00049200
v 0.06967100 -0.00535200 -0.00131900
v 0.07059700 -0.00423400 -0.00116500
v 0.06451300 -0.03476500 -0.03422300
v 0.06686500 -0.03055900 -0.03375600
v 0.05803800 -0.03931800 -0.03375600
v 0.06186900 -0.03643200 -0.03422300
v 0.07120200 -0.00517500 0.00223300
v 0.07067900 -0.00412800 0.00314000
v 0.06670200 -0.00163900 -0.00457400
v 0.06780900 -0.00232300 -0.00507400
v 0.06780900 -0.00769500 0.00411300
v 0.06670200 -0.00769500 0.00238300
v 0.06948400 -0.00259300 -0.00080400
v 0.06904000 -0.00401300 0.00127400
v 0.06186900 -0.03309700 -0.03422300
v 0.06568400 -0.03055900 -0.02511600
v 0.05803800 -0.03055900 -0.03257500
v 0.07057300 -0.00423400 -0.00090400
v 0.05803800 -0.03813700 -0.02511600
v 0.06670200 -0.00334500 -0.00539300
v 0.06780900 -0.00334500 -0.00395500
v 0.06780900 -0.00769500 0.00065200
v 0.06780900 -0.00576200 -0.00651200
v 0.06619300 -0.00784700 -0.00151100
v 0.06984400 -0.00372800 -0.00137900
v 0.06976300 -0.00536400 -0.00055900
v 0.06686500 -0.03931800 -0.03375600
v 0.06740200 -0.03338300 -0.02766900
v 0.06740200 -0.03614600 -0.03043200
v 0.05803800 -0.03055900 -0.03375600
v 0.07120200 -0.00517500 -0.00439000
v 0.06919900 -0.00396700 -0.00333800
v 0.07067900 -0.00412800 -0.00529600
v 0.06780900 -0.00232300 0.00291700
v 0.06670200 -0.00163900 0.00241800
v 0.06670200 -0.00769500 -0.00453900
v 0.06807000 -0.00381500 -0.00136600
v 0.06813300 -0.00591000 -0.00037500
v 0.06780900 -0.00769500 -0.00626900
v 0.06686500 0.01835900 0.02179300
v 0.06394100 -0.03614600 -0.03422300
v 0.06256000 -0.03476500 -0.03455200
v 0.07072300 -0.00508600 0.00306300
v 0.06913900 -0.00517500 0.00121700
v 0.06670200 -0.00232300 -0.00507400
v 0.06780900 -0.00184800 -0.00388800
v 0.06780900 -0.00769500 0.00238300
v 0.06670200 -0.00769500 0.00411300
v 0.06950700 -0.00255200 -0.00128300
v 0.07126000 -0.00401300 0.00213400
v 0.06740200 -0.03476500 -0.03100400
v 0.06740200 -0.03281100 -0.02905000
v 0.06931300 -0.00519100 -0.00327300
v 0.07072300 -0.00508600 -0.00521900
v 0.07126000 -0.00401300 -0.00429000
v 0.06670200 -0.00232300 0.00291700
v 0.06670200 -0.00769500 -0.00626900
v 0.06780900 -0.00334500 0.00036000
v 0.06780900 -0.00184800 0.00173200
v 0.06816100 -0.00575400 -0.00130100
v 0.06780900 -0.00769500 -0.00453900
v 0.06568400 0.01835900 0.02179300
v 0.06060600 -0.03476500 -0.03422300
v 0.06686500 -0.03931800 -0.02511600
v 0.06740200 -0.03476500 -0.02709700
v 0.06740200 -0.03671800 -0.02905000
v 0.06670200 -0.00566500 0.00435600
v 0.06622400 -0.00029700 -0.00167600
v 0.06780900 -0.00576200 0.00254500
v 0.06813700 -0.00233400 -0.00138100
v 0.06780900 -0.00044600 0.00004400
v 0.06780900 -0.00334500 0.00323700
v 0.06686500 0.00754300 0.02296000
v 0.06740200 -0.03338300 -0.03043200
v 0.06740200 -0.03614600 -0.02766900
v 0.06773100 -0.03476500 -0.02905000
v 0.06670200 -0.00044600 0.00011900
v 0.06780900 -0.00334500 0.00179900
v 0.06748500 -0.00029900 -0.00164200
v 0.06816700 -0.00237500 -0.00061600
v 0.06780900 -0.00576200 0.00435600
v 0.06670200 -0.00334500 0.00323700
v 0.06568400 0.00754300 0.02296000
v -0.06735000 -0.03338300 -0.03043200
v -0.06570600 0.00754300 0.02296000
v 0.02052500 0.00252000 0.03160400
v -0.06767900 -0.03476500 -0.02905000
v -0.06735000 -0.03614600 -0.02766900
v 0.01750800 -0.00800000 0.03110800
v -0.02628900 0.01877800 -0.03217800
v 0.02328800 -0.00244400 0.03160400
v 0.02386000 -0.00382600 0.03248200
v 0.02605800 -0.00001100 0.03115200
v -0.06741400 -0.00033400 -0.00170200
v -0.07639300 -0.00378200 0.00081500
v -0.07311400 -0.00430100 -0.00450000
v -0.07554900 -0.00412800 -0.00529600
v -0.07311400 -0.00519100 -0.00546700
v -0.07732100 -0.00513900 -0.00107800
v -0.07502600 -0.00517500 -0.00439000
v -0.07816200 -0.00451100 -0.00107800
v -0.06796200 -0.00223800 -0.00039100
v -0.06799100 -0.00334500 0.00179900
v -0.06762200 -0.00579400 0.00435600
v -0.03953900 0.00003000 -0.03437600
v 0.06186900 0.00556900 -0.03422300
v 0.07639300 -0.00524000 0.00081500
v 0.07311400 -0.00493200 -0.00455600
v 0.07550500 -0.00508600 -0.00521900
v 0.07718100 -0.00398800 -0.00107800
v 0.07496900 -0.00401300 -0.00429000
v 0.07311400 -0.00396700 -0.00559900
v 0.05803800 0.00754300 -0.03257500
v 0.06568400 0.00754300 -0.02511600
v 0.04592300 -0.00509400 -0.03421800
v 0.07612600 -0.00493200 -0.00281700
v 0.07691500 -0.00519100 -0.00327300
v 0.07607800 -0.00430100 0.00063300
v 0.06740200 0.00650400 -0.02905000
v 0.06394100 0.00528300 -0.03422300
v 0.07554900 -0.00412800 -0.00529600
v 0.07502600 -0.00517500 -0.00439000
v 0.07311400 -0.00519100 -0.00546700
v 0.07732100 -0.00513900 -0.00107800
v 0.07816200 -0.00451100 -0.00107800
v 0.07639300 -0.00378200 0.00081500
v 0.07311400 -0.00430100 -0.00450000
v 0.06686500 0.00754300 -0.02511600
v 0.06686500 -0.03931800 0.02296000
v 0.06686500 0.01877800 -0.03217800
v 0.05665400 -0.00000000 -0.03241400
v 0.05803800 0.00762600 -0.03375600
v 0.07612600 -0.00493200 0.00066100
v 0.07702900 -0.00396700 -0.00333800
v 0.07607800 -0.00430100 -0.00278900
v 0.06740200 0.00593200 -0.02766900
v 0.04611900 0.00098900 -0.03459000
v 0.05803800 0.01877800 -0.03217800
v 0.06686500 0.00762600 -0.03375600
v 0.07718800 -0.00401300 0.00127400
v 0.04338000 0.00010800 -0.03547200
v 0.06568400 0.01835900 -0.02394900
v 0.04611900 0.00010800 -0.03547200
v 0.05803800 -0.03931800 0.02296000
v 0.07502600 -0.00517500 0.00223300
v 0.07311400 -0.00517500 0.00351200
v 0.07554900 -0.00412800 0.00314000
v 0.07311400 -0.00412800 0.00246500
v 0.04338000 0.00098900 -0.03459000
v 0.06686500 -0.03055900 0.02296000
v 0.04605600 0.00003000 -0.03437600
v 0.07311400 -0.00508600 0.00255400
v 0.07550500 -0.00508600 0.00306300
v 0.07311400 -0.00401300 0.00362600
v 0.07496900 -0.00401300 0.00213400
v 0.06568400 -0.03055900 0.02296000
v 0.05803800 -0.03813700 0.02296000
v 0.06740200 0.00593200 -0.03043200
v -0.06735000 -0.03614600 0.02854500
v 0.02190700 -0.00577900 -0.03422300
v -0.02628900 0.00759800 0.03120600
v -0.02325100 0.00528300 0.03160400
v 0.01995300 -0.00382600 -0.03422300
v -0.01753000 -0.03931800 -0.02511600
v -0.05806000 0.03509700 -0.01717700
v -0.06735000 -0.00252900 0.02578300
v -0.06688700 0.03187200 -0.00107800
v -0.01753000 -0.03931800 -0.00107800
v -0.06156100 0.00585500 0.03160400
v 0.01750800 -0.03931800 -0.03375600
v -0.00001100 0.00754300 -0.03257500
v -0.02187000 0.00194800 0.03160400
v -0.02325100 -0.00520700 0.03248200
v -0.06017900 -0.03614600 0.03160400
v -0.01991600 0.00390100 0.03160400
v 0.01750800 0.00762600 -0.03375600
v 0.04064200 -0.00005900 -0.03442300
v 0.02626700 0.01835900 -0.03104500
v -0.06156100 -0.00577900 0.03160400
v -0.02628900 0.03931800 -0.00862700
v -0.06294200 -0.00244400 0.03248200
v -0.06017900 0.00252000 0.03248200
v -0.02048900 -0.03338300 0.03160400
v -0.01991600 -0.03476500 0.03248200
v -0.06351400 -0.00382600 0.03160400
v -0.01753000 0.00762600 -0.03375600
v -0.05806000 0.03613700 0.01562500
v -0.06688700 0.03931800 0.00245100
v -0.06570600 0.02874700 0.01536800
v -0.06570600 0.03187200 0.01148600
v -0.02187000 -0.03671800 0.03248200
v -0.06017900 -0.00520700 0.03160400
v -0.06351400 0.00390100 0.03248200
v -0.01753000 0.00754300 -0.03257500
v -0.06156100 0.00194800 0.03248200
v -0.02325100 -0.03614600 0.03248200
v -0.06735000 -0.00195700 -0.02905000
v -0.05806000 0.01877800 -0.03217800
v -0.06688700 -0.00800000 -0.03375600
v -0.06735000 -0.00391000 -0.03100400
v 0.02328800 -0.03338300 0.03248200
v 0.02386000 -0.03476500 0.03160400
v -0.01753000 -0.00001600 0.03159900
v 0.00085400 0.00537600 0.03294700
v -0.00422700 0.00088000 0.03267400
v -0.00001100 0.03813700 0.00627100
v -0.06735000 -0.00252900 -0.02766900
v 0.02328800 -0.03614600 0.03160400
v -0.01711300 -0.00000000 0.03025800
v 0.01750800 0.03931800 -0.00862700
v -0.06735000 -0.00529200 -0.03043200
v -0.00422700 -0.00348400 0.03156700
v -0.00444800 -0.00201400 0.03267400
v 0.00092600 0.00676000 0.03267400
v 0.00273000 0.00542000 0.03267400
v -0.05806000 0.01835900 -0.03104500
v 0.06568400 -0.00800000 0.02296000
v 0.06686500 -0.00800000 0.02296000
v -0.01753000 0.03613700 0.01562500
v -0.06017900 0.00528300 -0.03422300
v 0.02190700 -0.03671800 0.03248200
v 0.01995300 -0.03476500 0.03248200
v 0.02052500 -0.03338300 0.03160400
v -0.00037800 0.00715100 0.03128800
v -0.00422700 0.00323200 0.03156700
v -0.05806000 0.00762600 -0.03375600
v -0.00298700 0.00560700 0.03156700
v 0.02626700 0.03931800 -0.00862700
v 0.06686500 0.03931800 0.00245100
v 0.05803800 0.03931800 -0.00460700
v 0.05803800 0.02913600 0.02272900
v 0.05803800 0.03813700 -0.00107800
v 0.06568400 0.02874700 0.01536800
v 0.06568400 0.03187200 0.01148600
v -0.02048900 -0.00244400 -0.03422300
v -0.00001100 -0.03931800 0.03159900
v -0.06156100 -0.03671800 -0.03422300
v 0.02328800 0.00528300 0.03248200
v -0.06351400 -0.03476500 -0.03422300
v -0.05806000 -0.03931800 -0.03375600
v -0.02325100 0.00252000 -0.03422300
v 0.02626700 0.01835900 0.02888900
v 0.02626700 0.03813700 0.00245100
v -0.06570600 0.01835900 -0.00107800
v 0.06394100 0.00528300 0.03160400
v 0.05803800 0.03931800 -0.00107800
v 0.05803800 0.03813700 -0.00460700
v 0.06740200 0.00593200 0.02578300
v 0.06686500 0.03931800 -0.00107800
v 0.05803800 0.01835900 0.02888900
v 0.05803800 0.03813700 0.00245100
v 0.06686500 0.00762600 0.03159900
v 0.06394100 0.00528300 0.03248200
v 0.06740200 0.00593200 0.02854500
v 0.05803800 0.03813700 0.00627100
v 0.05803800 0.01877800 0.03002200
v 0.06740200 0.00650400 0.02716400
v 0.05803800 0.03509700 0.01502000
v 0.05803800 0.03931800 0.00647100
v -0.02628900 -0.03931800 -0.00107800
v -0.02325100 -0.00520700 -0.03422300
v 0.02190700 0.00585500 0.03160400
v 0.01750800 0.03813700 0.00245100
v 0.01750800 0.01835900 0.02888900
v -0.06735000 0.00593200 0.02854500
v -0.06688700 0.00762600 0.03159900
v -0.06017900 -0.00520700 0.03248200
v -0.06351400 0.00390100 0.03160400
v -0.01753000 0.01835900 -0.03104500
v -0.06156100 0.00194800 0.03160400
v -0.02325100 -0.03614600 0.03160400
v 0.05803800 0.00759800 0.03120600
v 0.06686500 0.03187200 0.01148600
v 0.06686500 0.02874700 0.01536800
v 0.06686500 0.02874700 -0.01752400
v 0.06568400 0.02874700 -0.01752400
v 0.06686500 0.02952400 0.02318100
v 0.06686500 0.03931800 -0.00460700
v 0.05803800 0.03931800 0.00245100
v 0.06186900 0.00556900 0.03248200
v 0.06686500 0.03187200 -0.00107800
v 0.06060600 -0.00382600 0.03160400
v 0.06740200 -0.00252900 0.02578300
v 0.06394100 0.00252000 0.03248200
v 0.06256000 0.00390100 0.03248200
v 0.06186900 -0.03643200 0.03160400
v 0.06451300 -0.03476500 0.03160400
v 0.06394100 -0.03338300 0.03248200
v 0.06686500 -0.03055900 0.03159900
v 0.06740200 -0.03338300 0.02854500
v 0.05803800 -0.03931800 0.03159900
v 0.06451300 -0.03476500 0.03248200
v 0.06394100 -0.03338300 0.03160400
v 0.06186900 -0.03643200 0.03248200
v 0.05803800 0.03931800 -0.00862700
v 0.06740200 -0.03476500 0.02911800
v 0.06686500 0.03613700 -0.01778100
v 0.06686500 0.02952400 -0.02533700
v 0.06740200 -0.03614600 0.02578300
v 0.06773100 -0.03476500 0.02716400
v 0.06686500 0.00754300 -0.00107800
v 0.06740200 -0.00252900 -0.03043200
v 0.06686500 -0.03055900 -0.00107800
v 0.06686500 -0.00800000 -0.02511600
v 0.05803800 -0.03931800 -0.00107800
v 0.06773100 -0.00391000 -0.02905000
v 0.06740200 -0.00529200 -0.02766900
v 0.06568400 0.03187200 -0.01364200
v 0.05803800 0.03613700 -0.01778100
v 0.06394100 -0.03614600 0.03160400
v 0.06186900 -0.03309700 0.03248200
v 0.05803800 0.02913600 -0.02488500
v 0.05803800 0.03509700 -0.01717700
v -0.06735000 0.00650400 0.02716400
v -0.06294200 -0.00244400 0.03160400
v -0.06156100 -0.00577900 0.03248200
v -0.02628900 -0.03931800 0.03159900
v -0.06351400 -0.00382600 0.03248200
v -0.06017900 0.00252000 0.03160400
v -0.02187000 -0.03671800 0.03160400
v -0.02048900 -0.03338300 0.03248200
v -0.01991600 -0.03476500 0.03160400
v -0.01753000 -0.03931800 0.02296000
v 0.06686500 -0.00800000 -0.03375600
v 0.06740200 -0.00195700 -0.02905000
v 0.06186900 0.00223400 -0.03422300
v 0.06451300 0.00390100 -0.03422300
v 0.06740200 -0.00391000 -0.03100400
v 0.06451300 0.00390100 0.03160400
v 0.06686500 -0.00800000 0.03159900
v 0.06186900 0.00223400 0.03160400
v 0.06740200 -0.00529200 0.02578300
v 0.06773100 -0.00391000 0.02716400
vn 0.79012474 -0.57808424 0.20376827
vn 0.98611977 0.16603552 -0.00000000
vn 1.00000000 0.00000000 0.00000000
vn -0.99999999 -0.00014432 0.00000000
vn 0.67149235 0.73067505 -0.12333689
vn 0.98611610 0.11741550 -0.11742504
vn -0.38275016 0.92385189 0.00000000
vn -0.99999999 -0.00014432 0.00000000
vn 0.98611610 -0.11744528 0.11739523
vn 0.48414542 -0.62686363 0.61044673
vn 0.00000000 0.00000000 1.00000000
vn 0.98610585 0.16611819 -0.00000000
vn 0.77636258 -0.00009931 0.63028655
vn 0.70710678 -0.70710678 0.00000000
vn -0.30345039 -0.73274345 0.60910171
vn 0.98379948 -0.06858492 0.16563420
vn -0.74363256 0.23848559 0.62460807
vn -0.70710678 -0.70710678 0.00000000
vn -0.70710678 0.70710678 0.00000000
vn 0.00000000 -0.70710678 -0.70710678
vn -0.54906911 0.54892865 0.63023840
vn -0.11737896 0.11737896 -0.98612594
vn 0.11746161 -0.11746161 -0.98610625
vn -0.67149235 0.73067505 -0.12333689
vn -0.98611610 0.11741550 -0.11742504
vn -0.70710678 0.70710678 0.00000000
vn 0.00000000 0.77637974 0.63026543
vn 0.00001747 -0.16611819 -0.98610585
vn -0.16603552 -0.00001746 -0.98611977
vn -0.38275016 0.92385189 0.00000000
vn 0.00000000 0.00000000 1.00000000
vn 0.48414542 -0.62686363 0.61044673
vn 0.98610625 -0.11749144 0.11743178
vn 0.61135172 0.79135900 0.00000000
vn -0.30345039 -0.73274345 0.60910171
vn 0.77636258 -0.00009931 0.63028655
vn 0.98611977 0.00001747 0.16603552
vn -0.98611977 -0.16603552 0.00000000
vn -0.66652376 0.64445130 0.37473805
vn -0.98610585 0.00001747 -0.16611819
vn -0.00009931 0.77636258 0.63028655
vn 0.11746161 -0.11746161 -0.98610625
vn -0.30151134 -0.90453403 0.30151134
vn 0.70710678 0.70710678 0.00000000
vn 0.00523177 0.34195499 -0.93970177
vn 0.79852431 -0.58926259 0.12299807
vn -0.77636258 -0.00009931 0.63028655
vn 0.65798552 0.27722719 -0.70014294
vn -0.70719723 0.70701632 0.00000000
vn 0.70688828 -0.70732522 0.00000000
vn -0.01314773 0.00075198 0.99991328
vn -0.77974663 -0.08614771 0.62014012
vn 0.99999999 -0.00012792 0.00000000
vn 0.54901101 0.54901101 0.63021728
vn 0.66118423 0.64246669 0.38739123
vn 0.61125048 -0.79143720 0.00000000
vn -0.80508149 -0.00011619 0.59316421
vn -0.00948878 -0.00813093 0.99992192
vn 0.98611977 -0.16603552 -0.00000000
vn 0.98610585 0.00001747 -0.16611819
vn 0.67149235 0.73067505 0.12333689
vn 0.65919534 0.25334089 0.70801123
vn -0.38275016 0.92385189 0.00000000
vn 0.00000000 -0.00000000 -0.00000000
vn 0.00000000 1.00000000 0.00000000
vn -0.98379948 -0.06861562 -0.16562149
vn 0.00012792 0.99999999 0.00000000
vn -0.00211629 -0.02138248 0.99976913
vn 0.00000000 0.00000000 1.00000000
vn -0.54892865 -0.54906911 0.63023840
vn -0.70710093 -0.00000007 -0.70711263
vn -0.99945295 0.03284593 -0.00386558
vn 0.00059442 0.65154616 0.75860876
vn 0.65467768 0.26462306 0.70807610
vn -0.70710678 0.70710678 0.00000000
vn 0.00000000 0.16603552 -0.98611977
vn -0.70710678 0.70710678 0.00000000
vn -0.11746161 -0.11746161 -0.98610625
vn -0.16611819 -0.00001747 -0.98610585
vn -0.00004414 -0.00004414 -1.00000000
vn 0.00000000 0.00000000 -0.00000000
vn 0.74525248 0.58632986 0.31751542
vn -0.00059497 0.65151840 -0.75863260
vn 0.67149235 0.73067505 0.12333689
vn 0.00001747 -0.16611819 -0.98610585
vn -0.16603552 -0.00001746 -0.98611977
vn 0.54901101 0.54901101 0.63021728
vn -0.98611610 -0.11744528 0.11739523
vn 0.00000000 -0.70710678 -0.70710678
vn 0.00000000 -0.70710678 -0.70710678
vn 0.75047873 -0.00790592 -0.66084731
vn 0.74430111 0.23604374 0.62473932
vn 0.70710678 0.70710678 0.00000000
vn -0.57192163 -0.57195631 0.58802349
vn -0.98610585 -0.16611819 0.00000000
vn -0.98610585 -0.00001747 -0.16611819
vn 0.11746161 -0.11746161 -0.98610625
vn 0.00000000 1.00000000 0.00000000
vn 0.70710678 -0.70710678 0.00000000
vn 0.75026883 0.00790877 0.66108557
vn -0.70710678 0.70710678 0.00000000
vn -0.00012792 0.99999999 0.00000000
vn -0.98596857 0.10562955 -0.12926086
vn -0.03444345 0.65102118 -0.75827770
vn -0.66077690 0.63741739 -0.39632431
vn 0.99999999 -0.00012792 0.00000000
vn 0.00000000 0.00000000 1.00000000
vn 0.00000000 0.77637974 0.63026543
vn 0.70688828 -0.70732522 0.00000000
vn -0.54898677 -0.54898677 0.63025952
vn 0.57735027 -0.57735027 -0.57735027
vn -1.00000000 0.00000000 -0.00000000
vn -0.65702776 0.48194207 0.57969506
vn 0.70710678 0.70710678 0.00000000
vn -0.99999999 -0.00012792 0.00000000
vn 0.77636258 -0.00009931 0.63028655
vn 0.65798552 0.27722719 -0.70014294
vn -0.54906911 0.54892865 0.63023840
vn -0.70710678 0.70710678 0.00000000
vn 0.00928492 0.01073101 0.99989931
vn -0.00002712 0.00000000 -1.00000000
vn -0.70710678 -0.70710678 0.00000000
vn -0.74525248 0.58632986 0.31751542
vn -0.65468419 0.26592347 0.70758273
vn -0.98611610 0.11744528 0.11739523
vn 0.16611819 -0.00001747 -0.98610585
vn 0.00001746 0.16603552 -0.98611977
vn -0.68766857 -0.00120213 0.72602375
vn -0.67149235 0.73067505 0.12333689
vn 0.00000000 0.00000000 -0.00000000
vn -0.57735027 -0.57735027 -0.57735027
vn -0.70710678 -0.70710678 0.00000000
vn 0.10562955 -0.12926086 -0.98596857
vn -0.00982588 -0.00005412 -0.99995172
vn 0.00000000 -0.00000000 -1.00000000
vn 0.98612594 -0.11737896 -0.11737896
vn 0.98610625 0.11746161 0.11746161
vn -0.66077690 0.63741739 0.39632431
vn -0.38261683 -0.92390712 0.00000000
vn 0.99999999 -0.00012792 0.00000000
vn 0.48423435 0.62681301 0.61042817
vn 0.99995184 -0.00981426 -0.00003232
vn 0.70188887 -0.01024808 0.71221274
vn 0.98610625 0.11749144 0.11743178
vn 0.98611977 -0.16603552 0.00001809
vn 0.98378329 -0.06863853 0.16570815
vn -0.06861562 0.16562149 -0.98379948
vn 0.70710678 -0.70710678 0.00000000
vn -0.16603552 -0.00001809 -0.98611977
vn -0.73412136 0.02109983 -0.67869038
vn -0.06863853 -0.16570815 -0.98378329
vn 0.16611819 -0.00001747 -0.98610585
vn 0.70711263 0.00000007 -0.70710093
vn 0.98379948 -0.06861562 -0.16562149
vn 0.10559184 0.12920764 -0.98597959
vn 0.99990938 0.00006233 -0.01346225
vn 0.99995172 -0.00982588 0.00005412
vn 0.73044396 -0.02042433 -0.68266717
vn 0.99996572 0.00388867 0.00730978
vn 0.70710678 0.70710678 0.00000000
vn -0.74655220 0.65604960 -0.11071921
vn -0.65803021 0.27084397 0.70259504
vn 0.99999999 -0.00012792 0.00000000
vn 0.54901101 0.54901101 0.63021728
vn -0.54898677 -0.54898677 0.63025952
vn 0.00000000 0.00000000 1.00000000
vn -0.70719723 0.70701632 0.00000000
vn -0.77636258 -0.00009931 0.63028655
vn -0.00000000 0.00000000 0.00000000
vn 0.00337047 0.02340964 0.99972028
vn 0.00000000 -0.70710678 -0.70710678
vn 0.00000000 -1.00000000 0.00000000
vn -0.67149235 0.73067505 0.12333689
vn -0.00009931 0.77636258 0.63028655
vn 0.77636258 -0.00009931 0.63028655
vn -0.00000000 1.00000000 0.00000000
vn 0.54878784 -0.54912706 0.63031054
vn -0.70710678 -0.70710678 0.00000000
vn 0.00000000 0.00000000 1.00000000
vn 0.02672813 -0.02421809 0.99934933
vn 0.00000000 -0.70710678 -0.70710678
vn -0.79012474 -0.57808424 -0.20376827
vn -0.74713291 -0.44000480 -0.49818491
vn -0.74025068 -0.67119446 0.03907594
vn 0.00000000 0.00000000 1.00000000
vn 0.70688828 -0.70732522 0.00000000
vn -0.00012792 0.99999999 0.00000000
vn -0.77636258 -0.00009931 0.63028655
vn -0.65798552 0.27722719 -0.70014294
vn -0.01019223 -0.00641914 0.99992745
vn 0.00000000 -0.70710678 0.70710678
vn 0.00000000 0.70710678 -0.70710678
vn 0.00000000 0.77637974 0.63026543
vn -0.54898677 -0.54898677 0.63025952
vn -0.63937521 -0.72516332 0.25561201
vn -0.99999999 -0.00012792 0.00000000
vn -0.11737896 0.11737896 -0.98612594
vn 0.70710678 0.70710678 0.00000000
vn 0.54878784 -0.54912706 0.63031054
vn 0.00000000 0.00000000 1.00000000
vn -0.57735027 -0.57735027 -0.57735027
vn 0.02020084 0.01971913 0.99960146
vn 0.00000000 0.70710678 -0.70710678
vn 0.74655220 0.65604960 -0.11071921
vn -0.54906911 0.54892865 0.63023840
vn 0.77636258 -0.00009931 0.63028655
vn 1.00000000 0.00000000 0.00000000
vn 0.61125048 -0.79143720 0.00000000
vn -0.30356223 0.73271436 0.60908098
vn 0.98378329 -0.06863853 -0.16570815
vn 0.98611977 -0.16603552 -0.00001809
vn -0.81523654 0.00824974 0.57906937
vn -0.01979406 -0.02220666 0.99955743
vn -0.80508149 -0.00011619 0.59316421
vn -0.80508149 -0.00011619 0.59316421
vn 0.98610585 -0.16611819 -0.00000000
vn 0.98610585 -0.00001747 -0.16611819
vn -0.02379382 0.02422710 0.99942328
vn -0.74655220 0.65604960 -0.11071921
vn 0.57735027 -0.57735027 0.57735027
vn -0.98611610 -0.11741550 0.11742504
vn -0.66077690 0.63741739 -0.39632431
vn 0.77636258 -0.00009931 0.63028655
vn -0.98611610 0.11742504 -0.11741550
vn -1.00000000 0.00004414 0.00004414
vn -0.70710678 0.70710678 0.00000000
vn 0.70719723 0.70701632 0.00000000
vn -0.11742504 0.11741550 -0.98611610
vn -0.04560959 0.64708185 -0.76105509
vn 0.00359130 0.02527929 0.99967398
vn -0.90402515 -0.30631342 0.29817884
vn -0.61905195 -0.78531838 -0.00705145
vn 0.74655220 0.65604960 -0.11071921
vn 0.00000000 1.00000000 0.00000000
vn -0.74453890 0.66756822 -0.00380716
vn -0.70710678 0.70710678 0.00000000
vn 0.11743178 -0.11749144 -0.98610625
vn -0.11742504 0.11741550 -0.98611610
vn -0.70710678 0.70710678 0.00000000
vn -0.54901101 0.54901101 0.63021728
vn 0.16603552 -0.00001746 -0.98611977
vn -0.00002090 -0.00004415 -1.00000000
vn 0.00000000 -0.00000000 -1.00000000
vn -0.90512512 -0.30601970 -0.29512787
vn 0.74655655 0.65604281 0.11073002
vn -0.04620775 0.65416886 0.75493573
vn 0.00009931 0.77636258 0.63028655
vn 0.70710678 0.70710678 0.00000000
vn 0.11741550 -0.11742504 -0.98611610
vn 0.16603552 -0.00001747 -0.98611977
vn 0.00000000 -0.16611819 -0.98610585
vn -0.57735027 -0.57735027 -0.57735027
vn -0.01599192 0.10103669 0.99475416
vn -0.70710678 0.70710678 0.00000000
vn -0.70710678 0.70710678 0.00000000
vn -0.98610625 -0.11746161 -0.11746161
vn -0.66118423 0.64246669 -0.38739123
vn -1.00000000 -0.00004415 -0.00002090
vn -0.73813473 0.67449515 0.01460899
vn 0.16611819 -0.00001747 -0.98610585
vn -0.65609703 0.49961576 -0.56561540
vn 0.70697887 0.70723467 0.00000000
vn 0.30151134 0.30151134 -0.90453403
vn 0.57735027 -0.57735027 -0.57735027
vn 0.70710678 -0.70710678 0.00000000
vn -0.11741550 -0.11742504 -0.98611610
vn -0.98611977 0.00001747 0.16603552
vn 0.00004414 -0.00004414 -1.00000000
vn 0.00000000 -0.70710678 -0.70710678
vn -0.30151134 0.30151134 -0.90453403
vn 0.65791820 0.27074042 0.70273983
vn 0.67149235 0.73067505 0.12333689
vn 0.74525248 0.58632986 0.31751542
vn -0.98611977 0.16603552 0.00000000
vn 0.11742504 0.11741550 -0.98611610
vn 0.54887031 0.54906891 0.63028939
vn -0.74655655 0.65604281 0.11073002
vn 0.00004414 -0.00004414 -1.00000000
vn -0.11741550 -0.11742504 -0.98611610
vn 0.00000000 -0.00000000 -1.00000000
vn -0.30151134 -0.30151134 -0.90453403
vn -0.98611610 -0.11741550 -0.11742504
vn -0.69548883 -0.00827717 0.71848923
vn -0.54906911 0.54892865 0.63023840
vn -1.00000000 0.00004415 -0.00002090
vn 0.16611819 -0.00001747 -0.98610585
vn 0.00001084 0.00000007 -1.00000000
vn -0.57735027 0.57735027 -0.57735027
vn -0.57735027 -0.57735027 0.57735027
vn 0.74655655 0.65604281 0.11073002
vn -0.70710678 0.70710678 0.00000000
vn -0.98610585 0.00001747 0.16611819
vn -0.98611977 -0.16603552 0.00001746
vn 0.54898677 -0.54898677 0.63025952
vn 0.00202268 -0.69006923 0.72374054
vn -0.00001746 0.16603552 -0.98611977
vn 0.81543216 0.00825687 -0.57879375
vn -0.57795060 -0.57435129 0.57973589
vn 0.58114071 0.63276357 -0.51174773
vn -0.76513923 0.60657387 0.21594007
vn -0.66947829 -0.32570094 0.66762094
vn 0.78638324 0.51381078 0.34292839
vn 0.42769688 0.90329275 0.03372823
vn 0.11742504 0.11741550 -0.98611610
vn 0.99999999 -0.00012808 0.00000000
vn -0.00000000 -1.00000000 0.00000000
vn 0.54887031 0.54906891 0.63028939
vn -0.54898677 -0.54898677 0.63025952
vn -0.77636258 -0.00009931 0.63028655
vn -0.70719723 0.70701632 0.00000000
vn -0.66077690 0.63741739 0.39632431
vn 0.00000000 -0.70710678 0.70710678
vn 0.29155556 0.34724969 -0.89129849
vn 0.67149235 0.73067505 -0.12333689
vn -0.75559015 0.21792913 -0.61773005
vn -0.00009931 -0.77636258 0.63028655
vn 0.00001746 0.16603552 -0.98611977
vn -0.00000000 -0.77637974 0.63026543
vn -0.79012474 -0.57808424 0.20376827
vn -0.70710678 -0.70710678 0.00000000
vn 0.54892865 -0.54906911 0.63023840
vn 0.77644536 -0.00009945 0.63018457
vn -0.30151134 -0.90453403 -0.30151134
vn 0.58114071 0.63276357 -0.51174773
vn -0.16611819 -0.00001747 -0.98610585
vn -0.65468419 0.26592347 0.70758273
vn -0.70710678 0.70710678 0.00000000
vn 0.70710678 0.70710678 0.00000000
vn 0.11737896 0.11737896 -0.98612594
vn -0.67149235 0.73067505 0.12333689
vn -0.57735027 -0.57735027 -0.57735027
vn 0.30151134 0.30151134 -0.90453403
vn -0.70710678 -0.70710678 0.00000000
vn 0.70710678 0.70710678 0.00000000
vn -0.74919258 0.57934611 0.32104293
vn 0.00000000 0.98605610 -0.16641327
vn -0.00157158 0.02915783 0.99957358
vn 0.10562955 -0.12926086 -0.98596857
vn -0.00982588 -0.00005412 -0.99995172
vn -0.30151134 -0.30151134 -0.90453403
vn -0.70710678 0.70710678 0.00000000
vn 0.57735027 -0.57735027 0.57735027
vn -0.98611977 -0.00001747 0.16603552
vn -0.11741550 -0.11742504 -0.98611610
vn -0.70710678 0.70710678 0.00000000
vn -0.03445366 0.65103274 0.75826731
vn 0.00004414 -0.00004414 -1.00000000
vn 0.00001083 -0.00000007 -1.00000000
vn 0.30151134 -0.30151134 -0.90453403
vn 0.57735027 0.57735027 -0.57735027
vn 0.58019051 -0.57629007 0.57555950
vn 0.73784941 0.67388435 0.03818547
vn -0.16603552 -0.00001809 -0.98611977
vn 0.81535128 -0.00825091 0.57890777
vn -0.57735027 -0.57735027 -0.57735027
vn -0.70710678 -0.70710678 0.00000000
vn 0.71312372 0.70102746 -0.00387949
vn 0.98611977 -0.16603552 0.00001746
vn 0.98610585 0.00001747 0.16611819
vn 0.11742504 0.11741550 -0.98611610
vn -0.98610585 0.16611819 0.00000000
vn -0.70710678 -0.70710678 0.00000000
vn -0.98379948 -0.06858492 0.16563420
vn -0.70719723 0.70701632 0.00000000
vn 0.57735027 -0.57735027 -0.57735027
vn 0.30151134 0.30151134 -0.90453403
vn 0.70710678 0.70710678 0.00000000
vn 0.70710678 0.70710678 0.00000000
vn 0.70710678 -0.70710678 0.00000000
vn 0.00000000 -0.16611819 -0.98610585
vn 0.70719723 0.70701632 0.00000000
vn -0.68519381 0.72833936 -0.00558725
vn 0.16603552 -0.00001747 -0.98611977
vn -0.11742504 0.11741550 -0.98611610
vn -0.70710678 0.70710678 0.00000000
vn 0.02703136 0.08324397 0.99616251
vn 0.30151134 -0.90453403 0.30151134
vn 0.74920052 0.57933709 -0.32104069
vn -0.54906911 0.54892865 0.63023840
vn -0.70710678 -0.70710678 0.00000000
vn -0.00000000 -0.77637974 0.63026543
vn 0.77644536 -0.00009945 0.63018457
vn -0.00092810 -0.68738159 0.72629587
vn 0.00000000 -0.70710678 -0.70710678
vn 0.70697887 0.70723467 0.00000000
vn -0.99999999 -0.00012792 0.00000000
vn 0.79695301 -0.05456295 0.60157193
vn 0.30151134 -0.90453403 -0.30151134
vn -0.58114071 0.63276357 -0.51174773
vn -0.78617626 -0.60898356 0.10519460
vn -0.00012792 -0.99999999 0.00000000
vn -0.74713291 -0.44000480 0.49818491
vn 0.54878784 -0.54912706 0.63031054
vn -0.00009931 0.77636258 0.63028655
vn 0.00000000 0.00000000 1.00000000
vn 0.06051130 0.65632009 -0.75205207
vn -0.99999999 -0.00012792 0.00000000
vn 0.70259022 0.38118948 -0.60088398
vn 0.57735027 -0.57735027 -0.57735027
vn 0.66077690 0.63741739 -0.39632431
vn -0.00000000 1.00000000 0.00000000
vn -0.70710678 -0.70710678 0.00000000
vn -0.67102589 -0.49081828 0.55571726
vn -0.99995172 -0.00982588 0.00005412
vn 0.00063257 0.02459014 0.99969742
vn 0.00009931 0.77636258 0.63028655
vn 0.66077690 0.63741739 -0.39632431
vn -0.70701632 -0.70719723 0.00000000
vn 0.57735027 -0.57735027 -0.57735027
vn -0.99995649 0.00347383 -0.00865722
vn -0.07024797 0.09976459 0.99252821
vn -0.75305823 -0.00748816 0.65791126
vn 0.03444345 0.65102118 -0.75827770
vn 0.00581302 0.86693322 0.49839041
vn -0.74655220 0.65604960 -0.11071921
vn -0.99999999 -0.00012792 0.00000000
vn -0.98611977 -0.16603552 0.00001809
vn -0.98378329 -0.06863853 0.16570815
vn 0.00012792 -0.99999999 0.00000000
vn -0.54901101 0.54901101 0.63021728
vn 0.00000000 1.00000000 0.00000000
vn -0.70710678 -0.70710678 0.00000000
vn 0.30151134 -0.90453403 -0.30151134
vn 0.75282957 0.01533840 -0.65803675
vn -0.22170968 0.71226369 0.66597692
vn -0.58004324 0.40904658 0.70443647
vn -0.61765618 0.46816594 0.63191890
vn -0.00597730 0.37420166 0.92732809
vn -0.00092810 -0.68738159 0.72629587
vn 0.00001746 0.16603552 -0.98611977
vn -0.98610625 0.11749144 0.11743178
vn -0.99995184 -0.00981426 -0.00003232
vn 0.57735027 -0.57735027 0.57735027
vn 0.30151134 -0.30151134 -0.90453403
vn 0.57735027 0.57735027 -0.57735027
vn -0.70175101 0.01040734 0.71234627
vn 0.06177647 0.64465552 0.76197305
vn 0.70710678 0.70710678 0.00000000
vn 0.70710678 0.70710678 0.00000000
vn -0.74526453 0.58631368 -0.31751702
vn -0.98378329 -0.06863853 -0.16570815
vn 0.03630369 0.10012109 0.99431273
vn -0.11737896 0.11737896 -0.98612594
vn -0.98611977 -0.16603552 -0.00001809
vn 0.70710678 0.70710678 0.00000000
vn 0.30151134 -0.90453403 0.30151134
vn -0.81531741 -0.00825570 -0.57895541
vn -0.00160203 0.70657005 -0.70764129
vn -1.00000000 0.00000000 0.00000000
vn 0.73791602 0.67421462 0.03024226
vn 0.70710678 0.70710678 0.00000000
vn -0.70710678 0.70710678 0.00000000
vn -0.00002090 -0.00004415 -1.00000000
vn 0.11743178 -0.11749144 -0.98610625
vn -0.00001746 0.16603552 -0.98611977
vn -0.30151134 -0.30151134 -0.90453403
vn 0.57735027 0.57735027 -0.57735027
vn 0.57735027 -0.57735027 0.57735027
vn -0.99995958 0.00014519 0.00898955
vn -0.75232085 -0.01497689 -0.65862663
vn 0.03445366 0.65103274 0.75826731
vn 0.70710678 0.70710678 0.00000000
vn -0.74655655 0.65604281 0.11073002
vn 0.61798461 -0.69387213 0.36964373
vn -0.83621985 -0.32934923 0.43848084
vn -0.75203250 0.21351996 -0.62358347
vn 0.76049099 -0.21084465 0.61416447
vn -0.75088420 -0.66042908 -0.00251754
vn 0.67149235 0.73067505 -0.12333689
vn 0.54898677 -0.54898677 0.63025952
vn -0.00011829 -0.70711808 -0.70709547
vn 0.00012792 -0.99999999 0.00000000
vn -0.99999999 -0.00012792 0.00000000
vn -0.54901101 0.54901101 0.63021728
vn -0.11742504 0.11741550 -0.98611610
vn 0.00000000 0.00000000 -0.00000000
vn -0.57735027 0.57735027 0.57735027
vn -0.29155556 0.34724969 -0.89129849
vn -0.01906847 -0.99346514 0.11253181
vn -0.84983293 0.23380238 0.47235626
vn -0.68252590 -0.52721209 -0.50616777
vn -0.21915936 0.70547554 -0.67399810
vn -0.41496284 0.56066983 0.71655788
vn 0.00091635 -0.72374855 0.69006318
vn 0.28117457 -0.85328884 -0.43913440
vn 0.00008039 0.66117980 -0.75022748
vn -0.78617626 0.60898356 -0.10519460
vn -0.98787762 0.07705196 -0.13476203
vn -0.98669274 -0.00352831 -0.16255762
vn -0.98046981 -0.19454279 -0.02884535
vn -0.00580675 0.86693938 -0.49837977
vn 0.66077690 0.63741739 0.39632431
vn 0.70710678 -0.70710678 0.00000000
vn -0.77636258 -0.00009931 0.63028655
vn 0.00009931 -0.77636258 0.63028655
vn -0.70710678 0.70710678 0.00000000
vn -0.30151134 -0.90453403 -0.30151134
vn 0.58240589 0.66277902 -0.47066691
vn -0.35866954 0.81934395 -0.44724899
vn 0.38420486 -0.63767024 0.66765506
vn 0.63912486 -0.63482637 0.43418302
vn -0.58959840 0.72764354 -0.35058323
vn 0.74907025 -0.40279252 -0.52597713
vn 0.69958882 0.51880916 0.49133749
vn -0.98638656 0.13706084 -0.09086185
vn -0.98517350 -0.16073316 0.05998355
vn 0.00144722 -0.68642944 0.72719497
vn 0.99999999 -0.00012792 0.00000000
vn 0.79852431 0.58926259 -0.12299807
vn 0.66077690 0.63741739 -0.39632431
vn 0.00000000 0.00000000 1.00000000
vn -0.70710678 0.00000000 -0.70710678
vn -0.54892865 -0.54906911 0.63023840
vn 0.00012792 0.99999999 0.00000000
vn 0.74699044 0.66453975 -0.01980403
vn 0.59782548 0.63712068 0.48649968
vn 0.80040107 0.22787050 -0.55446656
vn 0.68598227 0.58625498 0.43096800
vn 0.41291735 0.56070519 0.71771091
vn -0.52389021 -0.79786008 -0.29825883
vn -0.30436433 -0.86624223 -0.39621554
vn 0.64325754 -0.61176220 0.46039847
vn -0.99629776 -0.07939260 -0.03297853
vn -0.99619594 -0.06275277 0.06046276
vn -0.57735027 -0.57735027 -0.57735027
vn 0.04618410 0.65415453 -0.75494959
vn -0.98610585 -0.16611819 0.00001747
vn 0.00012792 -0.99999999 0.00000000
vn -0.99999999 -0.00012792 0.00000000
vn -0.98610585 -0.00001747 0.16611819
vn -0.75203250 0.21351996 -0.62358347
vn 0.54898677 -0.54898677 0.63025952
vn -0.70710678 -0.70710678 0.00000000
vn -0.27593200 -0.04178377 0.96026853
vn -0.98334044 0.18016543 -0.02412459
vn 0.32347160 0.94568447 -0.03235752
vn -0.00259046 0.71486863 -0.69925399
vn 0.29648866 0.80553330 0.51304052
vn -0.38816833 -0.62388999 -0.67829686
vn 0.24777507 -0.95225855 -0.17835684
vn -0.00030505 -0.62482289 0.78076646
vn -0.97425447 0.22360077 -0.02882562
vn -0.96559293 0.10746039 0.23681755
vn -0.99109028 -0.06976560 0.11345848
vn -0.66077690 0.63741739 0.39632431
vn 0.79695301 0.05456295 -0.60157193
vn -0.91724681 0.27081425 -0.29209234
vn -0.98611610 0.11741550 0.11742504
vn -0.78306736 0.61707624 -0.07760424
vn -0.98611610 -0.11742504 -0.11741550
vn 0.00009931 -0.77636258 0.63028655
vn -0.77636258 -0.00009931 0.63028655
vn 0.70710678 -0.70710678 0.00000000
vn -0.57735027 -0.57735027 -0.57735027
vn 0.00000000 0.16603552 -0.98611977
vn -0.58114071 0.63276357 -0.51174773
vn -0.99269998 -0.12040494 -0.00702806
vn -0.80349575 0.59520836 -0.01102616
vn 0.61462393 0.63256375 -0.47127543
vn 0.42245491 0.54315115 -0.72561606
vn -0.68591950 -0.66212893 0.30182730
vn -0.28956075 -0.88012107 0.37621999
vn -0.83621985 -0.32934923 0.43848084
vn -0.78617459 -0.09171201 0.61116154
vn -0.95413619 0.10824744 0.27911757
vn -0.98947034 -0.10321367 -0.10146614
vn -0.76049099 -0.21084465 -0.61416447
vn 0.78301324 -0.07754091 0.61715287
vn -0.00634100 0.00004218 0.99997989
vn 0.77636258 -0.00009931 0.63028655
vn 0.00009931 0.77636258 0.63028655
vn -0.70701632 -0.70719723 0.00000000
vn -0.47808251 -0.87825083 0.01061155
vn 0.01618461 -0.00620724 0.99984975
vn -0.90453403 0.30151134 0.30151134
vn -0.25286430 -0.96301798 -0.09303768
vn -0.43431082 0.76506574 0.47544561
vn -0.80329000 0.33212181 -0.49438879
vn -0.68814680 -0.50713865 0.51890690
vn 0.33230414 0.80161878 -0.49697212
vn 0.00094985 0.65372234 0.75673390
vn -0.38621689 -0.63764852 0.66651397
vn 0.00009300 -0.73334313 -0.67985869
vn 0.78622950 0.61107893 -0.09179167
vn -0.97128135 0.09088183 -0.21989323
vn -0.99289187 -0.10752550 -0.05102938
vn -0.86347112 -0.50439723 -0.00103154
vn -0.98611977 0.16603552 0.00001746
vn -0.98611977 -0.00001746 -0.16603552
vn 0.00000000 0.00000000 1.00000000
vn -0.54892865 -0.54906911 0.63023840
vn 0.99999999 -0.00012792 0.00000000
vn 0.54906911 0.54892865 0.63023840
vn -0.73784952 0.67492845 -0.00704759
vn 0.11739523 0.11744528 -0.98611610
vn -0.79184686 -0.61056104 0.01391981
vn -0.74599247 0.54394326 0.38421474
vn -0.34619532 0.83304995 0.43148185
vn 0.56756607 -0.67224641 -0.47534569
vn 0.39346259 -0.62390631 -0.67522448
vn -0.77974663 0.08614771 -0.62014012
vn 0.00006227 -0.70709903 -0.70711453
vn -0.99910481 0.02403604 0.03481171
vn -0.98852088 0.09864848 0.11443315
vn -0.97767004 -0.20997750 0.00841060
vn 0.74655220 0.65604960 -0.11071921
vn -0.66051001 -0.24379174 -0.71013528
vn 0.00597159 0.02329144 0.99971088
vn 0.11741550 -0.11742504 -0.98611610
vn -0.91683921 0.26674510 0.29707391
vn -0.70710678 -0.70710678 0.00000000
vn -0.03618947 0.40692376 0.91274497
vn 0.04928743 -0.04701670 0.99767739
vn -0.05836437 -0.67728841 0.73339895
vn 0.00000000 0.00000000 1.00000000
vn 0.99944380 -0.03312153 -0.00387986
vn -0.78385206 -0.51997604 0.33941253
vn 0.70710678 -0.70710678 0.00000000
vn -0.76049099 -0.21084465 0.61416447
vn 0.11737896 0.11737896 -0.98612594
vn -0.16611819 -0.00001747 -0.98610585
vn -0.11746161 -0.11746161 -0.98610625
vn -0.00004414 -0.00004414 -1.00000000
vn 0.04034405 -0.29735969 0.95391277
vn 0.00000000 -0.00000000 -1.00000000
vn -0.10971152 -0.10843710 0.98803076
vn -0.64943980 0.68576619 -0.32856153
vn -0.31868891 -0.23245018 0.91891474
vn 0.22621022 -0.81919321 0.52702128
vn 0.73504212 0.50736479 0.44977110
vn 0.64651272 0.35441637 0.67558148
vn -0.16120709 0.82001848 0.54916479
vn 0.74655655 0.65604281 0.11073002
vn -0.57190800 0.54805788 0.61037185
vn -0.11742504 0.11741550 -0.98611610
vn 0.70710678 0.70710678 0.00000000
vn 0.16603552 -0.00001746 -0.98611977
vn 0.70710678 0.70710678 0.00000000
vn 0.57735027 -0.57735027 -0.57735027
vn -0.30151134 0.30151134 -0.90453403
vn -0.11198146 0.68813926 -0.71688529
vn -0.12482595 0.51995158 0.84502594
vn -0.73512852 -0.50723432 0.44977707
vn 0.31185622 -0.94353302 0.11176374
vn 0.04037386 -0.55177867 0.83301276
vn 0.00340490 -0.00790581 0.99996295
vn 0.31566936 0.21179559 0.92492999
vn 0.92501207 0.37989574 -0.00564794
vn 0.70710678 -0.70710678 0.00000000
vn 0.00000000 0.16603552 -0.98611977
vn -0.98596857 0.10562955 0.12926086
vn 0.70710678 0.70710678 0.00000000
vn -0.66244488 0.25949487 -0.70272982
vn 0.70710678 0.70710678 0.00000000
vn -0.00004414 -0.00004414 -1.00000000
vn -0.11746161 -0.11746161 -0.98610625
vn 0.00000000 -0.00000000 0.00000000
vn 0.30151134 -0.30151134 -0.90453403
vn -0.57735027 0.57735027 -0.57735027
vn -0.57735027 -0.57735027 0.57735027
vn 0.09416833 0.66596995 -0.74001105
vn 0.65346612 -0.43361511 0.62045142
vn 0.04034596 0.46970874 0.88189903
vn -0.03213009 -0.30921195 0.95045022
vn 0.81364193 -0.32751276 0.48033550
vn 0.89425624 0.44709327 -0.02033205
vn -0.38252974 0.15945676 0.91007942
vn -0.00050637 -0.01055900 0.99994412
vn 0.00000000 -0.70710678 0.70710678
vn 0.04563549 0.64708744 0.76104878
vn 0.60473842 -0.79642416 0.00000000
vn -0.98610585 0.16611819 0.00001747
vn 0.11739523 0.11744528 -0.98611610
vn -0.16611819 -0.00001747 -0.98610585
vn -0.00001747 -0.16611819 -0.98610585
vn -0.30151134 -0.90453403 0.30151134
vn 0.04509446 0.39710684 0.91666387
vn 0.74888157 -0.62371636 0.22395153
vn -0.01171977 -0.06693080 0.99768879
vn -0.00235509 -0.00218024 0.99999485
vn 0.00000000 -0.70710678 0.70710678
vn 0.01143152 0.10009936 0.99491177
vn 0.74526453 0.58631368 -0.31751702
vn -0.57735027 0.57735027 -0.57735027
vn -0.11742504 0.11741550 -0.98611610
vn 0.49078445 -0.63762982 0.59376665
vn -0.98597959 0.10559184 -0.12920764
vn -0.00000000 -0.16611819 -0.98610585
vn 0.70710678 0.70710678 0.00000000
vn 0.16603552 -0.00001747 -0.98611977
vn 0.00000000 -0.70710678 -0.70710678
vn 0.11741550 -0.11742504 -0.98611610
vn 0.68914939 -0.68161021 -0.24592813
vn 0.02946096 0.02947823 0.99913117
vn 0.61217384 -0.39140977 0.68705283
vn 0.00000000 -1.00000000 0.00000000
vn 0.01600561 0.83986903 0.54255307
vn 0.74787680 0.24037920 0.61878763
vn 0.67149235 0.73067505 0.12333689
vn 0.65467768 0.26462306 0.70807610
vn 0.16603552 -0.00001746 -0.98611977
vn -0.00001746 0.16603552 -0.98611977
vn 0.11743178 -0.11749144 -0.98610625
vn -0.00002090 -0.00004415 -1.00000000
vn -0.90453403 0.30151134 -0.30151134
vn 0.09219375 -0.13477517 0.98657791
vn -0.05359732 0.18304198 0.98164299
vn 0.70727177 0.67220974 -0.21886229
vn 0.67551287 0.41917117 0.60661181
vn 0.38363341 -0.15016182 0.91119528
vn -0.21700131 -0.76769986 0.60294888
vn 0.87650380 -0.45918031 0.14454940
vn 0.05947681 -0.99179603 0.11315101
vn -0.81360612 0.32763509 0.48031273
vn 0.09814511 0.86750499 0.48765012
vn 0.74525248 0.58632986 0.31751542
vn 0.70710678 0.70710678 0.00000000
vn -0.69163700 0.05071982 -0.72046219
vn -0.16611819 -0.00001747 -0.98610585
vn -0.11746161 -0.11746161 -0.98610625
vn -0.00001747 -0.16611819 -0.98610585
vn -0.74526453 0.58631368 -0.31751702
vn -0.65551469 -0.72018762 -0.22722298
vn -0.01794048 -0.01097676 0.99977880
vn -0.61129699 -0.37856197 0.69498693
vn 0.75304801 0.00755037 0.65792225
vn -0.12833541 -0.99173082 0.00000000
vn -0.00471524 0.84358097 0.53698129
vn -0.66051001 -0.24379174 0.71013528
vn 0.10559184 0.12920764 -0.98597959
vn 0.90453403 0.30151134 0.30151134
vn -0.30151134 -0.90453403 0.30151134
vn -0.01335986 0.13075964 -0.99132408
vn 0.72214452 0.24889895 -0.64541197
vn 0.65841838 -0.75233453 -0.02186284
vn 0.99884592 -0.04233114 -0.02269154
vn 0.00000000 -0.99929778 0.03746939
vn 0.53807162 0.82616060 0.16714544
vn 0.54964161 -0.83533610 -0.01037812
vn 0.89145454 0.07394135 -0.44703632
vn 0.16611819 -0.00001747 -0.98610585
vn 0.70710678 0.00000000 -0.70710678
vn 0.00000000 -0.70710678 -0.70710678
vn -0.06863853 -0.16570815 -0.98378329
vn 0.30497245 -0.87157727 -0.38385526
vn -0.41495511 0.56068416 0.71655113
vn 0.47483500 0.67957987 -0.55919847
vn 0.62205399 0.53152610 -0.57491638
vn 0.58421295 -0.60862716 0.53690615
vn 0.00000000 -1.00000000 0.00000000
vn 0.56501855 0.67938800 0.46817302
vn -0.66948697 0.59188064 0.44884798
vn -0.06861562 0.16562149 -0.98379948
vn 0.57735027 0.57735027 0.57735027
vn -0.57735027 0.57735027 -0.57735027
vn 0.92497979 0.05358130 0.37621993
vn -0.57735027 -0.57735027 0.57735027
vn -0.00443216 0.35809485 -0.93367470
vn 0.99858889 0.00531384 -0.05283924
vn 0.65165144 -0.75851080 -0.00342933
vn 0.64618913 0.12412454 -0.75301574
vn 0.48755567 -0.87309153 -0.00081071
vn 0.53373341 0.80994635 -0.24313692
vn 0.38844505 -0.92020491 -0.04830499
vn 0.57735027 -0.57735027 -0.57735027
vn 0.98611610 0.11741550 0.11742504
vn 0.98611610 -0.11742504 -0.11741550
vn -0.30151134 0.30151134 -0.90453403
vn 0.28669966 -0.87923549 0.38045797
vn -0.63121465 0.62047870 -0.46537538
vn -0.41710251 0.54313118 -0.72872081
vn 0.66732048 0.43935479 0.60137405
vn 0.25948678 0.77172775 0.58060562
vn 0.00439341 -0.99979491 -0.01976939
vn 0.84047557 0.53971796 -0.04801394
vn 0.99814326 -0.03978179 0.04612431
vn 0.58481367 -0.60944127 -0.53532636
vn 0.76049099 -0.21084465 -0.61416447
vn 0.10562955 -0.12926086 -0.98596857
vn -0.00982588 -0.00005412 -0.99995172
vn -0.38621689 -0.63764852 0.66651397
vn -0.60619770 -0.67270384 0.42425686
vn 0.15246154 0.56888344 -0.80816280
vn 0.79815311 0.52345976 -0.29823060
vn 0.69346133 -0.72000581 0.02651445
vn -0.00228620 -0.74926426 0.66226719
vn 0.57108897 0.64490208 -0.50789635
vn 0.36236129 0.82509333 -0.43349197
vn 0.98611977 -0.00001746 -0.16603552
vn 0.98611977 0.16603552 0.00001746
vn -0.56646850 -0.69915949 -0.43622177
vn -0.38816833 -0.62388999 -0.67829686
vn 0.34529885 0.83118794 0.43576979
vn 0.00000000 0.45008203 0.89298721
vn 0.00000000 -0.75204339 -0.65911360
vn 0.99065157 -0.12418016 0.05646913
vn 0.84846862 0.42562402 0.31455555
vn 0.82742305 -0.55400862 -0.09189965
vn 0.71756513 -0.69620523 0.01996370
vn 0.66051001 -0.24379174 -0.71013528
vn -0.16603552 -0.00001809 -0.98611977
vn 0.70710678 -0.70710678 0.00000000
vn 0.98610585 -0.00001747 0.16611819
vn 0.98610585 -0.16611819 0.00001747
vn 0.01005919 0.17332965 0.98481249
vn 0.06614260 0.96773426 -0.24313690
vn 0.99912403 0.01135850 0.04027601
vn 0.98061101 0.15455129 -0.12048217
vn 0.63829602 0.74664489 0.18734886
vn 0.72375333 0.25235215 0.64226125
vn 0.91683921 0.26674510 -0.29707391
vn 0.98612594 0.11737896 -0.11737896
vn 0.98610625 -0.11746161 0.11746161
vn 1.00000000 -0.00004414 0.00004414
vn 0.01704876 0.96258151 0.27045549
vn 0.99940434 -0.02109566 0.02731196
vn 0.90036430 0.42213800 -0.10556341
vn 0.99595978 -0.02927436 0.08489479
vn 0.65516038 0.10632564 0.74797041
vn 0.00000000 0.36759901 0.92998439
vn 0.57190800 0.54805788 -0.61037185
vn -0.98612594 0.11737896 -0.11737896
vn -0.57190800 0.54805788 -0.61037185
vn -0.70701632 -0.70719723 0.00000000
vn -1.00000000 -0.00004414 0.00004414
vn -0.98610625 -0.11746161 0.11746161
vn 0.00500090 -0.02255679 0.99973306
vn -0.65798552 0.27722719 -0.70014294
vn 0.70719723 0.70701632 0.00000000
vn 0.77636258 -0.00009931 0.63028655
vn 0.01343539 -0.00065174 0.99990953
vn -0.99461397 0.10221127 -0.01720200
vn 0.22974281 0.96327959 -0.13896286
vn -0.00037930 0.53508213 0.84479996
vn -0.41711209 0.54311725 -0.72872571
vn -0.00242000 -0.78431900 -0.62035301
vn 0.08148996 -0.99165551 0.09989363
vn 0.25558373 -0.85953160 0.44258602
vn -0.99714069 0.02339412 0.07185509
vn -0.99144132 0.12862849 0.02233416
vn -0.99101695 0.05849932 0.12026315
vn -0.98585449 -0.03829895 0.16316900
vn 0.76450329 -0.55901561 0.32099262
vn -0.06861562 0.16562149 -0.98379948
vn -0.24777507 -0.95225855 -0.17835684
vn -0.00029328 -0.62481643 0.78077164
vn 0.39346259 -0.62390631 -0.67522448
vn -0.32349143 0.94574246 -0.03040541
vn -0.29622425 0.80552630 0.51320422
vn -0.00257146 0.71486866 -0.69925402
vn -0.58114071 0.63276357 -0.51174773
vn 0.57190800 0.54805788 0.61037185
vn 0.74054384 -0.67183678 0.01517131
vn -0.64397082 -0.61249283 0.45842569
vn 0.59845320 -0.76897091 -0.22480551
vn -0.79950766 0.22695578 -0.55612820
vn 0.98610585 0.16611819 0.00001747
vn 0.10559184 0.12920764 -0.98597959
vn 0.42246437 0.54313721 -0.72562100
vn -0.25536284 -0.85952618 0.44272403
vn -0.00242000 -0.78431900 -0.62035301
vn -0.08416891 -0.97985091 -0.18112921
vn 0.99068166 0.02621248 -0.13365165
vn -0.22974281 0.96327959 -0.13896286
vn -0.00029300 0.53507493 0.84480456
vn 0.91732105 0.27175813 0.29098043
vn 0.70710678 -0.70710678 0.00000000
vn 0.65803868 0.27087220 -0.70257623
vn 0.00000000 -0.00000000 0.00000000
vn -0.29155556 0.34724969 -0.89129849
vn -0.74838475 -0.40192036 -0.52761756
vn 0.64943779 0.69924223 -0.29881576
vn -0.70051478 0.51958369 0.48919508
vn 0.98596857 0.10562955 0.12926086
vn 0.79852431 0.58926259 -0.12299807
vn -0.65798552 0.27722719 -0.70014294
vn 0.69163700 0.05071982 -0.72046219
vn 0.69522571 0.57719525 0.42837701
vn -0.77974663 0.08614771 -0.62014012
vn 0.66051001 -0.24379174 0.71013528
vn 0.79695301 0.05456295 -0.60157193
vn -0.30151134 -0.90453403 -0.30151134
vn -0.28130662 -0.85330878 -0.43901106
vn 0.00091635 -0.72374855 0.69006318
vn 0.41292512 0.56069086 0.71771764
vn 0.00015693 0.66119086 -0.75021771
vn -0.78617626 0.60898356 -0.10519460
vn 0.90453403 0.30151134 -0.30151134
vn 0.89461718 -0.24553575 0.37332599
vn 0.00011157 -0.73335271 -0.67984836
vn 0.38420486 -0.63767024 0.66765506
vn 0.00095314 0.65372234 0.75673390
vn -0.33246399 0.80164183 -0.49682801
vn 0.58149046 0.57533284 -0.57520515
vn -0.57735027 -0.57735027 -0.57735027
vn 0.98597959 0.10559184 -0.12920764
vn -0.98610625 -0.11749144 0.11743178
vn 0.00001747 -0.16611819 -0.98610585
vn -0.01048661 0.07728626 0.99695379
vn -0.70719723 0.70701632 0.00000000
vn -0.16603552 -0.00001746 -0.98611977
vn 0.30151134 -0.90453403 0.30151134
vn 0.74526453 0.58631368 -0.31751702
vn -0.98610625 0.11746161 -0.11746161
vn -0.70710678 -0.70710678 0.00000000
vn 0.70710678 -0.70710678 0.00000000
vn -0.00012792 0.99999999 0.00000000
vn 0.00000000 -0.70710678 -0.70710678
vn -0.00150251 0.75549564 -0.65515195
vn 0.00000000 -1.00000000 0.00000000
vn -0.54898677 -0.54898677 0.63025952
vn 0.70701632 -0.70719723 0.00000000
vn 0.99999999 -0.00012808 0.00000000
vn -0.29161264 0.34724368 -0.89128216
vn -0.83621985 0.32934923 -0.43848084
vn 0.75203250 0.21351996 -0.62358347
vn -0.00012792 -0.99999999 0.00000000
vn -0.67149235 0.73067505 -0.12333689
vn -0.54906911 0.54892865 0.63023840
vn 0.54892865 -0.54906911 0.63023840
vn 0.70697887 0.70723467 0.00000000
vn 0.77644536 -0.00009945 0.63018457
vn -0.99999999 -0.00012792 0.00000000
vn 0.29312032 0.34732708 -0.89075495
vn 0.66614558 0.63960054 0.38361597
vn -0.70710678 0.70710678 0.00000000
vn -0.67102589 -0.49081828 -0.55571726
vn -0.63937521 -0.72516332 -0.25561201
vn -0.00000000 -0.77637974 0.63026543
vn 0.70701632 -0.70719723 0.00000000
vn -0.77636258 -0.00009931 0.63028655
vn 0.58226677 0.63136734 -0.51219204
vn -0.00009931 -0.77636258 0.63028655
vn -0.54898677 -0.54898677 0.63025952
vn -0.98610585 0.16611819 0.00001747
vn 0.66240678 0.26579832 -0.70040596
vn -0.70710678 0.00000000 -0.70710678
vn -0.98611977 0.00001746 -0.16603552
vn 0.54906911 0.54892865 0.63023840
vn 0.99999999 -0.00012792 0.00000000
vn -0.01594943 0.00848968 0.99983676
vn 0.09288389 0.09946605 0.99069626
vn -0.49600635 -0.63579746 0.59138760
vn 0.00000000 0.98605315 0.16643074
vn -0.98610625 0.11746161 0.11746161
vn 0.70710678 -0.70710678 0.00000000
vn -0.00000000 0.00000000 0.00000000
vn -0.67149235 0.73067505 -0.12333689
vn -0.98612594 -0.11737896 -0.11737896
vn -0.94259547 -0.33383088 -0.00840998
vn -0.64853024 0.46392851 0.60347234
vn 0.28754047 0.73856412 0.60978973
vn 0.61227699 0.38621739 0.68989348
vn 0.75203250 0.21351996 -0.62358347
vn 0.58433783 -0.57369710 -0.57395204
vn 0.90426676 -0.30681791 -0.29692490
vn 0.66077690 0.63741739 0.39632431
vn 0.11737896 0.11737896 -0.98612594
vn 0.00009931 -0.77636258 0.63028655
vn -0.77636258 -0.00009931 0.63028655
vn -0.70710678 0.70710678 0.00000000
vn -0.05286703 0.42748585 0.90247489
vn -0.84227492 0.52019716 0.14130773
vn 0.29155556 0.34724969 -0.89129849
vn -0.72752397 0.64354256 0.23782734
vn 0.67149235 0.73067505 -0.12333689
vn 0.70710678 0.70710678 0.00000000
vn -0.70710678 0.70710678 0.00000000
vn -0.06052154 0.65633139 0.75204139
vn -0.70710678 0.70710678 0.00000000
vn 0.67102589 -0.49081828 -0.55571726
vn 0.63937521 -0.72516332 -0.25561201
vn 0.11739523 0.11744528 -0.98611610
vn -0.00288888 -0.68414325 0.72934194
vn -0.00001747 -0.16611819 -0.98610585
vn 0.54906911 0.54892865 0.63023840
vn -0.16611819 -0.00001747 -0.98610585
vn 0.00000000 -0.70710678 -0.70710678
vn -0.11746161 -0.11746161 -0.98610625
vn 0.74430111 0.23604374 0.62473932
vn 0.70710678 0.70710678 0.00000000
vn -1.00000000 0.00000000 0.00000000
vn 0.61135172 0.79135900 0.00000000
vn -0.70710678 0.70710678 0.00000000
vn -0.70710678 0.70710678 0.00000000
vn 0.98596857 0.10562955 -0.12926086
vn 0.70710678 0.70710678 0.00000000
vn -0.74363256 0.23848559 0.62460807
vn -0.70710678 0.70710678 0.00000000
vn 0.67979271 0.05999983 0.73094589
vn 0.48423435 0.62681301 0.61042817
vn 0.98596906 0.10565071 0.12923982
vn -0.74655655 0.65604281 0.11073002
vn -0.65909285 0.25446762 0.70770251
vn 0.98610585 0.16611819 0.00000000
vn -0.74525248 0.58632986 0.31751542
vn -0.67149235 0.73067505 0.12333689
vn -0.70710678 -0.70710678 0.00000000
vn -0.11746161 -0.11746161 -0.98610625
vn 0.00012792 0.99999999 0.00000000
vn -0.70710678 0.70710678 0.00000000
vn -0.74330517 0.23906392 0.62477666
vn -0.98596906 0.10565071 0.12923982
vn -0.67555442 0.04251497 0.73608336
vn 0.54892865 -0.54906911 0.63023840
vn -0.99999999 -0.00012792 0.00000000
vn 0.75203250 0.21351996 -0.62358347
vn -0.00012792 -0.99999999 0.00000000
vn -0.70710678 -0.70710678 0.00000000
vn -0.03844709 0.10820865 0.99338447
vn 0.79012474 -0.57808424 -0.20376827
vn 0.74713291 -0.44000480 -0.49818491
vn 0.74713291 -0.44000480 0.49818491
vn 0.67102589 -0.49081828 0.55571726
vn 0.65609703 0.49961576 0.56561540
vn 0.70710678 0.70710678 0.00000000
vn -0.70710678 0.70710678 0.00000000
vn -0.30356223 0.73271436 0.60908098
vn 0.70710678 -0.70710678 0.00000000
vn -0.99999999 -0.00014432 0.00000000
vn 0.98610625 0.11746161 -0.11746161
vn 0.48414542 -0.62686363 0.61044673
vn 0.00000000 0.00000000 1.00000000
vn -0.38261683 -0.92390712 0.00000000
vn 0.99999999 -0.00012792 0.00000000
vn 0.48423435 0.62681301 0.61042817
vn 0.69525156 0.00802187 0.71872173
vn 0.98611610 0.11744528 0.11739523
vn -0.00804027 -0.69511905 0.71884968
vn 0.77636258 -0.00009931 0.63028655
vn 0.61135172 0.79135900 0.00000000
vn -0.30345039 -0.73274345 0.60910171
vn -0.67149235 0.73067505 -0.12333689
vn 0.98611977 -0.00001747 0.16603552
vn 0.66652376 0.64445130 -0.37473805
vn 0.65702776 0.48194207 -0.57969506
vn 0.98610625 -0.11746161 -0.11746161
vn 1.00000000 -0.00004415 -0.00002090
vn 0.68169596 0.73160153 0.00705780
vn 0.98611610 0.11742504 -0.11741550
vn 0.70710678 0.70710678 0.00000000
vn 0.90450506 -0.30709859 0.29590716
vn -0.70710678 -0.70710678 0.00000000
vn 1.00000000 0.00004414 0.00004414
vn 0.98611610 -0.11741550 0.11742504
vn 0.63937521 -0.72516332 0.25561201
vn -0.66614558 0.63960054 -0.38361597
vn 0.61125048 -0.79143720 0.00000000
vn -0.30356223 0.73271436 0.60908098
vn -0.06176622 0.64464411 -0.76198354
vn -0.74526453 0.58631368 -0.31751702
vn -0.98610585 0.16611819 0.00000000
vn -0.70719723 0.70701632 0.00000000
vn -0.00009931 -0.77636258 0.63028655
vn 0.00202268 -0.69006923 0.72374054
vn -0.77636258 -0.00009931 0.63028655
vn 0.70701632 -0.70719723 0.00000000
vn 0.00000000 -1.00000000 0.00000000
vn 0.54887031 0.54906891 0.63028939
vn 0.99999999 -0.00012808 0.00000000
vn 0.30151134 -0.90453403 -0.30151134
vn 0.70710678 0.00000000 -0.70710678
vn 0.98610585 0.16611819 0.00001747
vn -0.06863853 -0.16570815 -0.98378329
vn 0.16611819 -0.00001747 -0.98610585
vn 0.98611977 0.00001746 -0.16603552
vn 0.99999999 -0.00012792 0.00000000
vn 0.68766857 0.00120213 0.72602375
vn -0.38261683 -0.92390712 0.00000000
vn 0.98611610 -0.11741550 -0.11742504
vn 1.00000000 0.00004415 -0.00002090
f 505//505 535//535 832//832
f 234//234 336//336 636//636
f 929//929 1058//1058 177//177
f 234//234 654//654 65//65
f 608//608 170//170 1055//1055
f 421//421 239//239 65//65
f 421//421 689//689 633//633
f 916//916 466//466 851//851
f 335//335 73//73 246//246
f 437//437 113//113 162//162
f 645//645 646//646 668//668
f 204//204 440//440 903//903
f 367//367 438//438 255//255
f 438//438 345//345 255//255
f 1//1 14//14 1046//1046
f 166//166 87//87 41//41
f 788//788 752//752 746//746
f 93//93 19//19 345//345
f 969//969 980//980 988//988
f 925//925 39//39 113//113
f 663//663 677//677 694//694
f 608//608 337//337 664//664
f 664//664 725//725 617//617
f 823//823 607//607 452//452
f 294//294 223//223 69//69
f 465//465 915//915 879//879
f 850//850 859//859 847//847
f 755//755 435//435 264//264
f 832//832 547//547 372//372
f 162//162 113//113 567//567
f 392//392 653//653 619//619
f 95//95 897//897 258//258
f 926//926 101//101 905//905
f 832//832 534//534 410//410
f 755//755 355//355 340//340
f 182//182 183//183 39//39
f 39//39 183//183 113//113
f 52//52 915//915 398//398
f 568//568 602//602 564//564
f 71//71 937//937 410//410
f 619//619 718//718 610//610
f 533//533 226//226 575//575
f 971//971 800//800 207//207
f 280//280 340//340 349//349
f 800//800 3//3 207//207
f 1020//1020 57//57 7//7
f 899//899 17//17 442//442
f 923//923 1056//1056 1053//1053
f 459//459 1004//1004 547//547
f 536//536 503//503 837//837
f 14//14 207//207 1046//1046
f 131//131 181//181 281//281
f 1039//1039 159//159 817//817
f 1036//1036 467//467 868//868
f 478//478 924//924 287//287
f 100//100 121//121 348//348
f 926//926 905//905 182//182
f 1011//1011 987//987 967//967
f 931//931 284//284 364//364
f 1//1 1016//1016 1019//1019
f 777//777 799//799 795//795
f 772//772 810//810 797//797
f 14//14 971//971 207//207
f 770//770 763//763 793//793
f 1068//1068 159//159 143//143
f 1068//1068 956//956 159//159
f 867//867 148//148 1041//1041
f 831//831 1010//1010 376//376
f 507//507 1061//1061 974//974
f 1024//1024 1032//1032 4//4
f 974//974 1061//1061 90//90
f 497//497 1055//1055 423//423
f 312//312 902//902 20//20
f 312//312 20//20 384//384
f 978//978 691//691 676//676
f 230//230 213//213 569//569
f 43//43 908//908 446//446
f 902//902 676//676 691//691
f 937//937 231//231 410//410
f 1//1 5//5 1016//1016
f 91//91 287//287 112//112
f 429//429 323//323 388//388
f 1029//1029 882//882 220//220
f 629//629 695//695 706//706
f 383//383 94//94 611//611
f 342//342 172//172 369//369
f 1068//1068 143//143 213//213
f 408//408 70//70 416//416
f 1042//1042 351//351 731//731
f 181//181 121//121 281//281
f 1064//1064 134//134 133//133
f 135//135 153//153 1062//1062
f 339//339 338//338 151//151
f 755//755 264//264 355//355
f 634//634 452//452 982//982
f 813//813 814//814 803//803
f 105//105 526//526 104//104
f 640//640 263//263 20//20
f 456//456 263//263 640//640
f 392//392 403//403 319//319
f 759//759 798//798 736//736
f 783//783 747//747 784//784
f 439//439 101//101 368//368
f 173//173 44//44 926//926
f 870//870 324//324 851//851
f 1039//1039 817//817 866//866
f 762//762 351//351 1042//1042
f 235//235 573//573 450//450
f 724//724 694//694 677//677
f 664//664 337//337 827//827
f 227//227 67//67 406//406
f 325//325 453//453 999//999
f 990//990 1010//1010 58//58
f 990//990 58//58 143//143
f 870//870 877//877 153//153
f 243//243 625//625 964//964
f 243//243 964//964 478//478
f 716//716 670//670 414//414
f 551//551 824//824 528//528
f 478//478 828//828 924//924
f 425//425 965//965 426//426
f 104//104 117//117 828//828
f 229//229 222//222 413//413
f 328//328 375//375 248//248
f 756//756 739//739 740//740
f 837//837 540//540 561//561
f 510//510 526//526 105//105
f 638//638 654//654 652//652
f 236//236 451//451 966//966
f 1011//1011 55//55 1015//1015
f 469//469 918//918 341//341
f 477//477 468//468 298//298
f 469//469 341//341 652//652
f 887//887 465//465 879//879
f 887//887 879//879 465//465
f 652//652 341//341 254//254
f 536//536 839//839 597//597
f 263//263 203//203 384//384
f 74//74 326//326 253//253
f 43//43 99//99 18//18
f 165//165 933//933 166//166
f 84//84 248//248 330//330
f 332//332 457//457 640//640
f 867//867 1043//1043 148//148
f 574//574 831//831 376//376
f 481//481 578//578 576//576
f 704//704 650//650 673//673
f 246//246 492//492 545//545
f 403//403 362//362 195//195
f 924//924 1007//1007 932//932
f 699//699 129//129 311//311
f 729//729 982//982 449//449
f 942//942 952//952 411//411
f 941//941 682//682 51//51
f 290//290 272//272 273//273
f 110//110 107//107 1056//1056
f 311//311 346//346 957//957
f 461//461 326//326 74//74
f 670//670 346//346 124//124
f 268//268 85//85 266//266
f 893//893 864//864 856//856
f 74//74 253//253 376//376
f 396//396 936//936 261//261
f 870//870 876//876 877//877
f 877//877 876//876 868//868
f 26//26 638//638 254//254
f 994//994 1010//1010 62//62
f 586//586 596//596 558//558
f 162//162 1004//1004 271//271
f 707//707 723//723 693//693
f 1047//1047 1033//1033 1035//1035
f 1035//1035 1033//1033 5//5
f 128//128 611//611 94//94
f 400//400 257//257 24//24
f 686//686 671//671 616//616
f 400//400 24//24 314//314
f 635//635 650//650 704//704
f 925//925 272//272 39//39
f 613//613 668//668 646//646
f 994//994 62//62 1015//1015
f 626//626 725//725 711//711
f 225//225 945//945 935//935
f 1030//1030 1025//1025 1026//1026
f 969//969 1015//1015 55//55
f 209//209 34//34 7//7
f 925//925 113//113 437//437
f 719//719 623//623 622//622
f 579//579 481//481 479//479
f 574//574 664//664 827//827
f 45//45 1007//1007 526//526
f 655//655 685//685 702//702
f 1001//1001 463//463 330//330
f 664//664 624//624 68//68
f 190//190 68//68 941//941
f 319//319 905//905 101//101
f 429//429 218//218 230//230
f 31//31 1026//1026 1049//1049
f 904//904 285//285 361//361
f 827//827 405//405 569//569
f 641//641 612//612 677//677
f 339//339 151//151 353//353
f 429//429 230//230 295//295
f 602//602 487//487 563//563
f 601//601 563//563 602//602
f 749//749 785//785 807//807
f 202//202 128//128 94//94
f 252//252 468//468 291//291
f 430//430 360//360 268//268
f 277//277 273//273 123//123
f 252//252 291//291 684//684
f 18//18 323//323 201//201
f 695//695 665//665 710//710
f 403//403 449//449 362//362
f 436//436 169//169 447//447
f 43//43 18//18 132//132
f 99//99 265//265 388//388
f 825//825 588//588 822//822
f 138//138 993//993 996//996
f 922//922 179//179 177//177
f 521//521 583//583 486//486
f 676//676 998//998 333//333
f 1030//1030 31//31 32//32
f 280//280 348//348 914//914
f 964//964 625//625 718//718
f 855//855 862//862 854//854
f 660//660 676//676 333//333
f 906//906 902//902 342//342
f 213//213 58//58 569//569
f 967//967 61//61 55//55
f 315//315 189//189 389//389
f 722//722 222//222 229//229
f 252//252 244//244 468//468
f 244//244 705//705 283//283
f 601//601 563//563 843//843
f 997//997 61//61 967//967
f 736//736 799//799 761//761
f 415//415 75//75 236//236
f 1036//1036 1035//1035 1013//1013
f 236//236 75//75 77//77
f 337//337 405//405 827//827
f 204//204 367//367 161//161
f 764//764 756//756 738//738
f 77//77 239//239 375//375
f 255//255 254//254 341//341
f 335//335 246//246 545//545
f 1002//1002 326//326 246//246
f 421//421 65//65 689//689
f 319//319 257//257 261//261
f 944//944 463//463 1001//1001
f 230//230 569//569 405//405
f 916//916 313//313 48//48
f 916//916 324//324 313//313
f 462//462 985//985 334//334
f 916//916 48//48 413//413
f 461//461 82//82 492//492
f 22//22 127//127 347//347
f 1011//1011 1015//1015 1012//1012
f 461//461 74//74 980//980
f 722//722 948//948 222//222
f 423//423 611//611 422//422
f 104//104 828//828 531//531
f 105//105 440//440 918//918
f 161//161 341//341 918//918
f 255//255 345//345 254//254
f 178//178 917//917 1054//1054
f 199//199 322//322 200//200
f 520//520 838//838 522//522
f 246//246 73//73 428//428
f 26//26 19//19 129//129
f 230//230 405//405 295//295
f 105//105 104//104 440//440
f 311//311 123//123 346//346
f 606//606 469//469 636//636
f 1//1 1013//1013 1035//1035
f 964//964 653//653 936//936
f 717//717 689//689 638//638
f 271//271 1004//1004 442//442
f 415//415 234//234 75//75
f 366//366 743//743 89//89
f 1001//1001 375//375 239//239
f 716//716 957//957 670//670
f 659//659 639//639 331//331
f 1036//1036 1013//1013 467//467
f 869//869 135//135 354//354
f 837//837 561//561 597//597
f 870//870 851//851 876//876
f 683//683 413//413 407//407
f 1047//1047 1051//1051 1033//1033
f 997//997 1017//1017 989//989
f 118//118 168//168 179//179
f 16//16 211//211 142//142
f 1//1 1035//1035 5//5
f 603//603 604//604 840//840
f 780//780 730//730 741//741
f 762//762 357//357 351//351
f 974//974 295//295 405//405
f 670//670 124//124 700//700
f 823//823 372//372 547//547
f 40//40 282//282 285//285
f 823//823 452//452 372//372
f 574//574 253//253 624//624
f 610//610 452//452 634//634
f 231//231 298//298 587//587
f 120//120 447//447 169//169
f 1036//1036 868//868 1050//1050
f 607//607 982//982 452//452
f 536//536 502//502 839//839
f 624//624 941//941 68//68
f 817//817 159//159 956//956
f 308//308 380//380 318//318
f 782//782 745//745 781//781
f 831//831 827//827 569//569
f 156//156 817//817 735//735
f 461//461 246//246 326//326
f 199//199 318//318 910//910
f 477//477 575//575 291//291
f 1011//1011 972//972 1019//1019
f 234//234 65//65 75//75
f 367//367 255//255 161//161
f 629//629 644//644 678//678
f 104//104 903//903 440//440
f 332//332 639//639 457//457
f 278//278 304//304 126//126
f 256//256 258//258 96//96
f 173//173 272//272 44//44
f 686//686 616//616 726//726
f 825//825 527//527 826//826
f 831//831 58//58 1010//1010
f 470//470 528//528 493//493
f 910//910 318//318 380//380
f 984//984 1017//1017 987//987
f 699//699 633//633 717//717
f 285//285 282//282 38//38
f 970//970 1017//1017 984//984
f 107//107 174//174 919//919
f 1020//1020 139//139 35//35
f 225//225 221//221 292//292
f 236//236 77//77 451//451
f 1010//1010 988//988 376//376
f 587//587 557//557 596//596
f 295//295 90//90 323//323
f 114//114 164//164 163//163
f 1052//1052 103//103 432//432
f 705//705 128//128 283//283
f 332//332 937//937 658//658
f 21//21 900//900 188//188
f 533//533 422//422 226//226
f 59//59 1071//1071 9//9
f 12//12 1071//1071 1021//1021
f 919//919 1053//1053 1056//1056
f 684//684 291//291 226//226
f 174//174 102//102 919//919
f 701//701 692//692 623//623
f 398//398 889//889 352//352
f 1044//1044 1040//1040 1063//1063
f 873//873 854//854 848//848
f 106//106 175//175 1057//1057
f 379//379 394//394 187//187
f 398//398 259//259 889//889
f 64//64 143//143 58//58
f 450//450 573//573 843//843
f 1005//1005 917//917 930//930
f 1012//1012 1015//1015 62//62
f 368//368 101//101 926//926
f 114//114 102//102 174//174
f 1042//1042 1062//1062 153//153
f 235//235 843//843 573//573
f 141//141 140//140 34//34
f 915//915 390//390 46//46
f 17//17 92//92 442//442
f 235//235 450//450 843//843
f 699//699 717//717 129//129
f 388//388 323//323 18//18
f 439//439 119//119 101//101
f 681//681 696//696 671//671
f 191//191 342//342 902//902
f 942//942 677//677 612//612
f 767//767 789//789 814//814
f 206//206 185//185 321//321
f 618//618 423//423 422//422
f 301//301 642//642 951//951
f 462//462 334//334 451//451
f 470//470 493//493 570//570
f 398//398 915//915 46//46
f 278//278 317//317 304//304
f 340//340 135//135 1062//1062
f 966//966 451//451 334//334
f 1024//1024 32//32 1032//1032
f 601//601 546//546 563//563
f 198//198 394//394 54//54
f 125//125 274//274 258//258
f 398//398 46//46 390//390
f 437//437 123//123 273//273
f 379//379 309//309 185//185
f 14//14 1019//1019 972//972
f 509//509 843//843 563//563
f 906//906 676//676 902//902
f 471//471 602//602 568//568
f 509//509 563//563 487//487
f 415//415 236//236 948//948
f 843//843 487//487 563//563
f 138//138 61//61 997//997
f 651//651 672//672 404//404
f 927//927 982//982 607//607
f 190//190 170//170 68//68
f 635//635 704//704 621//621
f 710//710 665//665 712//712
f 471//471 568//568 564//564
f 981//981 245//245 989//989
f 203//203 270//270 908//908
f 577//577 482//482 516//516
f 399//399 388//388 265//265
f 47//47 911//911 395//395
f 764//764 738//738 745//745
f 1033//1033 1051//1051 219//219
f 574//574 624//624 664//664
f 889//889 465//465 881//881
f 790//790 814//814 812//812
f 418//418 404//404 417//417
f 921//921 108//108 1059//1059
f 316//316 391//391 321//321
f 1012//1012 800//800 971//971
f 786//786 749//749 819//819
f 899//899 682//682 700//700
f 256//256 95//95 258//258
f 889//889 465//465 875//875
f 922//922 109//109 1060//1060
f 887//887 875//875 465//465
f 120//120 180//180 51//51
f 53//53 206//206 912//912
f 464//464 845//845 862//862
f 347//347 898//898 344//344
f 823//823 547//547 607//607
f 763//763 740//740 739//739
f 262//262 27//27 276//276
f 829//829 571//571 593//593
f 42//42 85//85 268//268
f 387//387 398//398 915//915
f 387//387 52//52 398//398
f 764//764 782//782 739//739
f 467//467 866//866 868//868
f 929//929 1009//1009 1058//1058
f 994//994 1015//1015 969//969
f 193//193 395//395 307//307
f 312//312 384//384 43//43
f 734//734 758//758 783//783
f 764//764 739//739 756//756
f 944//944 421//421 633//633
f 437//437 346//346 123//123
f 562//562 576//576 482//482
f 976//976 590//590 570//570
f 242//242 237//237 251//251
f 495//495 572//572 472//472
f 670//670 700//700 698//698
f 521//521 500//500 484//484
f 383//383 170//170 202//202
f 202//202 180//180 128//128
f 994//994 969//969 988//988
f 21//21 27//27 98//98
f 608//608 664//664 68//68
f 310//310 309//309 379//379
f 706//706 626//626 693//693
f 279//279 29//29 278//278
f 1071//1071 144//144 37//37
f 1071//1071 1070//1070 60//60
f 679//679 411//411 667//667
f 687//687 66//66 404//404
f 498//498 516//516 840//840
f 659//659 457//457 639//639
f 503//503 485//485 540//540
f 204//204 161//161 440//440
f 1029//1029 429//429 388//388
f 706//706 694//694 626//626
f 463//463 545//545 330//330
f 1044//1044 136//136 1066//1066
f 800//800 778//778 821//821
f 806//806 784//784 747//747
f 316//316 194//194 402//402
f 104//104 526//526 117//117
f 877//877 866//866 156//156
f 577//577 479//479 499//499
f 732//732 743//743 802//802
f 28//28 279//279 278//278
f 832//832 534//534 459//459
f 649//649 409//409 423//423
f 207//207 3//3 1014//1014
f 1005//1005 1054//1054 917//917
f 1013//1013 1046//1046 1014//1014
f 212//212 159//159 143//143
f 791//791 739//739 798//798
f 802//802 742//742 731//731
f 708//708 627//627 661//661
f 138//138 997//997 993//993
f 768//768 765//765 743//743
f 396//396 261//261 257//257
f 927//927 449//449 982//982
f 346//346 17//17 124//124
f 216//216 1038//1038 33//33
f 762//762 1042//1042 735//735
f 763//763 787//787 751//751
f 1011//1011 971//971 972//972
f 732//732 148//148 1043//1043
f 1011//1011 1012//1012 971//971
f 415//415 336//336 234//234
f 491//491 606//606 336//336
f 811//811 143//143 159//159
f 158//158 817//817 159//159
f 599//599 562//562 600//600
f 477//477 298//298 231//231
f 655//655 702//702 620//620
f 420//420 67//67 961//961
f 888//888 357//357 894//894
f 542//542 840//840 604//604
f 993//993 997//997 989//989
f 45//45 389//389 909//909
f 699//699 957//957 716//716
f 764//764 776//776 798//798
f 45//45 909//909 1007//1007
f 606//606 636//636 336//336
f 316//316 402//402 391//391
f 1044//1044 358//358 136//136
f 420//420 69//69 406//406
f 1029//1029 220//220 1027//1027
f 1002//1002 246//246 428//428
f 285//285 431//431 361//361
f 648//648 726//726 616//616
f 594//594 843//843 515//515
f 944//944 716//716 414//414
f 892//892 788//788 746//746
f 585//585 488//488 505//505
f 521//521 501//501 500//500
f 480//480 516//516 498//498
f 1030//1030 32//32 1048//1048
f 263//263 350//350 203//203
f 463//463 414//414 335//335
f 655//655 637//637 609//609
f 464//464 883//883 845//845
f 243//243 478//478 287//287
f 291//291 575//575 226//226
f 233//233 334//334 219//219
f 869//869 135//135 130//130
f 604//604 841//841 565//565
f 916//916 851//851 324//324
f 122//122 1008//1008 933//933
f 682//682 698//698 700//700
f 645//645 669//669 646//646
f 855//855 859//859 872//872
f 870//870 313//313 324//324
f 47//47 205//205 49//49
f 891//891 883//883 464//464
f 663//663 710//710 709//709
f 782//782 746//746 752//752
f 548//548 825//825 530//530
f 608//608 1055//1055 507//507
f 461//461 980//980 969//969
f 1039//1039 866//866 852//852
f 924//924 932//932 448//448
f 916//916 413//413 466//466
f 403//403 729//729 449//449
f 679//679 942//942 411//411
f 978//978 377//377 554//554
f 708//708 661//661 641//641
f 544//544 506//506 842//842
f 456//456 434//434 263//263
f 608//608 68//68 170//170
f 966//966 407//407 948//948
f 192//192 350//350 365//365
f 466//466 413//413 1050//1050
f 392//392 729//729 403//403
f 682//682 428//428 698//698
f 369//369 269//269 111//111
f 738//738 763//763 752//752
f 243//243 81//81 287//287
f 932//932 1007//1007 909//909
f 112//112 348//348 121//121
f 261//261 936//936 653//653
f 347//347 275//275 260//260
f 381//381 395//395 911//911
f 319//319 101//101 119//119
f 356//356 265//265 433//433
f 867//867 1041//1041 888//888
f 584//584 487//487 602//602
f 925//925 437//437 273//273
f 135//135 153//153 354//354
f 925//925 273//273 272//272
f 580//580 517//517 833//833
f 162//162 567//567 547//547
f 964//964 718//718 653//653
f 286//286 268//268 360//360
f 234//234 636//636 654//654
f 156//156 1042//1042 153//153
f 959//959 69//69 70//70
f 368//368 44//44 93//93
f 863//863 878//878 464//464
f 645//645 713//713 669//669
f 533//533 618//618 422//422
f 400//400 204//204 903//903
f 173//173 182//182 39//39
f 638//638 652//652 254//254
f 964//964 954//954 299//299
f 682//682 962//962 428//428
f 471//471 602//602 549//549
f 437//437 271//271 92//92
f 808//808 787//787 763//763
f 951//951 642//642 300//300
f 776//776 785//785 760//760
f 663//663 709//709 715//715
f 277//277 129//129 19//19
f 194//194 185//185 309//309
f 13//13 56//56 1067//1067
f 448//448 909//909 914//914
f 762//762 894//894 357//357
f 832//832 231//231 587//587
f 832//832 410//410 231//231
f 71//71 297//297 625//625
f 586//586 558//558 488//488
f 436//436 442//442 1004//1004
f 842//842 506//506 524//524
f 922//922 1059//1059 179//179
f 818//818 816//816 796//796
f 927//927 607//607 567//567
f 944//944 414//414 463//463
f 407//407 413//413 222//222
f 490//490 506//506 544//544
f 802//802 743//743 765//765
f 439//439 368//368 438//438
f 566//566 605//605 586//586
f 931//931 166//166 284//284
f 806//806 159//159 817//817
f 619//619 610//610 634//634
f 841//841 543//543 565//565
f 205//205 193//193 401//401
f 244//244 459//459 587//587
f 539//539 836//836 838//838
f 537//537 600//600 836//836
f 699//699 311//311 957//957
f 542//542 832//832 535//535
f 601//601 843//843 546//546
f 26//26 254//254 345//345
f 667//667 963//963 427//427
f 366//366 768//768 743//743
f 636//636 469//469 652//652
f 820//820 805//805 810//810
f 1065//1065 134//134 858//858
f 120//120 169//169 436//436
f 190//190 202//202 170//170
f 817//817 956//956 735//735
f 33//33 1038//1038 1034//1034
f 18//18 201//201 132//132
f 303//303 962//962 952//952
f 252//252 705//705 244//244
f 1029//1029 388//388 882//882
f 467//467 1013//1013 1014//1014
f 630//630 631//631 648//648
f 1046//1046 207//207 1014//1014
f 960//960 961//961 416//416
f 120//120 442//442 436//436
f 302//302 953//953 647//647
f 647//647 646//646 615//615
f 280//280 348//348 100//100
f 758//758 761//761 733//733
f 232//232 727//727 943//943
f 362//362 449//449 928//928
f 332//332 512//512 937//937
f 305//305 382//382 186//186
f 732//732 356//356 757//757
f 705//705 684//684 226//226
f 71//71 718//718 625//625
f 82//82 996//996 993//993
f 118//118 167//167 168//168
f 970//970 984//984 985//985
f 332//332 658//658 639//639
f 47//47 395//395 205//205
f 681//681 615//615 669//669
f 717//717 633//633 689//689
f 491//491 378//378 606//606
f 990//990 143//143 811//811
f 131//131 288//288 171//171
f 26//26 345//345 19//19
f 679//679 680//680 668//668
f 515//515 843//843 573//573
f 862//862 856//856 848//848
f 477//477 291//291 468//468
f 329//329 241//241 80//80
f 225//225 224//224 938//938
f 991//991 1023//1023 13//13
f 12//12 144//144 1071//1071
f 670//670 698//698 73//73
f 316//316 321//321 185//185
f 491//491 336//336 722//722
f 613//613 953//953 942//942
f 43//43 132//132 289//289
f 53//53 198//198 54//54
f 460//460 534//534 832//832
f 1064//1064 149//149 134//134
f 679//679 613//613 942//942
f 501//501 479//479 576//576
f 398//398 352//352 259//259
f 942//942 953//953 952//952
f 1002//1002 428//428 962//962
f 280//280 130//130 135//135
f 425//425 426//426 411//411
f 519//519 500//500 518//518
f 709//709 662//662 666//666
f 290//290 273//273 277//277
f 577//577 518//518 482//482
f 436//436 1004//1004 459//459
f 158//158 806//806 817//817
f 664//664 711//711 725//725
f 122//122 933//933 165//165
f 667//667 427//427 412//412
f 612//612 642//642 628//628
f 1029//1029 218//218 429//429
f 724//724 612//612 628//628
f 681//681 671//671 686//686
f 410//410 297//297 424//424
f 612//612 632//632 642//642
f 663//663 694//694 710//710
f 501//501 518//518 500//500
f 212//212 143//143 64//64
f 924//924 121//121 287//287
f 763//763 739//739 793//793
f 30//30 1049//1049 1031//1031
f 836//836 600//600 562//562
f 71//71 424//424 297//297
f 536//536 597//597 833//833
f 724//724 628//628 725//725
f 887//887 390//390 465//465
f 371//371 1000//1000 247//247
f 707//707 708//708 627//627
f 1016//1016 987//987 1019//1019
f 657//657 625//625 297//297
f 924//924 117//117 1007//1007
f 369//369 172//172 269//269
f 920//920 1008//1008 1057//1057
f 290//290 19//19 93//93
f 839//839 837//837 597//597
f 832//832 410//410 424//424
f 865//865 846//846 849//849
f 52//52 879//879 915//915
f 584//584 602//602 563//563
f 832//832 587//587 459//459
f 629//629 711//711 644//644
f 217//217 1038//1038 1037//1037
f 552//552 529//529 591//591
f 776//776 739//739 798//798
f 981//981 989//989 970//970
f 624//624 645//645 614//614
f 467//467 1014//1014 880//880
f 269//269 172//172 201//201
f 681//681 686//686 726//726
f 601//601 564//564 563//563
f 869//869 130//130 280//280
f 488//488 558//558 535//535
f 738//738 763//763 751//751
f 395//395 382//382 307//307
f 906//906 998//998 676//676
f 601//601 487//487 563//563
f 601//601 563//563 487//487
f 71//71 410//410 424//424
f 437//437 92//92 346//346
f 99//99 388//388 18//18
f 1000//1000 240//240 247//247
f 805//805 819//819 810//810
f 191//191 289//289 132//132
f 750//750 785//785 749//749
f 863//863 848//848 878//878
f 808//808 763//763 738//738
f 434//434 287//287 181//181
f 990//990 778//778 62//62
f 225//225 293//293 221//221
f 956//956 894//894 955//955
f 510//510 105//105 918//918
f 161//161 918//918 440//440
f 491//491 722//722 229//229
f 848//848 864//864 878//878
f 406//406 69//69 939//939
f 212//212 58//58 143//143
f 847//847 859//859 855//855
f 485//485 517//517 580//580
f 724//724 677//677 612//612
f 976//976 508//508 371//371
f 15//15 1069//1069 1022//1022
f 120//120 51//51 899//899
f 536//536 517//517 503//503
f 762//762 955//955 894//894
f 640//640 20//20 691//691
f 162//162 547//547 1004//1004
f 551//551 590//590 591//591
f 461//461 996//996 82//82
f 368//368 926//926 44//44
f 762//762 760//760 737//737
f 349//349 355//355 264//264
f 501//501 576//576 596//596
f 867//867 220//220 882//882
f 555//555 595//595 242//242
f 415//415 722//722 336//336
f 84//84 545//545 492//492
f 837//837 520//520 522//522
f 560//560 600//600 537//537
f 880//880 1014//1014 3//3
f 552//552 591//591 590//590
f 641//641 661//661 627//627
f 396//396 104//104 531//531
f 705//705 226//226 422//422
f 458//458 618//618 377//377
f 895//895 265//265 356//356
f 485//485 583//583 484//484
f 860//860 846//846 861//861
f 723//723 708//708 693//693
f 599//599 596//596 576//576
f 347//347 344//344 901//901
f 582//582 485//485 484//484
f 539//539 835//835 836//836
f 649//649 333//333 525//525
f 59//59 1070//1070 1071//1071
f 399//399 265//265 895//895
f 538//538 522//522 838//838
f 870//870 153//153 135//135
f 643//643 301//301 950//950
f 886//886 893//893 883//883
f 456//456 658//658 625//625
f 480//480 579//579 479//479
f 1012//1012 62//62 778//778
f 258//258 25//25 96//96
f 699//699 716//716 633//633
f 664//664 644//644 711//711
f 115//115 934//934 168//168
f 31//31 1032//1032 32//32
f 1024//1024 1048//1048 32//32
f 772//772 797//797 773//773
f 655//655 609//609 675//675
f 599//599 559//559 596//596
f 877//877 156//156 153//153
f 873//873 849//849 860//860
f 340//340 355//355 349//349
f 78//78 80//80 975//975
f 74//74 376//376 980//980
f 507//507 974//974 337//337
f 453//453 370//370 999//999
f 460//460 832//832 459//459
f 485//485 580//580 583//583
f 519//519 484//484 500//500
f 931//931 364//364 1006//1006
f 471//471 549//549 584//584
f 577//577 482//482 576//576
f 577//577 576//576 482//482
f 780//780 753//753 730//730
f 1022//1022 1069//1069 56//56
f 850//850 849//849 859//859
f 885//885 878//878 893//893
f 832//832 372//372 410//410
f 426//426 667//667 411//411
f 812//812 814//814 789//789
f 510//510 606//606 378//378
f 537//537 835//835 538//538
f 453//453 973//973 373//373
f 192//192 365//365 171//171
f 709//709 710//710 662//662
f 192//192 270//270 203//203
f 115//115 168//168 167//167
f 756//756 740//740 738//738
f 853//853 184//184 398//398
f 243//243 657//657 81//81
f 553//553 592//592 830//830
f 82//82 993//993 245//245
f 349//349 264//264 366//366
f 535//535 558//558 840//840
f 400//400 396//396 257//257
f 863//863 872//872 848//848
f 209//209 7//7 57//57
f 303//303 952//952 953//953
f 478//478 964//964 299//299
f 536//536 837//837 504//504
f 518//518 558//558 482//482
f 757//757 356//356 433//433
f 519//519 518//518 499//499
f 383//383 202//202 94//94
f 434//434 181//181 171//171
f 521//521 484//484 583//583
f 328//328 462//462 451//451
f 1043//1043 895//895 356//356
f 225//225 949//949 293//293
f 1052//1052 432//432 1003//1003
f 156//156 354//354 150//150
f 729//729 634//634 982//982
f 288//288 192//192 171//171
f 848//848 856//856 864//864
f 791//791 769//769 739//739
f 538//538 504//504 522//522
f 596//596 479//479 576//576
f 1042//1042 731//731 1062//1062
f 456//456 659//659 331//331
f 748//748 783//783 784//784
f 72//72 427//427 963//963
f 82//82 245//245 84//84
f 398//398 184//184 889//889
f 368//368 93//93 438//438
f 709//709 666//666 715//715
f 880//880 852//852 866//866
f 853//853 398//398 889//889
f 399//399 895//895 882//882
f 593//593 571//571 511//511
f 536//536 833//833 517//517
f 607//607 547//547 567//567
f 1059//1059 108//108 179//179
f 539//539 520//520 502//502
f 1028//1028 1034//1034 1038//1038
f 366//366 270//270 281//281
f 578//578 482//482 576//576
f 850//850 865//865 849//849
f 613//613 647//647 953//953
f 696//696 669//669 713//713
f 927//927 183//183 928//928
f 566//566 586//586 489//489
f 764//764 798//798 739//739
f 966//966 334//334 233//233
f 340//340 742//742 768//768
f 889//889 259//259 352//352
f 964//964 936//936 954//954
f 157//157 896//896 857//857
f 158//158 143//143 159//159
f 978//978 554//554 512//512
f 486//486 583//583 580//580
f 399//399 882//882 388//388
f 389//389 914//914 909//909
f 818//818 797//797 816//816
f 960//960 420//420 961//961
f 738//738 788//788 745//745
f 71//71 625//625 658//658
f 485//485 561//561 540//540
f 883//883 884//884 890//890
f 808//808 775//775 784//784
f 585//585 505//505 523//523
f 990//990 811//811 778//778
f 1001//1001 330//330 375//375
f 483//483 597//597 561//561
f 762//762 735//735 760//760
f 194//194 309//309 386//386
f 640//640 457//457 659//659
f 90//90 111//111 269//269
f 290//290 93//93 44//44
f 1030//1030 1026//1026 31//31
f 142//142 211//211 210//210
f 73//73 698//698 428//428
f 631//631 726//726 648//648
f 750//750 737//737 785//785
f 978//978 512//512 332//332
f 100//100 348//348 130//130
f 415//415 948//948 722//722
f 1068//1068 213//213 218//218
f 777//777 761//761 799//799
f 288//288 281//281 270//270
f 800//800 821//821 3//3
f 596//596 557//557 479//479
f 288//288 270//270 192//192
f 586//586 488//488 489//489
f 519//519 581//581 484//484
f 723//723 627//627 708//708
f 582//582 483//483 561//561
f 1044//1044 137//137 359//359
f 775//775 798//798 759//759
f 110//110 178//178 1054//1054
f 434//434 243//243 287//287
f 770//770 793//793 771//771
f 257//257 119//119 24//24
f 776//776 807//807 785//785
f 885//885 891//891 878//878
f 707//707 693//693 708//708
f 434//434 171//171 365//365
f 603//603 596//596 557//557
f 479//479 557//557 576//576
f 268//268 266//266 86//86
f 383//383 1055//1055 170//170
f 40//40 285//285 904//904
f 537//537 836//836 835//835
f 993//993 989//989 245//245
f 776//776 798//798 775//775
f 284//284 41//41 907//907
f 819//819 816//816 810//810
f 968//968 1033//1033 219//219
f 599//599 576//576 562//562
f 808//808 796//796 775//775
f 491//491 83//83 378//378
f 1005//1005 107//107 1054//1054
f 141//141 34//34 209//209
f 183//183 567//567 113//113
f 889//889 881//881 879//879
f 596//596 576//576 557//557
f 586//586 587//587 596//596
f 439//439 367//367 314//314
f 395//395 393//393 382//382
f 818//818 738//738 751//751
f 929//929 177//177 179//179
f 173//173 926//926 182//182
f 542//542 535//535 840//840
f 315//315 45//45 83//83
f 818//818 809//809 797//797
f 887//887 915//915 390//390
f 643//643 617//617 628//628
f 782//782 798//798 739//739
f 192//192 203//203 350//350
f 613//613 411//411 942//942
f 559//559 558//558 596//596
f 729//729 619//619 634//634
f 932//932 909//909 448//448
f 631//631 615//615 726//726
f 663//663 715//715 697//697
f 1036//1036 1047//1047 1035//1035
f 28//28 278//278 23//23
f 887//887 465//465 889//889
f 974//974 405//405 337//337
f 641//641 677//677 661//661
f 736//736 798//798 735//735
f 966//966 233//233 407//407
f 641//641 661//661 612//612
f 736//736 735//735 799//799
f 782//782 752//752 798//798
f 471//471 564//564 602//602
f 643//643 628//628 301//301
f 112//112 100//100 348//348
f 619//619 653//653 718//718
f 584//584 549//549 602//602
f 941//941 962//962 682//682
f 849//849 872//872 859//859
f 931//931 1006//1006 165//165
f 501//501 596//596 558//558
f 645//645 668//668 614//614
f 349//349 366//366 281//281
f 72//72 412//412 427//427
f 580//580 483//483 581//581
f 91//91 287//287 81//81
f 786//786 750//750 749//749
f 738//738 740//740 763//763
f 240//240 590//590 247//247
f 243//243 625//625 657//657
f 760//760 735//735 798//798
f 533//533 554//554 377//377
f 663//663 697//697 677//677
f 560//560 599//599 600//600
f 481//481 576//576 479//479
f 1071//1071 60//60 1021//1021
f 539//539 838//838 520//520
f 467//467 880//880 866//866
f 392//392 619//619 729//729
f 339//339 152//152 338//338
f 705//705 422//422 611//611
f 560//560 598//598 559//559
f 580//580 597//597 483//483
f 212//212 158//158 159//159
f 302//302 303//303 953//953
f 749//749 807//807 819//819
f 728//728 632//632 612//612
f 480//480 479//479 577//577
f 366//366 89//89 270//270
f 397//397 308//308 188//188
f 601//601 602//602 564//564
f 738//738 752//752 788//788
f 262//262 98//98 27//27
f 13//13 1023//1023 1022//1022
f 776//776 760//760 798//798
f 131//131 171//171 181//181
f 383//383 423//423 1055//1055
f 538//538 838//838 834//834
f 132//132 201//201 172//172
f 577//577 576//576 479//479
f 577//577 479//479 576//576
f 537//537 834//834 598//598
f 960//960 70//70 69//69
f 179//179 168//168 934//934
f 544//544 543//543 841//841
f 603//603 558//558 596//596
f 924//924 448//448 121//121
f 732//732 89//89 743//743
f 82//82 84//84 492//492
f 788//788 890//890 745//745
f 478//478 299//299 556//556
f 53//53 54//54 206//206
f 629//629 678//678 695//695
f 614//614 943//943 727//727
f 705//705 611//611 128//128
f 362//362 182//182 905//905
f 850//850 793//793 865//865
f 734//734 761//761 758//758
f 950//950 951//951 300//300
f 539//539 502//502 835//835
f 535//535 840//840 516//516
f 886//886 890//890 788//788
f 473//473 572//572 513//513
f 772//772 773//773 794//794
f 512//512 231//231 937//937
f 480//480 577//577 516//516
f 1005//1005 930//930 116//116
f 781//781 745//745 884//884
f 764//764 745//745 782//782
f 574//574 376//376 253//253
f 791//791 792//792 769//769
f 636//636 652//652 654//654
f 706//706 723//723 626//626
f 480//480 578//578 579//579
f 807//807 816//816 819//819
f 579//579 578//578 481//481
f 83//83 526//526 378//378
f 90//90 269//269 323//323
f 837//837 522//522 504//504
f 873//873 848//848 872//872
f 503//503 517//517 485//485
f 818//818 808//808 738//738
f 116//116 164//164 107//107
f 764//764 739//739 776//776
f 204//204 314//314 367//367
f 120//120 899//899 442//442
f 521//521 486//486 499//499
f 71//71 297//297 410//410
f 855//855 872//872 862//862
f 497//497 1061//1061 507//507
f 614//614 668//668 680//680
f 724//724 626//626 694//694
f 892//892 781//781 884//884
f 383//383 611//611 423//423
f 242//242 250//250 237//237
f 532//532 495//495 472//472
f 456//456 640//640 659//659
f 593//593 511//511 830//830
f 189//189 313//313 914//914
f 219//219 334//334 985//985
f 91//91 121//121 287//287
f 850//850 847//847 861//861
f 885//885 893//893 892//892
f 142//142 210//210 986//986
f 157//157 145//145 154//154
f 960//960 416//416 70//70
f 84//84 330//330 545//545
f 818//818 817//817 809//809
f 941//941 51//51 947//947
f 941//941 947//947 51//51
f 536//536 504//504 502//502
f 825//825 822//822 589//589
f 792//792 771//771 861//861
f 968//968 985//985 984//984
f 632//632 300//300 642//642
f 1005//1005 116//116 107//107
f 160//160 880//880 3//3
f 535//535 516//516 498//498
f 460//460 459//459 534//534
f 441//441 432//432 103//103
f 913//913 262//262 276//276
f 791//791 770//770 792//792
f 236//236 966//966 948//948
f 791//791 798//798 775//775
f 131//131 281//281 288//288
f 191//191 132//132 172//172
f 577//577 499//499 518//518
f 23//23 278//278 126//126
f 157//157 857//857 874//874
f 782//782 781//781 746//746
f 200//200 27//27 21//21
f 660//660 377//377 676//676
f 855//855 854//854 860//860
f 425//425 962//962 965//965
f 521//521 499//499 479//479
f 845//845 883//883 871//871
f 655//655 620//620 637//637
f 194//194 386//386 402//402
f 862//862 848//848 854//854
f 490//490 544//544 557//557
f 425//425 952//952 962//962
f 679//679 667//667 680//680
f 71//71 410//410 610//610
f 695//695 678//678 665//665
f 688//688 704//704 703//703
f 832//832 459//459 547//547
f 888//888 956//956 1027//1027
f 212//212 64//64 58//58
f 748//748 784//784 759//759
f 849//849 846//846 860//860
f 631//631 647//647 615//615
f 670//670 73//73 414//414
f 655//655 675//675 656//656
f 331//331 639//639 658//658
f 865//865 769//769 846//846
f 244//244 283//283 436//436
f 764//764 738//738 763//763
f 764//764 763//763 738//738
f 732//732 757//757 446//446
f 780//780 741//741 779//779
f 486//486 581//581 499//499
f 541//541 562//562 598//598
f 280//280 100//100 130//130
f 435//435 366//366 264//264
f 760//760 785//785 737//737
f 614//614 680//680 943//943
f 335//335 414//414 73//73
f 873//873 872//872 849//849
f 1//1 1019//1019 14//14
f 624//624 962//962 941//941
f 770//770 771//771 792//792
f 883//883 893//893 871//871
f 831//831 569//569 58//58
f 460//460 447//447 436//436
f 497//497 423//423 409//409
f 870//870 135//135 313//313
f 776//776 775//775 796//796
f 944//944 633//633 716//716
f 537//537 538//538 834//834
f 436//436 447//447 459//459
f 683//683 1051//1051 1050//1050
f 660//660 458//458 377//377
f 16//16 142//142 992//992
f 560//560 559//559 599//599
f 498//498 516//516 482//482
f 138//138 969//969 55//55
f 203//203 908//908 384//384
f 396//396 531//531 954//954
f 196//196 911//911 47//47
f 218//218 213//213 230//230
f 806//806 817//817 784//784
f 486//486 580//580 581//581
f 71//71 657//657 297//297
f 806//806 156//156 817//817
f 732//732 802//802 148//148
f 929//929 934//934 1009//1009
f 315//315 389//389 45//45
f 407//407 222//222 948//948
f 839//839 502//502 520//520
f 594//594 515//515 573//573
f 885//885 884//884 891//891
f 1030//1030 1048//1048 1025//1025
f 156//156 150//150 153//153
f 544//544 842//842 543//543
f 214//214 1023//1023 1018//1018
f 907//907 41//41 445//445
f 724//724 725//725 626//626
f 869//869 153//153 135//135
f 166//166 41//41 284//284
f 774//774 795//795 799//799
f 156//156 153//153 354//354
f 869//869 354//354 153//153
f 189//189 229//229 48//48
f 243//243 81//81 625//625
f 893//893 878//878 864//864
f 91//91 81//81 243//243
f 84//84 245//245 248//248
f 426//426 965//965 714//714
f 679//679 668//668 613//613
f 496//496 474//474 514//514
f 120//120 436//436 447//447
f 892//892 746//746 781//781
f 387//387 915//915 52//52
f 340//340 1062//1062 742//742
f 1068//1068 1027//1027 956//956
f 232//232 412//412 72//72
f 574//574 476//476 831//831
f 574//574 831//831 476//476
f 191//191 172//172 342//342
f 670//670 957//957 346//346
f 339//339 353//353 147//147
f 15//15 1022//1022 1023//1023
f 839//839 520//520 837//837
f 757//757 433//433 446//446
f 845//845 871//871 862//862
f 555//555 242//242 475//475
f 820//820 810//810 772//772
f 582//582 484//484 581//581
f 811//811 160//160 821//821
f 45//45 526//526 83//83
f 981//981 970//970 462//462
f 205//205 395//395 193//193
f 1047//1047 1050//1050 1051//1051
f 1002//1002 962//962 253//253
f 629//629 706//706 711//711
f 574//574 624//624 476//476
f 574//574 476//476 624//624
f 381//381 393//393 395//395
f 662//662 712//712 666//666
f 1039//1039 811//811 159//159
f 157//157 154//154 896//896
f 122//122 165//165 1006//1006
f 769//769 861//861 846//846
f 559//559 598//598 482//482
f 494//494 513//513 511//511
f 465//465 879//879 881//881
f 877//877 868//868 866//866
f 1039//1039 160//160 811//811
f 277//277 311//311 129//129
f 717//717 26//26 129//129
f 940//940 939//939 223//223
f 242//242 595//595 250//250
f 1036//1036 1050//1050 1047//1047
f 754//754 1041//1041 731//731
f 439//439 314//314 119//119
f 190//190 941//941 51//51
f 598//598 562//562 482//482
f 584//584 563//563 487//487
f 610//610 410//410 372//372
f 885//885 892//892 884//884
f 65//65 654//654 689//689
f 228//228 296//296 623//623
f 460//460 436//436 459//459
f 310//310 386//386 309//309
f 22//22 347//347 901//901
f 556//556 531//531 828//828
f 488//488 535//535 505//505
f 902//902 691//691 20//20
f 820//820 772//772 794//794
f 1000//1000 327//327 240//240
f 425//425 411//411 952//952
f 149//149 844//844 134//134
f 603//603 557//557 841//841
f 249//249 80//80 241//241
f 286//286 42//42 268//268
f 808//808 784//784 817//817
f 15//15 1023//1023 214//214
f 512//512 575//575 231//231
f 929//929 179//179 934//934
f 110//110 923//923 178//178
f 922//922 1060//1060 1059//1059
f 89//89 446//446 908//908
f 177//177 1058//1058 109//109
f 762//762 774//774 735//735
f 244//244 436//436 459//459
f 434//434 365//365 263//263
f 118//118 108//108 176//176
f 430//430 268//268 443//443
f 150//150 354//354 153//153
f 312//312 43//43 289//289
f 892//892 893//893 886//886
f 533//533 575//575 554//554
f 548//548 588//588 825//825
f 118//118 176//176 167//167
f 884//884 745//745 890//890
f 804//804 767//767 814//814
f 530//530 825//825 826//826
f 766//766 803//803 814//814
f 585//585 489//489 488//488
f 510//510 918//918 469//469
f 813//813 804//804 814//814
f 790//790 766//766 814//814
f 560//560 537//537 598//598
f 200//200 322//322 276//276
f 401//401 193//193 385//385
f 200//200 188//188 308//308
f 200//200 21//21 188//188
f 322//322 913//913 276//276
f 755//755 340//340 768//768
f 921//921 176//176 108//108
f 199//199 50//50 322//322
f 541//541 836//836 562//562
f 802//802 765//765 742//742
f 802//802 731//731 148//148
f 429//429 295//295 323//323
f 357//357 754//754 351//351
f 322//322 50//50 913//913
f 837//837 503//503 540//540
f 134//134 844//844 858//858
f 325//325 238//238 453//453
f 603//603 840//840 558//558
f 166//166 920//920 175//175
f 166//166 933//933 920//920
f 205//205 401//401 49//49
f 215//215 1032//1032 31//31
f 280//280 349//349 348//348
f 319//319 195//195 905//905
f 927//927 928//928 449//449
f 931//931 165//165 166//166
f 920//920 1057//1057 175//175
f 491//491 229//229 83//83
f 315//315 229//229 189//189
f 679//679 411//411 613//613
f 521//521 479//479 501//501
f 141//141 209//209 11//11
f 512//512 554//554 575//575
f 408//408 959//959 70//70
f 267//267 285//285 88//88
f 922//922 177//177 109//109
f 120//120 169//169 51//51
f 120//120 51//51 169//169
f 11//11 57//57 35//35
f 274//274 25//25 258//258
f 11//11 209//209 57//57
f 873//873 860//860 854//854
f 887//887 465//465 915//915
f 10//10 208//208 36//36
f 99//99 433//433 265//265
f 208//208 140//140 36//36
f 466//466 1050//1050 876//876
f 139//139 208//208 10//10
f 532//532 511//511 495//495
f 248//248 375//375 330//330
f 328//328 451//451 77//77
f 899//899 124//124 17//17
f 810//810 816//816 797//797
f 404//404 66//66 417//417
f 418//418 651//651 404//404
f 157//157 146//146 145//145
f 217//217 6//6 1038//1038
f 263//263 384//384 20//20
f 817//817 815//815 809//809
f 603//603 841//841 604//604
f 815//815 773//773 809//809
f 120//120 436//436 283//283
f 160//160 852//852 880//880
f 71//71 625//625 657//657
f 1071//1071 37//37 9//9
f 706//706 710//710 694//694
f 509//509 487//487 843//843
f 474//474 511//511 571//571
f 242//242 979//979 79//79
f 400//400 903//903 396//396
f 445//445 87//87 106//106
f 984//984 987//987 1016//1016
f 667//667 412//412 680//680
f 215//215 31//31 1049//1049
f 847//847 855//855 860//860
f 156//156 150//150 817//817
f 99//99 446//446 433//433
f 586//586 605//605 587//587
f 553//553 830//830 532//532
f 495//495 511//511 513//513
f 396//396 954//954 936//936
f 139//139 10//10 35//35
f 942//942 612//612 411//411
f 683//683 1050//1050 413//413
f 461//461 492//492 246//246
f 553//553 532//532 472//472
f 458//458 333//333 649//649
f 374//374 455//455 80//80
f 630//630 647//647 631//631
f 780//780 779//779 744//744
f 198//198 187//187 394//394
f 608//608 507//507 337//337
f 893//893 856//856 871//871
f 305//305 385//385 307//307
f 889//889 879//879 465//465
f 357//357 1041//1041 754//754
f 502//502 504//504 538//538
f 29//29 197//197 278//278
f 477//477 231//231 575//575
f 397//397 380//380 308//308
f 580//580 833//833 597//597
f 186//186 382//382 393//393
f 315//315 83//83 229//229
f 732//732 446//446 89//89
f 818//818 751//751 787//787
f 649//649 525//525 409//409
f 381//381 306//306 393//393
f 865//865 793//793 769//769
f 1029//1029 1027//1027 218//218
f 721//721 623//623 692//692
f 320//320 381//381 911//911
f 138//138 55//55 61//61
f 582//582 561//561 485//485
f 320//320 306//306 381//381
f 978//978 676//676 377//377
f 791//791 775//775 770//770
f 196//196 320//320 911//911
f 392//392 319//319 261//261
f 200//200 308//308 318//318
f 924//924 828//828 117//117
f 454//454 453//453 373//373
f 683//683 407//407 233//233
f 285//285 38//38 88//88
f 181//181 287//287 121//121
f 385//385 193//193 307//307
f 280//280 313//313 135//135
f 1028//1028 1038//1038 2//2
f 213//213 143//143 58//58
f 550//550 825//825 589//589
f 107//107 164//164 174//174
f 107//107 919//919 1056//1056
f 91//91 112//112 121//121
f 610//610 372//372 452//452
f 991//991 1018//1018 1023//1023
f 888//888 1041//1041 357//357
f 280//280 130//130 348//348
f 968//968 219//219 985//985
f 11//11 35//35 10//10
f 978//978 332//332 691//691
f 940//940 227//227 939//939
f 960//960 69//69 420//420
f 775//775 759//759 784//784
f 977//977 374//374 80//80
f 156//156 866//866 817//817
f 75//75 65//65 239//239
f 1001//1001 239//239 421//421
f 142//142 995//995 992//992
f 470//470 570//570 590//590
f 976//976 371//371 247//247
f 1068//1068 218//218 1027//1027
f 493//493 508//508 570//570
f 677//677 612//612 661//661
f 497//497 507//507 1055//1055
f 116//116 163//163 164//164
f 463//463 335//335 545//545
f 394//394 185//185 54//54
f 777//777 795//795 733//733
f 970//970 989//989 1017//1017
f 339//339 147//147 155//155
f 594//594 573//573 843//843
f 550//550 527//527 825//825
f 13//13 1022//1022 56//56
f 180//180 283//283 128//128
f 263//263 365//365 350//350
f 863//863 862//862 872//872
f 158//158 159//159 806//806
f 242//242 79//79 475//475
f 624//624 253//253 962//962
f 732//732 1043//1043 356//356
f 225//225 938//938 949//949
f 478//478 556//556 828//828
f 242//242 251//251 979//979
f 574//574 827//827 831//831
f 967//967 987//987 1017//1017
f 762//762 735//735 955//955
f 764//764 763//763 739//739
f 764//764 739//739 763//763
f 655//655 656//656 674//674
f 474//474 571//571 514//514
f 690//690 704//704 673//673
f 806//806 815//815 817//817
f 768//768 742//742 765//765
f 587//587 298//298 468//468
f 942//942 411//411 677//677
f 717//717 638//638 26//26
f 638//638 689//689 654//654
f 1003//1003 432//432 363//363
f 704//704 720//720 621//621
f 646//646 669//669 615//615
f 728//728 677//677 697//697
f 471//471 584//584 602//602
f 690//690 703//703 704//704
f 363//363 432//432 444//444
f 496//496 494//494 474//474
f 1020//1020 35//35 57//57
f 328//328 981//981 462//462
f 1031//1031 1026//1026 1025//1025
f 277//277 123//123 311//311
f 93//93 345//345 438//438
f 708//708 641//641 627//627
f 190//190 180//180 202//202
f 541//541 838//838 836//836
f 719//719 228//228 623//623
f 166//166 175//175 87//87
f 584//584 602//602 564//564
f 584//584 564//564 602//602
f 284//284 907//907 364//364
f 138//138 996//996 969//969
f 807//807 796//796 816//816
f 106//106 87//87 175//175
f 968//968 984//984 1016//1016
f 797//797 809//809 773//773
f 347//347 127//127 275//275
f 110//110 1056//1056 923//923
f 734//734 783//783 748//748
f 43//43 384//384 908//908
f 867//867 888//888 220//220
f 199//199 200//200 318//318
f 959//959 294//294 69//69
f 863//863 464//464 862//862
f 818//818 808//808 817//817
f 473//473 513//513 494//494
f 11//11 10//10 36//36
f 510//510 378//378 526//526
f 119//119 314//314 24//24
f 1002//1002 253//253 326//326
f 991//991 983//983 1018//1018
f 991//991 13//13 1067//1067
f 156//156 735//735 1042//1042
f 1065//1065 133//133 134//134
f 1031//1031 1049//1049 1026//1026
f 190//190 51//51 180//180
f 968//968 1016//1016 5//5
f 498//498 482//482 578//578
f 268//268 86//86 443//443
f 617//617 725//725 628//628
f 71//71 658//658 937//937
f 976//976 247//247 590//590
f 551//551 591//591 824//824
f 448//448 914//914 348//348
f 456//456 243//243 434//434
f 420//420 406//406 67//67
f 91//91 243//243 287//287
f 466//466 876//876 851//851
f 419//419 946//946 294//294
f 1044//1044 1045//1045 358//358
f 280//280 914//914 313//313
f 502//502 538//538 835//835
f 232//232 943//943 412//412
f 115//115 1009//1009 934//934
f 818//818 796//796 808//808
f 551//551 470//470 590//590
f 290//290 44//44 272//272
f 706//706 693//693 723//723
f 1062//1062 731//731 742//742
f 559//559 482//482 558//558
f 899//899 51//51 682//682
f 1012//1012 778//778 800//800
f 396//396 903//903 104//104
f 173//173 39//39 272//272
f 958//958 623//623 296//296
f 227//227 406//406 939//939
f 206//206 54//54 185//185
f 216//216 1037//1037 1038//1038
f 52//52 915//915 465//465
f 497//497 998//998 1061//1061
f 90//90 1061//1061 111//111
f 582//582 581//581 483//483
f 533//533 377//377 618//618
f 389//389 189//189 914//914
f 191//191 902//902 312//312
f 541//541 834//834 838//838
f 118//118 179//179 108//108
f 519//519 499//499 581//581
f 681//681 669//669 696//696
f 564//564 602//602 563//563
f 868//868 876//876 1050//1050
f 160//160 3//3 821//821
f 225//225 292//292 945//945
f 706//706 626//626 711//711
f 329//329 80//80 455//455
f 426//426 714//714 667//667
f 458//458 649//649 618//618
f 278//278 197//197 317//317
f 349//349 281//281 348//348
f 196//196 47//47 49//49
f 280//280 135//135 340//340
f 891//891 464//464 878//878
f 853//853 889//889 184//184
f 592//592 593//593 830//830
f 707//707 627//627 723//723
f 186//186 393//393 306//306
f 831//831 64//64 58//58
f 831//831 58//58 64//64
f 891//891 884//884 883//883
f 30//30 215//215 1049//1049
f 734//734 748//748 759//759
f 556//556 299//299 954//954
f 777//777 733//733 761//761
f 775//775 798//798 752//752
f 255//255 341//341 161//161
f 249//249 975//975 80//80
f 52//52 465//465 879//879
f 267//267 431//431 285//285
f 667//667 714//714 963//963
f 1//1 1046//1046 1013//1013
f 906//906 1061//1061 998//998
f 943//943 680//680 412//412
f 677//677 411//411 612//612
f 52//52 390//390 915//915
f 52//52 915//915 390//390
f 346//346 92//92 17//17
f 544//544 841//841 557//557
f 456//456 625//625 243//243
f 775//775 752//752 763//763
f 419//419 959//959 408//408
f 921//921 1059//1059 1060//1060
f 786//786 819//819 805//805
f 769//769 792//792 861//861
f 977//977 80//80 78//78
f 490//490 557//557 587//587
f 657//657 625//625 81//81
f 660//660 333//333 458//458
f 956//956 955//955 735//735
f 496//496 473//473 494//494
f 460//460 459//459 447//447
f 734//734 736//736 761//761
f 214//214 63//63 8//8
f 850//850 771//771 793//793
f 734//734 759//759 736//736
f 806//806 150//150 156//156
f 400//400 314//314 204//204
f 510//510 469//469 606//606
f 362//362 928//928 182//182
f 206//206 321//321 912//912
f 592//592 829//829 593//593
f 214//214 1018//1018 63//63
f 892//892 886//886 788//788
f 310//310 379//379 187//187
f 981//981 248//248 245//245
f 847//847 860//860 861//861
f 461//461 969//969 996//996
f 281//281 121//121 348//348
f 769//769 793//793 739//739
f 15//15 8//8 1069//1069
f 30//30 4//4 215//215
f 1044//1044 359//359 1045//1045
f 497//497 409//409 525//525
f 43//43 446//446 99//99
f 818//818 787//787 808//808
f 687//687 404//404 672//672
f 435//435 768//768 366//366
f 958//958 701//701 623//623
f 950//950 301//301 951//951
f 776//776 796//796 807//807
f 886//886 883//883 890//890
f 141//141 36//36 140//140
f 71//71 610//610 718//718
f 624//624 614//614 727//727
f 974//974 90//90 295//295
f 391//391 912//912 321//321
f 328//328 77//77 375//375
f 462//462 970//970 985//985
f 688//688 720//720 704//704
f 347//347 97//97 898//898
f 120//120 283//283 180//180
f 89//89 908//908 270//270
f 897//897 343//343 258//258
f 316//316 185//185 194//194
f 728//728 612//612 677//677
f 552//552 327//327 529//529
f 624//624 941//941 947//947
f 624//624 947//947 941//941
f 721//721 622//622 623//623
f 920//920 933//933 1008//1008
f 77//77 75//75 239//239
f 983//983 63//63 1018//1018
f 994//994 988//988 1010//1010
f 1044//1044 1063//1063 137//137
f 552//552 240//240 327//327
f 339//339 155//155 152//152
f 624//624 713//713 645//645
f 525//525 333//333 998//998
f 630//630 302//302 647//647
f 990//990 62//62 1010//1010
f 988//988 980//980 376//376
f 419//419 294//294 959//959
f 755//755 768//768 435//435
f 801//801 780//780 744//744
f 613//613 646//646 647//647
f 474//474 494//494 511//511
f 157//157 874//874 146//146
f 14//14 972//972 971//971
f 69//69 223//223 939//939
f 867//867 882//882 1043//1043
f 379//379 185//185 394//394
f 706//706 695//695 710//710
f 244//244 587//587 468//468
f 437//437 162//162 271//271
f 1011//1011 1019//1019 987//987
f 480//480 498//498 578//578
f 774//774 799//799 735//735
f 997//997 967//967 1017//1017
f 220//220 888//888 1027//1027
f 290//290 277//277 19//19
f 887//887 889//889 875//875
f 269//269 201//201 323//323
f 940//940 223//223 946//946
f 850//850 861//861 771//771
f 723//723 693//693 626//626
f 110//110 1054//1054 107//107
f 546//546 843//843 563//563
f 199//199 910//910 50//50
f 141//141 11//11 36//36
f 252//252 684//684 705//705
f 1061//1061 369//369 111//111
f 305//305 307//307 382//382
f 189//189 48//48 313//313
f 991//991 1067//1067 983//983
f 968//968 5//5 1033//1033
f 811//811 821//821 778//778
f 76//76 453//453 238//238
f 229//229 413//413 48//48
f 649//649 423//423 618//618
f 495//495 513//513 572//572
f 888//888 894//894 956//956
f 76//76 973//973 453//453
f 710//710 712//712 662//662
f 125//125 258//258 343//343
f 148//148 731//731 1041//1041
f 362//362 905//905 195//195
f 116//116 930//930 163//163
f 448//448 348//348 121//121
f 869//869 280//280 135//135
f 552//552 590//590 240//240
f 15//15 214//214 8//8
f 271//271 442//442 92//92
f 332//332 640//640 691//691
f 806//806 817//817 150//150
f 928//928 183//183 182//182
f 114//114 174//174 164//164
f 397//397 188//188 900//900
f 801//801 753//753 780//780
f 441//441 444//444 432//432
f 351//351 754//754 731//731
f 862//862 871//871 856//856
f 403//403 195//195 319//319
f 944//944 1001//1001 421//421
f 501//501 558//558 518//518
f 410//410 534//534 424//424
f 191//191 312//312 289//289
f 655//655 674//674 685//685
f 683//683 233//233 1051//1051
f 1011//1011 967//967 55//55
f 1043//1043 882//882 895//895
f 454//454 370//370 453//453
f 591//591 529//529 824//824
f 112//112 287//287 121//121
f 832//832 424//424 534//534
f 1044//1044 1066//1066 1040//1040
f 906//906 342//342 369//369
f 225//225 935//935 224//224
f 301//301 628//628 642//642
f 976//976 570//570 508//508
f 551//551 528//528 470//470
f 347//347 260//260 97//97
f 392//392 261//261 653//653
f 556//556 954//954 531//531
f 899//899 700//700 124//124
f 215//215 4//4 1032//1032
f 514//514 571//571 829//829
f 497//497 525//525 998//998
f 112//112 121//121 100//100
f 398//398 390//390 915//915
f 233//233 219//219 1051//1051
f 212//212 143//143 158//158
f 532//532 830//830 511//511
f 927//927 567//567 183//183
f 328//328 248//248 981//981
f 1039//1039 852//852 160//160
f 6//6 2//2 1038//1038
f 681//681 726//726 615//615
f 1007//1007 117//117 526//526
f 21//21 98//98 900//900
f 919//919 102//102 1053//1053
f 142//142 986//986 995//995
f 41//41 87//87 445//445
f 465//465 390//390 915//915
f 294//294 946//946 223//223
f 456//456 331//331 658//658
f 541//541 598//598 834//834
f 439//439 438//438 367//367
f 906//906 369//369 1061//1061
f 200//200 276//276 27//27
f 775//775 763//763 770//770
f 535//535 498//498 840//840
f 319//319 119//119 257//257