# https://github.com/mikedh/trimesh
v -0.01086400 -0.02281500 0.00543200
v -0.00869200 -0.02498800 -0.01303700
v -0.01738300 -0.02498800 -0.00434600
v -0.00217300 0.02607500 0.00217300
v -0.02607500 0.00706200 0.00434600
v -0.02607500 0.00706200 -0.00434600
v -0.00217300 0.02607500 -0.00217300
v -0.04345800 -0.00869200 0.02172900
v 0.01738300 0.04345800 0.01303700
v 0.00651900 0.00000000 -0.01955600
v 0.04345800 0.00869200 0.02172900
v 0.01738300 0.00000000 -0.03042000
v -0.03476600 0.00000000 0.02172900
v -0.00869200 -0.04345800 0.02172900
v 0.01738300 -0.00869200 -0.03911200
v 0.01738300 -0.04345800 -0.00434600
v -0.01792600 -0.02172900 -0.00000000
v -0.02009900 -0.02498800 -0.00000000
v -0.04345800 -0.03476600 -0.03911200
v -0.01901300 -0.02498800 -0.00108600
v -0.01086400 -0.02281500 0.00434600
v -0.04345800 -0.00869200 0.00434600
v 0.03476600 -0.04345800 0.03042000
v 0.00869200 -0.01738300 0.03042000
v 0.02607500 -0.04345800 0.03911200
v 0.04345800 -0.02607500 0.03911200
v -0.03476600 -0.00869200 -0.00434600
v 0.01521000 -0.02607500 0.01086400
v -0.00869200 -0.00869200 -0.03042000
v -0.01738300 -0.01738300 -0.03042000
v 0.00869200 0.02607500 -0.01303700
v -0.01738300 -0.02604100 -0.00434600
v 0.00651900 0.01738300 -0.01955600
v 0.00651900 0.02607500 -0.01086400
v 0.04345800 0.00869200 0.00434600
v 0.02607500 0.00869200 -0.01303700
v 0.00869200 0.00869200 -0.03042000
v 0.00000000 0.00000000 -0.03042000
v -0.00869200 0.00000000 -0.03911200
v -0.01738300 0.00869200 0.03042000
v -0.03476600 0.00869200 0.01303700
v -0.03476600 0.00000000 0.00434600
v -0.04345800 0.00000000 -0.00434600
v -0.00869200 -0.04345800 0.00434600
v -0.00869200 -0.02604400 -0.01303700
v 0.00000000 -0.04345800 -0.00434600
v 0.00869200 0.04345800 0.00434600
v -0.04345800 -0.04345800 -0.03042000
v -0.02607500 -0.02607500 -0.03042000
v -0.03476600 -0.02607500 -0.02172900
v 0.04345800 0.00000000 0.01303700
v -0.03476600 -0.01738300 -0.01303700
v 0.03476600 -0.03476600 0.03911200
v -0.03476600 -0.04345800 -0.03911200
v 0.00000000 -0.00869200 -0.03911200
v 0.01738300 -0.04345800 0.00434600
v 0.00651900 -0.00869200 -0.01955600
v 0.01521000 -0.01738300 -0.01955600
v 0.01738300 0.00000000 -0.03911200
v -0.04345800 0.00000000 0.02172900
v 0.01738300 -0.02607500 -0.01303700
v 0.01738300 -0.00869200 -0.03042000
v -0.01738300 -0.02607500 0.02172900
v 0.00000000 -0.04345800 0.02172900
v -0.03476600 -0.00869200 0.02172900
v 0.01738300 -0.00193100 0.00434600
v -0.00641000 0.00869200 -0.00651900
v -0.00628600 0.01575300 -0.00186300
v -0.00271600 0.01575300 0.00217300
v 0.00271600 -0.00869200 -0.01521000
v 0.01955600 0.01738300 0.01955600
v 0.01521000 0.01575300 0.01901300
v 0.00271600 -0.00163000 -0.01086400
v 0.00271600 -0.01032100 0.00434600
v 0.00620800 0.01575300 0.01063200
v 0.00869200 0.02444500 0.01032100
v 0.00217300 0.00000000 0.01955600
v 0.02390200 -0.00869200 0.00651900
v 0.01493900 0.00869200 0.01521000
v 0.01086400 0.00869200 0.01944700
v -0.01086400 0.00869200 -0.00190100
v -0.01738300 0.00706200 -0.00434600
v 0.01955600 0.00869200 0.01575300
v -0.00767100 -0.02438200 -0.00000000
v -0.01466700 -0.02498800 -0.00760500
v -0.01466700 -0.02172900 -0.00977800
v 0.00217300 0.00000000 -0.01955600
v 0.02607500 -0.00163000 0.01032100
v 0.01521000 0.01575300 -0.01901300
v 0.01086400 0.00869200 -0.01942000
v 0.01955600 0.01738300 -0.01955600
v -0.01738300 -0.02607500 0.03911200
v 0.00000000 -0.04345800 0.03911200
v -0.03476600 -0.00869200 0.03911200
v -0.04345800 -0.00869200 0.03042000
v -0.00217300 0.01575300 0.00163000
v 0.00000000 0.01738300 0.00163000
v -0.00217300 0.01738300 0.00651900
v 0.00597500 -0.01738300 -0.00434600
v 0.00651900 0.00000000 -0.01086400
v 0.00597500 -0.00869200 -0.01303700
v 0.00271600 -0.01032100 0.00651900
v 0.00651900 0.01738300 0.00706200
v 0.02376600 0.00869200 0.01086400
v 0.02390200 -0.01738300 -0.01086400
v 0.01466700 0.00869200 0.01303700
v 0.01738300 0.00869200 0.01575300
v 0.00869200 0.00869200 0.01901300
v 0.01086400 -0.01738300 0.00651900
v 0.00869200 0.00000000 -0.01303700
v 0.00869200 -0.01738300 0.00434600
v 0.04345800 0.00869200 0.03042000
v 0.03476600 0.00000000 -0.03911200
v 0.02607500 0.00000000 -0.03042000
v 0.00000000 0.00869200 -0.01303700
v -0.01738300 0.00869200 0.00434600
v -0.01738300 0.00000000 0.01303700
v -0.03476600 0.00000000 0.03042000
v -0.02607500 0.00869200 -0.03911200
v -0.04345800 0.00000000 0.03911200
v -0.00217300 0.02444500 -0.00163000
v -0.04345800 0.00869200 -0.02172900
v 0.01738300 -0.00289700 0.00434600
v 0.04345800 -0.01738300 -0.03042000
v -0.04345800 -0.02607500 0.01303700
v -0.02607500 -0.04345800 0.01303700
v 0.04345800 -0.03476600 -0.01303700
v 0.03476600 -0.00869200 -0.03042000
v -0.02607500 -0.01738300 0.03911200
v -0.00869200 -0.04345800 0.03042000
v 0.02607500 -0.04345800 -0.00434600
v 0.00869200 -0.02607500 -0.03911200
v 0.02607500 -0.00869200 -0.03911200
v 0.03476600 -0.04345800 0.00434600
v -0.00869200 -0.03476600 0.03911200
v 0.04345800 -0.02607500 -0.00434600
v 0.03476600 -0.02607500 -0.01303700
v 0.04345800 -0.00869200 -0.02172900
v 0.00869200 -0.04345800 -0.02172900
v 0.03476600 -0.01738300 -0.02172900
v -0.02444500 -0.02498800 -0.00000000
v -0.02250500 -0.02196200 0.00007800
v -0.01466700 -0.02064200 0.00543200
v -0.02390200 -0.02172900 -0.00108600
v -0.00217300 0.00869200 0.01064700
v 0.00271600 0.00869200 0.00651900
v 0.00651900 0.01575300 -0.01575300
v 0.00869200 0.01575300 -0.00706200
v 0.00271600 0.01575300 -0.01303700
v 0.00651900 0.02444500 -0.00706200
v 0.01955600 -0.00869200 0.01955600
v 0.00597500 -0.00163000 0.01303700
v 0.01955600 -0.01738300 0.01086400
v 0.02390200 0.01738300 0.00651900
v 0.01955600 0.00869200 -0.01072900
v 0.02376600 0.00869200 -0.01521000
v 0.01466700 -0.00163000 0.02824700
v 0.01521000 -0.00869200 0.02390200
v 0.00217300 0.00869200 0.00706200
v 0.01086400 0.00869200 0.01575300
v -0.00651900 0.01738300 -0.00651900
v -0.00271600 0.00869200 0.00651900
v 0.01955600 0.00869200 0.01944700
v 0.00628600 -0.01738300 -0.00651900
v 0.02009900 0.01575300 0.01086400
v 0.02363000 -0.00163000 -0.01059300
v 0.02390200 0.00000000 -0.00651900
v 0.01955600 -0.00869200 -0.01086400
v 0.02366900 -0.00869200 -0.01521000
v 0.01521000 0.01575300 0.01575300
v 0.01086400 0.01738300 0.01955600
v 0.01521000 0.01738300 0.01521000
v -0.01086400 0.01738300 -0.00217300
v 0.01140800 0.00869200 0.01521000
v 0.00869200 -0.00869200 -0.00000000
v -0.00217300 0.00869200 0.00195600
v 0.01521000 -0.01738300 0.00651900
v 0.02390200 -0.00163000 -0.00706200
v 0.00651900 -0.00869200 0.00651900
v 0.02009900 -0.00869200 -0.01521000
v 0.00217300 -0.00869200 0.01086400
v 0.01955600 -0.01738300 0.00217300
v 0.02335800 0.01575300 0.01086400
v 0.02009900 -0.00163000 -0.01086400
v 0.01466700 0.01575300 0.01303700
v 0.01738300 0.01575300 0.01575300
v 0.00869200 0.01575300 0.01901300
v 0.00271600 -0.01738300 -0.00651900
v 0.01738300 -0.00112700 -0.01303700
v 0.00651900 0.00869200 -0.01575300
v 0.00869200 0.00869200 -0.00706200
v 0.04345800 -0.04345800 0.02172900
v 0.00869200 0.01738300 -0.00434600
v 0.01738300 -0.02607500 0.03042000
v 0.00869200 -0.00869200 0.02172900
v -0.00217300 0.01575300 0.01032100
v 0.00217300 -0.00869200 -0.01521000
v 0.00217300 0.00000000 -0.00651900
v 0.00271600 0.00869200 -0.01303700
v 0.00217300 0.01575300 0.00706200
v 0.00271600 0.01575300 0.00651900
v 0.00597500 0.01738300 0.00434600
v 0.02390200 -0.00869200 0.00706200
v 0.01955600 -0.00869200 0.01521000
v 0.01955600 0.01575300 -0.01032100
v 0.01955600 0.01738300 -0.00651900
v 0.02335800 0.01575300 -0.01521000
v 0.01086400 -0.00869200 0.02390200
v 0.01738300 0.00869200 -0.00434600
v 0.02335800 -0.00163000 0.01521000
v -0.00869200 0.00869200 0.02172900
v 0.02009900 -0.00869200 0.01086400
v 0.02607500 -0.02607500 0.02172900
v 0.01738300 -0.00869200 0.01303700
v -0.00766900 -0.01802400 -0.00000000
v -0.00592500 -0.01890600 0.00007800
v 0.04345800 -0.03476600 0.02172900
v 0.01140800 -0.00869200 0.02824700
v 0.00869200 0.01738300 0.00434600
v 0.00217300 0.00000000 -0.01521000
v 0.00217300 -0.00869200 -0.00651900
v 0.00651900 0.00869200 -0.00706200
v 0.00271600 0.00869200 -0.01086400
v 0.00597500 0.01738300 -0.00434600
v 0.00217300 0.01738300 0.01521000
v 0.01955600 0.00869200 0.00651900
v 0.01955600 0.00000000 0.01521000
v 0.02009900 -0.00869200 0.01303700
v 0.02390200 0.01738300 -0.01086400
v 0.01955600 0.01738300 -0.01521000
v 0.01086400 0.00000000 0.02390200
v 0.01466700 0.01575300 -0.01521000
v 0.01140800 0.00869200 -0.01303700
v 0.00869200 0.00869200 -0.01575300
v 0.01086400 0.00869200 -0.01521000
v 0.01738300 0.00000000 0.01303700
v 0.01738300 0.00869200 0.00434600
v 0.00869200 0.00000000 0.02172900
v 0.00000000 0.00869200 0.02172900
v 0.00271600 0.02444500 0.00651900
v 0.03476600 -0.02607500 0.02172900
v 0.01738300 -0.02607500 0.03911200
v 0.00869200 -0.04345800 0.03042000
v -0.04345800 -0.00869200 -0.02172900
v -0.02607500 -0.00869200 -0.03911200
v -0.01738300 -0.04345800 -0.03042000
v -0.01765500 -0.00869200 0.00434600
v 0.00869200 -0.03476600 0.03911200
v -0.00217300 0.01575300 0.00706200
v 0.00597500 0.00869200 -0.01303700
v 0.00869200 0.00869200 -0.01032100
v 0.00217300 0.01575300 0.01032100
v 0.00597500 0.01575300 0.00651900
v 0.00271600 0.01738300 0.00434600
v 0.00651900 0.00000000 0.01955600
v 0.02379300 -0.00869200 0.01072000
v 0.02009900 -0.00163000 0.01521000
v 0.01955600 0.01575300 -0.00706200
v 0.02009900 0.01575300 -0.01521000
v 0.00000000 -0.01738300 -0.00434600
v 0.04345800 0.00000000 0.03911200
v 0.04345800 0.00869200 -0.02172900
v 0.03476600 0.00869200 -0.03042000
v 0.02607500 0.00869200 -0.03911200
v -0.00869200 0.00000000 -0.01303700
v -0.01756400 0.00000000 -0.00434600
v -0.02607500 0.00000000 -0.03042000
v -0.03476600 0.00869200 0.03911200
v -0.03476600 0.00000000 -0.02172900
v -0.04345800 0.00869200 0.03042000
v 0.04345800 -0.02607500 0.01303700
v -0.00869200 -0.04345800 -0.02172900
v -0.02607500 -0.04345800 -0.00434600
v -0.03476600 -0.04345800 -0.01303700
v 0.04345800 -0.00869200 0.03042000
v 0.00000000 -0.02607500 -0.03042000
v -0.00869200 -0.01738300 0.00434600
v -0.04345800 -0.03476600 -0.01303700
v -0.01738300 -0.03476600 -0.03911200
v -0.03476600 -0.02602000 0.00434600
v -0.03476600 -0.01738300 -0.03911200
v -0.00869200 -0.02607500 -0.03911200
v 0.03476600 -0.01738300 0.03042000
v 0.02607500 -0.01738300 0.03911200
v 0.02607500 -0.04345800 0.01303700
v -0.04345800 -0.02607500 -0.00434600
v -0.04345800 -0.01738300 -0.03042000
v 0.00271600 0.00869200 -0.01521000
v -0.00217300 0.01738300 0.01086400
v 0.00217300 0.00000000 -0.01086400
v 0.00597500 0.02444500 -0.00434600
v 0.00000000 0.01575300 0.01032100
v 0.00597500 0.01575300 0.00434600
v 0.00271600 0.01738300 0.00651900
v 0.02335800 0.01575300 -0.01303700
v 0.02390200 0.00869200 0.00651900
v 0.02390200 0.00000000 0.01521000
v 0.02009900 -0.00163000 0.01303700
v 0.01738300 0.01575300 -0.00706200
v 0.01955600 0.01738300 -0.01086400
v 0.02390200 0.01738300 -0.01521000
v 0.01140800 -0.00163000 0.02824700
v 0.01086400 0.00000000 0.02824700
v 0.01086400 -0.00869200 0.01955600
v 0.01521000 -0.00869200 0.01521000
v 0.01086400 -0.01738300 0.01086400
v -0.00715800 -0.01820900 -0.00108600
v -0.00613700 -0.01858100 -0.00108600
v 0.00638300 0.00869200 -0.00651900
v 0.00271600 0.01575300 -0.00434600
v 0.00271600 0.02444500 0.00434600
v 0.02009900 0.01575300 -0.01086400
v 0.01955600 -0.00869200 0.01086400
v 0.02359100 -0.00163000 0.01063200
v 0.02009900 -0.00869200 0.01521000
v 0.01521000 0.01575300 -0.01575300
v 0.01086400 0.00869200 -0.01575300
v 0.00271600 0.00869200 -0.00651900
v 0.00869200 -0.00161000 0.02172900
v 0.00217300 -0.00869200 -0.01086400
v 0.00597500 0.01575300 -0.00434600
v 0.00217300 0.00869200 0.01955600
v 0.02335800 0.01575300 -0.01086400
v 0.02390200 -0.00163000 0.00706200
v 0.02009900 -0.00163000 0.01086400
v 0.02366900 -0.00869200 0.01521000
v 0.02390200 0.01738300 -0.00651900
v 0.01738300 0.01575300 -0.01575300
v 0.01086400 -0.00869200 0.02824700
v 0.01466700 0.01575300 -0.01303700
v 0.01140800 0.00869200 -0.01521000
v 0.01521000 0.01738300 -0.01521000
v 0.00597500 0.02444500 0.00434600
v 0.01738300 -0.00112700 0.01303700
v -0.00715800 -0.01820900 0.00108600
v -0.00613700 -0.01858100 0.00108600
v 0.00638300 0.00869200 -0.01521000
v 0.00271600 0.02444500 -0.00434600
v 0.00000000 0.01575300 0.00706200
v 0.00271600 0.01575300 0.00434600
v 0.00217300 0.01738300 0.01086400
v 0.00639300 0.01738300 0.00651900
v 0.01955600 0.00000000 0.01086400
v 0.02335800 -0.00163000 0.01303700
v 0.02009900 0.01575300 -0.01303700
v 0.01738300 0.01575300 -0.01032100
v 0.00869200 -0.01738300 0.01303700
v 0.00869200 -0.04345800 0.03911200
v -0.03476600 -0.00869200 -0.02172900
v -0.01738300 -0.04345800 -0.03911200
v -0.01765500 -0.00869200 -0.00434600
v 0.01738300 0.01738300 -0.01303700
v -0.00869200 -0.01738300 -0.00434600
v -0.02607500 -0.00869200 -0.03042000
v -0.03476600 -0.01738300 -0.03042000
v 0.02607500 -0.01738300 0.03042000
v 0.03476600 -0.01738300 0.03911200
v -0.00651900 0.01738300 0.01086400
v 0.00633800 0.00869200 -0.01068300
v 0.00271600 0.01738300 -0.00434600
v 0.00651900 -0.01738300 0.01086400
v 0.00651900 -0.00869200 0.01955600
v 0.02390200 0.00000000 0.01086400
v 0.02335800 -0.00869200 0.01303700
v 0.01521000 -0.01738300 0.01955600
v 0.00000000 -0.01738300 0.00434600
v 0.04345800 0.00000000 0.03042000
v 0.03476600 0.00869200 -0.03911200
v 0.02607500 0.00869200 -0.03042000
v 0.00869200 0.00869200 -0.01303700
v 0.00000000 0.00000000 -0.01303700
v -0.01738300 0.00869200 0.01303700
v -0.01749200 0.00000000 0.00434600
v -0.02607500 0.00000000 -0.03911200
v 0.00597500 0.02444500 0.00651900
v -0.03476600 0.00869200 0.03042000
v 0.00217300 -0.01738300 0.00651900
v -0.04345800 0.00869200 0.03911200
v -0.04345800 0.00000000 -0.02172900
v -0.02607500 -0.02600700 -0.01303700
v -0.01738300 -0.02607500 -0.02172900
v 0.00000000 -0.04345800 -0.02172900
v -0.02607500 -0.04345800 0.00434600
v -0.00869200 -0.02607500 -0.03042000
v -0.03476600 -0.02602000 -0.00434600
v -0.04345800 -0.02607500 0.00434600
v -0.04345800 -0.04345800 -0.01303700
v 0.01086400 -0.01738300 0.01521000
v -0.04345800 -0.01738300 -0.03911200
v 0.04345800 -0.00869200 0.03911200
v 0.03476600 -0.04345800 0.01303700
v 0.00000000 -0.02607500 -0.03911200
v 0.01955600 0.01575300 -0.01575300
v 0.00271600 0.00869200 0.01086400
v 0.01738300 -0.04345800 -0.02172900
v 0.01738300 -0.02607500 -0.03911200
v -0.00869200 0.00869200 -0.00163000
v -0.00597500 0.00869200 -0.00434600
v -0.00217300 0.00869200 0.00651900
v 0.01738300 -0.01738300 0.00434600
v 0.00651900 0.00869200 0.00706200
v 0.01086400 -0.01738300 -0.01521000
v 0.02390200 -0.01738300 -0.00217300
v 0.01955600 -0.01738300 0.00651900
v 0.02390200 0.01738300 0.01086400
v 0.01738300 0.00869200 0.01901300
v 0.02009900 -0.00869200 -0.01303700
v 0.00869200 0.00869200 0.01575300
v 0.01738300 0.00000000 -0.01303700
v -0.00271600 0.00869200 0.00434600
v 0.00000000 0.00869200 0.00163000
v 0.01140800 0.00869200 0.01303700
v -0.01738300 0.00000000 0.02172900
v -0.04345800 -0.02607500 0.02172900
v -0.02607500 -0.04345800 0.02172900
v 0.00869200 -0.00289700 0.00434600
v 0.00597500 -0.00163000 -0.01086400
v 0.00000000 0.01575300 0.00163000
v -0.00597500 0.01575300 -0.00434600
v 0.00000000 0.02444500 -0.00163000
v -0.00217300 0.01738300 0.00199200
v -0.00271600 0.01575300 0.00434600
v 0.00628600 -0.00869200 -0.01521000
v 0.00651900 0.00000000 -0.00651900
v 0.00597500 -0.01032100 0.00434600
v 0.00651900 0.01575300 0.00706200
v 0.00869200 0.02444500 0.00706200
v 0.01521000 -0.01738300 -0.01521000
v 0.01738300 0.01575300 0.01901300
v 0.02390200 -0.01738300 -0.00651900
v 0.01140800 0.01575300 0.01303700
v 0.00869200 0.01575300 0.01575300
v -0.00869200 0.01575300 -0.00163000
v 0.00271600 0.01575300 0.01086400
v 0.00869200 -0.00112700 -0.01303700
v 0.00651900 0.02444500 0.00706200
v -0.00217300 0.00869200 -0.01059300
v 0.00000000 0.01575300 -0.00163000
v -0.00271600 0.01575300 -0.00434600
v -0.00217300 0.01738300 -0.00204800
v 0.00000000 0.02444500 0.00163000
v -0.00597500 0.01575300 0.00434600
v 0.00651900 0.00000000 -0.01521000
v 0.00597500 -0.01032100 -0.00434600
v 0.00651900 -0.00869200 -0.00651900
v 0.00597500 -0.00163000 -0.01303700
v 0.00271600 -0.01738300 0.00651900
v 0.00869200 0.01575300 0.00706200
v 0.00651900 0.01738300 0.01521000
v 0.00651900 0.01575300 0.01575300
v 0.00271600 0.01575300 0.01303700
v 0.01955600 0.00869200 0.01075600
v 0.02009900 0.00869200 0.01521000
v 0.01955600 -0.01738300 -0.01086400
v 0.01521000 -0.01738300 -0.00651900
v -0.00869200 0.01575300 0.00163000
v 0.00217300 0.00869200 -0.00706200
v 0.04345800 -0.01738300 -0.03911200
v 0.01738300 -0.00289700 -0.00434600
v 0.00000000 -0.04345800 0.03042000
v 0.00869200 -0.02607500 -0.03042000
v 0.03476600 -0.04345800 -0.00434600
v -0.02607500 -0.01738300 0.03042000
v -0.01738300 -0.02607500 0.03042000
v -0.04345800 -0.00869200 0.03911200
v 0.02607500 -0.00869200 -0.03042000
v 0.03476600 -0.00869200 -0.03911200
v -0.00217300 0.00869200 -0.00651900
v -0.00217300 0.01575300 -0.00163000
v 0.00000000 0.01738300 -0.00163000
v -0.00217300 0.02444500 0.00163000
v 0.00597500 -0.00163000 -0.01521000
v 0.00597500 0.01575300 0.01521000
v 0.00639300 -0.00869200 -0.01086400
v 0.00000000 0.00869200 -0.01032100
v 0.00597500 -0.01738300 0.00434600
v 0.00869200 0.01738300 0.00706200
v 0.00651900 0.00869200 0.01933900
v 0.01738300 0.00869200 0.00706200
v 0.02335800 0.00869200 0.01303700
v 0.01955600 -0.01738300 -0.00651900
v 0.01521000 -0.01738300 -0.01086400
v 0.00869200 -0.01738300 -0.00434600
v 0.04345800 0.00869200 0.03911200
v 0.04345800 0.00000000 -0.02172900
v 0.03476600 0.00000000 -0.03042000
v 0.02607500 0.00000000 -0.03911200
v -0.01738300 0.00869200 -0.00434600
v -0.00869200 0.00869200 -0.01303700
v -0.02607500 0.00869200 -0.03042000
v -0.03476600 0.00000000 0.03911200
v -0.04345800 0.00000000 0.03042000
v -0.03476600 0.00869200 -0.02172900
v 0.02607500 -0.02607500 -0.01303700
v 0.04345800 -0.02607500 0.00434600
v -0.03476600 -0.00869200 0.03042000
v 0.00869200 -0.00869200 -0.01303700
v 0.04345800 -0.04345800 -0.01303700
v -0.03476600 -0.02607500 0.01303700
v 0.02607500 -0.04345800 0.00434600
v -0.00869200 -0.04345800 0.03911200
v 0.00000000 -0.03476600 0.03911200
v -0.01738300 -0.01738300 0.03042000
v 0.04345800 -0.02607500 -0.03911200
v -0.03476600 -0.04345800 0.03911200
v -0.04345800 -0.03476600 0.03911200
v 0.00869200 -0.02604700 -0.00434600
v 0.02607500 -0.04345800 -0.03911200
v 0.00000000 0.03476600 -0.00434600
v -0.04345800 -0.04345800 0.03042000
v 0.00000000 0.02607500 0.00434600
v 0.04345800 -0.04345800 -0.02172900
v -0.00651900 0.02607500 -0.00217300
v 0.00217300 0.02607500 0.00651900
v 0.00651900 0.02607500 0.01086400
v 0.01086400 0.00000000 -0.02390200
v 0.02824700 0.00000000 0.00651900
v 0.03259300 -0.00869200 0.00217300
v 0.01521000 -0.02607500 -0.01086400
v 0.04345800 0.00000000 -0.01303700
v 0.02607500 0.00869200 0.01303700
v 0.02607500 0.00000000 0.00434600
v 0.03476600 0.00000000 -0.00434600
v 0.00869200 0.00869200 0.03042000
v 0.00000000 0.00000000 0.03042000
v -0.00869200 0.00000000 0.03911200
v -0.00869200 0.00869200 -0.02172900
v -0.01738300 0.00869200 -0.03042000
v -0.02607500 0.00869200 -0.00434600
v -0.03476600 0.00869200 -0.01303700
v 0.02607500 -0.02607500 -0.02172900
v 0.04345800 -0.01738300 0.00434600
v 0.00869200 -0.01738300 -0.03042000
v -0.00869200 -0.02607500 0.01303700
v 0.00869200 -0.00869200 -0.02172900
v -0.02607500 -0.02607500 0.03042000
v 0.02607500 -0.00869200 -0.00434600
v 0.00869200 0.02607500 0.01303700
v -0.03476600 -0.01738300 0.01303700
v 0.00000000 -0.00869200 0.03911200
v 0.03476600 -0.00869200 0.00434600
v 0.03476600 -0.03476600 -0.03911200
v 0.03476600 -0.04345800 -0.03042000
v -0.00869200 -0.00869200 0.03042000
v 0.00000000 0.03476600 0.00434600
v 0.00000000 -0.02607500 0.01303700
v 0.00869200 -0.04345800 -0.01303700
v -0.04345800 -0.04345800 0.03911200
v -0.03476600 -0.03476600 0.03911200
v -0.04345800 -0.01738300 0.01303700
v 0.02607500 -0.04345800 -0.03042000
v -0.03476600 -0.04345800 0.03042000
v -0.00869200 -0.00869200 0.03911200
v 0.02607500 -0.00869200 0.00434600
v 0.00000000 0.02607500 -0.00434600
v 0.04345800 -0.02607500 -0.03042000
v -0.00651900 0.02607500 0.00217300
v 0.01086400 -0.02607500 0.00651900
v 0.01086400 -0.00869200 -0.02390200
v 0.01140800 -0.00869200 -0.02824700
v 0.01466700 -0.00869200 -0.03042000
v 0.02824700 -0.00869200 0.00651900
v 0.03259300 -0.00869200 -0.00217300
v 0.03476600 0.00869200 0.01303700
v 0.03476600 0.00000000 0.00434600
v 0.02607500 0.00000000 -0.00434600
v 0.00869200 0.00869200 0.03911200
v 0.00869200 0.00000000 -0.02172900
v 0.00000000 0.00000000 0.03911200
v 0.00000000 0.00869200 -0.02172900
v -0.00869200 0.00000000 0.03042000
v -0.01738300 0.00869200 -0.03911200
v -0.02607500 0.00000000 0.01303700
v -0.02607500 0.00869200 0.00434600
v -0.04345800 0.00869200 -0.01303700
v 0.00869200 0.03476600 0.01303700
v 0.00869200 -0.02602900 0.00434600
v -0.01738300 -0.04345800 0.01303700
v 0.03476600 -0.02607500 -0.02172900
v 0.04345800 -0.03476600 -0.02172900
v 0.03476600 -0.04345800 -0.03911200
v -0.01738300 -0.01738300 0.03911200
v -0.02607500 -0.02607500 0.03911200
v -0.04345800 -0.03476600 0.03042000
v 0.00869200 -0.01738300 -0.03911200
v 0.04345800 -0.01738300 -0.00434600
v 0.03476600 -0.00869200 -0.00434600
v 0.02607500 -0.03476600 -0.03911200
v 0.04345800 -0.00869200 -0.01303700
v 0.03476600 -0.01738300 -0.01303700
v 0.00000000 -0.00869200 0.03042000
v 0.03476600 -0.00096600 0.00434600
v 0.00217300 0.00869200 -0.01955600
v 0.01086400 -0.00869200 -0.02824700
v 0.03259300 0.00000000 0.00651900
v 0.02824700 -0.00869200 0.00217300
v 0.00869200 -0.00161000 -0.02172900
v 0.02607500 -0.00104600 -0.00434600
v 0.02607500 -0.00104600 0.00434600
v 0.01086400 0.00000000 -0.02824700
v 0.01466700 -0.00163000 -0.03042000
v 0.01140800 -0.00163000 -0.02824700
v 0.01086400 -0.00869200 -0.01955600
v 0.03259300 -0.00869200 0.00651900
v 0.02824700 -0.00869200 -0.00217300
v 0.01521000 -0.02607500 -0.00651900
v 0.03476600 -0.00096600 -0.00434600
v -0.01629700 -0.02498800 -0.00760500
v -0.01629700 -0.02172900 -0.00977800
v 0.01738300 0.04345800 0.00434600
v 0.01738300 -0.01738300 0.03042000
v 0.00651900 0.00869200 -0.01928400
v 0.03259300 0.00000000 0.01086400
v 0.02607500 -0.00869200 0.00706200
v 0.04345800 0.00000000 0.02172900
v 0.01738300 0.00869200 -0.03042000
v -0.03476600 0.00869200 0.02172900
v 0.01738300 0.02607500 -0.01303700
v -0.00869200 -0.02401000 0.00108600
v 0.00869200 0.04345800 -0.01303700
v -0.01629700 -0.02498800 -0.00977800
v 0.04345800 -0.04345800 0.03911200
v 0.04345800 -0.03476600 0.03042000
v -0.00869200 -0.01738300 -0.03911200
v -0.01738300 -0.00869200 -0.03911200
v -0.01629700 -0.02172900 -0.00760500
v 0.00869200 -0.00869200 0.03911200
v 0.00869200 0.03476600 -0.00434600
v 0.00869200 0.02607500 0.00434600
v 0.02607500 -0.02607500 0.03911200
v 0.02607500 -0.00869200 0.01032100
v 0.02390200 0.01738300 -0.01955600
v 0.03476600 0.00869200 -0.00434600
v 0.04345800 0.00869200 -0.01303700
v 0.02607500 0.00000000 0.01303700
v 0.02607500 0.00869200 0.00434600
v 0.00869200 0.00000000 0.03042000
v 0.00000000 0.00869200 0.03042000
v -0.00869200 0.00869200 0.03911200
v -0.00869200 0.00000000 -0.02172900
v -0.02607500 0.00000000 -0.00434600
v -0.01738300 0.00000000 -0.03042000
v -0.03476600 0.00000000 -0.01303700
v -0.00869200 -0.02607500 0.00434600
v 0.00000000 -0.02600700 -0.00434600
v -0.01738300 -0.04345800 -0.00434600
v -0.00869200 -0.04345800 -0.01303700
v -0.02607500 -0.04345800 -0.03042000
v -0.03476600 -0.04345800 -0.02172900
v 0.00000000 -0.01738300 -0.03042000
v -0.04345800 -0.03476600 -0.02172900
v -0.04345800 -0.01738300 -0.00434600
v -0.04345800 -0.00869200 -0.01303700
v -0.04345800 -0.02607500 -0.03042000
v -0.02607500 -0.03476600 -0.03911200
v -0.03476600 -0.01738300 0.00434600
v 0.03476600 -0.02607500 0.03042000
v 0.03476600 -0.00869200 0.01303700
v 0.04345800 -0.01738300 0.01303700
v -0.03476600 -0.02607500 -0.03911200
v -0.01249400 -0.02498800 -0.00869200
v 0.01738300 0.04345800 -0.00434600
v -0.01466700 -0.02200000 -0.00869200
v 0.00869200 -0.04345800 0.02172900
v 0.02824700 -0.00163000 0.01032100
v 0.03259300 -0.00869200 0.01059300
v 0.03476600 -0.00869200 0.00706200
v 0.01140800 -0.00869200 0.03042000
v 0.00869200 0.00869200 -0.01901300
v 0.01738300 0.00869200 -0.03911200
v -0.04345800 0.00869200 0.02172900
v 0.01738300 0.03476600 -0.01303700
v 0.04345800 -0.00869200 0.02172900
v 0.03476600 -0.01738300 0.02172900
v 0.01738300 -0.01738300 0.03911200
v 0.01738300 -0.04345800 0.01303700
v -0.01303700 -0.02498800 -0.00760500
v -0.01303700 -0.02172900 -0.00977800
v -0.01303700 -0.02172900 -0.00760500
v -0.00869200 -0.02401000 -0.00108600
v -0.01466700 -0.02498800 -0.00869200
v -0.01249400 -0.02172900 -0.00869200
v 0.00869200 0.03476600 0.00434600
v 0.04345800 -0.03476600 0.03911200
v 0.04345800 -0.04345800 0.03042000
v -0.03476600 -0.00869200 -0.01303700
v -0.00869200 -0.01738300 -0.03042000
v -0.03476600 -0.02607500 -0.03042000
v 0.00869200 -0.00869200 0.03042000
v -0.01738300 -0.00869200 -0.03042000
v -0.04345800 -0.02607500 -0.03911200
v 0.00869200 0.02607500 -0.00434600
v 0.02607500 -0.02607500 0.03042000
v 0.02824700 -0.00163000 0.00706200
v 0.03259300 -0.00869200 0.00706200
v 0.01955600 0.01575300 -0.01901300
v 0.01521000 0.01738300 -0.01955600
v 0.03476600 0.00869200 0.00434600
v 0.03476600 0.00000000 0.01303700
v 0.02607500 0.00869200 -0.00434600
v 0.00869200 0.00000000 0.03911200
v 0.00869200 0.00869200 -0.02172900
v 0.00000000 0.00869200 0.03911200
v 0.00000000 0.00000000 -0.02172900
v 0.03476600 -0.00869200 0.01032100
v -0.00869200 0.00869200 0.03042000
v -0.01738300 0.00000000 -0.03911200
v -0.02607500 0.00869200 0.01303700
v -0.02607500 0.00000000 0.00434600
v -0.04345800 0.00000000 -0.01303700
v 0.01738300 -0.02607500 0.02172900
v -0.00869200 -0.02603600 -0.00434600
v 0.00869200 -0.02607500 0.01303700
v 0.00000000 -0.04345800 -0.01303700
v -0.02607500 -0.02607500 -0.02172900
v 0.00000000 -0.02604100 0.00434600
v -0.01738300 -0.04345800 0.00434600
v -0.04345800 -0.01738300 0.00434600
v -0.04345800 -0.04345800 -0.02172900
v -0.02607500 -0.04345800 -0.03911200
v -0.03476600 -0.01738300 -0.00434600
v 0.03476600 -0.02607500 0.03911200
v -0.01303700 -0.02498800 -0.00977800
v -0.01738300 -0.02605200 -0.01303700
v 0.00000000 -0.01738300 -0.03911200
v -0.00971200 -0.02363900 -0.00000000
v -0.01901300 -0.02172900 0.00108600
v 0.01738300 0.03476600 0.00434600
v 0.01738300 0.00000000 0.03911200
v 0.01738300 -0.00869200 0.03042000
v 0.01738300 0.02607500 -0.00434600
v 0.01086400 0.01575300 -0.01901300
v 0.01521000 0.00869200 -0.01928400
v 0.03476600 0.00000000 0.02172900
v 0.01738300 0.00869200 -0.02172900
v -0.02607500 0.00869200 0.02172900
v 0.01738300 -0.02607500 0.01303700
v 0.00869200 -0.02607500 0.02172900
v 0.03476600 -0.00163000 -0.00706200
v 0.03259300 -0.00163000 -0.01032100
v 0.01521000 0.00000000 -0.02390200
v 0.01466700 -0.00163000 -0.02824700
v 0.01140800 -0.00163000 -0.03042000
v 0.01955600 -0.02607500 -0.00217300
v 0.03476600 -0.01032100 0.00163000
v 0.02824700 -0.00869200 -0.01063200
v 0.03259300 0.00000000 -0.00651900
v 0.01955600 -0.00869200 -0.01955600
v 0.01086400 -0.02607500 -0.01086400
v -0.01792600 -0.02498800 -0.00000000
v -0.02009900 -0.02172900 -0.00000000
v -0.01901300 -0.02172900 -0.00108600
v 0.01738300 0.04345800 -0.01303700
v -0.01466700 -0.02281500 0.00543200
v 0.01738300 0.00000000 0.03042000
v 0.01738300 -0.00869200 0.03911200
v 0.01738300 0.03476600 -0.00434600
v 0.01738300 0.02607500 0.00434600
v 0.02390200 0.00869200 -0.01955600
v 0.02607500 0.00000000 0.02172900
v 0.04345800 -0.01738300 0.02172900
v 0.03476600 -0.00869200 0.02172900
v 0.03259300 -0.00163000 -0.00706200
v 0.03259300 -0.01032100 0.00163000
v 0.02824700 -0.01738300 0.00217300
v 0.03476600 -0.00163000 -0.01032100
v 0.02824700 -0.00869200 -0.00706200
v -0.02281500 -0.02498800 0.00108600
v 0.04345800 -0.03476600 0.01303700
v -0.00869200 -0.00869200 0.00434600
v -0.01738300 -0.02607500 -0.03911200
v -0.04345800 -0.01738300 -0.02172900
v 0.03476600 -0.00869200 0.03042000
v 0.03476600 -0.02607500 0.01303700
v 0.02607500 -0.00869200 0.03911200
v 0.00869200 -0.02607500 0.03911200
v 0.00271600 0.01575300 -0.00651900
v 0.00597500 0.00869200 -0.00434600
v 0.00651900 0.01738300 -0.00706200
v 0.00217300 0.00000000 0.00651900
v 0.00651900 0.00000000 0.01086400
v 0.00597500 -0.00869200 0.01303700
v 0.00217300 0.00869200 0.01521000
v 0.02390200 -0.01738300 0.01086400
v 0.01955600 0.01738300 0.00651900
v 0.02390200 -0.00869200 0.01955600
v 0.01738300 0.01738300 0.00434600
v 0.02363000 0.00869200 -0.01086400
v 0.01955600 0.00869200 -0.01521000
v 0.01497700 -0.00869200 0.02824700
v 0.01466700 0.00869200 -0.01303700
v 0.01140800 0.01575300 -0.01521000
v 0.01086400 0.01738300 -0.01521000
v 0.00869200 0.00000000 0.01303700
v 0.00000000 0.00000000 0.00434600
v 0.00000000 -0.00869200 -0.00434600
v 0.03476600 0.00000000 0.03911200
v 0.03476600 0.00869200 -0.02172900
v 0.04345800 0.00869200 -0.03042000
v 0.02607500 0.00000000 0.03042000
v 0.01738300 0.00000000 0.02172900
v 0.00000000 0.00869200 0.01303700
v 0.00869200 0.00869200 0.00434600
v -0.00869200 0.00000000 -0.00434600
v -0.01738300 0.00000000 -0.01303700
v -0.02607500 0.00869200 0.03911200
v -0.02607500 0.00000000 -0.02172900
v -0.03476600 0.00000000 -0.03042000
v -0.04345800 0.00000000 -0.03911200
v 0.00000000 -0.02607500 -0.02172900
v 0.01738300 0.00869200 -0.01575300
v -0.02607500 -0.02605000 0.00434600
v -0.01738300 -0.04345800 -0.02172900
v -0.02607500 -0.04345800 -0.01303700
v -0.03476600 -0.04345800 -0.00434600
v -0.04345800 -0.04345800 0.00434600
v -0.04345800 -0.03476600 -0.00434600
v -0.01760000 -0.01738300 0.00434600
v -0.04345800 -0.02607500 -0.01303700
v -0.03476600 -0.00869200 -0.03911200
v -0.04345800 -0.00869200 -0.03042000
v -0.00869200 -0.03476600 -0.03911200
v 0.04345800 -0.01738300 0.03042000
v 0.00000000 -0.04345800 -0.03911200
v -0.00869200 -0.04345800 -0.03042000
v -0.02607500 -0.01738300 -0.03911200
v 0.00380300 0.00000000 -0.00013600
v 0.04345800 -0.03476600 0.00434600
v 0.02607500 -0.02607500 -0.00434600
v -0.01738300 -0.04345800 0.03911200
v 0.00869200 -0.04345800 -0.03911200
v -0.00869200 -0.02607500 0.03042000
v -0.03476600 -0.01738300 0.03042000
v 0.00000000 -0.02607500 0.03911200
v 0.00869200 -0.01738300 -0.01303700
v 0.04345800 -0.04345800 -0.00434600
v -0.00597500 0.01575300 -0.00651900
v -0.00633800 0.00869200 -0.00208200
v 0.00217300 0.01738300 -0.01521000
v 0.00651900 -0.01738300 -0.01086400
v 0.00217300 0.00869200 0.00651900
v 0.00642800 0.00869200 0.01068300
v 0.00217300 0.00000000 0.01521000
v 0.01955600 0.01575300 0.01575300
v 0.01955600 0.01738300 0.01521000
v 0.00869200 0.00000000 0.00434600
v 0.00869200 -0.00869200 -0.00434600
v 0.02335800 -0.00869200 -0.01303700
v 0.01955600 -0.00869200 -0.00651900
v 0.02390200 0.00000000 -0.01086400
v 0.01466700 0.01575300 0.01521000
v 0.01086400 0.01575300 0.01901300
v 0.01521000 0.00869200 0.01933900
v 0.01086400 0.00869200 0.01521000
v -0.00651900 0.01738300 -0.01086400
v -0.01086400 0.01575300 -0.00163000
v 0.04345800 0.00000000 -0.03042000
v 0.03476600 0.00869200 0.03911200
v 0.02607500 0.00869200 0.03042000
v 0.03476600 0.00000000 -0.02172900
v 0.01738300 0.00869200 0.02172900
v 0.00869200 0.00869200 0.01303700
v 0.00000000 0.00000000 0.01303700
v 0.00000000 0.00869200 0.00434600
v -0.00869200 0.00869200 -0.00434600
v -0.01738300 0.00869200 -0.01303700
v -0.02607500 0.00000000 0.03911200
v -0.02607500 0.00869200 -0.02172900
v -0.03476600 0.00869200 -0.03042000
v -0.04345800 0.00869200 -0.03911200
v -0.01521000 0.01738300 -0.00217300
v -0.02607500 -0.02607500 0.01303700
v 0.03476600 -0.01738300 -0.03911200
v -0.02607500 -0.00869200 0.03042000
v 0.04345800 -0.00869200 -0.03911200
v -0.00271600 0.00869200 0.00217300
v 0.02607500 -0.01738300 -0.03042000
v 0.01738300 0.01738300 0.01303700
v 0.01955600 0.00000000 -0.01521000
v -0.04345800 -0.01738300 0.03911200
v -0.04345800 -0.04345800 0.01303700
v 0.00869200 -0.02607500 -0.02172900
v 0.03476600 -0.04345800 -0.01303700
v 0.03476600 -0.02607500 0.00434600
v 0.02607500 -0.02607500 0.00434600
v 0.00869200 0.00869200 0.01032100
v -0.00217300 0.01575300 -0.00706200
v 0.04345800 0.00000000 -0.03911200
v -0.02607500 -0.00869200 0.03911200
v -0.01738300 -0.03476600 0.03911200
v -0.03476600 -0.01738300 0.03911200
v 0.00869200 -0.03476600 -0.03911200
v 0.00000000 -0.02607500 0.03042000
v -0.01738300 -0.04345800 0.03042000
v -0.00869200 -0.02607500 0.03911200
v 0.02607500 -0.01738300 -0.03911200
v 0.00869200 -0.04345800 -0.03042000
v 0.04345800 -0.04345800 0.00434600
v 0.04345800 -0.03476600 -0.00434600
v -0.00271600 0.01575300 -0.00651900
v -0.00271600 0.00869200 -0.00217300
v -0.00642800 0.00869200 0.00208200
v 0.00597500 -0.01032100 -0.00651900
v 0.00217300 0.01575300 -0.01032100
v 0.00217300 0.01738300 -0.00651900
v 0.00597500 0.00869200 0.01303700
v 0.01955600 0.01575300 0.00706200
v 0.02390200 0.00869200 0.01955600
v 0.02335800 0.01575300 0.01521000
v 0.00869200 -0.00869200 0.00434600
v 0.00869200 0.00000000 -0.00434600
v 0.02380000 -0.00869200 -0.01076300
v 0.01955600 0.00000000 -0.00651900
v 0.01955600 -0.00869200 -0.01521000
v -0.01086400 0.01575300 0.00163000
v -0.01521000 0.01738300 0.00217300
v 0.03476600 0.00869200 0.03042000
v 0.02607500 0.00869200 0.03911200
v 0.02607500 0.00000000 -0.02172900
v 0.02335800 -0.00163000 -0.01521000
v 0.00000000 0.00869200 -0.00434600
v -0.00869200 0.00000000 0.01303700
v -0.00869200 0.00869200 0.00434600
v -0.02607500 0.00000000 0.03042000
v -0.03476600 0.00869200 -0.03911200
v -0.04345800 0.00869200 -0.03042000
v 0.00380300 -0.00869200 0.00010900
v 0.04345800 -0.00869200 -0.03042000
v -0.03476600 -0.04345800 0.01303700
v 0.03476600 -0.01738300 -0.03042000
v -0.04345800 -0.03476600 0.01303700
v -0.04345800 -0.01738300 0.03042000
v 0.02607500 -0.04345800 -0.01303700
v 0.03476600 -0.02607500 -0.00434600
v 0.03476600 -0.00869200 -0.02172900
v 0.00217300 -0.00869200 0.01521000
v 0.04345800 -0.01738300 -0.02172900
v 0.04345800 -0.02607500 -0.01303700
v -0.01466700 -0.02498800 -0.00977800
v -0.01466700 -0.02172900 -0.00760500
v -0.00869200 -0.02498800 -0.00434600
v -0.01738300 -0.02498800 -0.01303700
v 0.00651900 0.02607500 0.00651900
v 0.00217300 0.02607500 0.01086400
v 0.02607500 -0.00163000 0.00706200
v 0.02824700 0.00000000 0.01086400
v 0.01738300 0.01575300 -0.01901300
v 0.01738300 -0.04345800 -0.03911200
v -0.00651900 0.01738300 -0.00217300
v -0.00271600 0.01575300 0.00651900
v 0.00217300 0.00869200 -0.01521000
v 0.00271600 -0.01738300 -0.00434600
v 0.00271600 -0.00869200 -0.01303700
v 0.00597500 -0.01032100 0.00651900
v 0.00217300 0.01738300 0.00651900
v 0.00651900 0.01738300 0.01068300
v 0.01955600 0.00000000 0.00651900
v 0.01955600 0.00869200 0.01521000
v 0.01955600 0.01575300 0.01901300
v 0.01738300 0.00000000 0.00434600
v 0.01738300 -0.00869200 -0.00434600
v 0.01140800 0.01575300 0.01521000
v 0.01521000 0.00869200 0.01575300
v 0.01086400 0.01575300 0.01575300
v 0.01521000 0.01738300 0.01955600
v 0.01086400 0.01738300 0.01521000
v -0.00651900 0.00869200 -0.01086400
v 0.01738300 0.00869200 0.01303700
v 0.00869200 0.00869200 0.02172900
v 0.00000000 0.00000000 0.02172900
v 0.01738300 -0.02607500 -0.02172900
v -0.02607500 -0.02607500 0.02172900
v 0.02009900 0.00869200 0.01086400
v 0.01738300 -0.01738300 -0.01303700
v 0.00000000 0.01738300 0.00434600
v -0.01521000 0.00869200 -0.00217300
v 0.00869200 0.01738300 0.01303700
v -0.04345800 -0.04345800 0.02172900
v 0.00869200 0.01738300 0.01032100
v 0.01738300 -0.03476600 -0.03911200
v 0.01738300 -0.04345800 -0.03042000
v -0.00651900 0.01738300 0.00217300
v -0.00597500 0.01575300 0.00651900
v 0.00271600 -0.00163000 -0.01521000
v 0.00271600 -0.00869200 -0.01086400
v 0.00217300 0.00869200 -0.00651900
v 0.00271600 -0.01738300 0.00434600
v 0.00271600 0.01575300 0.01521000
v 0.01086400 -0.00869200 -0.01521000
v 0.01955600 -0.00869200 0.00651900
v 0.01738300 0.00869200 0.01032100
v 0.02390200 0.01738300 0.01955600
v 0.02009900 0.00869200 0.01303700
v 0.01738300 -0.00869200 0.00434600
v 0.01738300 0.00000000 -0.00434600
v -0.01521000 0.00869200 0.00217300
v 0.00000000 0.00869200 -0.00706200
v -0.00869200 0.00000000 0.02172900
v -0.04345800 -0.03476600 0.02172900
v 0.00000000 0.01738300 -0.00434600
v -0.03476600 -0.04345800 0.02172900
v -0.01651400 -0.02205500 -0.00880000
v 0.00217300 -0.00869200 -0.01955600
v 0.02824700 -0.00869200 0.00706200
v 0.03259300 -0.00163000 0.00706200
v 0.03476600 -0.00163000 0.01032100
v -0.01660700 -0.02498800 -0.00876900
v 0.02824700 -0.00869200 0.01072900
v 0.03259300 -0.00163000 0.01032100
v 0.03476600 -0.00163000 0.00706200
v 0.01140800 -0.00163000 0.03042000
v 0.01086400 -0.02607500 0.01086400
v 0.01521000 -0.02607500 0.00651900
v 0.00217300 0.01738300 -0.01955600
v 0.00217300 0.02607500 -0.01086400
v 0.01521000 -0.00869200 -0.02390200
v 0.01955600 -0.02607500 0.00217300
v 0.03476600 -0.01032100 -0.00163000
v 0.02607500 -0.00163000 -0.00706200
v 0.03259300 -0.00869200 -0.00651900
v 0.02824700 0.00000000 -0.01086400
v 0.01955600 0.00000000 -0.01955600
v 0.01738300 -0.00161000 -0.02172900
v -0.02607500 -0.03476600 0.03911200
v 0.02607500 -0.01738300 0.00434600
v 0.02607500 -0.04345800 -0.02172900
v -0.04345800 -0.00869200 0.01303700
v -0.03476600 -0.02607500 0.03911200
v 0.03476600 -0.02607500 -0.03042000
v 0.00000000 -0.01738300 0.03042000
v -0.02607500 -0.04345800 0.03042000
v -0.01738300 -0.00869200 0.03911200
v 0.04345800 -0.03476600 -0.03042000
v 0.03259300 -0.01738300 -0.00194000
v 0.02607500 -0.00869200 -0.01032100
v 0.04345800 0.00869200 0.01303700
v 0.04345800 0.00000000 0.00434600
v 0.02607500 0.00000000 -0.01303700
v 0.00869200 0.00000000 -0.03042000
v 0.00000000 0.00869200 -0.03042000
v -0.00869200 0.00869200 -0.03911200
v -0.01738300 0.00000000 0.03042000
v -0.03476600 0.00869200 0.00434600
v -0.03476600 0.00000000 0.01303700
v -0.04345800 0.00869200 -0.00434600
v -0.00869200 -0.04345800 0.01303700
v 0.02607500 -0.02607500 -0.03911200
v 0.00869200 0.04345800 0.01303700
v 0.04345800 -0.04345800 -0.03911200
v -0.04345800 -0.02607500 0.03042000
v -0.00869200 -0.01738300 0.03911200
v 0.04345800 -0.01738300 -0.01303700
v 0.00869200 -0.04345800 -0.00434600
v 0.04345800 -0.00869200 -0.00434600
v 0.03476600 -0.01738300 -0.00434600
v 0.03476600 -0.00869200 -0.01303700
v 0.00869200 -0.00869200 -0.03911200
v 0.04345800 -0.02607500 -0.02172900
v 0.01086400 -0.01738300 -0.01955600
v 0.03259300 -0.01032100 -0.00163000
v 0.02824700 -0.01738300 -0.00217300
v 0.02607500 -0.00163000 -0.01032100
v -0.02607500 -0.04345800 0.03911200
v 0.02607500 -0.01738300 -0.00434600
v 0.00869200 -0.00869200 -0.03042000
v 0.02607500 -0.02607500 -0.03042000
v 0.03259300 -0.01738300 0.00190100
v 0.03476600 -0.00869200 -0.01032100
v 0.04345800 0.00000000 -0.00434600
v 0.03259300 -0.00869200 -0.00706200
v 0.03476600 0.00000000 -0.01303700
v 0.02824700 -0.00163000 -0.00706200
v 0.00869200 0.00000000 -0.03911200
v 0.00000000 0.00869200 -0.03911200
v -0.00869200 0.00869200 -0.03042000
v -0.01738300 0.00000000 0.03911200
v -0.01738300 0.00869200 -0.02172900
v -0.02607500 0.00869200 -0.01303700
v -0.03476600 0.00869200 -0.00434600
v -0.04345800 0.00869200 0.00434600
v -0.04345800 0.00000000 0.01303700
v 0.03476600 -0.02607500 -0.03911200
v -0.01738300 -0.02607500 0.01303700
v -0.03476600 -0.02607500 0.03042000
v 0.04345800 -0.03476600 -0.03911200
v -0.01738300 -0.00869200 0.03042000
v -0.04345800 -0.02607500 0.03911200
v 0.00869200 -0.02607500 -0.01303700
v 0.00000000 -0.04345800 0.01303700
v 0.00000000 -0.01738300 0.03911200
v 0.00869200 -0.04345800 0.00434600
v 0.04345800 -0.00869200 0.00434600
v 0.03476600 -0.01738300 0.00434600
v 0.04345800 -0.04345800 -0.03042000
v 0.03476600 -0.04345800 -0.02172900
v -0.03476600 -0.00869200 0.01303700
v -0.00869200 -0.01738300 0.03042000
v 0.01738300 -0.00869200 -0.02172900
v 0.01738300 -0.02607500 -0.00434600
v 0.02390200 0.00000000 -0.01955600
v 0.03259300 0.00000000 -0.01086400
v 0.01521000 0.00000000 -0.02824700
v 0.02390200 -0.02607500 0.00217300
v 0.03476600 -0.01738300 -0.00163000
v 0.02824700 -0.00869200 -0.00651900
v 0.02607500 -0.00869200 -0.00706200
v 0.01086400 -0.02607500 -0.00651900
v 0.02607500 0.00869200 0.02172900
v 0.01738300 0.00869200 0.03042000
v 0.01521000 -0.00869200 -0.01955600
v 0.01738300 -0.01738300 -0.03042000
v -0.00869200 -0.02607500 0.02172900
v 0.01738300 0.02607500 0.01303700
v -0.03476600 -0.01738300 0.02172900
v 0.00000000 -0.02607500 0.02172900
v 0.01738300 -0.04345800 -0.01303700
v 0.01738300 0.03476600 0.01303700
v 0.01738300 -0.01738300 -0.03911200
v 0.03476600 -0.00869200 -0.00706200
v 0.00217300 0.02607500 -0.00651900
v 0.01140800 -0.00869200 -0.03042000
v 0.01497700 -0.00869200 -0.02824700
v 0.02390200 -0.02607500 -0.00217300
v 0.03259300 -0.00869200 -0.01063200
v 0.02824700 -0.00163000 -0.01032100
v 0.02824700 0.00000000 -0.00651900
v 0.02390200 -0.00869200 -0.01955600
v 0.03476600 0.00869200 0.02172900
v 0.01738300 0.00869200 0.03911200
v 0.01738300 0.00000000 -0.02172900
v -0.02607500 0.00000000 0.02172900
v 0.01738300 -0.02607500 0.00434600
v -0.01738300 -0.04345800 0.02172900
v 0.03476600 -0.01738300 0.00163000
v -0.04345800 -0.01738300 0.02172900
v 0.02390200 0.00000000 -0.01521000
v -0.00630100 0.00869200 0.00651900
v 0.00217300 0.01738300 -0.01086400
v 0.00271600 0.00869200 0.01521000
v 0.01521000 -0.00869200 -0.01521000
v 0.01738300 0.01575300 0.01032100
v 0.02390200 0.01738300 0.01521000
v 0.02009900 0.01575300 0.01303700
v 0.02335800 -0.00163000 -0.01303700
v 0.02390200 -0.00869200 -0.00651900
v 0.01955600 0.00000000 -0.01086400
v -0.01086400 0.01738300 0.00217300
v 0.00000000 0.01575300 -0.00706200
v 0.00869200 0.00000000 -0.00000000
v -0.00217300 0.01575300 -0.01032100
v 0.01086400 -0.01738300 -0.00651900
v 0.00000000 0.00869200 -0.00163000
v 0.01738300 -0.02607500 -0.03042000
v -0.00217300 0.01738300 -0.00651900
v -0.00869200 0.00869200 0.00163000
v -0.00271600 0.00869200 -0.00434600
v -0.00597500 0.00869200 0.00434600
v 0.01738300 -0.01738300 -0.00434600
v 0.00869200 0.00869200 0.00706200
v 0.00651900 0.01738300 0.01955600
v 0.00651900 0.00869200 0.01575300
v 0.00271600 0.00869200 0.01303700
v 0.02390200 -0.01738300 0.00217300
v 0.01955600 0.01575300 0.01032100
v 0.02009900 0.01575300 0.01521000
v 0.02009900 -0.00869200 -0.01086400
v 0.02390200 -0.00869200 -0.00706200
v 0.02009900 -0.00163000 -0.01521000
v 0.00217300 0.01575300 -0.00706200
v 0.00271600 -0.01032100 -0.00651900
v -0.03476600 -0.02607500 0.02172900
v 0.01738300 -0.00869200 -0.01303700
v 0.00869200 -0.00289700 -0.00434600
v -0.00217300 0.00869200 -0.00190100
v 0.01955600 0.01738300 0.01086400
v 0.00000000 0.01575300 -0.01032100
v 0.00651900 0.00000000 0.00651900
v 0.00217300 0.00000000 0.01086400
v 0.00651900 0.01575300 0.01901300
v 0.00624700 0.00869200 0.01521000
v 0.01955600 -0.01738300 -0.00217300
v 0.02390200 -0.01738300 0.00651900
v 0.02335800 0.01575300 0.01303700
v 0.02009900 -0.00163000 -0.01303700
v -0.00217300 0.01738300 -0.01086400
v 0.01738300 0.01575300 0.00706200
v 0.01086400 -0.01738300 -0.01086400
v 0.01738300 -0.00193100 -0.00434600
v -0.00271600 0.00869200 -0.00651900
v -0.00271600 0.01575300 -0.00217300
v -0.00624700 0.01575300 0.00190100
v -0.00651900 0.01738300 0.00651900
v 0.00271600 -0.01032100 -0.00434600
v 0.00271600 -0.00163000 -0.01303700
v 0.00217300 0.00869200 -0.01072900
v 0.00217300 -0.01738300 0.01086400
v 0.00628600 -0.01738300 0.00651900
v 0.00869200 0.01575300 0.01032100
v 0.00651900 0.02444500 0.01032100
v 0.00217300 -0.00869200 0.01955600
v 0.00597500 0.01575300 0.01303700
v 0.02390200 0.00000000 0.00651900
v 0.01955600 0.00869200 0.00706200
v 0.02363000 0.00869200 0.01521000
v -0.01086400 0.00869200 0.00195600
v -0.00217300 0.00869200 -0.00706200
v -0.01738300 0.00706200 0.00434600
v -0.02281500 -0.02498800 -0.00108600
v 0.00869200 0.00869200 -0.00434600
v 0.01738300 -0.00869200 0.02172900
v 0.01086400 -0.00869200 0.01521000
v -0.03476600 -0.01738300 -0.02172900
v -0.01086400 -0.02064200 0.00543200
v -0.00869200 -0.00869200 -0.00434600
v -0.01751900 -0.01738300 -0.00434600
v 0.04345800 -0.04345800 0.01303700
v -0.02607500 -0.01738300 -0.03042000
v 0.04345800 -0.01738300 0.03911200
v 0.01521000 -0.01738300 0.01086400
v 0.00869200 -0.00869200 0.01303700
v 0.02607500 -0.00869200 0.03042000
v 0.00000000 -0.03476600 -0.03911200
v 0.00271600 0.01575300 -0.01521000
v 0.02390200 0.00000000 0.01955600
v 0.00869200 0.01738300 -0.00706200
v 0.00271600 0.02444500 -0.00651900
v 0.00217300 -0.00869200 0.00651900
v 0.00637000 -0.00869200 0.01086400
v 0.00597500 0.00869200 0.00434600
v 0.00000000 0.00869200 0.01032100
v 0.00271600 -0.00163000 0.01521000
v 0.02335800 0.00869200 -0.01303700
v 0.01738300 0.00869200 -0.00706200
v 0.01955600 0.00869200 -0.00651900
v 0.01521000 0.00000000 0.02824700
v 0.01521000 -0.00869200 0.01955600
v 0.00000000 0.00000000 -0.00434600
v 0.00000000 -0.00869200 0.00434600
v 0.04345800 0.00869200 -0.03911200
v 0.02607500 0.00000000 0.03911200
v 0.03476600 0.00000000 0.03042000
v 0.02607500 0.00869200 -0.02172900
v -0.00869200 0.00869200 0.01303700
v -0.00869200 0.00000000 0.00434600
v -0.02607500 0.00869200 0.03042000
v -0.03476600 0.00000000 -0.03911200
v -0.04345800 0.00000000 -0.03042000
v 0.02607500 -0.02607500 0.01303700
v -0.00869200 -0.02607500 -0.02172900
v 0.00000000 -0.04345800 -0.03042000
v 0.01738300 0.01738300 -0.00434600
v -0.01738300 -0.02607500 -0.03042000
v -0.03476600 -0.00869200 -0.03042000
v -0.03476600 -0.04345800 0.00434600
v -0.03476600 -0.02602000 -0.01303700
v -0.04345800 -0.03476600 0.00434600
v -0.04345800 -0.04345800 -0.00434600
v -0.02607500 -0.02600700 -0.00434600
v 0.03476600 -0.00869200 0.03911200
v -0.04345800 -0.00869200 -0.03911200
v -0.00869200 -0.04345800 -0.03911200
v 0.00869200 -0.02607500 0.03042000
v -0.02281500 -0.02172900 -0.00108600
v 0.01738300 -0.04345800 0.03042000
v 0.00271600 0.00869200 0.00434600
v -0.01466700 -0.02064200 0.00434600
v 0.01738300 -0.03476600 0.03911200
v 0.00597500 0.01575300 -0.01521000
v 0.00217300 -0.01738300 -0.00651900
v 0.00869200 0.01738300 -0.01032100
v 0.00597500 0.02444500 -0.00651900
v 0.00271600 -0.00869200 0.01086400
v 0.00000000 0.00869200 0.00706200
v 0.00597500 -0.00163000 0.01521000
v 0.02009900 0.00869200 -0.01303700
v 0.01738300 0.00869200 -0.01032100
v 0.02607500 -0.04345800 0.02172900
v 0.04345800 -0.02607500 0.02172900
v -0.02281500 -0.02172900 0.00108600
v 0.00869200 0.01738300 -0.01303700
v 0.01738300 -0.04345800 0.03911200
v 0.01738300 -0.01738300 0.01303700
v -0.00651900 0.00869200 0.01086400
v 0.00271600 0.00869200 -0.00434600
v 0.00597500 0.01575300 -0.00651900
v 0.00651900 0.01738300 -0.01073900
v 0.00271600 -0.00869200 0.01303700
v 0.02009900 0.00869200 -0.01086400
v 0.01521000 0.00869200 -0.01575300
v 0.01086400 0.01575300 -0.01575300
v 0.01738300 0.00869200 -0.01303700
v -0.01738300 0.00869200 0.02172900
v 0.03476600 -0.04345800 0.02172900
v -0.02259800 -0.02498800 0.00010900
v -0.02444500 -0.02172900 -0.00000000
v -0.02607500 -0.02498800 -0.00434600
v -0.01086400 -0.02064200 0.00434600
v -0.02390200 -0.02498800 -0.00108600
v -0.00217300 0.00869200 0.00706200
v 0.00651900 0.01738300 -0.01521000
v 0.00597500 0.01575300 -0.01303700
v 0.00217300 -0.01738300 -0.01086400
v 0.00869200 0.01575300 -0.01032100
v 0.00651900 0.02444500 -0.01032100
v 0.00217300 0.00869200 0.01075600
v 0.00624700 0.00869200 0.00651900
v 0.00651900 0.00000000 0.01521000
v 0.00271600 -0.00163000 0.01303700
v 0.01955600 0.00869200 -0.00706200
v 0.02009900 0.00869200 -0.01521000
v -0.02390200 -0.02172900 0.00108600
v 0.01738300 -0.00161000 0.02172900
v 0.01955600 0.00000000 0.01955600
v 0.00651900 0.01575300 -0.00706200
v 0.00271600 0.01575300 -0.01086400
v 0.00869200 0.02444500 -0.00706200
v 0.00271600 0.01738300 -0.00651900
v 0.00597500 -0.00163000 0.01086400
v 0.00271600 -0.00869200 0.01521000
v 0.00217300 0.01738300 0.01955600
v 0.02390200 0.00869200 -0.00651900
v 0.01521000 0.00000000 0.02390200
v 0.01140800 0.01575300 -0.01303700
v 0.01507400 0.00869200 -0.01521000
v 0.00869200 0.01575300 -0.01575300
v 0.00869200 -0.00112700 0.01303700
v -0.01466700 -0.02281500 0.00434600
v 0.00651900 0.01575300 -0.01901300
v 0.00651900 0.02607500 -0.00651900
v 0.01466700 -0.00163000 0.03042000
v -0.02607500 -0.02498800 0.00434600
v -0.02390200 -0.02498800 0.00108600
v 0.00624700 0.01575300 -0.01059300
v 0.00869200 0.02444500 -0.01032100
v 0.00637000 0.01738300 -0.00651900
v 0.00271600 -0.00163000 0.01086400
v 0.00628600 -0.00869200 0.01521000
v 0.01086400 -0.01738300 0.01955600
v 0.01521000 -0.01738300 0.01521000
v 0.01955600 0.00869200 -0.01575300
v 0.00869200 0.01575300 -0.01901300
v -0.01738300 -0.02498800 0.00434600
v 0.01955600 0.00869200 -0.01942000
v 0.01086400 0.01738300 -0.01955600
v -0.04345800 -0.04345800 -0.03911200
v 0.00869200 0.04345800 -0.00434600
v 0.01466700 -0.00869200 0.03042000
v -0.01901300 -0.02498800 0.00108600
v 0.00869200 -0.04345800 0.01303700
v 0.00869200 -0.01738300 0.03911200
v -0.03476600 -0.00869200 0.00434600
v -0.01738300 -0.04345800 -0.01303700
v 0.00000000 -0.00869200 -0.03042000
v 0.02607500 -0.04345800 0.03042000
v -0.01738300 -0.01738300 -0.03911200
v 0.03476600 -0.04345800 0.03911200
v 0.00869200 0.03476600 -0.01303700
v 0.04345800 0.00869200 -0.00434600
v 0.03476600 0.00869200 -0.01303700
v 0.01738300 0.00869200 -0.01901300
v 0.00869200 0.00869200 -0.03911200
v 0.00000000 0.00000000 -0.03911200
v -0.01738300 0.00869200 0.03911200
v -0.00869200 0.00000000 -0.03042000
v -0.01738300 0.00000000 -0.02172900
v -0.02607500 0.00000000 -0.01303700
v -0.03476600 0.00000000 -0.00434600
v -0.04345800 0.00869200 0.01303700
v -0.04345800 0.00000000 0.00434600
v 0.00000000 -0.04345800 0.00434600
v 0.00000000 -0.02602000 -0.01303700
v -0.00869200 -0.04345800 -0.00434600
v -0.01738300 -0.02607500 0.00434600
v -0.02607500 -0.04345800 -0.02172900
v -0.03476600 -0.04345800 -0.03042000
v -0.04345800 -0.02607500 -0.02172900
v -0.04345800 -0.00869200 -0.00434600
v -0.04345800 -0.01738300 -0.01303700
v -0.04345800 -0.03476600 -0.03042000
v 0.04345800 -0.02607500 0.03042000
v 0.03476600 -0.01738300 0.01303700
v 0.04345800 -0.00869200 0.01303700
v 0.01738300 -0.04345800 0.02172900
v 0.02607500 -0.03476600 0.03911200
v -0.03476600 -0.03476600 -0.03911200
v -0.02607500 -0.02607500 -0.03911200
v -0.00869200 -0.00869200 -0.03911200
vn 0.57735027 -0.57735027 0.57735027
vn 0.57735027 0.57735027 -0.57735027
vn 0.00000000 1.00000000 -0.00000000
vn 0.57817036 0.57517149 0.57870269
vn -0.57735027 -0.57735027 0.57735027
vn -0.57735027 -0.57735027 -0.57735027
vn 0.57791490 0.57584521 -0.57828770
vn -1.00000000 0.00000000 0.00000000
vn 0.57735027 0.57735027 0.57735027
vn 0.71258077 -0.01346332 -0.70146089
vn 0.70710678 0.70710678 0.00000000
vn 0.00000000 -0.70710678 0.70710678
vn 0.70710678 -0.70710678 0.00000000
vn 0.00000000 -1.00000000 0.00000000
vn 0.00000000 0.00000000 -1.00000000
vn 0.00000000 -1.00000000 0.00000000
vn 0.00000000 0.00000000 -0.00000000
vn 0.00000000 0.00000000 0.00000000
vn -0.70710678 0.00000000 -0.70710678
vn 0.00000000 0.00000000 0.00000000
vn 0.70710678 -0.70710678 0.00000000
vn -1.00000000 0.00000000 0.00000000
vn 0.00000000 -1.00000000 0.00000000
vn 0.00000000 0.00000000 -1.00000000
vn 0.00000000 -0.70710678 0.70710678
vn 0.70710678 0.00000000 0.70710678
vn 1.00000000 0.00000000 0.00000000
vn 0.70710678 0.00000000 0.70710678
vn 0.00000000 0.00000000 1.00000000
vn 0.00000000 0.00000000 1.00000000
vn -0.70710678 0.00000000 -0.70710678
vn -0.57218619 -0.58113305 -0.57869452
vn 0.58243161 0.57166700 -0.57790160
vn 0.58215232 0.57316479 -0.57669819
vn 0.70710678 0.70710678 0.00000000
vn 0.00000000 1.00000000 0.00000000
vn 0.00000000 1.00000000 0.00000000
vn 0.00000000 -0.70710678 0.70710678
vn 0.00000000 0.00000000 -1.00000000
vn 0.00000000 1.00000000 0.00000000
vn 0.00000000 1.00000000 0.00000000
vn 0.70710678 -0.70710678 0.00000000
vn -1.00000000 0.00000000 0.00000000
vn 0.00000000 -1.00000000 0.00000000
vn 0.57502143 0.57614586 -0.58086686
vn 0.00000000 -1.00000000 0.00000000
vn -0.70710678 0.70710678 0.00000000
vn -0.70710678 -0.70710678 0.00000000
vn 0.00000000 0.70710678 0.70710678
vn 0.70639537 0.70781393 -0.00223938
vn 1.00000000 0.00000000 0.00000000
vn 1.00000000 0.00000000 0.00000000
vn 0.00000000 0.00000000 1.00000000
vn 0.00000000 -0.70710678 -0.70710678
vn 0.00000000 0.00000000 -1.00000000
vn 0.00000000 -1.00000000 0.00000000
vn 0.59401680 -0.57458592 -0.56302314
vn 0.57735027 -0.57735027 -0.57735027
vn 0.00000000 0.00000000 -1.00000000
vn -1.00000000 0.00000000 0.00000000
vn 0.00040271 0.99999984 -0.00040271
vn 0.00000000 0.00000000 1.00000000
vn 0.00000000 1.00000000 0.00000000
vn 0.00000000 -1.00000000 0.00000000
vn 1.00000000 0.00000000 0.00000000
vn -0.06935078 0.68112650 0.72887390
vn -0.85001455 0.02420935 0.52620260
vn -0.45341067 0.76139950 -0.46334605
vn 0.69001918 0.72379109 0.00000000
vn -0.70710678 -0.70710678 0.00000000
vn -0.57669366 0.57404461 0.58128926
vn 0.00000000 0.72322886 0.69060844
vn -0.70710678 0.70710678 0.00000000
vn -0.70710678 0.70710678 0.00000000
vn 0.47063649 0.75259275 0.46054907
vn 0.02191372 0.72149049 0.69207750
vn -0.70710678 0.00000000 0.70710678
vn 0.71487104 0.00326808 -0.69924868
vn 0.85882506 -0.01025865 -0.51216626
vn -0.51501607 0.01669825 0.85701786
vn 0.51107187 -0.01033070 -0.85947590
vn 0.57735027 -0.57735027 -0.57735027
vn 0.00000000 0.00000000 -1.00000000
vn 0.00000000 -0.00000000 0.00000000
vn -0.00000000 0.00000000 0.00000000
vn 0.00000000 0.00000000 0.00000000
vn -0.70710678 0.00000000 -0.70710678
vn 0.04632754 0.72360868 0.68865393
vn 0.00000000 0.72053855 -0.69341488
vn -0.50992707 0.01285616 -0.86012156
vn -0.57653193 0.57322125 -0.58226140
vn 0.00000000 0.00000000 1.00000000
vn 0.00000000 -0.70710678 0.70710678
vn 0.00000000 0.00000000 1.00000000
vn -1.00000000 0.00000000 0.00000000
vn 0.00000000 0.72322886 0.69060844
vn 0.11025761 -0.74148330 0.66185027
vn 0.57735027 0.57735027 -0.57735027
vn 0.68320183 -0.72593635 0.07906758
vn 0.70733317 -0.00302576 -0.70687384
vn 0.67185033 -0.74025935 -0.02516413
vn -0.70710678 0.70710678 0.00000000
vn 0.00000000 -0.70710678 -0.70710678
vn 0.84835422 0.02268865 0.52894266
vn 0.58041165 -0.57122101 -0.58036960
vn 0.99225679 0.00000000 -0.12420333
vn 0.00000000 0.00000000 -1.00000000
vn -0.00546973 0.02477659 0.99967805
vn -0.70710678 0.00000000 -0.70710678
vn 0.00000000 -1.00000000 0.00000000
vn -0.57735027 -0.57735027 0.57735027
vn 0.70710678 0.70710678 0.00000000
vn 0.00000000 0.00000000 -1.00000000
vn 0.00000000 -0.70710678 0.70710678
vn 0.00000000 1.00000000 0.00000000
vn 0.00001959 0.99999802 0.00198950
vn 0.00000000 -1.00000000 0.00000000
vn 0.57735027 -0.57735027 -0.57735027
vn 0.00000000 0.70710678 -0.70710678
vn -0.70710678 0.00000000 0.70710678
vn 0.00000000 0.72769726 -0.68589846
vn -0.70710678 0.70710678 0.00000000
vn 0.74825907 0.65006229 -0.13239101
vn 1.00000000 0.00000000 0.00000000
vn -1.00000000 0.00000000 0.00000000
vn 0.00000000 -1.00000000 0.00000000
vn 1.00000000 0.00000000 0.00000000
vn -0.70710678 0.00000000 0.70710678
vn 0.00000000 0.00000000 1.00000000
vn 0.00000000 -1.00000000 0.00000000
vn 0.00000000 -1.00000000 0.00000000
vn 0.00000000 0.00000000 -1.00000000
vn 0.00000000 0.00000000 -1.00000000
vn 0.00000000 -1.00000000 0.00000000
vn 0.00000000 0.00000000 1.00000000
vn 1.00000000 0.00000000 0.00000000
vn -0.70710678 0.70710678 0.00000000
vn 1.00000000 0.00000000 0.00000000
vn 0.00000000 -1.00000000 0.00000000
vn -1.00000000 0.00000000 0.00000000
vn 0.00000000 -0.00000000 -0.00000000
vn -0.00000000 0.00000000 0.00000000
vn -0.57735027 0.57735027 0.57735027
vn -1.00000000 0.00000000 0.00000000
vn 0.51250541 -0.00698266 0.85865560
vn -1.00000000 0.00000000 0.00000000
vn 0.00000000 0.70710678 0.70710678
vn 0.00000000 0.70710678 0.70710678
vn -0.70710678 0.70710678 0.00000000
vn 0.00000000 0.70710678 0.70710678
vn -0.57735027 -0.57735027 0.57735027
vn 0.70067327 0.71341868 -0.00952624
vn -0.57583850 -0.57469322 0.58149611
vn 0.58124133 0.57487387 -0.57591540
vn -0.52441163 0.02262000 -0.85116436
vn 0.85141083 0.02229645 0.52402525
vn 0.70399359 0.70995010 0.01907566
vn 0.59402058 -0.57458530 -0.56301979
vn 0.00000000 0.00000000 -1.00000000
vn 0.00000000 0.00000000 -1.00000000
vn -0.58128926 0.57404461 0.57669366
vn 1.00000000 0.00000000 0.00000000
vn -0.52604549 0.02415433 0.85011335
vn 0.66323721 -0.63449596 0.39690209
vn -0.70710678 0.70710678 0.00000000
vn 0.45771654 0.76221555 -0.45773684
vn 0.70710678 0.00000000 0.70710678
vn -0.69990210 -0.00299509 -0.71423251
vn 0.66097671 -0.63586714 0.39847556
vn 0.00000000 0.70710678 -0.70710678
vn -0.57669366 0.57404461 0.58128926
vn 0.57926394 0.57421957 -0.57855438
vn 0.57858893 0.57407692 -0.57937081
vn -1.00000000 0.00000000 0.00000000
vn 0.00000000 0.00000000 0.00000000
vn 0.50138487 0.00200920 0.86522204
vn 0.70710678 0.00000000 -0.70710678
vn 0.00000000 0.72379109 0.69001918
vn 0.71755967 0.00149617 -0.69649542
vn -0.70710678 -0.70710678 0.00000000
vn -0.70710678 -0.00000000 0.70710678
vn -0.57735027 0.57735027 0.57735027
vn 0.70294223 0.71080526 0.02506223
vn -0.69008095 0.72373219 0.00000000
vn 0.69587506 0.71797198 -0.01655687
vn 0.00000000 0.70710678 -0.70710678
vn 0.00998228 0.71372391 0.70035601
vn -0.70710678 -0.70710678 0.00000000
vn 0.67942877 0.73180330 0.05329605
vn 0.00000000 0.00000000 1.00000000
vn 0.00000000 0.00000000 1.00000000
vn 0.70710678 -0.70710678 0.00000000
vn -0.70710678 0.00000000 -0.70710678
vn 0.00000000 0.70710678 -0.70710678
vn -0.57735027 -0.57735027 0.57735027
vn 0.00000000 0.72322886 0.69060844
vn -0.57735027 -0.57735027 0.57735027
vn -0.70710678 0.00000000 0.70710678
vn -1.00000000 0.00000000 0.00000000
vn 0.00000000 0.70710678 -0.70710678
vn -0.70710678 0.70710678 0.00000000
vn 0.65370606 -0.74622783 -0.12574742
vn 0.00000000 -0.71371717 -0.70043401
vn -0.57735027 -0.57735027 -0.57735027
vn -0.02506223 0.71080526 -0.70294223
vn -0.57735027 0.57735027 0.57735027
vn 0.70294223 0.71080526 0.02506223
vn -0.57735027 -0.57735027 -0.57735027
vn 0.70710678 0.70710678 0.00000000
vn 0.69137693 0.72249425 0.00000000
vn 0.00000000 1.00000000 0.00000000
vn -0.69839219 -0.71571527 0.00000000
vn 0.00000000 1.00000000 0.00000000
vn 0.90453403 -0.30151134 0.30151134
vn 0.00000000 -0.00000000 -0.00000000
vn -0.00000000 0.00000000 0.00000000
vn 1.00000000 0.00000000 0.00000000
vn -0.70710678 -0.70710678 0.00000000
vn -0.70710678 0.00000000 0.70710678
vn -0.70710678 0.00000000 0.70710678
vn -0.70710678 0.00000000 0.70710678
vn 0.00000000 0.00000000 1.00000000
vn -1.00000000 0.00000000 0.00000000
vn 0.67542839 -0.73072535 0.09918141
vn -0.57735027 0.57735027 -0.57735027
vn -0.70710678 0.00000000 -0.70710678
vn -0.70710678 0.00000000 -0.70710678
vn -0.70710678 -0.70710678 0.00000000
vn 0.57791196 0.57168538 -0.58240329
vn -0.57735027 0.57735027 0.57735027
vn -0.70710678 0.00000000 -0.70710678
vn 0.70295310 0.71079665 0.02500130
vn -1.00000000 0.00000000 0.00000000
vn 0.00000000 0.00000000 1.00000000
vn -0.70710678 0.00000000 0.70710678
vn 0.00000000 -1.00000000 0.00000000
vn 0.70710678 0.70710678 0.00000000
vn 0.00000000 -1.00000000 0.00000000
vn 0.00000000 1.00000000 0.00000000
vn -0.70710678 0.70710678 0.00000000
vn -0.70710678 0.70710678 0.00000000
vn 0.00000000 0.00000000 1.00000000
vn 0.00000000 -1.00000000 0.00000000
vn -1.00000000 0.00000000 0.00000000
vn 0.00000000 0.00000000 -1.00000000
vn 0.00000000 -1.00000000 0.00000000
vn -0.00000000 -0.00000000 1.00000000
vn 0.00000000 0.00000000 1.00000000
vn 0.00000000 0.70710678 -0.70710678
vn 0.99972709 0.02332507 -0.00129689
vn 0.15199408 0.00000000 -0.98838140
vn -0.02670623 0.71103682 0.70264743
vn 0.69336394 0.72058758 0.00000000
vn -0.70710678 -0.70710678 0.00000000
vn 0.70710678 0.00000000 0.70710678
vn 0.66127182 -0.34738009 0.66486590
vn -0.70710678 0.70710678 0.00000000
vn 0.00000000 0.70710678 0.70710678
vn -0.70710678 0.70710678 0.00000000
vn -0.57735027 -0.57735027 -0.57735027
vn 0.70710678 0.00000000 0.70710678
vn 0.70710678 0.70710678 0.00000000
vn 0.00000000 1.00000000 0.00000000
vn 0.00000000 0.70710678 -0.70710678
vn 0.00000000 -1.00000000 0.00000000
vn -0.45082484 -0.89258724 0.00670646
vn 0.00000000 -0.70710678 0.70710678
vn 0.00000000 0.70710678 0.70710678
vn 0.70710678 -0.70710678 0.00000000
vn -0.70710678 0.70710678 0.00000000
vn 1.00000000 0.00000000 0.00000000
vn 0.00000000 -1.00000000 0.00000000
vn 0.00000000 -1.00000000 0.00000000
vn 0.00000000 -1.00000000 0.00000000
vn 1.00000000 0.00000000 0.00000000
vn 0.00000000 0.70710678 0.70710678
vn 0.70710678 0.00000000 0.70710678
vn -1.00000000 0.00000000 0.00000000
vn 0.00000000 0.00000000 -1.00000000
vn 0.89509680 0.44586293 0.00282159
vn 0.00000000 0.00000000 -1.00000000
vn 0.00000000 0.00000000 -1.00000000
vn -0.70710678 0.00000000 -0.70710678
vn 0.00000000 0.00000000 1.00000000
vn 0.00000000 -1.00000000 0.00000000
vn -1.00000000 0.00000000 0.00000000
vn -1.00000000 0.00000000 0.00000000
vn -1.00000000 0.00000000 0.00000000
vn 0.57833555 0.57473805 0.57896818
vn -0.70710678 0.00000000 -0.70710678
vn 0.70710678 0.70710678 0.00000000
vn 0.00998228 0.71372391 0.70035601
vn 0.69587506 0.71797198 -0.01655687
vn -0.70710678 -0.70710678 0.00000000
vn 0.70149297 0.71262754 -0.00834295
vn 0.71808252 0.00000000 -0.69595796
vn 0.70750873 -0.00559707 -0.70668244
vn -0.70710678 0.70710678 0.00000000
vn 0.00000000 0.70710678 0.70710678
vn -0.57653791 0.57325177 -0.58222542
vn 0.58226140 0.57322125 0.57653193
vn -0.70710678 0.70710678 0.00000000
vn -0.70710678 0.00000000 0.70710678
vn -0.70710678 0.00000000 0.70710678
vn 0.70710678 0.00000000 -0.70710678
vn -0.70710678 0.00000000 0.70710678
vn -0.96676946 0.25564978 0.00000000
vn 0.90480737 -0.42582111 0.00000000
vn 0.85739377 0.01817794 0.51433985
vn -0.70710678 0.70710678 0.00000000
vn -0.70710678 0.70710678 0.00000000
vn -0.70710678 0.70710678 0.00000000
vn -0.69679929 -0.00429535 0.71725330
vn 0.46893081 0.75380409 0.46030782
vn -0.70710678 -0.70710678 0.00000000
vn 0.00000000 0.70710678 0.70710678
vn 0.00000000 0.00000000 1.00000000
vn -1.00000000 0.00000000 0.00000000
vn -0.58032563 0.55965381 0.59161624
vn -0.70710678 0.00000000 -0.70710678
vn 0.70710678 0.70710678 0.00000000
vn -0.69453976 -0.01265513 0.71934301
vn 0.69336394 0.72058758 0.00000000
vn 0.00000000 0.72587584 -0.68782575
vn -0.69233578 0.72157548 0.00000000
vn 0.65502347 -0.64678662 -0.39065499
vn 0.57735027 0.57735027 0.57735027
vn 0.00000000 0.70710678 0.70710678
vn -0.57735027 -0.57735027 0.57735027
vn 0.70710678 0.70710678 0.00000000
vn -1.00000000 0.00000000 0.00000000
vn 0.58226140 0.57322125 0.57653193
vn 0.68969460 0.72366111 -0.02521801
vn 0.67942877 0.73180330 -0.05329605
vn -0.96676946 0.25564978 0.00000000
vn 0.90480737 -0.42582111 0.00000000
vn 0.85111627 0.02260652 0.52449027
vn -0.70710678 0.70710678 0.00000000
vn 0.00000000 0.70710678 -0.70710678
vn -0.70710678 0.70710678 0.00000000
vn -0.69303357 -0.00976802 0.72083914
vn 0.78027441 -0.23419771 -0.57993385
vn -0.70710678 0.00000000 0.70710678
vn 0.68897787 0.72438756 0.02391963
vn -0.70710678 0.70710678 0.00000000
vn 0.00000000 0.70710678 -0.70710678
vn -0.57735027 -0.57735027 0.57735027
vn 0.00000000 -0.70710678 0.70710678
vn 1.00000000 0.00000000 0.00000000
vn 0.00000000 -0.70710678 -0.70710678
vn 0.00000000 0.00000000 -1.00000000
vn 0.70710678 0.00000000 -0.70710678
vn 0.70710678 0.00000000 -0.70710678
vn 0.00000000 0.00000000 1.00000000
vn 0.70710678 0.00000000 0.70710678
vn 0.00000000 0.00000000 -1.00000000
vn 0.00000000 0.00000000 1.00000000
vn -0.57735027 0.57735027 0.57735027
vn 0.70551938 -0.00709377 -0.70865512
vn -0.70710678 -0.70710678 0.00000000
vn 0.58850204 -0.57704447 0.56629059
vn 0.58734380 -0.57886826 0.56563133
vn 0.70958667 -0.01227706 0.70451120
vn 0.67076198 -0.74162625 0.00829920
vn 0.57735027 -0.57735027 0.57735027
vn -0.57735027 -0.57735027 0.57735027
vn 1.00000000 0.00000000 0.00000000
vn 0.00000000 0.70710678 -0.70710678
vn 0.00000000 1.00000000 0.00000000
vn -0.30151134 0.90453403 -0.30151134
vn 0.00000000 -1.00000000 0.00000000
vn 0.00000000 1.00000000 0.00000000
vn -0.45018448 -0.89292813 0.00364485
vn 0.00000000 0.00000000 -1.00000000
vn 0.68589846 0.72769726 0.00000000
vn 0.00000000 1.00000000 0.00000000
vn -0.57735027 -0.57735027 -0.57735027
vn -0.57735027 0.57735027 0.57735027
vn -1.00000000 0.00000000 0.00000000
vn 0.00119354 0.99999396 -0.00326442
vn 0.00064714 0.99999785 -0.00197019
vn 0.00000000 -1.00000000 0.00000000
vn 0.00000000 -1.00000000 0.00000000
vn 0.00000000 0.70710678 0.70710678
vn 0.89429348 0.44748091 0.00000000
vn -1.00000000 0.00000000 0.00000000
vn -0.70710678 -0.70710678 0.00000000
vn -0.57735027 -0.57735027 -0.57735027
vn -0.70710678 0.00000000 -0.70710678
vn 0.70710678 0.00000000 0.70710678
vn 0.00000000 -1.00000000 0.00000000
vn 0.00000000 0.00000000 -1.00000000
vn 0.00000000 0.70710678 0.70710678
vn -1.00000000 0.00000000 0.00000000
vn 0.00000000 -1.00000000 0.00000000
vn 0.00000000 0.00000000 -1.00000000
vn -0.02300179 0.01272647 -0.99965442
vn -0.99969103 0.02485000 0.00057007
vn 0.70710678 0.00000000 -0.70710678
vn 0.72760688 -0.48507125 0.48507125
vn 0.00000000 0.00000000 -1.00000000
vn -0.57735027 -0.57735027 0.57735027
vn 0.57735027 0.57735027 -0.57735027
vn -0.57735027 -0.57735027 -0.57735027
vn 0.58112383 0.57125817 0.57961987
vn -0.00542574 0.02477430 0.99967835
vn -0.70710678 -0.70710678 0.00000000
vn 0.00000000 0.00000000 -1.00000000
vn 0.00000000 -1.00000000 0.00000000
vn 1.00000000 0.00000000 0.00000000
vn 0.14836271 0.00000000 0.98893301
vn -1.00000000 0.00000000 0.00000000
vn 0.00000000 -1.00000000 0.00000000
vn -1.00000000 0.00000000 0.00000000
vn 0.00000000 -1.00000000 0.00000000
vn -0.74825907 0.65006229 -0.13239101
vn 0.68589846 0.72769726 0.00000000
vn 0.01977986 0.72008860 0.69360015
vn -0.68940413 0.72295381 -0.04538420
vn 0.02521801 0.72366111 -0.68969460
vn 0.58018805 -0.23862480 0.77874260
vn 0.70710678 0.70710678 0.00000000
vn 0.66097671 -0.63586714 0.39847556
vn 0.70710678 0.00000000 0.70710678
vn 0.69423494 0.71950068 -0.01888426
vn 0.00000000 0.72587584 -0.68782575
vn 0.00000000 0.70710678 -0.70710678
vn 0.57735027 -0.57735027 0.57735027
vn 0.00998228 0.71372391 0.70035601
vn 0.58028796 -0.57547184 0.57627948
vn -0.70710678 0.70710678 0.00000000
vn 0.00000000 0.70710678 -0.70710678
vn -0.02513814 0.72357964 -0.68978300
vn -0.69233578 0.72157548 0.00000000
vn -0.67942877 0.73180330 0.05329605
vn 0.00000000 0.70710678 -0.70710678
vn 0.51107864 -0.01026865 -0.85947262
vn 0.01649698 0.71793265 -0.69591706
vn 0.70710678 0.70710678 0.00000000
vn 0.57946966 -0.23416387 -0.78062936
vn 0.02191372 0.72149049 0.69207750
vn -0.68676450 0.72632967 0.02827947
vn 0.71290827 -0.01911040 0.70099685
vn 0.70710678 0.70710678 0.00000000
vn 0.71862524 -0.01330100 0.69527034
vn 0.69840376 0.71559022 -0.01275987
vn -0.70710678 -0.70710678 0.00000000
vn 0.00000000 0.70710678 -0.70710678
vn 0.57927088 0.57420804 -0.57855888
vn 0.00000000 0.70710678 -0.70710678
vn -0.70710678 0.70710678 0.00000000
vn -0.52630353 0.02434384 0.84994822
vn -1.00000000 0.00000000 0.00000000
vn -0.57628999 -0.57549031 -0.58025922
vn 0.70710678 0.00000000 0.70710678
vn -0.02814244 0.72628361 0.68681884
vn 0.00000000 0.00000000 1.00000000
vn 0.70710678 0.00000000 -0.70710678
vn 0.74825907 0.65006229 0.13239101
vn 0.00000000 -1.00000000 0.00000000
vn 0.00000000 0.70710678 0.70710678
vn 0.00000000 -1.00000000 0.00000000
vn 0.00000000 0.00000000 -1.00000000
vn 0.00000000 0.70710678 -0.70710678
vn -0.70710678 0.00000000 0.70710678
vn 0.00000000 0.00000000 1.00000000
vn 0.00000000 0.00000000 -1.00000000
vn 0.70710678 0.00000000 0.70710678
vn 0.00000000 0.72053855 -0.69341488
vn 0.12574742 -0.74622783 -0.65370606
vn 0.00000000 0.72498036 0.68876954
vn 0.70398303 0.70995893 0.01913684
vn 0.69336394 0.72058758 0.00000000
vn 0.78145208 -0.23515183 -0.57795870
vn -0.01294099 0.02327677 -0.99964530
vn 0.66904542 -0.73702743 -0.09575385
vn 0.00000000 -0.70710678 -0.70710678
vn 0.52115161 -0.01697406 0.85329531
vn 0.00000000 0.00000000 -1.00000000
vn 0.99964530 0.02327677 0.01294099
vn -0.57735027 -0.57735027 0.57735027
vn 0.70710678 0.00000000 -0.70710678
vn -0.57735027 -0.57735027 -0.57735027
vn 0.57735027 0.57735027 0.57735027
vn 1.00000000 0.00000000 0.00000000
vn -0.57735027 -0.57735027 0.57735027
vn 0.00000000 0.00000000 -1.00000000
vn 0.00003560 0.99999742 -0.00226909
vn 0.00000000 1.00000000 0.00000000
vn 0.00000000 1.00000000 0.00000000
vn 0.00000000 0.00000000 1.00000000
vn -1.00000000 0.00000000 0.00000000
vn 0.00000000 1.00000000 0.00000000
vn 0.00000000 1.00000000 0.00000000
vn 1.00000000 0.00000000 0.00000000
vn 0.70710678 0.00000000 -0.70710678
vn -0.90453403 -0.30151134 -0.30151134
vn 0.70710678 -0.70710678 0.00000000
vn 0.70670040 0.70751106 0.00162813
vn 0.00000000 -1.00000000 0.00000000
vn 0.00000000 -0.70710678 0.70710678
vn 0.00000000 0.00000000 1.00000000
vn 0.00000000 0.00000000 -1.00000000
vn 0.70710678 0.00000000 -0.70710678
vn 0.00000000 -0.70710678 0.70710678
vn -0.70710678 0.00000000 0.70710678
vn -0.29884139 0.90478952 -0.30339702
vn 0.00000000 -0.70710678 -0.70710678
vn -0.57735027 0.57735027 -0.57735027
vn -0.70710678 -0.70710678 0.00000000
vn -0.70710678 0.00000000 0.70710678
vn 0.70710678 -0.70710678 0.00000000
vn -0.57735027 0.57735027 -0.57735027
vn -0.57735027 0.57735027 -0.57735027
vn 0.57817036 0.57517149 0.57870269
vn -0.70710678 0.00000000 0.70710678
vn -0.70710678 0.00000000 -0.70710678
vn 0.57858893 0.57407692 0.57937081
vn 0.70710678 0.00000000 -0.70710678
vn 1.00000000 0.00000000 0.00000000
vn 0.00000000 1.00000000 0.00000000
vn 0.00000000 -1.00000000 0.00000000
vn -0.70710678 -0.70710678 0.00000000
vn 0.00000000 1.00000000 0.00000000
vn 0.00000000 -0.70710678 -0.70710678
vn 0.00000000 0.00000000 1.00000000
vn 0.00000000 1.00000000 0.00000000
vn 0.00000000 1.00000000 0.00000000
vn 0.00000000 1.00000000 0.00000000
vn 0.00000000 1.00000000 0.00000000
vn 0.00000000 1.00000000 0.00000000
vn 1.00000000 0.00000000 0.00000000
vn 0.00000000 0.00000000 1.00000000
vn -0.00048899 0.99999976 0.00048897
vn -0.57735027 -0.57735027 -0.57735027
vn 0.00000000 0.70710678 -0.70710678
vn 0.30151134 -0.30151134 -0.90453403
vn -0.70710678 0.00000000 0.70710678
vn 1.00000000 0.00000000 0.00000000
vn 0.00000000 0.00000000 1.00000000
vn -0.94280904 -0.23570226 0.23570226
vn 0.00000000 0.00000000 -1.00000000
vn 0.00000000 -1.00000000 0.00000000
vn 0.00000000 0.00000000 -1.00000000
vn -0.57735027 0.57735027 0.57735027
vn -0.00017258 0.99999772 0.00212861
vn 0.00000000 -1.00000000 0.00000000
vn -0.57735027 -0.57735027 0.57735027
vn 0.00000000 0.00000000 1.00000000
vn -1.00000000 0.00000000 0.00000000
vn 0.00000000 -1.00000000 0.00000000
vn 0.00000000 -1.00000000 0.00000000
vn 0.00000000 0.00000000 1.00000000
vn 0.30151134 -0.30151134 0.90453403
vn -0.70710678 0.00000000 -0.70710678
vn 1.00000000 0.00000000 0.00000000
vn -0.57735027 0.57735027 0.57735027
vn -0.70710678 0.00000000 -0.70710678
vn -0.57735027 -0.57735027 0.57735027
vn -0.70710678 -0.70710678 0.00000000
vn 0.66918423 -0.73693877 -0.09546577
vn -0.57735027 -0.57735027 -0.57735027
vn 0.57840911 0.57454568 -0.57908563
vn 0.00000000 1.00000000 0.00000000
vn -0.70710678 -0.70710678 0.00000000
vn 0.00000000 -1.00000000 0.00000000
vn 0.00000000 0.70710678 0.70710678
vn 0.00000000 -1.00000000 0.00000000
vn 0.00000000 0.00000000 1.00000000
vn 0.00000000 1.00000000 0.00000000
vn 0.00000000 -0.70710678 -0.70710678
vn 0.00000000 0.70710678 -0.70710678
vn 0.00000000 -1.00000000 0.00000000
vn -0.00000000 1.00000000 0.00000000
vn -0.70710678 0.70710678 0.00000000
vn -0.70710678 0.00000000 0.70710678
vn -0.30068725 0.90376212 0.30463289
vn 0.00000000 -1.00000000 0.00000000
vn -0.70710678 0.70710678 0.00000000
vn 1.00000000 0.00000000 0.00000000
vn 0.00000000 -0.70710678 -0.70710678
vn 0.00000000 0.00000000 1.00000000
vn 0.00000000 0.00000000 1.00000000
vn -1.00000000 0.00000000 0.00000000
vn 0.00000000 0.00000000 -1.00000000
vn 1.00000000 0.00000000 0.00000000
vn -0.94280904 -0.23570226 -0.23570226
vn 0.00000000 0.00000000 -1.00000000
vn 1.00000000 0.00000000 0.00000000
vn -1.00000000 0.00000000 0.00000000
vn 0.00000000 0.00000000 -1.00000000
vn -0.00652769 0.70915154 0.70502587
vn -0.69131904 -0.01592682 -0.72237409
vn -0.57735027 -0.57735027 -0.57735027
vn 0.70710678 0.00000000 -0.70710678
vn -0.57735027 0.57735027 0.57735027
vn -0.58032563 0.55965381 -0.59161624
vn -0.03966669 0.71609671 -0.69687306
vn -0.03966669 0.71609671 0.69687306
vn -0.70710678 0.00000000 -0.70710678
vn 0.69427712 0.71946155 -0.01882467
vn -0.70710678 0.70710678 0.00000000
vn -0.70710678 0.00000000 -0.70710678
vn 0.57735027 -0.57735027 -0.57735027
vn -0.57735027 0.57735027 -0.57735027
vn 0.70710678 0.00000000 0.70710678
vn -0.00652769 0.70915154 -0.70502587
vn -1.00000000 0.00000000 0.00000000
vn -1.00000000 0.00000000 0.00000000
vn 0.70710678 0.70710678 0.00000000
vn 0.00000000 0.00000000 -1.00000000
vn 0.51739779 -0.00999654 -0.85568662
vn 0.70333039 -0.01431980 0.71071886
vn 0.00000000 -0.70710678 -0.70710678
vn 1.00000000 0.00000000 0.00000000
vn 0.00000000 1.00000000 0.00000000
vn 0.00000000 1.00000000 0.00000000
vn 0.70710678 0.00000000 -0.70710678
vn -0.34214101 -0.93964862 0.00000000
vn -0.57735027 0.57735027 -0.57735027
vn -1.00000000 0.00000000 0.00000000
vn 0.57735027 -0.57735027 0.57735027
vn 1.00000000 0.00000000 0.00000000
vn 0.00000000 0.00000000 -1.00000000
vn 0.00000000 0.00000000 -1.00000000
vn -1.00000000 0.00000000 0.00000000
vn 0.00000000 0.00000000 1.00000000
vn -0.90453403 0.30151134 -0.30151134
vn -0.70710678 0.00000000 0.70710678
vn 0.00000000 0.00000000 1.00000000
vn 0.00758177 -0.74173503 0.67065018
vn 0.57982589 0.57236691 -0.57982589
vn 0.00000000 1.00000000 0.00000000
vn 0.70710678 0.70710678 0.00000000
vn 0.00000000 -1.00000000 0.00000000
vn 0.00000000 1.00000000 0.00000000
vn 0.00000000 -0.70710678 -0.70710678
vn 0.00000000 1.00000000 0.00000000
vn 0.00000000 0.70710678 0.70710678
vn 0.00000000 -1.00000000 0.00000000
vn 0.30151134 -0.90453403 0.30151134
vn 0.00000000 -0.70710678 0.70710678
vn 0.70710678 -0.70710678 0.00000000
vn 0.29854725 0.90503666 0.30294913
vn 0.00214758 0.99999586 0.00191739
vn 0.00000000 -1.00000000 0.00000000
vn 0.00000000 -1.00000000 0.00000000
vn 0.00000000 -1.00000000 0.00000000
vn 0.00000000 -1.00000000 0.00000000
vn 0.00000000 0.00000000 1.00000000
vn -1.00000000 0.00000000 0.00000000
vn -1.00000000 0.00000000 0.00000000
vn -1.00000000 0.00000000 0.00000000
vn -1.00000000 0.00000000 0.00000000
vn 0.00000000 0.00000000 -1.00000000
vn 1.00000000 0.00000000 0.00000000
vn -0.57735027 0.57735027 -0.57735027
vn -1.00000000 0.00000000 0.00000000
vn 1.00000000 0.00000000 0.00000000
vn 0.00000000 0.00000000 -1.00000000
vn 0.00000000 0.00000000 0.00000000
vn 0.70710678 0.70710678 0.00000000
vn 0.00000000 -0.00000000 -0.00000000
vn 0.00000000 -1.00000000 0.00000000
vn -0.02505967 0.71080254 0.70294507
vn 0.38073900 -0.64953409 0.65813621
vn 0.00000000 -0.70710678 -0.70710678
vn -0.70710678 -0.70710678 0.00000000
vn -0.01302863 0.02322223 -0.99964543
vn 0.00000000 0.70710678 -0.70710678
vn -0.70710678 0.70710678 0.00000000
vn 0.70710678 0.00000000 -0.70710678
vn 1.00000000 0.00000000 0.00000000
vn -1.00000000 0.00000000 0.00000000
vn 0.00000000 0.00000000 1.00000000
vn 0.00000000 -1.00000000 0.00000000
vn 1.00000000 0.00000000 0.00000000
vn 1.00000000 0.00000000 0.00000000
vn 1.00000000 0.00000000 0.00000000
vn -0.34214101 -0.93964862 0.00000000
vn 0.00000000 0.00000000 0.00000000
vn 0.00000000 0.00000000 -0.00000000
vn -0.90453403 0.30151134 0.30151134
vn 0.70710678 0.00000000 0.70710678
vn 0.70710678 -0.70710678 0.00000000
vn 1.00000000 0.00000000 0.00000000
vn 0.00000000 0.00000000 1.00000000
vn 0.57735027 0.57735027 0.57735027
vn 0.00000000 0.00000000 -1.00000000
vn 0.00000000 0.00000000 1.00000000
vn -0.70710678 0.00000000 -0.70710678
vn -0.70710678 0.00000000 -0.70710678
vn 0.00000000 0.70710678 -0.70710678
vn 0.00000000 0.70710678 -0.70710678
vn 0.00000000 -0.70710678 -0.70710678
vn -0.02500130 0.71079665 -0.70295310
vn 0.58102003 0.56913017 -0.58181318
vn 0.00000000 1.00000000 0.00000000
vn -0.70710678 -0.70710678 0.00000000
vn 0.00000000 1.00000000 0.00000000
vn 0.00000000 0.00000000 1.00000000
vn 0.00000000 1.00000000 0.00000000
vn 0.00000000 0.70710678 0.70710678
vn 0.00000000 -1.00000000 0.00000000
vn 0.08441525 -0.73353319 0.67439093
vn 0.00000000 1.00000000 0.00000000
vn 0.00000000 0.00000000 -1.00000000
vn 0.00000000 1.00000000 0.00000000
vn 0.30151134 -0.90453403 -0.30151134
vn -1.00000000 0.00000000 0.00000000
vn 0.00000000 1.00000000 0.00000000
vn 0.99999611 -0.00000245 0.00278877
vn 0.00066160 0.99999781 0.00198479
vn 0.00000000 -1.00000000 0.00000000
vn -0.00018695 0.99999305 -0.00372459
vn -0.00140930 0.99999543 0.00267506
vn 0.00000000 -1.00000000 0.00000000
vn -1.00000000 0.00000000 0.00000000
vn -0.70710678 -0.70710678 0.00000000
vn 0.00000000 -0.70710678 -0.70710678
vn 1.00000000 0.00000000 0.00000000
vn 0.00000000 0.00000000 1.00000000
vn 1.00000000 0.00000000 0.00000000
vn -0.40424355 0.81731631 -0.41058641
vn 0.00000000 0.00000000 -1.00000000
vn 0.00000000 0.00000000 0.00000000
vn -0.00000000 0.00000000 0.00000000
vn 1.00000000 0.00000000 0.00000000
vn 0.00000000 0.00000000 1.00000000
vn 0.00000000 0.00000000 -1.00000000
vn 1.00000000 0.00000000 0.00000000
vn -0.02500203 0.71079495 -0.70295479
vn 0.50691594 -0.01008753 -0.86193647
vn -0.70710678 -0.70710678 0.00000000
vn 0.00000000 1.00000000 0.00000000
vn 0.00000000 1.00000000 0.00000000
vn 0.00000000 1.00000000 0.00000000
vn 0.00000000 1.00000000 0.00000000
vn 0.00000000 0.70710678 0.70710678
vn 0.00000000 0.72249425 -0.69137693
vn 0.70710678 0.00000000 0.70710678
vn 0.69142799 0.72244539 0.00000000
vn -0.70710678 0.70710678 0.00000000
vn -0.70710678 0.00000000 -0.70710678
vn 0.01649481 0.71793148 0.69591832
vn -0.38899239 -0.63579443 -0.66667110
vn 0.70710678 0.00000000 0.70710678
vn -0.57735027 -0.57735027 -0.57735027
vn -0.70710678 0.00000000 -0.70710678
vn 0.00000000 0.00000000 0.00000000
vn 0.00000000 0.00000000 0.00000000
vn -0.00000000 0.00000000 0.00000000
vn 0.57735027 0.57735027 -0.57735027
vn -0.57735027 -0.57735027 0.57735027
vn 0.00000000 -0.70710678 -0.70710678
vn 0.00000000 0.00000000 1.00000000
vn 1.00000000 0.00000000 0.00000000
vn 1.00000000 0.00000000 0.00000000
vn 0.70710678 0.00000000 -0.70710678
vn 0.00000000 -1.00000000 0.00000000
vn 1.00000000 0.00000000 0.00000000
vn -1.00000000 0.00000000 0.00000000
vn 0.00000000 0.70710678 0.70710678
vn 0.00000000 0.72053667 0.69341684
vn -0.56365224 -0.57914400 0.58897231
vn 0.01888426 0.71950068 -0.69423494
vn 0.00000000 -0.70710678 0.70710678
vn 1.00000000 0.00000000 0.00000000
vn 1.00000000 0.00000000 0.00000000
vn 0.70710678 0.00000000 0.70710678
vn 0.00000000 0.00000000 -1.00000000
vn -1.00000000 0.00000000 0.00000000
vn -0.70710678 0.00000000 -0.70710678
vn -0.70710678 0.70710678 0.00000000
vn 0.00000000 0.00000000 1.00000000
vn 0.00000000 0.00000000 1.00000000
vn -0.70710678 0.70710678 0.00000000
vn 0.98764594 0.04609128 0.14977016
vn 0.00000000 -0.70710678 0.70710678
vn -0.70710678 0.00000000 -0.70710678
vn 0.71087078 -0.01218589 0.70321706
vn 0.67544274 -0.73741145 0.00120381
vn -0.70710678 0.00000000 -0.70710678
vn 0.57728048 -0.57170083 0.58301407
vn -0.57735027 0.57735027 -0.57735027
vn 0.58734380 -0.57886826 0.56563133
vn 1.00000000 0.00000000 0.00000000
vn 0.85563448 -0.00998663 -0.51748421
vn -0.70710678 0.00000000 0.70710678
vn 0.66097180 -0.63597525 0.39831114
vn 0.98770498 0.04598169 0.14941405
vn -0.70710678 0.70710678 0.00000000
vn -0.57735027 0.57735027 0.57735027
vn 0.00000000 -1.00000000 0.00000000
vn 0.00000000 -1.00000000 0.00000000
vn -0.57735027 0.57735027 -0.57735027
vn 0.00000000 0.00000000 1.00000000
vn 0.00000000 1.00000000 0.00000000
vn 0.70710678 0.70710678 0.00000000
vn 0.00000000 -0.70710678 -0.70710678
vn 0.00000000 -1.00000000 0.00000000
vn 0.00000000 1.00000000 0.00000000
vn -0.57735027 0.57735027 0.57735027
vn 0.30151134 -0.90453403 -0.30151134
vn 0.00000000 -1.00000000 0.00000000
vn 0.00000000 0.70710678 0.70710678
vn 0.00000000 -1.00000000 0.00000000
vn 0.57735027 -0.57735027 0.57735027
vn -0.70710678 0.00000000 -0.70710678
vn -0.00034514 0.99999597 -0.00281864
vn 0.00000000 0.00000000 1.00000000
vn -0.57463171 0.57744047 0.57996629
vn 0.00000000 -1.00000000 0.00000000
vn 0.00000000 -1.00000000 0.00000000
vn 0.00000000 -1.00000000 0.00000000
vn -0.70710678 -0.70710678 0.00000000
vn -1.00000000 0.00000000 0.00000000
vn -0.45082061 -0.01125496 0.89254361
vn -1.00000000 0.00000000 0.00000000
vn 0.00000000 0.00000000 -1.00000000
vn -1.00000000 0.00000000 0.00000000
vn 0.00000000 0.00000000 -1.00000000
vn 1.00000000 0.00000000 0.00000000
vn 0.00000000 -0.70710678 -0.70710678
vn 0.00000000 -1.00000000 0.00000000
vn 0.00000000 0.00000000 -1.00000000
vn 0.00000000 -0.00000000 -0.00000000
vn 1.00000000 0.00000000 0.00000000
vn 0.00000000 1.00000000 0.00000000
vn 0.00000000 -0.70710678 0.70710678
vn 0.00000000 -0.70710678 -0.70710678
vn 0.00000000 0.70710678 -0.70710678
vn 0.70710678 0.00000000 -0.70710678
vn 0.00000000 0.00000000 1.00000000
vn -0.57735027 -0.57735027 -0.57735027
vn 0.70710678 -0.70710678 0.00000000
vn -0.70264743 0.71103682 0.02670623
vn -0.70569028 -0.00062241 -0.70852018
vn -0.57735027 0.57735027 0.57735027
vn 0.59858437 -0.57066861 -0.56216909
vn -0.70710678 0.00000000 -0.70710678
vn 0.70534127 0.00629661 0.70883993
vn -0.70710678 0.00000000 -0.70710678
vn 0.00000000 0.70710678 -0.70710678
vn -0.57735027 0.57735027 -0.57735027
vn -0.30151134 -0.90453403 0.30151134
vn -0.80178373 0.26726124 -0.53452248
vn 0.67156189 -0.74049897 -0.02580509
vn -0.70710678 0.00000000 0.70710678
vn 0.70710012 -0.00486735 -0.70709669
vn 0.69336394 0.72058758 0.00000000
vn -0.02664616 0.71102647 0.70266019
vn 0.51278326 -0.01703973 0.85834898
vn -0.70710678 0.00000000 -0.70710678
vn -0.58047038 0.57536689 -0.57620056
vn 0.00000000 0.72053855 -0.69341488
vn 1.00000000 0.00000000 0.00000000
vn 0.00000000 0.70710678 0.70710678
vn 0.00000000 1.00000000 0.00000000
vn -0.70710678 -0.70710678 0.00000000
vn 0.00000000 1.00000000 0.00000000
vn -0.30151134 0.90453403 0.30151134
vn 0.00000000 -1.00000000 0.00000000
vn -0.30151134 0.90453403 0.30151134
vn 0.00000000 1.00000000 0.00000000
vn 0.00000000 1.00000000 0.00000000
vn 0.00000000 0.00000000 1.00000000
vn 0.00000000 1.00000000 0.00000000
vn 0.00000000 1.00000000 0.00000000
vn -0.57735027 0.57735027 -0.57735027
vn -0.57735027 0.57735027 -0.57735027
vn 0.00035955 0.99999935 0.00107873
vn 0.00000000 0.00000000 -1.00000000
vn 0.00000000 0.00000000 -1.00000000
vn 0.70710678 0.00000000 -0.70710678
vn 1.00000000 0.00000000 0.00000000
vn 0.00000000 0.00000000 1.00000000
vn 0.70710678 0.00000000 0.70710678
vn -0.70710678 0.00000000 0.70710678
vn -0.70710678 0.00000000 0.70710678
vn -0.70710678 -0.70710678 0.00000000
vn 0.00079095 0.99999937 -0.00079095
vn 0.00000000 -1.00000000 0.00000000
vn -0.70710678 0.70710678 0.00000000
vn 0.00000000 1.00000000 0.00000000
vn 0.15788844 0.00000000 0.98745696
vn 0.00000000 0.70710678 0.70710678
vn 0.70710678 0.00000000 -0.70710678
vn 0.00000000 0.00000000 1.00000000
vn 0.00000000 0.00000000 1.00000000
vn 0.00000000 0.00000000 1.00000000
vn 0.00000000 0.00000000 -1.00000000
vn 0.00000000 0.70710678 -0.70710678
vn 0.00000000 -1.00000000 0.00000000
vn 0.00000000 0.00000000 1.00000000
vn 0.00000000 0.00000000 -1.00000000
vn 0.00000000 -1.00000000 0.00000000
vn 0.70710678 -0.70710678 0.00000000
vn 1.00000000 0.00000000 0.00000000
vn 0.70710678 0.70710678 0.00000000
vn 1.00000000 0.00000000 0.00000000
vn -0.70407479 0.01206966 0.71002325
vn 0.70398303 0.70995893 0.01913684
vn -0.02506223 0.71080526 -0.70294223
vn -0.70710678 0.00000000 0.70710678
vn 0.99965447 0.01277364 0.02297327
vn 0.00000000 0.70710678 -0.70710678
vn 0.71364640 -0.01613950 0.70032017
vn 0.69336394 0.72058758 0.00000000
vn -0.80178373 0.26726124 0.53452248
vn -0.30151134 -0.90453403 -0.30151134
vn 0.66131836 -0.35374665 -0.66145395
vn -0.70710678 0.00000000 0.70710678
vn -0.57735027 -0.57735027 0.57735027
vn 0.00000000 0.72322886 0.69060844
vn -0.57735027 0.57735027 0.57735027
vn 0.00000000 1.00000000 0.00000000
vn 0.00000000 0.70710678 0.70710678
vn 0.00000000 -1.00000000 0.00000000
vn 0.70398303 0.70995893 0.01913684
vn -0.30151134 0.90453403 -0.30151134
vn 0.00000000 -1.00000000 0.00000000
vn 0.00000000 1.00000000 0.00000000
vn 0.00000000 -0.70710678 -0.70710678
vn 0.00000000 0.70710678 -0.70710678
vn -0.70710678 0.70710678 0.00000000
vn -0.00000000 0.00000000 0.00000000
vn 1.00000000 0.00000000 0.00000000
vn 0.00000000 -1.00000000 0.00000000
vn -0.70710678 0.00000000 0.70710678
vn -1.00000000 0.00000000 0.00000000
vn -1.00000000 0.00000000 0.00000000
vn 0.00000000 -1.00000000 0.00000000
vn -0.70710678 0.70710678 0.00000000
vn -1.00000000 0.00000000 0.00000000
vn -0.57735027 -0.57735027 -0.57735027
vn 1.00000000 0.00000000 0.00000000
vn 1.00000000 0.00000000 0.00000000
vn -0.00000000 0.00000000 0.00000000
vn 0.00000000 0.00000000 0.00000000
vn 0.57735027 0.57735027 0.57735027
vn -0.57735027 0.57735027 -0.57735027
vn 0.57825603 0.57588390 -0.57790803
vn -0.57735027 0.57735027 0.57735027
vn 0.00000000 0.70710678 -0.70710678
vn -0.70358519 -0.01103554 0.71052522
vn 0.00831254 0.71260723 -0.70151396
vn 0.00000000 -0.70710678 -0.70710678
vn -0.69849621 -0.01194789 -0.71551401
vn 0.70710678 0.70710678 0.00000000
vn -0.70710678 0.00000000 0.70710678
vn -0.70710678 -0.70710678 0.00000000
vn -0.70710678 -0.70710678 0.00000000
vn 0.69137693 0.72249425 0.00000000
vn -0.70710678 -0.00000000 -0.70710678
vn 0.58595709 -0.24685947 0.77182556
vn -0.70710678 0.00000000 -0.70710678
vn -0.70710678 0.00000000 -0.70710678
vn -0.02664538 0.71102828 0.70265839
vn 0.30151134 -0.90453403 0.30151134
vn 0.80000000 0.00000000 -0.60000000
vn -0.70710678 0.70710678 0.00000000
vn 0.00000000 0.00000000 -1.00000000
vn 0.00000000 0.70710678 -0.70710678
vn 0.57718810 0.57273562 0.58208918
vn -0.57735027 0.57735027 -0.57735027
vn -0.70038021 -0.01607901 -0.71358883
vn 0.30151134 0.90453403 0.30151134
vn 0.00000000 1.00000000 0.00000000
vn 0.00000000 -1.00000000 0.00000000
vn 0.00000000 1.00000000 0.00000000
vn 0.00000000 1.00000000 0.00000000
vn -1.00000000 0.00000000 0.00000000
vn 0.57735027 -0.57735027 -0.57735027
vn -0.70710678 0.00000000 0.70710678
vn -0.69131904 -0.01592682 -0.72237409
vn -0.70710678 0.00000000 0.70710678
vn -0.70710678 -0.70710678 0.00000000
vn 0.11025761 -0.74148330 0.66185027
vn 0.00000000 0.00000000 -1.00000000
vn 0.00000000 -1.00000000 0.00000000
vn -0.69447122 -0.01265070 0.71940926
vn -0.69060844 0.72322886 0.00000000
vn -0.70710678 0.70710678 0.00000000
vn -0.70710678 -0.70710678 0.00000000
vn -0.70710678 0.00000000 0.70710678
vn -0.70710678 -0.70710678 0.00000000
vn -0.70710678 0.70710678 0.00000000
vn -0.70710678 0.00000000 0.70710678
vn -0.70710678 0.00000000 -0.70710678
vn -0.15935479 0.04904092 0.98600256
vn 0.57620051 0.57536712 0.58047020
vn -1.00000000 0.00000000 0.00000000
vn 0.80000000 0.00000000 0.60000000
vn 0.30151134 -0.90453403 -0.30151134
vn -0.69453976 -0.01265513 0.71934301
vn 0.00000000 0.00000000 1.00000000
vn 0.00000000 -1.00000000 0.00000000
vn -1.00000000 0.00000000 0.00000000
vn -0.70710678 0.00000000 -0.70710678
vn 0.00000000 -1.00000000 0.00000000
vn 0.00000000 0.00000000 0.00000000
vn -0.57735027 -0.57735027 -0.57735027
vn 0.00000000 -0.70710678 -0.70710678
vn 0.00000000 0.70710678 -0.70710678
vn 0.01655469 0.71797080 0.69587633
vn -0.00000000 0.00000000 0.00000000
vn -0.39868190 -0.62381972 0.67223634
vn 0.00000000 0.72058569 0.69336590
vn 0.00000000 0.70710678 -0.70710678
vn -0.70710678 0.70710678 0.00000000
vn -0.70710678 0.00000000 0.70710678
vn 0.70710678 0.00000000 -0.70710678
vn -0.57735027 0.57735027 -0.57735027
vn -0.57735027 0.57735027 -0.57735027
vn 0.58734718 -0.57886817 0.56562791
vn -0.70710678 0.00000000 0.70710678
vn 0.01882467 0.71946155 -0.69427712
vn 0.00000000 0.70710678 0.70710678
vn 0.57735027 -0.57735027 0.57735027
vn -0.70102340 -0.01902775 -0.71288438
vn -0.70710678 0.00000000 -0.70710678
vn 0.58032563 0.55965381 -0.59161624
vn 0.00000000 0.00000000 1.00000000
vn 0.57735027 -0.57735027 0.57735027
vn 0.00000000 -1.00000000 0.00000000
vn -1.00000000 0.00000000 0.00000000
vn 0.00000000 0.00000000 1.00000000
vn -0.57735027 0.57735027 0.57735027
vn 0.00000000 0.00000000 -1.00000000
vn 0.00000000 -1.00000000 0.00000000
vn 0.00000000 0.00000000 1.00000000
vn 1.00000000 0.00000000 0.00000000
vn 0.39052331 -0.64686803 -0.65502159
vn 0.02575604 -0.74049627 -0.67156675
vn 0.70710678 0.70710678 0.00000000
vn 1.00000000 0.00000000 0.00000000
vn 0.00000000 -1.00000000 0.00000000
vn 0.00000000 -0.70710678 0.70710678
vn 0.00000000 1.00000000 0.00000000
vn 0.00000000 0.70710678 -0.70710678
vn 0.00000000 -0.70710678 -0.70710678
vn 0.00000000 1.00000000 0.00000000
vn 0.70710678 -0.70710678 0.00000000
vn -0.70710678 0.70710678 0.00000000
vn 0.00000000 -1.00000000 0.00000000
vn 0.00000000 0.00000000 -1.00000000
vn -0.57735027 0.57735027 0.57735027
vn 0.57735027 -0.57735027 -0.57735027
vn -1.00000000 0.00000000 0.00000000
vn 0.00000000 0.00000000 1.00000000
vn 1.00000000 0.00000000 0.00000000
vn 0.00000000 -1.00000000 0.00000000
vn 1.00000000 0.00000000 0.00000000
vn -1.00000000 0.00000000 0.00000000
vn -1.00000000 0.00000000 0.00000000
vn 0.00000000 0.00000000 -1.00000000
vn 1.00000000 0.00000000 0.00000000
vn -0.57735027 -0.57735027 -0.57735027
vn 0.00000000 0.72244539 -0.69142799
vn -0.56563169 -0.57886849 -0.58734323
vn 0.04385460 0.72350200 -0.68892788
vn 0.00000000 -0.70710678 0.70710678
vn 0.57735027 -0.57735027 -0.57735027
vn 0.00000000 0.00000000 1.00000000
vn 0.00000000 0.70710678 0.70710678
vn 0.38789376 -0.65112894 0.65235691
vn 0.09575385 -0.73702743 -0.66904542
vn 1.00000000 0.00000000 0.00000000
vn 0.00000000 -0.70710678 0.70710678
vn -0.70710678 -0.70710678 0.00000000
vn 0.00000000 0.70710678 0.70710678
vn 0.00000000 0.00000000 -1.00000000
vn 0.00000000 0.70710678 -0.70710678
vn 0.00000000 1.00000000 0.00000000
vn 0.00000000 0.00000000 1.00000000
vn 0.00000000 1.00000000 0.00000000
vn 0.00000000 1.00000000 0.00000000
vn 0.00000000 1.00000000 0.00000000
vn -0.70710678 0.70710678 0.00000000
vn -1.00000000 0.00000000 0.00000000
vn 0.00000000 0.00000000 -1.00000000
vn 0.00000000 1.00000000 0.00000000
vn 0.57735027 0.57735027 -0.57735027
vn 0.70710678 0.00000000 -0.70710678
vn 0.00000000 0.00000000 -1.00000000
vn -0.70710678 0.00000000 0.70710678
vn 0.00294805 0.99999468 -0.00139513
vn 0.00000000 -1.00000000 0.00000000
vn 0.00000000 0.00000000 1.00000000
vn 0.00000000 -1.00000000 0.00000000
vn 1.00000000 0.00000000 0.00000000
vn -1.00000000 0.00000000 0.00000000
vn 0.70710678 -0.70710678 0.00000000
vn 0.00000000 -1.00000000 0.00000000
vn 1.00000000 0.00000000 0.00000000
vn 0.00000000 0.00000000 -1.00000000
vn 0.57735027 -0.57735027 -0.57735027
vn 0.30245077 0.90443690 -0.30086115
vn 0.71258077 -0.01346332 -0.70146089
vn 0.70102340 -0.01902775 -0.71288438
vn 0.70750856 -0.00559596 -0.70668262
vn 0.70710678 0.00000000 0.70710678
vn 0.09546577 -0.73693877 -0.66918423
vn -0.57735027 -0.57735027 0.57735027
vn 0.00000000 -0.70710678 0.70710678
vn -0.70710678 0.00000000 0.70710678
vn 0.00000000 1.00000000 0.00000000
vn 0.00000000 1.00000000 0.00000000
vn 0.70710678 0.00000000 -0.70710678
vn 0.00000000 0.00000000 1.00000000
vn 0.00000000 1.00000000 0.00000000
vn 0.70710678 0.00000000 0.70710678
vn 1.00000000 0.00000000 0.00000000
vn 0.00000000 1.00000000 0.00000000
vn 0.00000000 -1.00000000 0.00000000
vn 0.70710678 0.00000000 0.70710678
vn 0.00000000 0.00000000 -1.00000000
vn 0.00000000 -0.70710678 0.70710678
vn -0.57735027 0.57735027 0.57735027
vn -0.70710678 -0.70710678 0.00000000
vn 0.65501994 -0.64686818 -0.39052585
vn 0.70710678 0.00000000 -0.70710678
vn 0.37812533 -0.64425317 -0.66480003
vn -0.01913739 0.70995764 -0.70398431
vn -0.70710678 0.00000000 0.70710678
vn 0.59401680 -0.57458592 -0.56302314
vn 0.00000000 1.00000000 0.00000000
vn 0.00000000 0.70710678 0.70710678
vn 0.00000000 -1.00000000 0.00000000
vn 0.00000000 -1.00000000 0.00000000
vn 0.30225673 0.90437533 0.30124097
vn 0.00000000 -1.00000000 0.00000000
vn 0.08412176 -0.73344260 0.67452611
vn -1.00000000 0.00000000 0.00000000
vn 0.71290827 -0.01911040 0.70099685
vn -0.85859319 -0.00703161 -0.51260930
vn -0.69662156 -0.00920648 -0.71737971
vn -1.00000000 0.00000000 0.00000000
vn 0.70710678 0.00000000 0.70710678
vn 0.00000000 0.70710678 0.70710678
vn 0.57937081 0.57407692 -0.57858893
vn -0.70710678 0.70710678 0.00000000
vn 0.68892090 0.72350771 -0.04387006
vn 0.71430283 -0.00302460 0.69983021
vn -0.70710678 0.00000000 -0.70710678
vn 0.57833555 0.57473805 0.57896818
vn 0.00000000 0.70710678 0.70710678
vn 0.00000000 0.00000000 0.00000000
vn 0.00000000 0.72058758 -0.69336394
vn -0.70710678 0.00000000 0.70710678
vn 0.12375371 0.00000000 -0.99231296
vn 0.00000000 0.70710678 0.70710678
vn 0.57735027 0.57735027 0.57735027
vn -0.01478469 0.01202837 0.99981835
vn 1.00000000 0.00000000 0.00000000
vn -0.99981468 0.01203200 0.01502818
vn 0.72760688 -0.48507125 -0.48507125
vn 0.00000000 0.00000000 -1.00000000
vn 0.57833555 0.57473805 0.57896818
vn 0.00000000 0.00000000 -1.00000000
vn -1.00000000 0.00000000 0.00000000
vn 0.57735027 0.57735027 0.57735027
vn -0.02670623 0.71103682 0.70264743
vn -0.70710678 0.70710678 0.00000000
vn -0.70099281 -0.71316834 0.00000000
vn 0.00000000 -0.71322754 0.70093257
vn -0.70710678 0.70710678 0.00000000
vn 0.00000000 0.70710678 0.70710678
vn -0.70710678 0.70710678 0.00000000
vn 0.70710678 0.70710678 0.00000000
vn 0.90453403 -0.30151134 -0.30151134
vn -0.74825907 0.65006229 0.13239101
vn 0.50161109 -0.00417365 -0.86508317
vn -0.57669966 0.57407507 0.58125323
vn 0.00834295 0.71262754 -0.70149297
vn 0.71063560 -0.00858685 -0.70350786
vn -0.70710678 0.00000000 0.70710678
vn 0.00000000 0.72322886 0.69060844
vn 0.85876196 -0.01030716 -0.51227107
vn -0.57735027 0.57735027 -0.57735027
vn 0.57735027 -0.57735027 -0.57735027
vn 0.70149297 0.71262754 -0.00834295
vn -0.70710678 0.70710678 0.00000000
vn 0.57858431 0.57408893 -0.57936352
vn 0.00000000 0.70710678 -0.70710678
vn -0.70710678 0.00000000 -0.70710678
vn -0.06935078 0.68112650 -0.72887390
vn 1.00000000 0.00000000 0.00000000
vn 0.68788653 0.72581824 0.00000000
vn -0.46082521 0.75835921 0.46101132
vn -0.57897516 0.57472651 -0.57834004
vn -0.70710678 0.70710678 0.00000000
vn -0.70710678 0.70710678 0.00000000
vn -0.51178891 0.02045497 -0.85886769
vn -0.57735027 -0.57735027 0.57735027
vn 0.65502055 -0.64678767 -0.39065814
vn 0.08862164 0.73630072 0.67082595
vn 0.00000000 0.72498036 0.68876954
vn -0.57735027 -0.57735027 0.57735027
vn 0.68975826 0.72360381 0.02512108
vn 0.70970919 -0.00634908 -0.70446614
vn 0.00000000 0.00000000 -1.00000000
vn 0.85941204 -0.01031725 -0.51117952
vn 0.51252834 -0.00698422 0.85864190
vn 0.00000000 0.00000000 1.00000000
vn 0.57735027 -0.57735027 0.57735027
vn 1.00000000 0.00000000 0.00000000
vn -0.57735027 0.57735027 -0.57735027
vn 0.57735027 -0.57735027 0.57735027
vn -0.70710678 0.00000000 -0.70710678
vn 1.00000000 0.00000000 0.00000000
vn 0.57735027 0.57735027 0.57735027
vn 0.70710678 0.00000000 -0.70710678
vn -0.44632194 -0.00907691 -0.89482643
vn 0.70710678 -0.70710678 0.00000000
vn 0.00000000 0.00000000 1.00000000
vn 0.70710678 0.00000000 0.70710678
vn 0.70710678 0.00000000 0.70710678
vn -0.90453403 -0.30151134 0.30151134
vn 0.00000000 0.00000000 -1.00000000
vn 0.00000000 0.00000000 -1.00000000
vn -0.70710678 0.70710678 0.00000000
vn 0.70710678 0.00000000 0.70710678
vn 0.00000000 -0.70710678 0.70710678
vn -0.70710678 0.70710678 0.00000000
vn -0.70710678 0.00000000 -0.70710678
vn 0.77804434 -0.21419844 0.59056417
vn 0.99225679 0.00000000 -0.12420333
vn -0.00560528 0.02483020 0.99967597
vn -0.70710678 0.70710678 0.00000000
vn 0.99964530 0.02327677 0.01294099
vn 0.00000000 0.00000000 1.00000000
vn -0.70710678 0.00000000 0.70710678
vn 0.71290827 -0.01911040 0.70099685
vn 0.70710678 0.00000000 0.70710678
vn 0.00000000 -1.00000000 0.00000000
vn -0.57735027 0.57735027 0.57735027
vn 0.57735027 0.57735027 -0.57735027
vn 0.00000000 0.00000000 1.00000000
vn -0.57735027 -0.57735027 -0.57735027
vn 0.00000000 1.00000000 0.00000000
vn 0.00000000 1.00000000 0.00000000
vn 0.30151134 -0.90453403 0.30151134
vn 0.00000000 1.00000000 0.00000000
vn 0.00000000 0.00000000 -1.00000000
vn -1.00000000 0.00000000 0.00000000
vn 0.00000000 1.00000000 0.00000000
vn -0.00011505 0.99999860 -0.00166818
vn 0.00000000 -1.00000000 0.00000000
vn 1.00000000 0.00000000 0.00000000
vn 0.00000000 0.70710678 0.70710678
vn 0.70710678 0.00000000 0.70710678
vn 0.00000000 -1.00000000 0.00000000
vn 0.70742340 0.70678560 -0.00250042
vn -1.00000000 0.00000000 0.00000000
vn -0.70710678 -0.70710678 0.00000000
vn -0.57723647 0.57523565 -0.57957053
vn 0.00000000 0.00000000 1.00000000
vn -0.70710678 0.00000000 -0.70710678
vn 0.00000000 -0.70710678 -0.70710678
vn 0.00000000 0.70710678 -0.70710678
vn 1.00000000 0.00000000 0.00000000
vn 0.00000000 -1.00000000 0.00000000
vn -1.00000000 0.00000000 0.00000000
vn -0.70710678 0.70710678 0.00000000
vn 0.00000000 0.00000000 1.00000000
vn 0.70294223 0.71080526 0.02506223
vn -0.57735027 -0.57735027 0.57735027
vn 0.12574742 -0.74622783 -0.65370606
vn 0.70308445 0.71069218 0.02426674
vn -0.70710678 -0.70710678 0.00000000
vn 0.00000000 0.00000000 -1.00000000
vn 0.69137693 0.72249425 0.00000000
vn -1.00000000 0.00000000 0.00000000
vn -0.14977016 0.04609128 -0.98764594
vn 0.00000000 -1.00000000 0.00000000
vn 1.00000000 0.00000000 0.00000000
vn 1.00000000 0.00000000 0.00000000
vn -0.70710678 0.00000000 -0.70710678
vn 0.00000000 -0.70710678 0.70710678
vn 0.57735027 -0.57735027 0.57735027
vn -0.70693146 -0.02584108 0.70680984
vn -1.00000000 0.00000000 0.00000000
vn 0.70294223 0.71080526 0.02506223
vn 0.58702130 -0.23907497 -0.77346567
vn -0.70710678 -0.70710678 0.00000000
vn -1.00000000 0.00000000 0.00000000
vn 0.00000000 0.00000000 1.00000000
vn 0.00000000 0.70710678 0.70710678
vn 0.30151134 0.90453403 -0.30151134
vn 0.00000000 1.00000000 0.00000000
vn 0.00000000 -1.00000000 0.00000000
vn 0.00000000 0.00000000 0.00000000
vn -0.00000000 0.00000000 0.00000000
vn -0.57735027 0.57735027 -0.57735027
vn 0.70710678 0.70710678 0.00000000
vn -1.00000000 0.00000000 0.00000000
vn 0.00000000 0.00000000 -1.00000000
vn 0.58226140 0.57322125 0.57653193
vn 0.69090358 0.72176322 -0.04135332
vn -0.57735027 -0.57735027 -0.57735027
vn 0.08088887 0.73430737 -0.67398047
vn 0.00000000 0.72769726 -0.68589846
vn -0.51283748 0.02439752 0.85813896
vn 0.86502108 -0.00411192 -0.50171867
vn 0.70750873 -0.00559707 -0.70668244
vn -0.70710678 0.70710678 0.00000000
vn 0.00000000 0.00000000 1.00000000
vn -1.00000000 0.00000000 0.00000000
vn -1.00000000 0.00000000 0.00000000
vn 0.58032563 0.55965381 0.59161624
vn -0.70710678 0.00000000 0.70710678
vn 0.00000000 0.72379109 0.69001918
vn -0.69008095 0.72373219 0.00000000
vn 0.00000000 0.70710678 0.70710678
vn -0.70710678 -0.70710678 0.00000000
vn 0.70308445 0.71069218 0.02426674
vn -0.70710678 -0.70710678 0.00000000
vn -0.57735027 0.57735027 0.57735027
vn 0.72237882 -0.01592825 0.69131406
vn 0.71258093 -0.01346445 -0.70146071
vn -0.70710678 0.70710678 0.00000000
vn 0.85121365 0.02255121 0.52433459
vn 0.00000000 0.70710678 0.70710678
vn -0.67942877 0.73180330 -0.05329605
vn -0.70710678 -0.70710678 0.00000000
vn 0.00000000 0.72053855 -0.69341488
vn 0.58272834 0.57282470 0.57645429
vn 0.70710678 0.70710678 0.00000000
vn -0.57735027 0.57735027 0.57735027
vn -1.00000000 0.00000000 0.00000000
vn 0.46307850 0.75573227 -0.46306268
vn 0.02521801 0.72366111 -0.68969460
vn 0.77840211 -0.21826259 0.58860139
vn -0.70710678 0.70710678 0.00000000
vn 0.65502347 -0.64678662 -0.39065499
vn -0.57735027 -0.57735027 0.57735027
vn 0.57735027 -0.57735027 -0.57735027
vn 0.00000000 0.00000000 1.00000000
vn 0.00831254 0.71260723 -0.70151396
vn 0.57735027 0.57735027 0.57735027
vn -0.52386943 0.02224110 -0.85150817
vn -0.57653193 0.57322125 -0.58226140
vn -0.57735027 -0.57735027 -0.57735027
vn -0.70710678 0.70710678 0.00000000
vn 0.68329135 -0.72587852 0.07882450
vn 0.00000000 0.00000000 0.00000000
vn 0.00000000 -1.00000000 0.00000000
vn 0.00000000 0.00000000 1.00000000
vn 1.00000000 0.00000000 0.00000000
vn 0.00000000 -1.00000000 0.00000000
vn 0.00000000 0.00000000 1.00000000
vn 0.00000000 -1.00000000 0.00000000
vn 0.00000000 0.00000000 -1.00000000
vn 0.00000000 -0.70710678 0.70710678
vn -0.70710678 0.00000000 -0.70710678
vn 0.70710678 0.70710678 0.00000000
vn 0.00000000 1.00000000 0.00000000
vn -0.01298721 0.02322007 -0.99964602
vn 0.00000000 0.70710678 -0.70710678
vn 0.00000000 0.00000000 -1.00000000
vn 0.00000000 0.70710678 0.70710678
vn 0.00000000 -0.70710678 0.70710678
vn 0.00000000 -1.00000000 0.00000000
vn 0.00000000 -1.00000000 0.00000000
vn 0.70710678 -0.70710678 0.00000000
vn -0.70710678 0.70710678 0.00000000
vn -1.00000000 0.00000000 0.00000000
vn 0.00000000 -1.00000000 0.00000000
vn 0.00224345 0.99999078 -0.00366238
vn 0.00000000 -1.00000000 0.00000000
vn -0.00078152 0.43878767 0.89859043
vn 0.00000000 -1.00000000 0.00000000
vn 0.00000000 -1.00000000 0.00000000
vn -1.00000000 0.00000000 0.00000000
vn -1.00000000 0.00000000 0.00000000
vn -1.00000000 0.00000000 0.00000000
vn -1.00000000 0.00000000 0.00000000
vn 1.00000000 0.00000000 0.00000000
vn -1.00000000 0.00000000 0.00000000
vn 1.00000000 0.00000000 0.00000000
vn 0.00000000 -1.00000000 0.00000000
vn 0.00000000 0.00000000 1.00000000
vn 0.00000000 0.00000000 -1.00000000
vn 0.00000000 0.00000000 -1.00000000
vn 0.00000000 0.00000000 -1.00000000
f 6//6 82//82 5//5
f 704//704 265//265 640//640
f 529//529 5//5 574//574
f 529//529 6//6 5//5
f 576//576 1117//1117 9//9
f 376//376 378//378 268//268
f 964//964 160//160 408//408
f 1048//1048 9//9 610//610
f 576//576 538//538 1117//1117
f 1//1 21//21 1297//1297
f 878//878 1113//1113 977//977
f 78//78 313//313 256//256
f 78//78 256//256 313//313
f 219//219 977//977 629//629
f 862//862 878//878 977//977
f 862//862 968//968 878//878
f 395//395 981//981 551//551
f 968//968 237//237 787//787
f 620//620 1346//1346 753//753
f 546//546 1112//1112 1115//1115
f 757//757 753//753 662//662
f 672//672 1357//1357 753//753
f 672//672 31//31 1357//1357
f 370//370 1209//1209 1280//1280
f 1262//1262 611//611 194//194
f 545//545 628//628 509//509
f 683//683 1346//1346 628//628
f 57//57 423//423 197//197
f 862//862 977//977 219//219
f 400//400 111//111 577//577
f 920//920 1168//1168 1184//1184
f 1044//1044 65//65 1096//1096
f 415//415 1001//1001 126//126
f 3//3 1373//1373 32//32
f 1240//1240 858//858 918//918
f 726//726 84//84 216//216
f 726//726 216//216 84//84
f 619//619 307//307 680//680
f 1002//1002 663//663 1007//1007
f 1002//1002 1007//1007 663//663
f 679//679 677//677 678//678
f 838//838 902//902 949//949
f 1294//1294 142//142 141//141
f 1294//1294 141//141 142//142
f 6//6 488//488 82//82
f 995//995 566//566 960//960
f 275//275 1218//1218 823//823
f 35//35 1036//1036 51//51
f 684//684 53//53 1356//1356
f 449//449 478//478 1180//1180
f 1000//1000 921//921 864//864
f 888//888 857//857 928//928
f 1279//1279 768//768 1263//1263
f 875//875 124//124 458//458
f 1146//1146 850//850 168//168
f 556//556 458//458 124//124
f 114//114 466//466 486//486
f 1234//1234 300//300 155//155
f 300//300 206//206 229//229
f 1082//1082 504//504 542//542
f 25//25 53//53 1384//1384
f 591//591 1030//1030 1097//1097
f 25//25 1384//1384 1281//1281
f 980//980 1047//1047 588//588
f 825//825 272//272 813//813
f 422//422 442//442 983//983
f 1267//1267 348//348 1281//1281
f 1053//1053 547//547 1116//1116
f 750//750 17//17 18//18
f 750//750 18//18 17//17
f 1251//1251 209//209 352//352
f 625//625 39//39 1387//1387
f 1375//1375 719//719 48//48
f 571//571 970//970 525//525
f 478//478 108//108 187//187
f 694//694 88//88 665//665
f 684//684 1380//1380 26//26
f 1355//1355 771//771 1386//1386
f 1025//1025 400//400 1064//1064
f 1222//1222 824//824 1261//1261
f 383//383 273//273 646//646
f 1158//1158 1132//1132 1099//1099
f 263//263 799//799 1239//1239
f 655//655 771//771 279//279
f 755//755 637//637 801//801
f 25//25 1281//1281 1354//1354
f 683//683 629//629 538//538
f 624//624 1387//1387 55//55
f 720//720 350//350 648//648
f 1063//1063 505//505 1031//1031
f 499//499 1171//1171 872//872
f 1125//1125 1035//1035 1062//1062
f 584//584 506//506 1050//1050
f 1276//1276 205//205 155//155
f 849//849 168//168 481//481
f 1001//1001 510//510 978//978
f 1247//1247 809//809 821//821
f 454//454 912//912 105//105
f 660//660 19//19 691//691
f 620//620 753//753 1357//1357
f 94//94 891//891 889//889
f 1345//1345 19//19 1385//1385
f 1312//1312 334//334 319//319
f 1038//1038 860//860 1071//1071
f 805//805 266//266 641//641
f 507//507 1158//1158 1099//1099
f 1210//1210 334//334 1312//1312
f 712//712 724//724 45//45
f 824//824 1250//1250 825//825
f 1210//1210 195//195 214//214
f 1326//1326 1220//1220 195//195
f 157//157 1347//1347 790//790
f 123//123 214//214 994//994
f 1362//1362 55//55 1387//1387
f 139//139 897//897 981//981
f 1345//1345 1385//1385 54//54
f 544//544 571//571 525//525
f 873//873 896//896 467//467
f 347//347 214//214 1220//1220
f 347//347 1282//1282 214//214
f 347//347 400//400 1282//1282
f 347//347 111//111 400//400
f 623//623 622//622 685//685
f 625//625 826//826 245//245
f 962//962 431//431 174//174
f 189//189 459//459 961//961
f 1232//1232 207//207 295//295
f 1001//1001 552//552 510//510
f 873//873 458//458 1082//1082
f 1358//1358 1069//1069 634//634
f 763//763 739//739 766//766
f 497//497 835//835 483//483
f 1246//1246 1260//1260 809//809
f 497//497 483//483 847//847
f 655//655 720//720 54//54
f 179//179 1228//1228 361//361
f 599//599 607//607 598//598
f 248//248 93//93 348//348
f 599//599 592//592 607//607
f 587//587 541//541 554//554
f 248//248 502//502 93//93
f 628//628 692//692 555//555
f 537//537 961//961 598//598
f 1249//1249 810//810 276//276
f 1258//1258 280//280 385//385
f 1258//1258 385//385 280//280
f 898//898 899//899 828//828
f 369//369 368//368 264//264
f 234//234 1325//1325 190//190
f 623//623 1278//1278 1380//1380
f 352//352 1280//1280 618//618
f 623//623 217//217 1278//1278
f 1085//1085 504//504 1033//1033
f 685//685 192//192 217//217
f 23//23 192//192 685//685
f 461//461 810//810 882//882
f 246//246 825//825 813//813
f 89//89 947//947 733//733
f 1081//1081 60//60 1368//1368
f 1216//1216 769//769 192//192
f 1216//1216 192//192 1293//1293
f 641//641 266//266 488//488
f 354//354 1217//1217 690//690
f 828//828 495//495 769//769
f 1162//1162 434//434 394//394
f 672//672 618//618 31//31
f 1216//1216 898//898 828//828
f 893//893 832//832 1030//1030
f 134//134 836//836 898//898
f 1352//1352 647//647 646//646
f 489//489 115//115 570//570
f 903//903 1170//1170 1193//1193
f 980//980 831//831 892//892
f 1313//1313 151//151 1224//1224
f 182//182 1163//1163 403//403
f 498//498 462//462 883//883
f 1058//1058 127//127 580//580
f 894//894 130//130 830//830
f 1248//1248 885//885 737//737
f 847//847 911//911 995//995
f 213//213 774//774 1248//1248
f 213//213 241//241 774//774
f 1248//1248 884//884 885//885
f 134//134 391//391 285//285
f 142//142 1295//1295 141//141
f 142//142 141//141 1295//1295
f 684//684 1356//1356 622//622
f 885//885 884//884 934//934
f 720//720 648//648 1375//1375
f 619//619 335//335 307//307
f 565//565 658//658 699//699
f 500//500 131//131 462//462
f 873//873 875//875 458//458
f 674//674 657//657 283//283
f 213//213 194//194 693//693
f 598//598 961//961 1188//1188
f 663//663 681//681 1007//1007
f 663//663 1007//1007 681//681
f 979//979 76//76 956//956
f 123//123 1326//1326 334//334
f 1202//1202 256//256 78//78
f 737//737 885//885 1132//1132
f 460//460 93//93 501//501
f 774//774 1093//1093 884//884
f 835//835 974//974 483//483
f 885//885 829//829 1132//1132
f 656//656 499//499 280//280
f 969//969 968//968 862//862
f 494//494 61//61 1099//1099
f 440//440 7//7 421//421
f 1116//1116 1026//1026 933//933
f 376//376 268//268 1245//1245
f 1291//1291 735//735 370//370
f 1350//1350 756//756 627//627
f 531//531 1066//1066 971//971
f 485//485 857//857 799//799
f 462//462 131//131 883//883
f 134//134 500//500 462//462
f 737//737 713//713 738//738
f 494//494 1099//1099 829//829
f 593//593 33//33 612//612
f 577//577 111//111 483//483
f 1//1 1297//1297 1213//1213
f 279//279 282//282 822//822
f 1349//1349 56//56 676//676
f 222//222 191//191 148//148
f 1053//1053 1116//1116 16//16
f 72//72 853//853 429//429
f 279//279 771//771 282//282
f 895//895 1051//1051 92//92
f 1073//1073 1057//1057 55//55
f 193//193 1280//1280 1209//1209
f 1116//1116 547//547 395//395
f 465//465 491//491 120//120
f 802//802 239//239 862//862
f 57//57 1003//1003 10//10
f 482//482 749//749 1187//1187
f 912//912 168//168 850//850
f 461//461 882//882 1153//1153
f 1094//1094 512//512 1095//1095
f 1153//1153 882//882 971//971
f 1122//1122 594//594 1102//1102
f 395//395 139//139 981//981
f 569//569 701//701 567//567
f 1024//1024 890//890 92//92
f 664//664 460//460 64//64
f 1267//1267 1281//1281 1384//1384
f 803//803 862//862 219//219
f 664//664 64//64 1349//1349
f 500//500 56//56 131//131
f 1037//1037 1382//1382 1092//1092
f 1012//1012 28//28 1219//1219
f 826//826 281//281 245//245
f 1354//1354 1264//1264 1277//1277
f 577//577 546//546 713//713
f 535//535 1023//1023 1098//1098
f 47//47 1346//1346 683//683
f 687//687 650//650 1353//1353
f 664//664 1349//1349 676//676
f 979//979 956//956 477//477
f 1091//1091 1349//1349 1089//1089
f 86//86 85//85 939//939
f 86//86 939//939 85//85
f 1049//1049 543//543 581//581
f 86//86 940//940 85//85
f 86//86 85//85 940//940
f 755//755 801//801 760//760
f 1379//1379 691//691 19//19
f 810//810 1371//1371 882//882
f 163//163 908//908 992//992
f 382//382 897//897 139//139
f 1087//1087 1050//1050 506//506
f 832//832 1115//1115 1112//1112
f 893//893 1115//1115 832//832
f 5//5 82//82 1207//1207
f 211//211 1292//1292 40//40
f 43//43 1377//1377 22//22
f 1339//1339 388//388 305//305
f 716//716 644//644 534//534
f 867//867 1076//1076 1363//1363
f 3//3 1296//1296 1342//1342
f 449//449 225//225 1320//1320
f 533//533 461//461 1111//1111
f 400//400 577//577 1132//1132
f 824//824 831//831 1250//1250
f 585//585 1057//1057 15//15
f 390//390 1259//1259 357//357
f 355//355 50//50 688//688
f 682//682 681//681 663//663
f 682//682 663//663 681//681
f 118//118 924//924 496//496
f 696//696 328//328 393//393
f 1128//1128 1036//1036 564//564
f 134//134 898//898 391//391
f 619//619 308//308 336//336
f 833//833 1084//1084 1114//1114
f 582//582 1051//1051 553//553
f 693//693 194//194 356//356
f 551//551 508//508 581//581
f 1381//1381 541//541 1093//1093
f 20//20 1348//1348 752//752
f 20//20 752//752 1348//1348
f 687//687 29//29 30//30
f 718//718 386//386 125//125
f 895//895 1090//1090 1051//1051
f 507//507 645//645 577//577
f 507//507 577//577 645//645
f 1070//1070 1068//1068 1119//1119
f 1345//1345 48//48 19//19
f 94//94 880//880 891//891
f 23//23 1293//1293 192//192
f 274//274 387//387 649//649
f 371//371 110//110 1237//1237
f 1215//1215 1373//1373 818//818
f 243//243 348//348 93//93
f 789//789 91//91 1343//1343
f 900//900 439//439 1156//1156
f 1353//1353 650//650 1065//1065
f 1175//1175 785//785 452//452
f 587//587 523//523 1071//1071
f 529//529 574//574 488//488
f 712//712 32//32 724//724
f 1322//1322 790//790 158//158
f 725//725 392//392 282//282
f 1000//1000 975//975 555//555
f 1351//1351 27//27 1367//1367
f 712//712 941//941 32//32
f 591//591 637//637 689//689
f 1345//1345 54//54 48//48
f 962//962 851//851 185//185
f 1267//1267 1384//1384 630//630
f 730//730 1221//1221 611//611
f 582//582 553//553 1032//1032
f 271//271 769//769 495//495
f 789//789 156//156 301//301
f 893//893 738//738 1115//1115
f 1179//1179 478//478 187//187
f 1048//1048 610//610 47//47
f 544//544 1097//1097 503//503
f 582//582 92//92 1051//1051
f 1055//1055 590//590 934//934
f 971//971 1088//1088 61//61
f 292//292 200//200 339//339
f 1267//1267 630//630 242//242
f 937//937 138//138 1052//1052
f 687//687 1252//1252 384//384
f 487//487 113//113 133//133
f 552//552 548//548 510//510
f 1107//1107 455//455 1151//1151
f 775//775 284//284 1259//1259
f 1097//1097 464//464 503//503
f 807//807 642//642 1365//1365
f 1063//1063 1031//1031 894//894
f 1244//1244 247//247 770//770
f 937//937 928//928 138//138
f 275//275 673//673 615//615
f 277//277 1214//1214 770//770
f 65//65 1114//1114 1096//1096
f 3//3 32//32 1258//1258
f 1378//1378 772//772 819//819
f 277//277 353//353 1214//1214
f 833//833 1114//1114 65//65
f 1181//1181 182//182 403//403
f 231//231 329//329 303//303
f 44//44 46//46 1370//1370
f 497//497 1098//1098 1172//1172
f 8//8 95//95 60//60
f 788//788 155//155 229//229
f 712//712 32//32 353//353
f 347//347 1220//1220 910//910
f 496//496 833//833 65//65
f 1155//1155 1191//1191 456//456
f 804//804 351//351 266//266
f 277//277 644//644 353//353
f 1046//1046 14//14 1133//1133
f 389//389 1260//1260 820//820
f 1049//1049 1085//1085 1094//1094
f 1027//1027 1369//1369 22//22
f 422//422 983//983 950//950
f 1355//1355 625//625 1387//1387
f 650//650 384//384 276//276
f 1258//1258 380//380 1255//1255
f 1258//1258 1255//1255 380//380
f 25//25 23//23 1356//1356
f 1101//1101 746//746 1021//1021
f 193//193 692//692 31//31
f 1024//1024 583//583 549//549
f 1215//1215 1214//1214 353//353
f 389//389 691//691 654//654
f 536//536 464//464 63//63
f 622//622 1356//1356 685//685
f 489//489 570//570 527//527
f 369//369 735//735 1242//1242
f 1042//1042 874//874 924//924
f 777//777 318//318 1284//1284
f 422//422 69//69 442//442
f 1244//1244 770//770 804//804
f 218//218 790//790 668//668
f 774//774 1381//1381 1093//1093
f 1046//1046 578//578 44//44
f 27//27 686//686 643//643
f 536//536 503//503 464//464
f 136//136 495//495 828//828
f 1350//1350 776//776 675//675
f 1258//1258 724//724 380//380
f 1350//1350 1090//1090 834//834
f 1166//1166 407//407 848//848
f 173//173 81//81 976//976
f 347//347 910//910 111//111
f 1212//1212 1255//1255 50//50
f 793//793 1344//1344 235//235
f 664//664 676//676 1383//1383
f 533//533 62//62 1065//1065
f 1087//1087 891//891 880//880
f 733//733 90//90 697//697
f 591//591 689//689 1030//1030
f 586//586 532//532 495//495
f 177//177 28//28 1013//1013
f 507//507 577//577 483//483
f 1116//1116 395//395 1026//1026
f 686//686 52//52 349//349
f 107//107 186//186 844//844
f 818//818 277//277 770//770
f 1252//1252 30//30 49//49
f 119//119 869//869 490//490
f 94//94 867//867 491//491
f 248//248 348//348 1267//1267
f 683//683 511//511 629//629
f 1105//1105 746//746 1124//1124
f 757//757 728//728 758//758
f 620//620 1357//1357 628//628
f 433//433 397//397 81//81
f 240//240 311//311 294//294
f 1266//1266 754//754 143//143
f 1353//1353 38//38 29//29
f 1028//1028 129//129 891//891
f 621//621 608//608 609//609
f 1350//1350 675//675 756//756
f 1201//1201 906//906 75//75
f 793//793 332//332 697//697
f 1198//1198 842//842 886//886
f 775//775 675//675 284//284
f 865//865 921//921 115//115
f 1038//1038 566//566 995//995
f 890//890 1063//1063 830//830
f 16//16 1116//1116 933//933
f 373//373 709//709 116//116
f 812//812 1373//1373 1342//1342
f 127//127 899//899 836//836
f 664//664 243//243 460//460
f 189//189 961//961 1172//1172
f 804//804 1214//1214 351//351
f 544//544 525//525 591//591
f 366//366 483//483 111//111
f 43//43 22//22 1369//1369
f 1228//1228 1318//1318 782//782
f 68//68 397//397 433//433
f 584//584 510//510 548//548
f 761//761 1278//1278 659//659
f 493//493 868//868 490//490
f 471//471 420//420 121//121
f 556//556 1033//1033 504//504
f 718//718 652//652 386//386
f 550//550 414//414 1135//1135
f 13//13 1044//1044 573//573
f 687//687 384//384 650//650
f 812//812 280//280 1258//1258
f 812//812 1258//1258 280//280
f 757//757 672//672 753//753
f 467//467 896//896 133//133
f 937//937 1058//1058 124//124
f 625//625 245//245 707//707
f 599//599 66//66 994//994
f 218//218 668//668 302//302
f 1091//1091 16//16 56//56
f 1161//1161 450//450 432//432
f 12//12 1065//1065 62//62
f 244//244 772//772 1378//1378
f 643//643 686//686 269//269
f 269//269 686//686 349//349
f 1351//1351 1096//1096 539//539
f 165//165 993//993 1143//1143
f 1355//1355 1387//1387 624//624
f 861//861 968//968 969//969
f 542//542 508//508 588//588
f 623//623 1380//1380 684//684
f 872//872 1083//1083 1373//1373
f 553//553 1051//1051 540//540
f 1218//1218 390//390 357//357
f 136//136 828//828 899//899
f 623//623 685//685 217//217
f 772//772 287//287 1376//1376
f 556//556 1058//1058 580//580
f 379//379 653//653 710//710
f 1292//1292 736//736 1245//1245
f 499//499 539//539 1171//1171
f 179//179 1177//1177 1228//1228
f 864//864 921//921 923//923
f 623//623 684//684 622//622
f 1//1 1213//1213 754//754
f 51//51 1036//1036 615//615
f 1150//1150 887//887 1176//1176
f 278//278 651//651 387//387
f 30//30 1217//1217 49//49
f 466//466 877//877 128//128
f 247//247 266//266 351//351
f 247//247 351//351 266//266
f 1353//1353 1039//1039 38//38
f 1228//1228 181//181 1196//1196
f 1045//1045 1079//1079 530//530
f 893//893 1262//1262 738//738
f 1122//1122 560//560 561//561
f 550//550 125//125 414//414
f 855//855 161//161 1185//1185
f 867//867 889//889 1076//1076
f 587//587 554//554 537//537
f 1297//1297 143//143 1213//1213
f 632//632 91//91 230//230
f 1264//1264 243//243 1383//1383
f 1266//1266 143//143 1297//1297
f 355//355 1253//1253 1212//1212
f 664//664 1383//1383 243//243
f 929//929 881//881 1254//1254
f 134//134 462//462 836//836
f 773//773 734//734 762//762
f 715//715 1255//1255 380//380
f 1352//1352 273//273 814//814
f 549//549 548//548 505//505
f 356//356 194//194 611//611
f 1327//1327 21//21 754//754
f 1350//1350 627//627 1090//1090
f 535//535 1098//1098 497//497
f 244//244 653//653 379//379
f 1258//1258 32//32 380//380
f 1258//1258 380//380 32//32
f 179//179 1227//1227 1177//1177
f 1333//1333 1301//1301 1315//1315
f 929//929 1001//1001 978//978
f 761//761 659//659 1382//1382
f 71//71 992//992 1142//1142
f 63//63 464//464 1112//1112
f 1091//1091 56//56 1349//1349
f 520//520 1054//1054 589//589
f 262//262 1359//1359 634//634
f 982//982 440//440 949//949
f 982//982 949//949 440//440
f 1272//1272 1287//1287 1336//1336
f 138//138 928//928 857//857
f 44//44 1372//1372 46//46
f 396//396 132//132 1118//1118
f 480//480 104//104 183//183
f 1028//1028 506//506 549//549
f 1356//1356 23//23 685//685
f 1307//1307 936//936 843//843
f 1025//1025 1064//1064 537//537
f 619//619 680//680 308//308
f 344//344 257//257 210//210
f 660//660 691//691 281//281
f 888//888 1239//1239 857//857
f 359//359 250//250 1301//1301
f 934//934 137//137 829//829
f 1251//1251 618//618 731//731
f 1111//1111 1153//1153 877//877
f 726//726 216//216 215//215
f 726//726 215//215 216//216
f 116//116 574//574 708//708
f 130//130 501//501 830//830
f 94//94 889//889 867//867
f 1378//1378 286//286 652//652
f 1362//1362 1073//1073 55//55
f 1261//1261 350//350 822//822
f 1034//1034 1067//1067 765//765
f 1351//1351 1367//1367 42//42
f 660//660 281//281 826//826
f 383//383 126//126 929//929
f 320//320 221//221 474//474
f 320//320 474//474 221//221
f 591//591 525//525 637//637
f 668//668 790//790 1347//1347
f 1189//1189 900//900 1156//1156
f 1028//1028 583//583 129//129
f 624//624 55//55 725//725
f 804//804 266//266 265//265
f 707//707 245//245 374//374
f 172//172 853//853 79//79
f 627//627 540//540 1090//1090
f 1171//1171 539//539 1114//1114
f 656//656 1351//1351 539//539
f 1199//1199 427//427 436//436
f 1350//1350 834//834 776//776
f 647//647 714//714 1372//1372
f 164//164 474//474 445//445
f 396//396 1118//1118 896//896
f 1211//1211 305//305 388//388
f 686//686 721//721 52//52
f 492//492 60//60 95//95
f 1216//1216 828//828 769//769
f 1352//1352 646//646 273//273
f 773//773 1241//1241 734//734
f 550//550 22//22 718//718
f 801//801 635//635 760//760
f 529//529 709//709 641//641
f 500//500 676//676 56//56
f 1351//1351 42//42 1096//1096
f 273//273 815//815 814//814
f 811//811 393//393 328//328
f 893//893 24//24 1262//1262
f 1253//1253 349//349 1212//1212
f 1026//1026 395//395 551//551
f 1000//1000 692//692 193//193
f 1165//1165 1143//1143 453//453
f 881//881 1256//1256 816//816
f 582//582 1032//1032 129//129
f 696//696 1360//1360 947//947
f 800//800 1221//1221 730//730
f 1311//1311 144//144 1332//1332
f 662//662 610//610 728//728
f 64//64 1089//1089 1349//1349
f 854//854 80//80 966//966
f 1266//1266 1327//1327 754//754
f 1213//1213 143//143 754//754
f 1049//1049 1094//1094 543//543
f 930//930 1066//1066 1029//1029
f 1249//1249 724//724 45//45
f 1117//1117 1113//1113 728//728
f 639//639 638//638 706//706
f 706//706 40//40 1363//1363
f 803//803 219//219 864//864
f 13//13 496//496 65//65
f 917//917 918//918 858//858
f 673//673 1382//1382 51//51
f 630//630 1384//1384 722//722
f 999//999 931//931 978//978
f 639//639 706//706 1363//1363
f 980//980 588//588 948//948
f 1381//1381 658//658 541//541
f 620//620 628//628 1346//1346
f 1379//1379 719//719 651//651
f 8//8 60//60 1081//1081
f 493//493 490//490 869//869
f 327//327 1321//1321 229//229
f 1042//1042 1086//1086 874//874
f 1024//1024 92//92 583//583
f 1165//1165 909//909 1183//1183
f 805//805 1365//1365 640//640
f 980//980 948//948 831//831
f 246//246 648//648 350//350
f 584//584 999//999 510//510
f 930//930 1029//1029 579//579
f 1000//1000 555//555 692//692
f 551//551 581//581 543//543
f 330//330 791//791 232//232
f 1364//1364 690//690 29//29
f 42//42 1044//1044 1096//1096
f 1222//1222 892//892 824//824
f 485//485 520//520 589//589
f 1215//1215 351//351 1214//1214
f 1223//1223 199//199 149//149
f 746//746 767//767 1106//1106
f 213//213 693//693 241//241
f 1326//1326 195//195 319//319
f 507//507 1099//1099 61//61
f 1128//1128 564//564 1108//1108
f 893//893 1030//1030 24//24
f 817//817 1256//1256 286//286
f 118//118 496//496 13//13
f 1107//1107 1151//1151 1187//1187
f 609//609 608//608 626//626
f 627//627 701//701 540//540
f 245//245 820//820 374//374
f 24//24 611//611 1262//1262
f 606//606 519//519 482//482
f 1222//1222 132//132 892//892
f 662//662 47//47 610//610
f 73//73 417//417 446//446
f 935//935 860//860 486//486
f 883//883 1095//1095 512//512
f 400//400 961//961 994//994
f 1354//1354 1277//1277 1293//1293
f 551//551 981//981 508//508
f 662//662 1346//1346 47//47
f 355//355 688//688 1217//1217
f 2//2 724//724 942//942
f 894//894 14//14 130//130
f 544//544 1086//1086 571//571
f 592//592 554//554 541//541
f 1367//1367 643//643 1366//1366
f 943//943 955//955 514//514
f 584//584 548//548 506//506
f 1167//1167 1019//1019 178//178
f 980//980 396//396 1047//1047
f 932//932 880//880 95//95
f 627//627 756//756 729//729
f 171//171 172//172 966//966
f 929//929 978//978 881//881
f 526//526 1076//1076 1032//1032
f 1382//1382 659//659 1092//1092
f 12//12 62//62 114//114
f 662//662 753//753 1346//1346
f 698//698 633//633 636//636
f 1046//1046 1133//1133 578//578
f 1252//1252 381//381 384//384
f 863//863 795//795 846//846
f 1316//1316 150//150 779//779
f 1252//1252 49//49 715//715
f 415//415 1031//1031 552//552
f 94//94 491//491 465//465
f 204//204 326//326 151//151
f 740//740 766//766 1124//1124
f 712//712 353//353 644//644
f 800//800 755//755 760//760
f 1210//1210 214//214 334//334
f 996//996 871//871 976//976
f 536//536 1084//1084 463//463
f 1118//1118 15//15 133//133
f 737//737 738//738 711//711
f 1118//1118 132//132 585//585
f 579//579 137//137 140//140
f 1271//1271 224//224 1335//1335
f 246//246 1261//1261 825//825
f 817//817 278//278 1257//1257
f 469//469 96//96 438//438
f 193//193 31//31 1280//1280
f 986//986 1335//1335 905//905
f 833//833 463//463 1084//1084
f 507//507 483//483 1158//1158
f 1056//1056 590//590 1055//1055
f 832//832 1112//1112 464//464
f 1118//1118 585//585 15//15
f 1117//1117 728//728 610//610
f 773//773 283//283 356//356
f 296//296 226//226 154//154
f 812//812 1258//1258 1373//1373
f 400//400 554//554 994//994
f 775//775 756//756 675//675
f 1144//1144 184//184 166//166
f 1269//1269 320//320 1302//1302
f 1080//1080 1043//1043 1079//1079
f 601//601 602//602 742//742
f 476//476 1197//1197 447//447
f 409//409 1038//1038 995//995
f 11//11 917//917 112//112
f 905//905 1335//1335 1329//1329
f 985//985 1194//1194 953//953
f 824//824 892//892 831//831
f 536//536 972//972 1084//1084
f 327//327 229//229 206//206
f 484//484 858//858 797//797
f 859//859 1128//1128 1108//1108
f 1125//1125 746//746 1035//1035
f 764//764 1067//1067 745//745
f 1288//1288 312//312 345//345
f 241//241 693//693 657//657
f 271//271 495//495 532//532
f 730//730 24//24 689//689
f 1061//1061 1034//1034 765//765
f 587//587 537//537 607//607
f 860//860 919//919 486//486
f 633//633 1359//1359 700//700
f 1268//1268 149//149 1301//1301
f 1097//1097 1030//1030 832//832
f 700//700 1359//1359 36//36
f 409//409 110//110 1130//1130
f 231//231 208//208 329//329
f 674//674 1381//1381 241//241
f 217//217 192//192 769//769
f 565//565 522//522 523//523
f 812//812 1342//1342 1331//1331
f 1325//1325 147//147 190//190
f 565//565 635//635 522//522
f 878//878 968//968 787//787
f 1139//1139 988//988 451//451
f 27//27 721//721 686//686
f 698//698 521//521 564//564
f 1074//1074 1041//1041 1075//1075
f 273//273 1254//1254 815//815
f 1354//1354 1281//1281 1264//1264
f 760//760 635//635 699//699
f 1240//1240 797//797 858//858
f 59//59 670//670 264//264
f 225//225 783//783 322//322
f 144//144 1298//1298 1332//1332
f 1216//1216 391//391 898//898
f 263//263 798//798 799//799
f 314//314 364//364 256//256
f 912//912 1145//1145 430//430
f 263//263 1242//1242 798//798
f 1061//1061 765//765 605//605
f 26//26 823//823 1218//1218
f 605//605 765//765 596//596
f 633//633 1358//1358 634//634
f 280//280 385//385 721//721
f 129//129 889//889 891//891
f 633//633 634//634 1359//1359
f 1106//1106 1072//1072 1019//1019
f 119//119 572//572 374//374
f 1037//1037 1358//1358 35//35
f 11//11 1036//1036 1128//1128
f 865//865 115//115 489//489
f 52//52 1255//1255 1212//1212
f 698//698 1358//1358 633//633
f 182//182 1017//1017 1163//1163
f 341//341 955//955 1305//1305
f 3//3 1258//1258 1296//1296
f 587//587 1093//1093 541//541
f 171//171 80//80 965//965
f 542//542 1085//1085 581//581
f 112//112 261//261 367//367
f 484//484 797//797 261//261
f 1375//1375 649//649 719//719
f 847//847 260//260 796//796
f 847//847 483//483 260//260
f 119//119 374//374 1246//1246
f 153//153 784//784 256//256
f 422//422 410//410 69//69
f 937//937 938//938 1058//1058
f 847//847 796//796 1238//1238
f 902//902 176//176 421//421
f 409//409 995//995 911//911
f 59//59 264//264 487//487
f 68//68 456//456 1191//1191
f 1101//1101 1020//1020 1124//1124
f 859//859 918//918 917//917
f 568//568 704//704 1039//1039
f 1364//1364 29//29 38//38
f 173//173 916//916 1147//1147
f 3//3 32//32 941//941
f 1312//1312 319//319 195//195
f 809//809 1260//1260 821//821
f 707//707 374//374 572//572
f 915//915 456//456 433//433
f 373//373 247//247 1244//1244
f 1155//1155 456//456 1205//1205
f 855//855 967//967 67//67
f 1185//1185 437//437 967//967
f 800//800 760//760 734//734
f 1037//1037 35//35 51//51
f 1154//1154 1185//1185 161//161
f 1025//1025 554//554 400//400
f 1138//1138 1195//1195 986//986
f 1169//1169 904//904 1148//1148
f 703//703 567//567 524//524
f 11//11 112//112 367//367
f 423//423 953//953 70//70
f 320//320 100//100 474//474
f 982//982 949//949 902//902
f 740//740 763//763 766//766
f 536//536 63//63 972//972
f 398//398 837//837 67//67
f 776//776 502//502 248//248
f 1278//1278 271//271 659//659
f 838//838 949//949 440//440
f 1166//1166 848//848 912//912
f 1003//1003 87//87 10//10
f 1141//1141 991//991 1164//1164
f 204//204 227//227 297//297
f 1308//1308 1287//1287 1319//1319
f 938//938 1052//1052 136//136
f 116//116 1207//1207 488//488
f 469//469 438//438 1174//1174
f 411//411 418//418 176//176
f 1071//1071 523//523 566//566
f 564//564 521//521 1108//1108
f 169//169 1136//1136 914//914
f 996//996 1205//1205 1147//1147
f 1314//1314 222//222 148//148
f 1190//1190 901//901 439//439
f 402//402 989//989 603//603
f 773//773 356//356 1221//1221
f 1283//1283 1192//1192 1137//1137
f 1306//1306 841//841 342//342
f 1156//1156 439//439 901//901
f 487//487 368//368 113//113
f 1157//1157 1191//1191 902//902
f 761//761 823//823 1380//1380
f 982//982 513//513 949//949
f 968//968 521//521 636//636
f 795//795 1237//1237 911//911
f 310//310 1285//1285 777//777
f 930//930 128//128 877//877
f 440//440 949//949 7//7
f 971//971 882//882 1088//1088
f 1037//1037 1092//1092 1069//1069
f 557//557 7//7 513//513
f 310//310 321//321 1285//1285
f 289//289 1283//1283 145//145
f 669//669 732//732 90//90
f 373//373 573//573 709//709
f 358//358 98//98 1192//1192
f 959//959 406//406 163//163
f 705//705 1006//1006 666//666
f 873//873 467//467 875//875
f 834//834 135//135 502//502
f 1215//1215 32//32 1373//1373
f 1222//1222 1261//1261 822//822
f 1299//1299 339//339 1273//1273
f 1379//1379 654//654 691//691
f 956//956 103//103 477//477
f 587//587 1071//1071 1056//1056
f 984//984 70//70 953//953
f 545//545 511//511 683//683
f 1216//1216 1293//1293 391//391
f 715//715 50//50 1255//1255
f 846//846 795//795 911//911
f 101//101 423//423 472//472
f 472//472 1194//1194 446//446
f 409//409 911//911 110//110
f 593//593 1014//1014 33//33
f 1344//1344 697//697 90//90
f 201//201 340//340 146//146
f 1042//1042 998//998 571//571
f 1105//1105 1020//1020 747//747
f 1242//1242 36//36 798//798
f 1341//1341 1328//1328 147//147
f 386//386 931//931 125//125
f 399//399 1137//1137 98//98
f 440//440 176//176 1174//1174
f 1269//1269 840//840 164//164
f 497//497 435//435 597//597
f 1202//1202 363//363 256//256
f 1000//1000 193//193 921//921
f 1028//1028 891//891 1087//1087
f 172//172 965//965 853//853
f 1269//1269 164//164 445//445
f 1200//1200 843//843 936//936
f 910//910 994//994 960//960
f 616//616 670//670 37//37
f 888//888 928//928 875//875
f 930//930 579//579 140//140
f 117//117 1131//1131 573//573
f 785//785 226//226 452//452
f 373//373 247//247 266//266
f 373//373 266//266 247//247
f 164//164 99//99 952//952
f 415//415 1133//1133 1031//1031
f 402//402 1059//1059 58//58
f 590//590 140//140 137//137
f 1120//1120 905//905 1329//1329
f 169//169 1127//1127 1100//1100
f 78//78 256//256 784//784
f 313//313 343//343 957//957
f 1053//1053 46//46 547//547
f 99//99 903//903 444//444
f 984//984 953//953 1194//1194
f 153//153 404//404 1182//1182
f 556//556 580//580 1033//1033
f 1074//1074 39//39 1041//1041
f 694//694 945//945 88//88
f 78//78 404//404 990//990
f 885//885 934//934 829//829
f 444//444 903//903 1193//1193
f 1149//1149 927//927 827//827
f 1149//1149 827//827 927//927
f 606//606 482//482 455//455
f 169//169 407//407 180//180
f 818//818 247//247 351//351
f 818//818 351//351 247//247
f 1175//1175 154//154 785//785
f 9//9 1117//1117 610//610
f 806//806 40//40 1245//1245
f 452//452 1164//1164 991//991
f 290//290 221//221 198//198
f 443//443 197//197 423//423
f 424//424 445//445 100//100
f 1086//1086 503//503 463//463
f 424//424 221//221 445//445
f 1291//1291 352//352 209//209
f 1302//1302 474//474 840//840
f 1166//1166 184//184 1184//1184
f 1338//1338 304//304 1211//1211
f 1138//1138 986//986 905//905
f 569//569 567//567 703//703
f 164//164 840//840 474//474
f 1286//1286 1195//1195 1138//1138
f 733//733 947//947 1360//1360
f 228//228 315//315 298//298
f 1286//1286 1138//1138 905//905
f 1286//1286 905//905 1138//1138
f 373//373 1244//1244 117//117
f 309//309 1335//1335 986//986
f 475//475 1176//1176 904//904
f 1091//1091 1089//1089 1370//1370
f 804//804 371//371 1237//1237
f 1271//1271 291//291 224//224
f 1303//1303 251//251 359//359
f 1303//1303 359//359 1333//1333
f 271//271 532//532 659//659
f 786//786 1224//1224 151//151
f 212//212 256//256 228//228
f 426//426 75//75 448//448
f 1271//1271 1226//1226 338//338
f 912//912 166//166 1062//1062
f 792//792 331//331 233//233
f 281//281 691//691 389//389
f 694//694 614//614 945//945
f 1262//1262 194//194 711//711
f 310//310 777//777 1284//1284
f 296//296 154//154 104//104
f 1172//1172 961//961 1158//1158
f 321//321 778//778 1285//1285
f 786//786 297//297 1224//1224
f 1352//1352 814//814 813//813
f 1127//1127 748//748 1100//1100
f 1074//1074 1075//1075 1040//1040
f 1227//1227 780//780 1177//1177
f 1325//1325 1290//1290 732//732
f 748//748 914//914 1022//1022
f 1015//1015 34//34 1138//1138
f 246//246 1374//1374 648//648
f 617//617 270//270 376//376
f 1329//1329 1335//1335 34//34
f 1076//1076 889//889 1032//1032
f 383//383 1254//1254 273//273
f 1313//1313 227//227 151//151
f 1270//1270 779//779 1286//1286
f 975//975 219//219 629//629
f 386//386 286//286 1256//1256
f 245//245 281//281 820//820
f 178//178 1019//1019 1062//1062
f 641//641 709//709 42//42
f 57//57 10//10 423//423
f 344//344 298//298 257//257
f 507//507 645//645 716//716
f 1276//1276 346//346 205//205
f 1070//1070 1124//1124 1068//1068
f 515//515 944//944 341//341
f 26//26 722//722 53//53
f 1228//1228 1196//1196 361//361
f 999//999 414//414 125//125
f 177//177 1219//1219 28//28
f 698//698 636//636 521//521
f 333//333 375//375 342//342
f 102//102 74//74 447//447
f 922//922 863//863 998//998
f 374//374 820//820 1246//1246
f 476//476 447//447 987//987
f 425//425 102//102 954//954
f 415//415 126//126 578//578
f 429//429 853//853 406//406
f 887//887 1206//1206 1148//1148
f 1101//1101 1124//1124 746//746
f 1037//1037 1069//1069 1358//1358
f 1230//1230 292//292 145//145
f 181//181 780//780 1227//1227
f 1082//1082 458//458 504//504
f 729//729 1129//1129 701//701
f 712//712 1371//1371 645//645
f 712//712 645//645 1371//1371
f 466//466 128//128 486//486
f 1048//1048 47//47 576//576
f 400//400 994//994 1282//1282
f 1159//1159 401//401 448//448
f 859//859 1108//1108 1109//1109
f 1270//1270 1286//1286 1334//1334
f 700//700 237//237 636//636
f 234//234 317//317 1290//1290
f 794//794 846//846 960//960
f 1307//1307 255//255 362//362
f 234//234 1290//1290 1325//1325
f 1027//1027 550//550 1135//1135
f 73//73 446//446 1194//1194
f 207//207 345//345 295//295
f 630//630 284//284 242//242
f 1204//1204 1183//1183 909//909
f 1234//1234 206//206 300//300
f 552//552 505//505 548//548
f 743//743 1121//1121 560//560
f 948//948 981//981 897//897
f 1010//1010 667//667 695//695
f 1196//1196 181//181 1227//1227
f 975//975 629//629 511//511
f 430//430 481//481 105//105
f 279//279 822//822 350//350
f 1291//1291 370//370 352//352
f 1018//1018 764//764 745//745
f 829//829 1099//1099 1132//1132
f 263//263 369//369 1242//1242
f 257//257 298//298 315//315
f 849//849 913//913 1146//1146
f 275//275 615//615 367//367
f 488//488 489//489 866//866
f 584//584 414//414 999//999
f 31//31 692//692 1357//1357
f 116//116 923//923 865//865
f 630//630 722//722 357//357
f 1166//1166 1184//1184 407//407
f 485//485 138//138 857//857
f 1184//1184 184//184 1144//1144
f 88//88 631//631 665//665
f 73//73 1194//1194 985//985
f 1222//1222 822//822 392//392
f 1362//1362 39//39 1074//1074
f 912//912 848//848 1144//1144
f 687//687 1353//1353 29//29
f 367//367 261//261 390//390
f 13//13 65//65 1044//1044
f 788//788 229//229 1321//1321
f 984//984 1194//1194 472//472
f 299//299 1233//1233 258//258
f 78//78 990//990 313//313
f 78//78 313//313 990//990
f 993//993 453//453 1143//1143
f 289//289 358//358 1283//1283
f 224//224 360//360 1335//1335
f 1355//1355 624//624 771//771
f 705//705 666//666 667//667
f 1374//1374 649//649 648//648
f 912//912 850//850 1145//1145
f 995//995 960//960 994//994
f 1308//1308 1336//1336 1287//1287
f 888//888 113//113 1239//1239
f 1231//1231 1308//1308 1319//1319
f 1364//1364 38//38 640//640
f 475//475 904//904 1195//1195
f 256//256 203//203 614//614
f 1125//1125 1019//1019 1072//1072
f 847//847 910//910 911//911
f 1190//1190 439//439 68//68
f 1117//1117 538//538 1113//1113
f 595//595 562//562 517//517
f 1380//1380 823//823 26//26
f 112//112 858//858 484//484
f 1181//1181 744//744 1017//1017
f 1316//1316 1334//1334 150//150
f 1268//1268 1223//1223 149//149
f 1167//1167 1035//1035 1106//1106
f 475//475 437//437 1176//1176
f 550//550 718//718 125//125
f 1181//1181 1017//1017 182//182
f 1024//1024 549//549 505//505
f 78//78 1182//1182 404//404
f 878//878 758//758 1113//1113
f 1123//1123 403//403 1103//1103
f 616//616 264//264 670//670
f 129//129 1032//1032 889//889
f 101//101 985//985 953//953
f 1271//1271 338//338 291//291
f 852//852 108//108 80//80
f 789//789 230//230 91//91
f 937//937 1052//1052 938//938
f 405//405 104//104 154//154
f 1052//1052 586//586 136//136
f 442//442 1137//1137 983//983
f 975//975 864//864 219//219
f 186//186 72//72 429//429
f 1026//1026 551//551 543//543
f 207//207 259//259 345//345
f 536//536 463//463 503//503
f 1105//1105 1124//1124 1020//1020
f 311//311 254//254 294//294
f 1202//1202 78//78 990//990
f 894//894 1031//1031 1133//1133
f 1104//1104 1034//1034 1018//1018
f 256//256 363//363 313//313
f 244//244 821//821 772//772
f 1157//1157 442//442 1191//1191
f 1268//1268 250//250 337//337
f 964//964 432//432 187//187
f 1337//1337 1319//1319 782//782
f 1286//1286 34//34 1335//1335
f 838//838 440//440 1174//1174
f 1251//1251 352//352 618//618
f 1037//1037 51//51 1382//1382
f 354//354 642//642 267//267
f 544//544 591//591 1097//1097
f 492//492 465//465 120//120
f 256//256 614//614 631//631
f 789//789 301//301 230//230
f 1338//1338 365//365 1236//1236
f 1264//1264 1383//1383 1277//1277
f 1374//1374 274//274 649//649
f 341//341 944//944 514//514
f 545//545 509//509 511//511
f 46//46 714//714 547//547
f 24//24 1030//1030 689//689
f 23//23 1354//1354 1293//1293
f 114//114 62//62 466//466
f 841//841 1305//1305 955//955
f 698//698 35//35 1358//1358
f 577//577 716//716 645//645
f 577//577 645//645 716//716
f 314//314 256//256 88//88
f 943//943 514//514 944//944
f 794//794 960//960 236//236
f 1289//1289 328//328 316//316
f 228//228 256//256 364//364
f 529//529 1078//1078 1079//1079
f 1258//1258 380//380 385//385
f 535//535 497//497 597//597
f 807//807 269//269 267//267
f 101//101 472//472 446//446
f 839//839 951//951 1300//1300
f 669//669 1341//1341 732//732
f 1122//1122 601//601 742//742
f 1198//1198 448//448 75//75
f 975//975 511//511 555//555
f 139//139 547//547 714//714
f 249//249 339//339 1299//1299
f 990//990 313//313 957//957
f 402//402 58//58 428//428
f 761//761 673//673 823//823
f 761//761 1380//1380 1278//1278
f 524//524 969//969 638//638
f 781//781 1178//1178 181//181
f 757//757 731//731 672//672
f 763//763 1070//1070 739//739
f 604//604 666//666 1008//1008
f 522//522 960//960 566//566
f 915//915 1205//1205 456//456
f 326//326 364//364 344//344
f 562//562 1008//1008 517//517
f 982//982 557//557 513//513
f 593//593 951//951 1014//1014
f 402//402 428//428 1140//1140
f 494//494 829//829 137//137
f 1142//1142 1204//1204 958//958
f 799//799 798//798 262//262
f 1286//1286 1304//1304 1334//1334
f 1034//1034 563//563 1067//1067
f 333//333 311//311 240//240
f 492//492 671//671 60//60
f 1257//1257 815//815 816//816
f 485//485 589//589 138//138
f 838//838 419//419 398//398
f 884//884 1055//1055 934//934
f 748//748 1022//1022 1100//1100
f 362//362 1200//1200 1337//1337
f 1338//1338 1236//1236 304//304
f 1201//1201 473//473 1180//1180
f 798//798 1359//1359 262//262
f 1105//1105 1126//1126 1021//1021
f 849//849 1146//1146 168//168
f 696//696 947//947 328//328
f 552//552 1031//1031 505//505
f 614//614 203//203 945//945
f 1270//1270 1225//1225 779//779
f 236//236 801//801 238//238
f 103//103 436//436 427//427
f 228//228 298//298 325//325
f 1102//1102 741//741 1016//1016
f 372//372 1292//1292 1243//1243
f 106//106 185//185 79//79
f 1046//1046 1089//1089 14//14
f 802//802 1243//1243 211//211
f 1308//1308 1318//1318 1336//1336
f 849//849 1145//1145 912//912
f 849//849 912//912 1145//1145
f 1061//1061 605//605 563//563
f 768//768 1208//1208 1263//1263
f 1006//1006 1010//1010 1009//1009
f 1003//1003 197//197 87//87
f 794//794 236//236 238//238
f 595//595 666//666 604//604
f 358//358 1192//1192 1283//1283
f 1210//1210 1312//1312 195//195
f 812//812 1331//1331 1296//1296
f 213//213 1248//1248 711//711
f 613//613 1008//1008 666//666
f 112//112 484//484 261//261
f 366//366 796//796 260//260
f 1024//1024 505//505 1063//1063
f 890//890 830//830 135//135
f 270//270 492//492 120//120
f 690//690 1217//1217 30//30
f 1012//1012 306//306 109//109
f 888//888 875//875 467//467
f 1038//1038 919//919 860//860
f 518//518 563//563 596//596
f 775//775 1259//1259 797//797
f 1101//1101 747//747 1020//1020
f 846//846 911//911 910//910
f 485//485 799//799 262//262
f 1246//1246 820//820 1260//1260
f 1265//1265 146//146 340//340
f 157//157 1011//1011 1330//1330
f 449//449 1160//1160 478//478
f 912//912 1144//1144 166//166
f 585//585 392//392 725//725
f 1010//1010 1005//1005 1009//1009
f 366//366 260//260 483//483
f 173//173 1205//1205 81//81
f 1275//1275 259//259 1310//1310
f 1316//1316 779//779 1225//1225
f 130//130 460//460 501//501
f 153//153 1182//1182 784//784
f 1377//1377 710//710 653//653
f 969//969 239//239 638//638
f 373//373 116//116 488//488
f 196//196 339//339 249//249
f 1168//1168 407//407 1184//1184
f 800//800 1241//1241 1221//1221
f 519//519 749//749 482//482
f 14//14 1089//1089 64//64
f 418//418 96//96 176//176
f 1275//1275 345//345 259//259
f 123//123 416//416 1326//1326
f 1367//1367 27//27 643//643
f 440//440 420//420 470//470
f 948//948 508//508 981//981
f 1364//1364 642//642 690//690
f 313//313 363//363 343//343
f 368//368 1239//1239 113//113
f 707//707 1041//1041 39//39
f 1008//1008 665//665 631//631
f 1244//1244 922//922 117//117
f 410//410 876//876 69//69
f 696//696 1343//1343 1360//1360
f 414//414 1050//1050 1135//1135
f 1143//1143 1183//1183 183//183
f 1104//1104 1067//1067 1034//1034
f 107//107 963//963 186//186
f 454//454 105//105 481//481
f 561//561 560//560 1121//1121
f 253//253 1306//1306 293//293
f 1374//1374 814//814 274//274
f 1323//1323 792//792 233//233
f 819//819 1376//1376 278//278
f 314//314 298//298 344//344
f 542//542 504//504 1085//1085
f 597//597 435//435 1023//1023
f 790//790 329//329 158//158
f 1118//1118 133//133 896//896
f 97//97 421//421 470//470
f 1275//1275 1288//1288 345//345
f 1253//1253 808//808 349//349
f 8//8 1135//1135 932//932
f 1181//1181 403//403 744//744
f 1341//1341 1325//1325 732//732
f 1142//1142 958//958 845//845
f 887//887 1148//1148 1176//1176
f 964//964 187//187 852//852
f 567//567 1129//1129 1109//1109
f 731//731 758//758 787//787
f 415//415 552//552 1001//1001
f 1204//1204 480//480 1183//1183
f 693//693 356//356 283//283
f 1105//1105 1021//1021 746//746
f 794//794 863//863 846//846
f 1286//1286 309//309 359//359
f 275//275 367//367 390//390
f 372//372 736//736 1292//1292
f 956//956 1305//1305 842//842
f 387//387 651//651 719//719
f 1165//1165 1183//1183 1143//1143
f 441//441 420//420 471//471
f 1142//1142 908//908 1204//1204
f 422//422 162//162 410//410
f 422//422 950//950 162//162
f 376//376 1245//1245 736//736
f 1077//1077 868//868 1078//1078
f 165//165 1143//1143 183//183
f 107//107 844//844 83//83
f 1060//1060 1018//1018 1034//1034
f 1179//1179 432//432 450//450
f 1291//1291 209//209 36//36
f 698//698 564//564 35//35
f 3//3 942//942 32//32
f 883//883 933//933 1095//1095
f 781//781 1228//1228 1177//1177
f 673//673 51//51 615//615
f 959//959 844//844 429//429
f 248//248 1267//1267 242//242
f 449//449 783//783 225//225
f 1222//1222 392//392 132//132
f 1185//1185 468//468 437//437
f 255//255 77//77 1200//1200
f 355//355 1217//1217 354//354
f 935//935 140//140 590//590
f 467//467 133//133 113//113
f 11//11 367//367 615//615
f 366//366 1238//1238 796//796
f 153//153 256//256 313//313
f 542//542 581//581 508//508
f 614//614 1004//1004 631//631
f 1105//1105 747//747 1126//1126
f 324//324 945//945 203//203
f 94//94 465//465 880//880
f 557//557 4//4 7//7
f 163//163 845//845 958//958
f 812//812 872//872 1373//1373
f 326//326 315//315 364//364
f 278//278 1376//1376 651//651
f 968//968 636//636 237//237
f 101//101 953//953 423//423
f 859//859 1109//1109 1129//1129
f 500//500 285//285 676//676
f 1125//1125 1062//1062 1019//1019
f 1161//1161 432//432 408//408
f 1158//1158 961//961 537//537
f 529//529 1079//1079 1043//1043
f 412//412 174//174 431//431
f 759//759 632//632 156//156
f 205//205 299//299 258//258
f 774//774 241//241 1381//1381
f 1122//1122 561//561 601//601
f 1203//1203 479//479 907//907
f 948//948 588//588 508//508
f 269//269 349//349 808//808
f 440//440 121//121 420//420
f 959//959 429//429 406//406
f 2//2 942//942 941//941
f 922//922 998//998 413//413
f 604//604 1008//1008 562//562
f 263//263 1239//1239 368//368
f 656//656 280//280 721//721
f 1286//1286 359//359 1195//1195
f 8//8 932//932 95//95
f 1142//1142 992//992 908//908
f 772//772 821//821 287//287
f 1073//1073 59//59 1057//1057
f 1167//1167 1106//1106 1019//1019
f 776//776 834//834 502//502
f 204//204 297//297 326//326
f 41//41 671//671 617//617
f 157//157 1330//1330 1347//1347
f 1047//1047 1082//1082 588//588
f 788//788 295//295 323//323
f 724//724 380//380 32//32
f 724//724 32//32 380//380
f 1202//1202 990//990 957//957
f 1167//1167 912//912 1035//1035
f 1201//1201 1180//1180 906//906
f 326//326 297//297 786//786
f 300//300 229//229 155//155
f 793//793 697//697 1344//1344
f 366//366 910//910 1238//1238
f 1322//1322 208//208 231//231
f 670//670 1361//1361 37//37
f 474//474 100//100 445//445
f 565//565 699//699 635//635
f 1//1 754//754 21//21
f 943//943 342//342 955//955
f 1322//1322 1235//1235 790//790
f 996//996 916//916 871//871
f 743//743 560//560 602//602
f 1269//1269 221//221 320//320
f 11//11 1128//1128 917//917
f 518//518 765//765 1067//1067
f 405//405 452//452 104//104
f 1234//1234 1321//1321 327//327
f 202//202 294//294 254//254
f 1028//1028 1087//1087 506//506
f 150//150 1334//1334 1304//1304
f 854//854 966//966 172//172
f 149//149 1315//1315 1301//1301
f 170//170 72//72 186//186
f 874//874 463//463 833//833
f 1171//1171 1114//1114 1084//1084
f 320//320 221//221 290//290
f 668//668 1011//1011 302//302
f 731//731 618//618 672//672
f 179//179 181//181 1228//1228
f 179//179 1228//1228 181//181
f 674//674 658//658 1381//1381
f 700//700 36//36 209//209
f 962//962 185//185 431//431
f 639//639 1363//1363 1076//1076
f 564//564 1036//1036 35//35
f 43//43 710//710 1377//1377
f 185//185 851//851 79//79
f 1264//1264 1281//1281 348//348
f 177//177 1013//1013 558//558
f 587//587 1056//1056 1055//1055
f 25//25 1354//1354 23//23
f 465//465 95//95 880//880
f 852//852 187//187 108//108
f 52//52 385//385 1255//1255
f 52//52 1212//1212 349//349
f 14//14 64//64 130//130
f 1097//1097 832//832 464//464
f 1200//1200 77//77 843//843
f 1094//1094 1085//1085 1033//1033
f 314//314 325//325 298//298
f 964//964 408//408 432//432
f 189//189 435//435 1173//1173
f 1077//1077 866//866 527//527
f 1352//1352 272//272 647//647
f 214//214 195//195 1220//1220
f 223//223 1315//1315 149//149
f 1278//1278 217//217 271//271
f 333//333 342//342 202//202
f 1155//1155 902//902 1191//1191
f 729//729 918//918 1129//1129
f 1134//1134 1067//1067 1104//1104
f 734//734 760//760 699//699
f 559//559 1016//1016 741//741
f 518//518 596//596 765//765
f 854//854 172//172 79//79
f 454//454 481//481 168//168
f 1376//1376 654//654 651//651
f 1162//1162 1139//1139 451//451
f 171//171 966//966 80//80
f 289//289 98//98 358//358
f 802//802 864//864 1243//1243
f 342//342 841//841 955//955
f 874//874 833//833 496//496
f 1323//1323 232//232 792//792
f 498//498 883//883 512//512
f 341//341 342//342 956//956
f 341//341 956//956 342//342
f 599//599 994//994 554//554
f 935//935 128//128 140//140
f 943//943 944//944 515//515
f 544//544 503//503 1086//1086
f 1339//1339 305//305 365//365
f 943//943 956//956 342//342
f 809//809 870//870 925//925
f 401//401 426//426 448//448
f 1196//1196 1197//1197 361//361
f 1296//1296 1331//1331 1342//1342
f 996//996 1147//1147 916//916
f 1324//1324 733//733 697//697
f 152//152 782//782 1318//1318
f 606//606 455//455 1107//1107
f 225//225 322//322 1320//1320
f 1375//1375 48//48 54//54
f 1258//1258 32//32 724//724
f 47//47 683//683 576//576
f 489//489 527//527 866//866
f 1056//1056 1071//1071 860//860
f 579//579 1029//1029 531//531
f 1324//1324 232//232 791//791
f 1379//1379 19//19 48//48
f 839//839 33//33 1014//1014
f 263//263 368//368 369//369
f 666//666 695//695 667//667
f 333//333 240//240 375//375
f 518//518 1067//1067 563//563
f 716//716 645//645 644//644
f 1077//1077 1075//1075 528//528
f 995//995 994//994 961//961
f 117//117 922//922 413//413
f 793//793 235//235 332//332
f 71//71 845//845 163//163
f 717//717 1372//1372 44//44
f 556//556 124//124 1058//1058
f 576//576 683//683 538//538
f 400//400 1158//1158 961//961
f 476//476 425//425 1197//1197
f 416//416 1220//1220 1326//1326
f 1306//1306 1229//1229 293//293
f 1218//1218 357//357 722//722
f 1286//1286 1138//1138 34//34
f 865//865 489//489 488//488
f 116//116 5//5 1207//1207
f 798//798 36//36 1359//1359
f 12//12 568//568 1039//1039
f 281//281 389//389 820//820
f 425//425 954//954 1197//1197
f 330//330 232//232 1323//1323
f 1122//1122 1016//1016 559//559
f 118//118 13//13 1131//1131
f 279//279 350//350 720//720
f 1120//1120 1329//1329 34//34
f 1344//1344 90//90 235//235
f 867//867 806//806 491//491
f 1223//1223 288//288 199//199
f 580//580 512//512 1033//1033
f 1063//1063 894//894 830//830
f 930//930 877//877 1066//1066
f 402//402 603//603 1059//1059
f 838//838 397//397 68//68
f 743//743 602//602 601//601
f 117//117 413//413 1131//1131
f 912//912 430//430 105//105
f 757//757 758//758 731//731
f 3//3 1342//1342 1373//1373
f 256//256 631//631 88//88
f 389//389 654//654 287//287
f 384//384 1249//1249 276//276
f 516//516 559//559 741//741
f 881//881 816//816 1254//1254
f 63//63 534//534 1083//1083
f 1122//1122 1102//1102 1016//1016
f 684//684 26//26 53//53
f 890//890 895//895 92//92
f 700//700 209//209 237//237
f 1061//1061 563//563 1034//1034
f 831//831 897//897 1250//1250
f 559//559 600//600 594//594
f 1307//1307 362//362 1337//1337
f 236//236 522//522 635//635
f 442//442 69//69 1191//1191
f 1199//1199 76//76 427//427
f 1160//1160 322//322 478//478
f 688//688 49//49 1217//1217
f 1206//1206 997//997 1148//1148
f 312//312 323//323 295//295
f 460//460 243//243 93//93
f 1230//1230 252//252 292//292
f 1338//1338 1339//1339 365//365
f 12//12 114//114 1130//1130
f 839//839 1300//1300 33//33
f 396//396 896//896 1047//1047
f 912//912 1062//1062 1035//1035
f 170//170 186//186 963//963
f 152//152 1337//1337 782//782
f 812//812 1296//1296 1258//1258
f 1268//1268 1301//1301 250//250
f 782//782 1319//1319 1287//1287
f 1178//1178 780//780 181//181
f 800//800 734//734 1241//1241
f 1338//1338 388//388 1339//1339
f 849//849 481//481 1145//1145
f 524//524 567//567 1109//1109
f 628//628 1357//1357 692//692
f 425//425 74//74 102//102
f 712//712 2//2 941//941
f 342//342 294//294 202//202
f 917//917 858//858 112//112
f 1154//1154 161//161 67//67
f 474//474 101//101 446//446
f 712//712 1371//1371 45//45
f 712//712 45//45 1371//1371
f 178//178 1062//1062 166//166
f 703//703 639//639 526//526
f 303//303 329//329 1235//1235
f 103//103 427//427 477//477
f 379//379 926//926 1247//1247
f 58//58 1059//1059 1110//1110
f 220//220 87//87 197//197
f 1257//1257 278//278 387//387
f 522//522 566//566 523//523
f 201//201 293//293 340//340
f 1040//1040 527//527 570//570
f 1291//1291 36//36 1242//1242
f 1102//1102 594//594 600//600
f 1026//1026 543//543 1095//1095
f 1324//1324 697//697 332//332
f 314//314 88//88 945//945
f 324//324 314//314 945//945
f 341//341 514//514 955//955
f 529//529 488//488 6//6
f 1244//1244 804//804 1237//1237
f 867//867 1363//1363 806//806
f 701//701 1129//1129 567//567
f 605//605 596//596 563//563
f 223//223 149//149 199//199
f 1127//1127 914//914 748//748
f 1040//1040 570//570 37//37
f 1198//1198 75//75 842//842
f 859//859 917//917 1128//1128
f 400//400 1132//1132 1158//1158
f 1300//1300 951//951 337//337
f 859//859 1129//1129 918//918
f 68//68 433//433 456//456
f 1230//1230 1305//1305 252//252
f 1045//1045 1080//1080 1079//1079
f 314//314 344//344 364//364
f 292//292 252//252 200//200
f 354//354 690//690 642//642
f 200//200 1273//1273 339//339
f 204//204 151//151 227//227
f 533//533 650//650 276//276
f 577//577 716//716 546//546
f 546//546 534//534 1112//1112
f 1027//1027 1135//1135 8//8
f 762//762 734//734 699//699
f 74//74 987//987 447//447
f 758//758 728//728 1113//1113
f 1228//1228 782//782 1287//1287
f 1154//1154 67//67 468//468
f 238//238 801//801 637//637
f 702//702 370//370 735//735
f 616//616 37//37 702//702
f 849//849 912//912 168//168
f 849//849 168//168 912//912
f 920//920 1184//1184 1144//1144
f 528//528 572//572 490//490
f 110//110 911//911 1237//1237
f 805//805 641//641 1366//1366
f 270//270 671//671 492//492
f 671//671 1368//1368 60//60
f 1286//1286 905//905 1335//1335
f 1286//1286 1335//1335 905//905
f 480//480 183//183 1183//1183
f 761//761 1382//1382 673//673
f 1162//1162 451//451 434//434
f 529//529 1043//1043 574//574
f 755//755 689//689 637//637
f 12//12 1130//1130 568//568
f 341//341 342//342 955//955
f 341//341 955//955 342//342
f 474//474 985//985 101//101
f 119//119 1246//1246 925//925
f 925//925 870//870 926//926
f 167//167 1145//1145 850//850
f 271//271 217//217 769//769
f 573//573 1044//1044 709//709
f 980//980 892//892 396//396
f 1073//1073 670//670 59//59
f 861//861 521//521 968//968
f 706//706 638//638 239//239
f 969//969 862//862 239//239
f 794//794 238//238 970//970
f 785//785 154//154 226//226
f 1232//1232 156//156 207//207
f 58//58 1110//1110 428//428
f 811//811 328//328 1289//1289
f 360//360 1317//1317 1335//1335
f 921//921 370//370 115//115
f 1291//1291 1242//1242 735//735
f 702//702 570//570 115//115
f 546//546 1115//1115 713//713
f 790//790 1235//1235 329//329
f 702//702 115//115 370//370
f 655//655 54//54 1385//1385
f 956//956 842//842 342//342
f 568//568 371//371 704//704
f 585//585 725//725 1057//1057
f 1074//1074 1040//1040 1361//1361
f 179//179 377//377 1227//1227
f 1040//1040 37//37 1361//1361
f 773//773 1221//1221 1241//1241
f 712//712 45//45 2//2
f 1362//1362 1074//1074 1361//1361
f 1362//1362 1361//1361 1073//1073
f 389//389 287//287 1260//1260
f 1320//1320 322//322 1160//1160
f 526//526 1032//1032 553//553
f 569//569 703//703 526//526
f 703//703 638//638 639//639
f 114//114 486//486 919//919
f 529//529 866//866 1078//1078
f 11//11 615//615 1036//1036
f 179//179 361//361 1197//1197
f 1269//1269 445//445 221//221
f 409//409 919//919 1038//1038
f 571//571 998//998 970//970
f 236//236 960//960 522//522
f 805//805 1366//1366 1365//1365
f 632//632 301//301 156//156
f 1343//1343 91//91 632//632
f 1378//1378 819//819 286//286
f 1215//1215 353//353 32//32
f 982//982 902//902 421//421
f 1123//1123 744//744 403//403
f 41//41 1368//1368 671//671
f 802//802 211//211 239//239
f 1247//1247 870//870 809//809
f 1231//1231 152//152 1308//1308
f 1255//1255 385//385 380//380
f 3//3 941//941 942//942
f 545//545 683//683 628//628
f 863//863 970//970 998//998
f 864//864 923//923 1243//1243
f 762//762 674//674 283//283
f 1244//1244 795//795 922//922
f 656//656 27//27 1351//1351
f 669//669 612//612 1341//1341
f 810//810 45//45 1371//1371
f 802//802 862//862 803//803
f 865//865 923//923 921//921
f 717//717 44//44 578//578
f 10//10 443//443 423//423
f 71//71 1142//1142 845//845
f 164//164 952//952 188//188
f 1244//1244 1237//1237 795//795
f 1258//1258 32//32 1373//1373
f 169//169 1100//1100 1136//1136
f 371//371 265//265 704//704
f 729//729 756//756 1240//1240
f 613//613 666//666 595//595
f 674//674 241//241 657//657
f 498//498 512//512 580//580
f 776//776 242//242 675//675
f 152//152 1318//1318 1308//1308
f 2//2 45//45 724//724
f 1015//1015 905//905 1120//1120
f 703//703 524//524 638//638
f 1040//1040 1075//1075 527//527
f 817//817 1257//1257 816//816
f 704//704 640//640 38//38
f 264//264 368//368 487//487
f 68//68 439//439 419//419
f 1215//1215 818//818 351//351
f 1215//1215 351//351 818//818
f 354//354 267//267 1253//1253
f 1303//1303 1314//1314 148//148
f 528//528 1075//1075 1041//1041
f 1201//1201 988//988 473//473
f 644//644 1373//1373 1083//1083
f 660//660 1385//1385 19//19
f 1175//1175 405//405 154//154
f 639//639 1076//1076 526//526
f 1353//1353 1065//1065 1039//1039
f 211//211 40//40 706//706
f 186//186 429//429 844//844
f 434//434 451//451 75//75
f 1042//1042 413//413 998//998
f 781//781 181//181 1228//1228
f 211//211 1243//1243 1292//1292
f 1027//1027 8//8 1081//1081
f 762//762 658//658 674//674
f 921//921 1209//1209 370//370
f 372//372 923//923 116//116
f 633//633 700//700 636//636
f 1277//1277 391//391 1293//1293
f 532//532 1092//1092 659//659
f 1258//1258 385//385 1255//1255
f 1258//1258 1255//1255 385//385
f 372//372 1243//1243 923//923
f 372//372 708//708 736//736
f 920//920 1144//1144 848//848
f 244//244 1247//1247 821//821
f 159//159 1273//1273 200//200
f 1201//1201 75//75 451//451
f 830//830 501//501 135//135
f 805//805 265//265 266//266
f 511//511 509//509 555//555
f 441//441 421//421 97//97
f 805//805 640//640 265//265
f 818//818 1373//1373 277//277
f 189//189 1172//1172 1023//1023
f 838//838 68//68 419//419
f 25//25 1356//1356 53//53
f 173//173 1147//1147 1205//1205
f 1077//1077 527//527 1075//1075
f 846//846 910//910 960//960
f 1364//1364 640//640 1365//1365
f 1111//1111 461//461 1153//1153
f 533//533 276//276 461//461
f 766//766 1068//1068 1124//1124
f 528//528 1041//1041 572//572
f 707//707 572//572 1041//1041
f 1153//1153 971//971 1066//1066
f 806//806 1363//1363 40//40
f 1064//1064 1158//1158 537//537
f 617//617 736//736 708//708
f 169//169 914//914 1127//1127
f 357//357 1259//1259 284//284
f 1134//1134 745//745 1067//1067
f 326//326 344//344 210//210
f 1292//1292 1245//1245 40//40
f 618//618 1280//1280 31//31
f 430//430 1145//1145 481//481
f 1362//1362 1387//1387 39//39
f 334//334 1326//1326 319//319
f 1226//1226 360//360 338//338
f 847//847 995//995 961//961
f 1264//1264 348//348 243//243
f 220//220 197//197 443//443
f 116//116 709//709 574//574
f 373//373 488//488 266//266
f 529//529 488//488 866//866
f 904//904 1176//1176 1148//1148
f 1286//1286 1335//1335 309//309
f 1077//1077 1078//1078 866//866
f 1341//1341 612//612 1328//1328
f 1122//1122 559//559 594//594
f 268//268 806//806 1245//1245
f 268//268 378//378 120//120
f 807//807 1365//1365 1366//1366
f 528//528 490//490 868//868
f 1077//1077 528//528 868//868
f 461//461 276//276 810//810
f 702//702 37//37 570//570
f 778//778 309//309 1285//1285
f 807//807 267//267 642//642
f 949//949 513//513 7//7
f 16//16 131//131 56//56
f 487//487 133//133 15//15
f 1251//1251 787//787 237//237
f 418//418 438//438 96//96
f 171//171 965//965 172//172
f 433//433 81//81 856//856
f 268//268 491//491 806//806
f 320//320 474//474 1302//1302
f 1175//1175 452//452 405//405
f 196//196 292//292 339//339
f 1169//1169 1148//1148 997//997
f 617//617 376//376 736//736
f 1338//1338 1211//1211 388//388
f 41//41 617//617 708//708
f 13//13 573//573 1131//1131
f 41//41 574//574 1043//1043
f 811//811 1340//1340 393//393
f 773//773 762//762 283//283
f 42//42 709//709 1044//1044
f 1364//1364 1365//1365 642//642
f 938//938 899//899 127//127
f 853//853 965//965 80//80
f 1367//1367 641//641 42//42
f 89//89 316//316 947//947
f 1367//1367 1366//1366 641//641
f 98//98 1137//1137 1192//1192
f 179//179 1197//1197 377//377
f 1006//1006 1009//1009 666//666
f 530//530 1078//1078 868//868
f 366//366 111//111 910//910
f 807//807 1366//1366 643//643
f 1341//1341 147//147 1325//1325
f 246//246 350//350 1261//1261
f 1322//1322 158//158 208//208
f 952//952 1193//1193 1170//1170
f 1047//1047 873//873 1082//1082
f 123//123 334//334 214//214
f 974//974 1158//1158 483//483
f 269//269 808//808 267//267
f 119//119 925//925 869//869
f 717//717 646//646 1372//1372
f 1111//1111 466//466 62//62
f 1082//1082 542//542 588//588
f 1012//1012 1219//1219 306//306
f 268//268 120//120 491//491
f 849//849 167//167 913//913
f 376//376 270//270 378//378
f 645//645 1088//1088 1371//1371
f 270//270 120//120 378//378
f 1248//1248 774//774 884//884
f 118//118 1131//1131 924//924
f 617//617 671//671 270//270
f 1186//1186 907//907 479//479
f 1015//1015 1120//1120 34//34
f 999//999 978//978 510//510
f 238//238 525//525 970//970
f 802//802 803//803 864//864
f 41//41 1043//1043 1368//1368
f 116//116 574//574 5//5
f 1024//1024 1063//1063 890//890
f 164//164 903//903 99//99
f 688//688 50//50 49//49
f 474//474 446//446 417//417
f 1080//1080 1369//1369 1081//1081
f 839//839 1014//1014 951//951
f 932//932 1050//1050 1087//1087
f 632//632 230//230 301//301
f 1045//1045 1369//1369 1080//1080
f 890//890 135//135 895//895
f 1343//1343 632//632 759//759
f 1045//1045 530//530 575//575
f 1269//1269 1302//1302 840//840
f 43//43 575//575 710//710
f 900//900 837//837 419//419
f 1045//1045 575//575 43//43
f 493//493 122//122 575//575
f 116//116 865//865 488//488
f 938//938 136//136 899//899
f 493//493 575//575 530//530
f 1027//1027 1081//1081 1369//1369
f 1231//1231 1274//1274 152//152
f 804//804 265//265 371//371
f 977//977 1113//1113 538//538
f 1046//1046 1370//1370 1089//1089
f 122//122 379//379 710//710
f 66//66 598//598 1188//1188
f 529//529 641//641 488//488
f 212//212 228//228 325//325
f 122//122 710//710 575//575
f 888//888 467//467 113//113
f 520//520 262//262 634//634
f 849//849 1145//1145 167//167
f 122//122 926//926 379//379
f 244//244 379//379 1247//1247
f 373//373 117//117 573//573
f 1374//1374 813//813 814//814
f 655//655 1386//1386 771//771
f 1274//1274 1337//1337 152//152
f 925//925 926//926 869//869
f 1246//1246 809//809 925//925
f 871//871 916//916 173//173
f 1247//1247 926//926 870//870
f 1232//1232 295//295 788//788
f 1149//1149 927//927 175//175
f 1149//1149 175//175 927//927
f 506//506 548//548 549//549
f 1086//1086 463//463 874//874
f 1249//1249 45//45 810//810
f 320//320 290//290 100//100
f 861//861 1108//1108 521//521
f 1141//1141 907//907 1186//1186
f 730//730 689//689 755//755
f 236//236 635//635 801//801
f 579//579 494//494 137//137
f 211//211 706//706 239//239
f 1248//1248 737//737 711//711
f 507//507 61//61 1088//1088
f 724//724 381//381 380//380
f 355//355 354//354 1253//1253
f 1106//1106 767//767 1072//1072
f 822//822 282//282 392//392
f 746//746 1106//1106 1035//1035
f 1377//1377 653//653 652//652
f 1306//1306 342//342 842//842
f 409//409 1130//1130 919//919
f 935//935 486//486 128//128
f 855//855 1185//1185 967//967
f 285//285 1383//1383 676//676
f 531//531 971//971 61//61
f 416//416 910//910 1220//1220
f 914//914 879//879 1022//1022
f 494//494 531//531 61//61
f 861//861 969//969 524//524
f 177//177 558//558 109//109
f 712//712 644//644 645//645
f 972//972 872//872 1171//1171
f 116//116 488//488 574//574
f 677//677 723//723 678//678
f 488//488 1207//1207 82//82
f 1091//1091 1370//1370 1053//1053
f 752//752 1348//1348 727//727
f 752//752 727//727 1348//1348
f 1046//1046 44//44 1370//1370
f 816//816 815//815 1254//1254
f 900//900 419//419 439//439
f 737//737 1132//1132 713//713
f 46//46 1372//1372 714//714
f 1303//1303 1333//1333 1314//1314
f 507//507 1088//1088 645//645
f 819//819 772//772 1376//1376
f 973//973 993//993 165//165
f 1028//1028 549//549 583//583
f 533//533 1111//1111 62//62
f 532//532 1054//1054 1092//1092
f 497//497 847//847 435//435
f 449//449 1180//1180 783//783
f 874//874 496//496 924//924
f 847//847 1238//1238 910//910
f 875//875 928//928 124//124
f 855//855 67//67 161//161
f 153//153 990//990 404//404
f 647//647 1372//1372 646//646
f 454//454 168//168 912//912
f 1103//1103 403//403 1163//1163
f 724//724 32//32 942//942
f 825//825 1250//1250 272//272
f 253//253 293//293 201//201
f 972//972 1083//1083 872//872
f 398//398 419//419 837//837
f 974//974 1172//1172 1158//1158
f 972//972 63//63 1083//1083
f 569//569 553//553 540//540
f 189//189 1023//1023 435//435
f 847//847 1173//1173 435//435
f 493//493 869//869 122//122
f 255//255 1200//1200 362//362
f 717//717 578//578 126//126
f 627//627 729//729 701//701
f 717//717 383//383 646//646
f 817//817 819//819 278//278
f 579//579 531//531 494//494
f 189//189 1173//1173 459//459
f 1000//1000 864//864 975//975
f 757//757 662//662 728//728
f 157//157 302//302 1011//1011
f 1252//1252 715//715 381//381
f 78//78 784//784 1182//1182
f 1253//1253 267//267 808//808
f 1179//1179 187//187 432//432
f 1103//1103 1163//1163 1017//1017
f 1094//1094 1033//1033 512//512
f 613//613 946//946 1008//1008
f 821//821 1260//1260 287//287
f 972//972 1171//1171 1084//1084
f 655//655 1385//1385 1386//1386
f 1039//1039 704//704 38//38
f 57//57 197//197 1003//1003
f 929//929 126//126 1001//1001
f 1026//1026 1095//1095 933//933
f 516//516 600//600 559//559
f 1060//1060 764//764 1018//1018
f 943//943 515//515 956//956
f 982//982 4//4 557//557
f 359//359 1301//1301 1333//1333
f 1025//1025 537//537 554//554
f 1053//1053 1370//1370 46//46
f 1226//1226 1317//1317 360//360
f 399//399 98//98 145//145
f 498//498 836//836 462//462
f 383//383 929//929 1254//1254
f 1047//1047 896//896 873//873
f 377//377 1197//1197 1196//1196
f 817//817 286//286 819//819
f 372//372 116//116 708//708
f 878//878 787//787 758//758
f 1141//1141 1164//1164 907//907
f 63//63 1112//1112 534//534
f 1096//1096 1114//1114 539//539
f 287//287 654//654 1376//1376
f 914//914 1136//1136 879//879
f 396//396 892//892 132//132
f 577//577 713//713 1132//1132
f 922//922 795//795 863//863
f 274//274 814//814 815//815
f 1042//1042 924//924 413//413
f 776//776 248//248 242//242
f 720//720 1375//1375 54//54
f 1008//1008 631//631 1004//1004
f 356//356 611//611 1221//1221
f 1049//1049 581//581 1085//1085
f 956//956 76//76 1199//1199
f 842//842 75//75 906//906
f 687//687 30//30 1252//1252
f 1153//1153 1066//1066 877//877
f 582//582 129//129 583//583
f 584//584 1050//1050 414//414
f 599//599 554//554 592//592
f 587//587 541//541 523//523
f 1015//1015 1138//1138 905//905
f 1042//1042 571//571 1086//1086
f 624//624 725//725 282//282
f 999//999 125//125 931//931
f 377//377 1196//1196 1227//1227
f 386//386 1256//1256 931//931
f 1027//1027 22//22 550//550
f 520//520 634//634 1069//1069
f 382//382 647//647 272//272
f 932//932 1087//1087 880//880
f 1309//1309 258//258 1233//1233
f 881//881 931//931 1256//1256
f 415//415 578//578 1133//1133
f 355//355 1212//1212 50//50
f 1257//1257 274//274 815//815
f 1150//1150 1176//1176 437//437
f 616//616 735//735 369//369
f 1257//1257 387//387 274//274
f 977//977 538//538 629//629
f 1337//1337 1200//1200 936//936
f 474//474 221//221 445//445
f 474//474 445//445 221//221
f 41//41 708//708 574//574
f 718//718 1377//1377 652//652
f 653//653 1378//1378 652//652
f 382//382 714//714 647//647
f 196//196 145//145 292//292
f 871//871 173//173 976//976
f 1079//1079 1078//1078 530//530
f 882//882 1371//1371 1088//1088
f 421//421 7//7 4//4
f 883//883 131//131 933//933
f 261//261 1259//1259 390//390
f 649//649 387//387 719//719
f 1379//1379 651//651 654//654
f 715//715 380//380 381//381
f 655//655 279//279 720//720
f 1064//1064 400//400 1158//1158
f 603//603 1110//1110 1059//1059
f 812//812 280//280 499//499
f 644//644 1083//1083 534//534
f 817//817 816//816 1256//1256
f 1379//1379 48//48 719//719
f 64//64 460//460 130//130
f 1355//1355 1386//1386 826//826
f 261//261 797//797 1259//1259
f 1236//1236 365//365 305//305
f 275//275 823//823 673//673
f 26//26 1218//1218 722//722
f 1228//1228 1287//1287 1272//1272
f 898//898 836//836 899//899
f 656//656 539//539 499//499
f 948//948 897//897 831//831
f 18//18 17//17 751//751
f 18//18 751//751 17//17
f 585//585 132//132 392//392
f 565//565 541//541 658//658
f 1107//1107 1187//1187 749//749
f 493//493 530//530 868//868
f 587//587 1055//1055 1093//1093
f 715//715 49//49 50//50
f 441//441 471//471 421//421
f 1038//1038 1071//1071 566//566
f 762//762 699//699 658//658
f 1300//1300 337//337 33//33
f 238//238 637//637 525//525
f 507//507 716//716 577//577
f 153//153 313//313 990//990
f 402//402 1140//1140 989//989
f 952//952 1170//1170 188//188
f 1154//1154 468//468 1185//1185
f 346//346 299//299 205//205
f 982//982 421//421 440//440
f 982//982 440//440 421//421
f 616//616 702//702 735//735
f 384//384 381//381 1249//1249
f 242//242 284//284 675//675
f 1375//1375 648//648 649//649
f 1051//1051 1090//1090 540//540
f 1352//1352 813//813 272//272
f 569//569 540//540 701//701
f 179//179 1227//1227 181//181
f 179//179 181//181 1227//1227
f 1056//1056 935//935 590//590
f 289//289 145//145 98//98
f 285//285 391//391 1277//1277
f 498//498 580//580 127//127
f 134//134 285//285 500//500
f 661//661 681//681 682//682
f 661//661 682//682 681//681
f 382//382 272//272 1250//1250
f 517//517 1008//1008 946//946
f 834//834 895//895 135//135
f 135//135 501//501 502//502
f 586//586 1054//1054 532//532
f 341//341 1305//1305 956//956
f 1384//1384 53//53 722//722
f 824//824 825//825 1261//1261
f 485//485 262//262 520//520
f 738//738 1262//1262 711//711
f 625//625 707//707 39//39
f 881//881 978//978 931//931
f 1091//1091 1053//1053 16//16
f 119//119 490//490 572//572
f 1092//1092 1054//1054 1069//1069
f 535//535 597//597 1023//1023
f 718//718 22//22 1377//1377
f 457//457 1169//1169 997//997
f 599//599 598//598 66//66
f 586//586 495//495 136//136
f 1045//1045 43//43 1369//1369
f 565//565 523//523 541//541
f 386//386 652//652 286//286
f 558//558 1012//1012 109//109
f 721//721 385//385 52//52
f 794//794 970//970 863//863
f 312//312 295//295 345//345
f 352//352 370//370 1280//1280
f 730//730 611//611 24//24
f 932//932 1135//1135 1050//1050
f 244//244 1378//1378 653//653
f 326//326 786//786 151//151
f 1010//1010 695//695 1005//1005
f 1251//1251 731//731 787//787
f 1249//1249 381//381 724//724
f 193//193 1209//1209 921//921
f 586//586 589//589 1054//1054
f 498//498 127//127 836//836
f 690//690 30//30 29//29
f 440//440 421//421 176//176
f 424//424 198//198 221//221
f 1052//1052 589//589 586//586
f 569//569 526//526 553//553
f 934//934 590//590 137//137
f 568//568 1130//1130 110//110
f 884//884 1093//1093 1055//1055
f 1094//1094 1095//1095 543//543
f 228//228 364//364 315//315
f 277//277 1373//1373 644//644
f 1056//1056 860//860 935//935
f 382//382 139//139 714//714
f 861//861 1109//1109 1108//1108
f 138//138 589//589 1052//1052
f 1168//1168 180//180 407//407
f 531//531 1029//1029 1066//1066
f 804//804 770//770 1214//1214
f 537//537 598//598 607//607
f 1307//1307 1337//1337 936//936
f 1355//1355 826//826 625//625
f 169//169 848//848 407//407
f 1386//1386 660//660 826//826
f 1073//1073 1361//1361 670//670
f 440//440 470//470 421//421
f 937//937 124//124 928//928
f 725//725 55//55 1057//1057
f 915//915 433//433 856//856
f 1080//1080 1368//1368 1043//1043
f 509//509 628//628 555//555
f 122//122 869//869 926//926
f 930//930 140//140 128//128
f 818//818 770//770 247//247
f 1386//1386 1385//1385 660//660
f 213//213 711//711 194//194
f 1234//1234 327//327 206//206
f 515//515 341//341 956//956
f 529//529 574//574 709//709
f 1251//1251 237//237 209//209
f 775//775 797//797 1240//1240
f 395//395 547//547 139//139
f 169//169 920//920 848//848
f 449//449 1320//1320 1160//1160
f 1157//1157 1137//1137 442//442
f 328//328 947//947 316//316
f 630//630 357//357 284//284
f 382//382 1250//1250 897//897
f 612//612 33//33 337//337
f 657//657 693//693 283//283
f 497//497 1172//1172 835//835
f 595//595 604//604 562//562
f 717//717 126//126 383//383
f 93//93 502//502 501//501
f 1201//1201 451//451 988//988
f 285//285 1277//1277 1383//1383
f 694//694 1004//1004 614//614
f 775//775 1240//1240 756//756
f 533//533 1065//1065 650//650
f 800//800 730//730 755//755
f 1080//1080 1081//1081 1368//1368
f 1070//1070 1119//1119 739//739
f 1282//1282 994//994 214//214
f 861//861 524//524 1109//1109
f 1111//1111 877//877 466//466
f 1048//1048 576//576 9//9
f 582//582 583//583 92//92
f 1324//1324 332//332 235//235
f 520//520 1069//1069 1054//1054
f 568//568 110//110 371//371
f 738//738 713//713 1115//1115
f 834//834 1090//1090 895//895
f 16//16 933//933 131//131
f 1140//1140 428//428 1110//1110
f 835//835 1172//1172 974//974
f 275//275 390//390 1218//1218
f 556//556 504//504 458//458
f 807//807 643//643 269//269
f 329//329 208//208 158//158
f 799//799 857//857 1239//1239
f 938//938 127//127 1058//1058
f 59//59 487//487 15//15
f 624//624 282//282 771//771
f 616//616 369//369 264//264
f 71//71 163//163 992//992
f 894//894 1133//1133 14//14
f 12//12 1039//1039 1065//1065
f 812//812 499//499 872//872
f 729//729 1240//1240 918//918
f 59//59 15//15 1057//1057
f 1172//1172 1098//1098 1023//1023
f 716//716 534//534 546//546
f 492//492 95//95 465//465
f 1152//1152 1174//1174 438//438
f 114//114 919//919 1130//1130
f 246//246 813//813 1374//1374
f 982//982 421//421 4//4
f 413//413 924//924 1131//1131
f 656//656 721//721 27//27